{
  "type": "FeatureCollection",
  "features": [
    {
      "type": "Feature",
      "id": "b152694d-ca37-4010-b8e8-3bf82cf11fc6",
      "geometry": {
        "type": "LineString",
        "coordinates": [
          [
            0.5,
            60.3
          ],
          [
            0.5,
            60.30161944444444
          ],
          [
            0.5,
            60.303241666666665
          ],
          [
            0.5,
            60.30486111111111
          ],
          [
            0.5,
            60.30648055555555
          ],
          [
            0.5,
            60.308102777777776
          ],
          [
            0.5,
            60.30972222222222
          ],
          [
            0.5,
            60.311341666666664
          ],
          [
            0.5,
            60.31296388888889
          ],
          [
            0.5,
            60.31458333333333
          ],
          [
            0.5,
            60.316202777777775
          ],
          [
            0.5,
            60.317825000000006
          ],
          [
            0.5,
            60.31944444444445
          ],
          [
            0.5,
            60.321063888888894
          ],
          [
            0.5,
            60.32268611111112
          ],
          [
            0.5,
            60.32430555555556
          ],
          [
            0.5,
            60.325925000000005
          ],
          [
            0.5,
            60.32754722222222
          ],
          [
            0.5,
            60.32916666666667
          ],
          [
            0.5,
            60.33078611111112
          ],
          [
            0.5,
            60.33240833333333
          ],
          [
            0.5,
            60.33402777777778
          ],
          [
            0.5,
            60.33564722222223
          ],
          [
            0.5,
            60.337269444444445
          ],
          [
            0.5,
            60.33888888888889
          ],
          [
            0.5,
            60.34050833333333
          ],
          [
            0.5,
            60.342130555555556
          ],
          [
            0.5,
            60.34375
          ],
          [
            0.5,
            60.345369444444444
          ],
          [
            0.5,
            60.34699166666667
          ],
          [
            0.5,
            60.34861111111111
          ],
          [
            0.5,
            60.350230555555555
          ],
          [
            0.5,
            60.35185277777778
          ],
          [
            0.5,
            60.35347222222222
          ],
          [
            0.5,
            60.35509166666667
          ],
          [
            0.5,
            60.35671388888889
          ],
          [
            0.5,
            60.358333333333334
          ],
          [
            0.5,
            60.35995277777778
          ],
          [
            0.5,
            60.361575
          ],
          [
            0.5,
            60.363194444444446
          ],
          [
            0.5,
            60.36481388888889
          ],
          [
            0.5,
            60.36643611111111
          ],
          [
            0.5,
            60.36805555555556
          ],
          [
            0.5,
            60.369675
          ],
          [
            0.5,
            60.371297222222225
          ],
          [
            0.5,
            60.37291666666667
          ],
          [
            0.5,
            60.37453611111111
          ],
          [
            0.5,
            60.376158333333336
          ],
          [
            0.5,
            60.37777777777778
          ],
          [
            0.5,
            60.379397222222224
          ],
          [
            0.5,
            60.38101944444445
          ],
          [
            0.5,
            60.38263888888889
          ],
          [
            0.5,
            60.384258333333335
          ],
          [
            0.5,
            60.38588055555555
          ],
          [
            0.5,
            60.3875
          ],
          [
            0.5,
            60.38911944444445
          ],
          [
            0.5,
            60.39074166666666
          ],
          [
            0.5,
            60.39236111111111
          ],
          [
            0.5,
            60.39398055555556
          ],
          [
            0.5,
            60.395602777777775
          ],
          [
            0.5,
            60.39722222222222
          ],
          [
            0.5,
            60.39884166666667
          ],
          [
            0.5,
            60.400463888888886
          ],
          [
            0.5,
            60.40208333333333
          ],
          [
            0.5,
            60.403702777777774
          ],
          [
            0.5,
            60.405325
          ],
          [
            0.5,
            60.40694444444444
          ],
          [
            0.5,
            60.408563888888885
          ],
          [
            0.5,
            60.41018611111111
          ],
          [
            0.5,
            60.41180555555555
          ],
          [
            0.5,
            60.413425
          ],
          [
            0.5,
            60.41504722222222
          ],
          [
            0.5,
            60.416666666666664
          ],
          [
            0.5,
            60.41828611111111
          ],
          [
            0.5,
            60.41990833333333
          ],
          [
            0.5,
            60.421527777777776
          ],
          [
            0.5,
            60.42314722222222
          ],
          [
            0.5,
            60.42476944444444
          ],
          [
            0.5,
            60.42638888888889
          ],
          [
            0.5,
            60.42800833333333
          ],
          [
            0.5,
            60.429630555555555
          ],
          [
            0.5,
            60.43125
          ],
          [
            0.5,
            60.43286944444444
          ],
          [
            0.5,
            60.434491666666666
          ],
          [
            0.5,
            60.43611111111111
          ],
          [
            0.5,
            60.437730555555554
          ],
          [
            0.5,
            60.43935277777778
          ],
          [
            0.5,
            60.44097222222222
          ],
          [
            0.5,
            60.442591666666665
          ],
          [
            0.5,
            60.44421388888888
          ],
          [
            0.5,
            60.44583333333333
          ],
          [
            0.5,
            60.44745277777778
          ],
          [
            0.5,
            60.44907499999999
          ],
          [
            0.5,
            60.450694444444444
          ],
          [
            0.5,
            60.452313888888895
          ],
          [
            0.5,
            60.45393611111111
          ],
          [
            0.5,
            60.455555555555556
          ],
          [
            0.5,
            60.457175
          ],
          [
            0.5,
            60.45879722222222
          ],
          [
            0.5,
            60.46041666666667
          ],
          [
            0.5,
            60.46203611111111
          ],
          [
            0.5,
            60.463658333333335
          ],
          [
            0.5,
            60.46527777777778
          ],
          [
            0.5,
            60.46689722222222
          ],
          [
            0.5,
            60.468519444444446
          ],
          [
            0.5,
            60.47013888888889
          ],
          [
            0.5,
            60.471758333333334
          ],
          [
            0.5,
            60.47338055555556
          ],
          [
            0.5,
            60.475
          ],
          [
            0.5,
            60.476619444444445
          ],
          [
            0.5,
            60.47824166666667
          ],
          [
            0.5,
            60.47986111111111
          ],
          [
            0.5,
            60.48148055555556
          ],
          [
            0.5,
            60.48310277777778
          ],
          [
            0.5,
            60.484722222222224
          ],
          [
            0.5,
            60.48634166666667
          ],
          [
            0.5,
            60.48796388888889
          ],
          [
            0.5,
            60.489583333333336
          ],
          [
            0.5,
            60.49120277777778
          ],
          [
            0.5,
            60.492825
          ],
          [
            0.5,
            60.49444444444445
          ],
          [
            0.5,
            60.49606388888889
          ],
          [
            0.5,
            60.497686111111115
          ],
          [
            0.5,
            60.49930555555556
          ],
          [
            0.5,
            60.500925
          ],
          [
            0.5,
            60.50254722222222
          ],
          [
            0.5,
            60.50416666666667
          ],
          [
            0.5,
            60.505786111111114
          ],
          [
            0.5,
            60.50740833333333
          ],
          [
            0.5,
            60.509027777777774
          ],
          [
            0.5,
            60.510647222222225
          ],
          [
            0.5,
            60.51226944444444
          ],
          [
            0.5,
            60.513888888888886
          ],
          [
            0.5,
            60.51550833333334
          ],
          [
            0.5,
            60.51713055555555
          ],
          [
            0.5,
            60.51875
          ],
          [
            0.5,
            60.52036944444444
          ],
          [
            0.5,
            60.521991666666665
          ],
          [
            0.5,
            60.52361111111111
          ],
          [
            0.5,
            60.52523055555555
          ],
          [
            0.5,
            60.526852777777776
          ],
          [
            0.5,
            60.52847222222222
          ],
          [
            0.5,
            60.530091666666664
          ],
          [
            0.5,
            60.53171388888889
          ],
          [
            0.5,
            60.53333333333333
          ]
        ]
      },
      "properties": {
        "kind": "TRACK",
        "platform_id": "SUBJECT",
        "platform_name": "SUBJECT",
        "track_type": "CONTACT",
        "start_time": "2010-01-12T12:00:00+00:00",
        "end_time": "2010-01-12T14:00:00+00:00",
        "positions": [
          {
            "time": "2010-01-12T12:00:00+00:00",
            "course": 0.0,
            "speed": 7.0,
            "depth": 0.0
          },
          {
            "time": "2010-01-12T12:00:50+00:00",
            "course": 0.0,
            "speed": 7.0,
            "depth": 0.0
          },
          {
            "time": "2010-01-12T12:01:40+00:00",
            "course": 0.0,
            "speed": 7.0,
            "depth": 0.0
          },
          {
            "time": "2010-01-12T12:02:30+00:00",
            "course": 0.0,
            "speed": 7.0,
            "depth": 0.0
          },
          {
            "time": "2010-01-12T12:03:20+00:00",
            "course": 0.0,
            "speed": 7.0,
            "depth": 0.0
          },
          {
            "time": "2010-01-12T12:04:10+00:00",
            "course": 0.0,
            "speed": 7.0,
            "depth": 0.0
          },
          {
            "time": "2010-01-12T12:05:00+00:00",
            "course": 0.0,
            "speed": 7.0,
            "depth": 0.0
          },
          {
            "time": "2010-01-12T12:05:50+00:00",
            "course": 0.0,
            "speed": 7.0,
            "depth": 0.0
          },
          {
            "time": "2010-01-12T12:06:40+00:00",
            "course": 0.0,
            "speed": 7.0,
            "depth": 0.0
          },
          {
            "time": "2010-01-12T12:07:30+00:00",
            "course": 0.0,
            "speed": 7.0,
            "depth": 0.0
          },
          {
            "time": "2010-01-12T12:08:20+00:00",
            "course": 0.0,
            "speed": 7.0,
            "depth": 0.0
          },
          {
            "time": "2010-01-12T12:09:10+00:00",
            "course": 0.0,
            "speed": 7.0,
            "depth": 0.0
          },
          {
            "time": "2010-01-12T12:10:00+00:00",
            "course": 0.0,
            "speed": 7.0,
            "depth": 0.0
          },
          {
            "time": "2010-01-12T12:10:50+00:00",
            "course": 0.0,
            "speed": 7.0,
            "depth": 0.0
          },
          {
            "time": "2010-01-12T12:11:40+00:00",
            "course": 0.0,
            "speed": 7.0,
            "depth": 0.0
          },
          {
            "time": "2010-01-12T12:12:30+00:00",
            "course": 0.0,
            "speed": 7.0,
            "depth": 0.0
          },
          {
            "time": "2010-01-12T12:13:20+00:00",
            "course": 0.0,
            "speed": 7.0,
            "depth": 0.0
          },
          {
            "time": "2010-01-12T12:14:10+00:00",
            "course": 0.0,
            "speed": 7.0,
            "depth": 0.0
          },
          {
            "time": "2010-01-12T12:15:00+00:00",
            "course": 0.0,
            "speed": 7.0,
            "depth": 0.0
          },
          {
            "time": "2010-01-12T12:15:50+00:00",
            "course": 0.0,
            "speed": 7.0,
            "depth": 0.0
          },
          {
            "time": "2010-01-12T12:16:40+00:00",
            "course": 0.0,
            "speed": 7.0,
            "depth": 0.0
          },
          {
            "time": "2010-01-12T12:17:30+00:00",
            "course": 0.0,
            "speed": 7.0,
            "depth": 0.0
          },
          {
            "time": "2010-01-12T12:18:20+00:00",
            "course": 0.0,
            "speed": 7.0,
            "depth": 0.0
          },
          {
            "time": "2010-01-12T12:19:10+00:00",
            "course": 0.0,
            "speed": 7.0,
            "depth": 0.0
          },
          {
            "time": "2010-01-12T12:20:00+00:00",
            "course": 0.0,
            "speed": 7.0,
            "depth": 0.0
          },
          {
            "time": "2010-01-12T12:20:50+00:00",
            "course": 0.0,
            "speed": 7.0,
            "depth": 0.0
          },
          {
            "time": "2010-01-12T12:21:40+00:00",
            "course": 0.0,
            "speed": 7.0,
            "depth": 0.0
          },
          {
            "time": "2010-01-12T12:22:30+00:00",
            "course": 0.0,
            "speed": 7.0,
            "depth": 0.0
          },
          {
            "time": "2010-01-12T12:23:20+00:00",
            "course": 0.0,
            "speed": 7.0,
            "depth": 0.0
          },
          {
            "time": "2010-01-12T12:24:10+00:00",
            "course": 0.0,
            "speed": 7.0,
            "depth": 0.0
          },
          {
            "time": "2010-01-12T12:25:00+00:00",
            "course": 0.0,
            "speed": 7.0,
            "depth": 0.0
          },
          {
            "time": "2010-01-12T12:25:50+00:00",
            "course": 0.0,
            "speed": 7.0,
            "depth": 0.0
          },
          {
            "time": "2010-01-12T12:26:40+00:00",
            "course": 0.0,
            "speed": 7.0,
            "depth": 0.0
          },
          {
            "time": "2010-01-12T12:27:30+00:00",
            "course": 0.0,
            "speed": 7.0,
            "depth": 0.0
          },
          {
            "time": "2010-01-12T12:28:20+00:00",
            "course": 0.0,
            "speed": 7.0,
            "depth": 0.0
          },
          {
            "time": "2010-01-12T12:29:10+00:00",
            "course": 0.0,
            "speed": 7.0,
            "depth": 0.0
          },
          {
            "time": "2010-01-12T12:30:00+00:00",
            "course": 0.0,
            "speed": 7.0,
            "depth": 0.0
          },
          {
            "time": "2010-01-12T12:30:50+00:00",
            "course": 0.0,
            "speed": 7.0,
            "depth": 0.0
          },
          {
            "time": "2010-01-12T12:31:40+00:00",
            "course": 0.0,
            "speed": 7.0,
            "depth": 0.0
          },
          {
            "time": "2010-01-12T12:32:30+00:00",
            "course": 0.0,
            "speed": 7.0,
            "depth": 0.0
          },
          {
            "time": "2010-01-12T12:33:20+00:00",
            "course": 0.0,
            "speed": 7.0,
            "depth": 0.0
          },
          {
            "time": "2010-01-12T12:34:10+00:00",
            "course": 0.0,
            "speed": 7.0,
            "depth": 0.0
          },
          {
            "time": "2010-01-12T12:35:00+00:00",
            "course": 0.0,
            "speed": 7.0,
            "depth": 0.0
          },
          {
            "time": "2010-01-12T12:35:50+00:00",
            "course": 0.0,
            "speed": 7.0,
            "depth": 0.0
          },
          {
            "time": "2010-01-12T12:36:40+00:00",
            "course": 0.0,
            "speed": 7.0,
            "depth": 0.0
          },
          {
            "time": "2010-01-12T12:37:30+00:00",
            "course": 0.0,
            "speed": 7.0,
            "depth": 0.0
          },
          {
            "time": "2010-01-12T12:38:20+00:00",
            "course": 0.0,
            "speed": 7.0,
            "depth": 0.0
          },
          {
            "time": "2010-01-12T12:39:10+00:00",
            "course": 0.0,
            "speed": 7.0,
            "depth": 0.0
          },
          {
            "time": "2010-01-12T12:40:00+00:00",
            "course": 0.0,
            "speed": 7.0,
            "depth": 0.0
          },
          {
            "time": "2010-01-12T12:40:50+00:00",
            "course": 0.0,
            "speed": 7.0,
            "depth": 0.0
          },
          {
            "time": "2010-01-12T12:41:40+00:00",
            "course": 0.0,
            "speed": 7.0,
            "depth": 0.0
          },
          {
            "time": "2010-01-12T12:42:30+00:00",
            "course": 0.0,
            "speed": 7.0,
            "depth": 0.0
          },
          {
            "time": "2010-01-12T12:43:20+00:00",
            "course": 0.0,
            "speed": 7.0,
            "depth": 0.0
          },
          {
            "time": "2010-01-12T12:44:10+00:00",
            "course": 0.0,
            "speed": 7.0,
            "depth": 0.0
          },
          {
            "time": "2010-01-12T12:45:00+00:00",
            "course": 0.0,
            "speed": 7.0,
            "depth": 0.0
          },
          {
            "time": "2010-01-12T12:45:50+00:00",
            "course": 0.0,
            "speed": 7.0,
            "depth": 0.0
          },
          {
            "time": "2010-01-12T12:46:40+00:00",
            "course": 0.0,
            "speed": 7.0,
            "depth": 0.0
          },
          {
            "time": "2010-01-12T12:47:30+00:00",
            "course": 0.0,
            "speed": 7.0,
            "depth": 0.0
          },
          {
            "time": "2010-01-12T12:48:20+00:00",
            "course": 0.0,
            "speed": 7.0,
            "depth": 0.0
          },
          {
            "time": "2010-01-12T12:49:10+00:00",
            "course": 0.0,
            "speed": 7.0,
            "depth": 0.0
          },
          {
            "time": "2010-01-12T12:50:00+00:00",
            "course": 0.0,
            "speed": 7.0,
            "depth": 0.0
          },
          {
            "time": "2010-01-12T12:50:50+00:00",
            "course": 0.0,
            "speed": 7.0,
            "depth": 0.0
          },
          {
            "time": "2010-01-12T12:51:40+00:00",
            "course": 0.0,
            "speed": 7.0,
            "depth": 0.0
          },
          {
            "time": "2010-01-12T12:52:30+00:00",
            "course": 0.0,
            "speed": 7.0,
            "depth": 0.0
          },
          {
            "time": "2010-01-12T12:53:20+00:00",
            "course": 0.0,
            "speed": 7.0,
            "depth": 0.0
          },
          {
            "time": "2010-01-12T12:54:10+00:00",
            "course": 0.0,
            "speed": 7.0,
            "depth": 0.0
          },
          {
            "time": "2010-01-12T12:55:00+00:00",
            "course": 0.0,
            "speed": 7.0,
            "depth": 0.0
          },
          {
            "time": "2010-01-12T12:55:50+00:00",
            "course": 0.0,
            "speed": 7.0,
            "depth": 0.0
          },
          {
            "time": "2010-01-12T12:56:40+00:00",
            "course": 0.0,
            "speed": 7.0,
            "depth": 0.0
          },
          {
            "time": "2010-01-12T12:57:30+00:00",
            "course": 0.0,
            "speed": 7.0,
            "depth": 0.0
          },
          {
            "time": "2010-01-12T12:58:20+00:00",
            "course": 0.0,
            "speed": 7.0,
            "depth": 0.0
          },
          {
            "time": "2010-01-12T12:59:10+00:00",
            "course": 0.0,
            "speed": 7.0,
            "depth": 0.0
          },
          {
            "time": "2010-01-12T13:00:00+00:00",
            "course": 0.0,
            "speed": 7.0,
            "depth": 0.0
          },
          {
            "time": "2010-01-12T13:00:50+00:00",
            "course": 0.0,
            "speed": 7.0,
            "depth": 0.0
          },
          {
            "time": "2010-01-12T13:01:40+00:00",
            "course": 0.0,
            "speed": 7.0,
            "depth": 0.0
          },
          {
            "time": "2010-01-12T13:02:30+00:00",
            "course": 0.0,
            "speed": 7.0,
            "depth": 0.0
          },
          {
            "time": "2010-01-12T13:03:20+00:00",
            "course": 0.0,
            "speed": 7.0,
            "depth": 0.0
          },
          {
            "time": "2010-01-12T13:04:10+00:00",
            "course": 0.0,
            "speed": 7.0,
            "depth": 0.0
          },
          {
            "time": "2010-01-12T13:05:00+00:00",
            "course": 0.0,
            "speed": 7.0,
            "depth": 0.0
          },
          {
            "time": "2010-01-12T13:05:50+00:00",
            "course": 0.0,
            "speed": 7.0,
            "depth": 0.0
          },
          {
            "time": "2010-01-12T13:06:40+00:00",
            "course": 0.0,
            "speed": 7.0,
            "depth": 0.0
          },
          {
            "time": "2010-01-12T13:07:30+00:00",
            "course": 0.0,
            "speed": 7.0,
            "depth": 0.0
          },
          {
            "time": "2010-01-12T13:08:20+00:00",
            "course": 0.0,
            "speed": 7.0,
            "depth": 0.0
          },
          {
            "time": "2010-01-12T13:09:10+00:00",
            "course": 0.0,
            "speed": 7.0,
            "depth": 0.0
          },
          {
            "time": "2010-01-12T13:10:00+00:00",
            "course": 0.0,
            "speed": 7.0,
            "depth": 0.0
          },
          {
            "time": "2010-01-12T13:10:50+00:00",
            "course": 0.0,
            "speed": 7.0,
            "depth": 0.0
          },
          {
            "time": "2010-01-12T13:11:40+00:00",
            "course": 0.0,
            "speed": 7.0,
            "depth": 0.0
          },
          {
            "time": "2010-01-12T13:12:30+00:00",
            "course": 0.0,
            "speed": 7.0,
            "depth": 0.0
          },
          {
            "time": "2010-01-12T13:13:20+00:00",
            "course": 0.0,
            "speed": 7.0,
            "depth": 0.0
          },
          {
            "time": "2010-01-12T13:14:10+00:00",
            "course": 0.0,
            "speed": 7.0,
            "depth": 0.0
          },
          {
            "time": "2010-01-12T13:15:00+00:00",
            "course": 0.0,
            "speed": 7.0,
            "depth": 0.0
          },
          {
            "time": "2010-01-12T13:15:50+00:00",
            "course": 0.0,
            "speed": 7.0,
            "depth": 0.0
          },
          {
            "time": "2010-01-12T13:16:40+00:00",
            "course": 0.0,
            "speed": 7.0,
            "depth": 0.0
          },
          {
            "time": "2010-01-12T13:17:30+00:00",
            "course": 0.0,
            "speed": 7.0,
            "depth": 0.0
          },
          {
            "time": "2010-01-12T13:18:20+00:00",
            "course": 0.0,
            "speed": 7.0,
            "depth": 0.0
          },
          {
            "time": "2010-01-12T13:19:10+00:00",
            "course": 0.0,
            "speed": 7.0,
            "depth": 0.0
          },
          {
            "time": "2010-01-12T13:20:00+00:00",
            "course": 0.0,
            "speed": 7.0,
            "depth": 0.0
          },
          {
            "time": "2010-01-12T13:20:50+00:00",
            "course": 0.0,
            "speed": 7.0,
            "depth": 0.0
          },
          {
            "time": "2010-01-12T13:21:40+00:00",
            "course": 0.0,
            "speed": 7.0,
            "depth": 0.0
          },
          {
            "time": "2010-01-12T13:22:30+00:00",
            "course": 0.0,
            "speed": 7.0,
            "depth": 0.0
          },
          {
            "time": "2010-01-12T13:23:20+00:00",
            "course": 0.0,
            "speed": 7.0,
            "depth": 0.0
          },
          {
            "time": "2010-01-12T13:24:10+00:00",
            "course": 0.0,
            "speed": 7.0,
            "depth": 0.0
          },
          {
            "time": "2010-01-12T13:25:00+00:00",
            "course": 0.0,
            "speed": 7.0,
            "depth": 0.0
          },
          {
            "time": "2010-01-12T13:25:50+00:00",
            "course": 0.0,
            "speed": 7.0,
            "depth": 0.0
          },
          {
            "time": "2010-01-12T13:26:40+00:00",
            "course": 0.0,
            "speed": 7.0,
            "depth": 0.0
          },
          {
            "time": "2010-01-12T13:27:30+00:00",
            "course": 0.0,
            "speed": 7.0,
            "depth": 0.0
          },
          {
            "time": "2010-01-12T13:28:20+00:00",
            "course": 0.0,
            "speed": 7.0,
            "depth": 0.0
          },
          {
            "time": "2010-01-12T13:29:10+00:00",
            "course": 0.0,
            "speed": 7.0,
            "depth": 0.0
          },
          {
            "time": "2010-01-12T13:30:00+00:00",
            "course": 0.0,
            "speed": 7.0,
            "depth": 0.0
          },
          {
            "time": "2010-01-12T13:30:50+00:00",
            "course": 0.0,
            "speed": 7.0,
            "depth": 0.0
          },
          {
            "time": "2010-01-12T13:31:40+00:00",
            "course": 0.0,
            "speed": 7.0,
            "depth": 0.0
          },
          {
            "time": "2010-01-12T13:32:30+00:00",
            "course": 0.0,
            "speed": 7.0,
            "depth": 0.0
          },
          {
            "time": "2010-01-12T13:33:20+00:00",
            "course": 0.0,
            "speed": 7.0,
            "depth": 0.0
          },
          {
            "time": "2010-01-12T13:34:10+00:00",
            "course": 0.0,
            "speed": 7.0,
            "depth": 0.0
          },
          {
            "time": "2010-01-12T13:35:00+00:00",
            "course": 0.0,
            "speed": 7.0,
            "depth": 0.0
          },
          {
            "time": "2010-01-12T13:35:50+00:00",
            "course": 0.0,
            "speed": 7.0,
            "depth": 0.0
          },
          {
            "time": "2010-01-12T13:36:40+00:00",
            "course": 0.0,
            "speed": 7.0,
            "depth": 0.0
          },
          {
            "time": "2010-01-12T13:37:30+00:00",
            "course": 0.0,
            "speed": 7.0,
            "depth": 0.0
          },
          {
            "time": "2010-01-12T13:38:20+00:00",
            "course": 0.0,
            "speed": 7.0,
            "depth": 0.0
          },
          {
            "time": "2010-01-12T13:39:10+00:00",
            "course": 0.0,
            "speed": 7.0,
            "depth": 0.0
          },
          {
            "time": "2010-01-12T13:40:00+00:00",
            "course": 0.0,
            "speed": 7.0,
            "depth": 0.0
          },
          {
            "time": "2010-01-12T13:40:50+00:00",
            "course": 0.0,
            "speed": 7.0,
            "depth": 0.0
          },
          {
            "time": "2010-01-12T13:41:40+00:00",
            "course": 0.0,
            "speed": 7.0,
            "depth": 0.0
          },
          {
            "time": "2010-01-12T13:42:30+00:00",
            "course": 0.0,
            "speed": 7.0,
            "depth": 0.0
          },
          {
            "time": "2010-01-12T13:43:20+00:00",
            "course": 0.0,
            "speed": 7.0,
            "depth": 0.0
          },
          {
            "time": "2010-01-12T13:44:10+00:00",
            "course": 0.0,
            "speed": 7.0,
            "depth": 0.0
          },
          {
            "time": "2010-01-12T13:45:00+00:00",
            "course": 0.0,
            "speed": 7.0,
            "depth": 0.0
          },
          {
            "time": "2010-01-12T13:45:50+00:00",
            "course": 0.0,
            "speed": 7.0,
            "depth": 0.0
          },
          {
            "time": "2010-01-12T13:46:40+00:00",
            "course": 0.0,
            "speed": 7.0,
            "depth": 0.0
          },
          {
            "time": "2010-01-12T13:47:30+00:00",
            "course": 0.0,
            "speed": 7.0,
            "depth": 0.0
          },
          {
            "time": "2010-01-12T13:48:20+00:00",
            "course": 0.0,
            "speed": 7.0,
            "depth": 0.0
          },
          {
            "time": "2010-01-12T13:49:10+00:00",
            "course": 0.0,
            "speed": 7.0,
            "depth": 0.0
          },
          {
            "time": "2010-01-12T13:50:00+00:00",
            "course": 0.0,
            "speed": 7.0,
            "depth": 0.0
          },
          {
            "time": "2010-01-12T13:50:50+00:00",
            "course": 0.0,
            "speed": 7.0,
            "depth": 0.0
          },
          {
            "time": "2010-01-12T13:51:40+00:00",
            "course": 0.0,
            "speed": 7.0,
            "depth": 0.0
          },
          {
            "time": "2010-01-12T13:52:30+00:00",
            "course": 0.0,
            "speed": 7.0,
            "depth": 0.0
          },
          {
            "time": "2010-01-12T13:53:20+00:00",
            "course": 0.0,
            "speed": 7.0,
            "depth": 0.0
          },
          {
            "time": "2010-01-12T13:54:10+00:00",
            "course": 0.0,
            "speed": 7.0,
            "depth": 0.0
          },
          {
            "time": "2010-01-12T13:55:00+00:00",
            "course": 0.0,
            "speed": 7.0,
            "depth": 0.0
          },
          {
            "time": "2010-01-12T13:55:50+00:00",
            "course": 0.0,
            "speed": 7.0,
            "depth": 0.0
          },
          {
            "time": "2010-01-12T13:56:40+00:00",
            "course": 0.0,
            "speed": 7.0,
            "depth": 0.0
          },
          {
            "time": "2010-01-12T13:57:30+00:00",
            "course": 0.0,
            "speed": 7.0,
            "depth": 0.0
          },
          {
            "time": "2010-01-12T13:58:20+00:00",
            "course": 0.0,
            "speed": 7.0,
            "depth": 0.0
          },
          {
            "time": "2010-01-12T13:59:10+00:00",
            "course": 0.0,
            "speed": 7.0,
            "depth": 0.0
          },
          {
            "time": "2010-01-12T14:00:00+00:00",
            "course": 0.0,
            "speed": 7.0,
            "depth": 0.0
          }
        ],
        "style": {
          "line": {
            "color": "#FF0000"
          },
          "point": {
            "shape": "circle",
            "radius": 3.0,
            "fill_color": "#FF0000",
            "color": "#FF0000"
          }
        },
        "default_position_style": {
          "show_symbol": false,
          "symbol": "circle",
          "show_label": false
        },
        "symbol_interval": "PT10M",
        "label_interval": "PT30M",
        "provenance": [
          {
            "activity_id": "131dc627-fa70-4042-a4e7-aee8ec9295c0",
            "timestamp": "2026-03-21T10:15:00.263969Z",
            "was_generated_by": {
              "tool": "rep-parser",
              "tool_version": "1.0.0",
              "parameters": []
            },
            "used": [],
            "generated": [
              "b152694d-ca37-4010-b8e8-3bf82cf11fc6"
            ],
            "execution_duration": "PT0S"
          }
        ]
      }
    },
    {
      "type": "Feature",
      "id": "31690456-c7e4-4358-852b-2360b7ad612f",
      "geometry": {
        "type": "LineString",
        "coordinates": [
          [
            -0.0,
            60.2
          ],
          [
            0.0002972222222222222,
            60.20207777777778
          ],
          [
            0.0006638888888888889,
            60.20415277777778
          ],
          [
            0.0010277777777777778,
            60.206227777777784
          ],
          [
            0.0013944444444444442,
            60.20830277777778
          ],
          [
            0.001761111111111111,
            60.21037777777778
          ],
          [
            0.002127777777777778,
            60.21245555555556
          ],
          [
            0.0024944444444444445,
            60.214530555555555
          ],
          [
            0.002861111111111111,
            60.21660555555556
          ],
          [
            0.003225,
            60.21868055555556
          ],
          [
            0.0035916666666666666,
            60.220755555555556
          ],
          [
            0.003958333333333334,
            60.22283055555556
          ],
          [
            0.004325,
            60.22490555555556
          ],
          [
            0.004691666666666667,
            60.226980555555556
          ],
          [
            0.005058333333333334,
            60.229058333333334
          ],
          [
            0.005425,
            60.23113333333333
          ],
          [
            0.005791666666666667,
            60.23320833333334
          ],
          [
            0.006158333333333334,
            60.235283333333335
          ],
          [
            0.0065249999999999996,
            60.23735833333333
          ],
          [
            0.006888888888888889,
            60.23943333333334
          ],
          [
            0.007255555555555556,
            60.241508333333336
          ],
          [
            0.007622222222222223,
            60.243586111111114
          ],
          [
            0.007988888888888889,
            60.24566111111111
          ],
          [
            0.008355555555555555,
            60.24773611111111
          ],
          [
            0.008722222222222221,
            60.249811111111114
          ],
          [
            0.00908888888888889,
            60.25188611111111
          ],
          [
            0.009455555555555556,
            60.25396111111111
          ],
          [
            0.009822222222222222,
            60.25603611111111
          ],
          [
            0.010188888888888888,
            60.258113888888886
          ],
          [
            0.010555555555555556,
            60.26018888888889
          ],
          [
            0.010922222222222222,
            60.26226388888889
          ],
          [
            0.011288888888888888,
            60.26433888888889
          ],
          [
            0.011655555555555556,
            60.26641388888889
          ],
          [
            0.012025,
            60.26848888888889
          ],
          [
            0.012391666666666667,
            60.27056388888889
          ],
          [
            0.012758333333333333,
            60.272638888888885
          ],
          [
            0.013125,
            60.27471666666666
          ],
          [
            0.013491666666666667,
            60.27679166666667
          ],
          [
            0.013858333333333334,
            60.278866666666666
          ],
          [
            0.014225,
            60.28094166666666
          ],
          [
            0.014591666666666668,
            60.28301666666667
          ],
          [
            0.014958333333333334,
            60.285091666666666
          ],
          [
            0.015325,
            60.287166666666664
          ],
          [
            0.015694444444444445,
            60.28924444444444
          ],
          [
            0.016061111111111113,
            60.29131944444444
          ],
          [
            0.016427777777777777,
            60.293394444444445
          ],
          [
            0.016794444444444445,
            60.29546944444444
          ],
          [
            0.01716111111111111,
            60.29754444444444
          ],
          [
            0.017527777777777778,
            60.299619444444446
          ],
          [
            0.01789722222222222,
            60.30169444444444
          ],
          [
            0.01826388888888889,
            60.30376944444444
          ],
          [
            0.018630555555555556,
            60.30584722222222
          ],
          [
            0.01899722222222222,
            60.30792222222222
          ],
          [
            0.019366666666666667,
            60.30999722222222
          ],
          [
            0.019733333333333332,
            60.31207222222222
          ],
          [
            0.0201,
            60.31414722222222
          ],
          [
            0.020466666666666668,
            60.31622222222222
          ],
          [
            0.020833333333333332,
            60.31829722222223
          ],
          [
            0.02120277777777778,
            60.320375000000006
          ],
          [
            0.021569444444444443,
            60.32245
          ],
          [
            0.02193611111111111,
            60.324525
          ],
          [
            0.022305555555555558,
            60.326600000000006
          ],
          [
            0.022672222222222222,
            60.328675000000004
          ],
          [
            0.02303888888888889,
            60.33075
          ],
          [
            0.023408333333333333,
            60.33282500000001
          ],
          [
            0.023775,
            60.334900000000005
          ],
          [
            0.024141666666666665,
            60.33697777777778
          ],
          [
            0.02451111111111111,
            60.33905277777778
          ],
          [
            0.024877777777777776,
            60.34112777777778
          ],
          [
            0.025244444444444444,
            60.34320277777778
          ],
          [
            0.025613888888888887,
            60.34527777777778
          ],
          [
            0.025980555555555555,
            60.34735277777778
          ],
          [
            0.026347222222222223,
            60.34942777777778
          ],
          [
            0.026716666666666666,
            60.351505555555555
          ],
          [
            0.027083333333333334,
            60.35358055555556
          ],
          [
            0.027452777777777777,
            60.35565555555556
          ],
          [
            0.027819444444444445,
            60.357730555555555
          ],
          [
            0.02818611111111111,
            60.35980555555556
          ],
          [
            0.028555555555555556,
            60.36188055555556
          ],
          [
            0.02892222222222222,
            60.363955555555556
          ],
          [
            0.029291666666666667,
            60.366033333333334
          ],
          [
            0.029658333333333335,
            60.36810833333333
          ],
          [
            0.030027777777777778,
            60.37018333333334
          ],
          [
            0.030394444444444446,
            60.372258333333335
          ],
          [
            0.03076388888888889,
            60.37433333333333
          ],
          [
            0.031130555555555557,
            60.37640833333333
          ],
          [
            0.0315,
            60.378483333333335
          ],
          [
            0.03186666666666667,
            60.38055833333333
          ],
          [
            0.03223611111111111,
            60.38263611111111
          ],
          [
            0.03260277777777777,
            60.38471111111111
          ],
          [
            0.03297222222222222,
            60.386786111111114
          ],
          [
            0.03333888888888889,
            60.38886111111111
          ],
          [
            0.03370833333333333,
            60.39093611111111
          ],
          [
            0.034077777777777776,
            60.39301111111111
          ],
          [
            0.034444444444444444,
            60.39508611111111
          ],
          [
            0.03481388888888889,
            60.39716388888889
          ],
          [
            0.035180555555555555,
            60.39923888888889
          ],
          [
            0.03555,
            60.401313888888886
          ],
          [
            0.035916666666666666,
            60.40338888888889
          ],
          [
            0.03628611111111111,
            60.40546388888889
          ],
          [
            0.03665555555555555,
            60.40753888888889
          ],
          [
            0.03702222222222222,
            60.409613888888885
          ],
          [
            0.03739166666666666,
            60.41168888888889
          ],
          [
            0.03776111111111111,
            60.41376666666667
          ],
          [
            0.038127777777777774,
            60.415841666666665
          ],
          [
            0.038497222222222224,
            60.41791666666666
          ],
          [
            0.03886666666666667,
            60.41999166666666
          ],
          [
            0.039233333333333335,
            60.422066666666666
          ],
          [
            0.03960277777777778,
            60.424141666666664
          ],
          [
            0.03997222222222222,
            60.42621666666666
          ],
          [
            0.04033888888888889,
            60.42829444444444
          ],
          [
            0.04070833333333333,
            60.430369444444445
          ],
          [
            0.041077777777777776,
            60.43244444444444
          ],
          [
            0.04144722222222222,
            60.43451944444444
          ],
          [
            0.04181388888888889,
            60.43659444444444
          ],
          [
            0.04218333333333334,
            60.43866944444444
          ],
          [
            0.04255277777777777,
            60.44074444444444
          ],
          [
            0.04292222222222222,
            60.44281944444444
          ],
          [
            0.04328888888888889,
            60.44489722222222
          ],
          [
            0.043658333333333334,
            60.44697222222222
          ],
          [
            0.04402777777777778,
            60.44904722222222
          ],
          [
            0.04439722222222222,
            60.451122222222224
          ],
          [
            0.04476666666666666,
            60.45319722222222
          ],
          [
            0.04513333333333333,
            60.45527222222223
          ],
          [
            0.04550277777777778,
            60.457347222222225
          ],
          [
            0.045872222222222224,
            60.459425
          ],
          [
            0.04624166666666667,
            60.4615
          ],
          [
            0.04661111111111111,
            60.463575000000006
          ],
          [
            0.04698055555555555,
            60.465650000000004
          ],
          [
            0.04734722222222222,
            60.467725
          ],
          [
            0.047716666666666664,
            60.4698
          ],
          [
            0.04808611111111111,
            60.471875000000004
          ],
          [
            0.04845555555555556,
            60.47395277777778
          ],
          [
            0.048825,
            60.47602777777778
          ],
          [
            0.04919444444444444,
            60.47810277777778
          ],
          [
            0.04956388888888889,
            60.48017777777778
          ],
          [
            0.04993333333333333,
            60.48225277777778
          ],
          [
            0.05030277777777778,
            60.48432777777778
          ],
          [
            0.05067222222222222,
            60.486402777777776
          ],
          [
            0.05104166666666667,
            60.48847777777778
          ],
          [
            0.051411111111111116,
            60.49055555555556
          ],
          [
            0.05178055555555556,
            60.49263055555556
          ],
          [
            0.05215,
            60.494705555555555
          ],
          [
            0.052519444444444445,
            60.49678055555556
          ],
          [
            0.052888888888888895,
            60.49885555555556
          ]
        ]
      },
      "properties": {
        "kind": "TRACK",
        "platform_id": "SENSOR_1",
        "platform_name": "SENSOR_1",
        "track_type": "CONTACT",
        "start_time": "2010-01-12T12:00:00+00:00",
        "end_time": "2010-01-12T14:00:00+00:00",
        "positions": [
          {
            "time": "2010-01-12T12:00:00+00:00",
            "course": 0.0,
            "speed": 9.0,
            "depth": 0.0
          },
          {
            "time": "2010-01-12T12:00:50+00:00",
            "course": 5.0,
            "speed": 9.0,
            "depth": 0.0
          },
          {
            "time": "2010-01-12T12:01:40+00:00",
            "course": 5.01,
            "speed": 9.0,
            "depth": 0.0
          },
          {
            "time": "2010-01-12T12:02:30+00:00",
            "course": 5.01,
            "speed": 9.0,
            "depth": 0.0
          },
          {
            "time": "2010-01-12T12:03:20+00:00",
            "course": 5.01,
            "speed": 9.0,
            "depth": 0.0
          },
          {
            "time": "2010-01-12T12:04:10+00:00",
            "course": 5.01,
            "speed": 9.0,
            "depth": 0.0
          },
          {
            "time": "2010-01-12T12:05:00+00:00",
            "course": 5.01,
            "speed": 9.0,
            "depth": 0.0
          },
          {
            "time": "2010-01-12T12:05:50+00:00",
            "course": 5.01,
            "speed": 9.0,
            "depth": 0.0
          },
          {
            "time": "2010-01-12T12:06:40+00:00",
            "course": 5.01,
            "speed": 9.0,
            "depth": 0.0
          },
          {
            "time": "2010-01-12T12:07:30+00:00",
            "course": 5.01,
            "speed": 9.0,
            "depth": 0.0
          },
          {
            "time": "2010-01-12T12:08:20+00:00",
            "course": 5.01,
            "speed": 9.0,
            "depth": 0.0
          },
          {
            "time": "2010-01-12T12:09:10+00:00",
            "course": 5.01,
            "speed": 9.0,
            "depth": 0.0
          },
          {
            "time": "2010-01-12T12:10:00+00:00",
            "course": 5.01,
            "speed": 9.0,
            "depth": 0.0
          },
          {
            "time": "2010-01-12T12:10:50+00:00",
            "course": 5.01,
            "speed": 9.0,
            "depth": 0.0
          },
          {
            "time": "2010-01-12T12:11:40+00:00",
            "course": 5.01,
            "speed": 9.0,
            "depth": 0.0
          },
          {
            "time": "2010-01-12T12:12:30+00:00",
            "course": 5.01,
            "speed": 9.0,
            "depth": 0.0
          },
          {
            "time": "2010-01-12T12:13:20+00:00",
            "course": 5.01,
            "speed": 9.0,
            "depth": 0.0
          },
          {
            "time": "2010-01-12T12:14:10+00:00",
            "course": 5.01,
            "speed": 9.0,
            "depth": 0.0
          },
          {
            "time": "2010-01-12T12:15:00+00:00",
            "course": 5.01,
            "speed": 9.0,
            "depth": 0.0
          },
          {
            "time": "2010-01-12T12:15:50+00:00",
            "course": 5.01,
            "speed": 9.0,
            "depth": 0.0
          },
          {
            "time": "2010-01-12T12:16:40+00:00",
            "course": 5.01,
            "speed": 9.0,
            "depth": 0.0
          },
          {
            "time": "2010-01-12T12:17:30+00:00",
            "course": 5.01,
            "speed": 9.0,
            "depth": 0.0
          },
          {
            "time": "2010-01-12T12:18:20+00:00",
            "course": 5.01,
            "speed": 9.0,
            "depth": 0.0
          },
          {
            "time": "2010-01-12T12:19:10+00:00",
            "course": 5.01,
            "speed": 9.0,
            "depth": 0.0
          },
          {
            "time": "2010-01-12T12:20:00+00:00",
            "course": 5.01,
            "speed": 9.0,
            "depth": 0.0
          },
          {
            "time": "2010-01-12T12:20:50+00:00",
            "course": 5.01,
            "speed": 9.0,
            "depth": 0.0
          },
          {
            "time": "2010-01-12T12:21:40+00:00",
            "course": 5.01,
            "speed": 9.0,
            "depth": 0.0
          },
          {
            "time": "2010-01-12T12:22:30+00:00",
            "course": 5.01,
            "speed": 9.0,
            "depth": 0.0
          },
          {
            "time": "2010-01-12T12:23:20+00:00",
            "course": 5.01,
            "speed": 9.0,
            "depth": 0.0
          },
          {
            "time": "2010-01-12T12:24:10+00:00",
            "course": 5.01,
            "speed": 9.0,
            "depth": 0.0
          },
          {
            "time": "2010-01-12T12:25:00+00:00",
            "course": 5.01,
            "speed": 9.0,
            "depth": 0.0
          },
          {
            "time": "2010-01-12T12:25:50+00:00",
            "course": 5.01,
            "speed": 9.0,
            "depth": 0.0
          },
          {
            "time": "2010-01-12T12:26:40+00:00",
            "course": 5.01,
            "speed": 9.0,
            "depth": 0.0
          },
          {
            "time": "2010-01-12T12:27:30+00:00",
            "course": 5.01,
            "speed": 9.0,
            "depth": 0.0
          },
          {
            "time": "2010-01-12T12:28:20+00:00",
            "course": 5.01,
            "speed": 9.0,
            "depth": 0.0
          },
          {
            "time": "2010-01-12T12:29:10+00:00",
            "course": 5.01,
            "speed": 9.0,
            "depth": 0.0
          },
          {
            "time": "2010-01-12T12:30:00+00:00",
            "course": 5.01,
            "speed": 9.0,
            "depth": 0.0
          },
          {
            "time": "2010-01-12T12:30:50+00:00",
            "course": 5.01,
            "speed": 9.0,
            "depth": 0.0
          },
          {
            "time": "2010-01-12T12:31:40+00:00",
            "course": 5.01,
            "speed": 9.0,
            "depth": 0.0
          },
          {
            "time": "2010-01-12T12:32:30+00:00",
            "course": 5.01,
            "speed": 9.0,
            "depth": 0.0
          },
          {
            "time": "2010-01-12T12:33:20+00:00",
            "course": 5.01,
            "speed": 9.0,
            "depth": 0.0
          },
          {
            "time": "2010-01-12T12:34:10+00:00",
            "course": 5.01,
            "speed": 9.0,
            "depth": 0.0
          },
          {
            "time": "2010-01-12T12:35:00+00:00",
            "course": 5.01,
            "speed": 9.0,
            "depth": 0.0
          },
          {
            "time": "2010-01-12T12:35:50+00:00",
            "course": 5.01,
            "speed": 9.0,
            "depth": 0.0
          },
          {
            "time": "2010-01-12T12:36:40+00:00",
            "course": 5.01,
            "speed": 9.0,
            "depth": 0.0
          },
          {
            "time": "2010-01-12T12:37:30+00:00",
            "course": 5.01,
            "speed": 9.0,
            "depth": 0.0
          },
          {
            "time": "2010-01-12T12:38:20+00:00",
            "course": 5.01,
            "speed": 9.0,
            "depth": 0.0
          },
          {
            "time": "2010-01-12T12:39:10+00:00",
            "course": 5.01,
            "speed": 9.0,
            "depth": 0.0
          },
          {
            "time": "2010-01-12T12:40:00+00:00",
            "course": 5.01,
            "speed": 9.0,
            "depth": 0.0
          },
          {
            "time": "2010-01-12T12:40:50+00:00",
            "course": 5.01,
            "speed": 9.0,
            "depth": 0.0
          },
          {
            "time": "2010-01-12T12:41:40+00:00",
            "course": 5.01,
            "speed": 9.0,
            "depth": 0.0
          },
          {
            "time": "2010-01-12T12:42:30+00:00",
            "course": 5.01,
            "speed": 9.0,
            "depth": 0.0
          },
          {
            "time": "2010-01-12T12:43:20+00:00",
            "course": 5.01,
            "speed": 9.0,
            "depth": 0.0
          },
          {
            "time": "2010-01-12T12:44:10+00:00",
            "course": 5.01,
            "speed": 9.0,
            "depth": 0.0
          },
          {
            "time": "2010-01-12T12:45:00+00:00",
            "course": 5.01,
            "speed": 9.0,
            "depth": 0.0
          },
          {
            "time": "2010-01-12T12:45:50+00:00",
            "course": 5.01,
            "speed": 9.0,
            "depth": 0.0
          },
          {
            "time": "2010-01-12T12:46:40+00:00",
            "course": 5.01,
            "speed": 9.0,
            "depth": 0.0
          },
          {
            "time": "2010-01-12T12:47:30+00:00",
            "course": 5.01,
            "speed": 9.0,
            "depth": 0.0
          },
          {
            "time": "2010-01-12T12:48:20+00:00",
            "course": 5.01,
            "speed": 9.0,
            "depth": 0.0
          },
          {
            "time": "2010-01-12T12:49:10+00:00",
            "course": 5.01,
            "speed": 9.0,
            "depth": 0.0
          },
          {
            "time": "2010-01-12T12:50:00+00:00",
            "course": 5.01,
            "speed": 9.0,
            "depth": 0.0
          },
          {
            "time": "2010-01-12T12:50:50+00:00",
            "course": 5.01,
            "speed": 9.0,
            "depth": 0.0
          },
          {
            "time": "2010-01-12T12:51:40+00:00",
            "course": 5.01,
            "speed": 9.0,
            "depth": 0.0
          },
          {
            "time": "2010-01-12T12:52:30+00:00",
            "course": 5.01,
            "speed": 9.0,
            "depth": 0.0
          },
          {
            "time": "2010-01-12T12:53:20+00:00",
            "course": 5.01,
            "speed": 9.0,
            "depth": 0.0
          },
          {
            "time": "2010-01-12T12:54:10+00:00",
            "course": 5.01,
            "speed": 9.0,
            "depth": 0.0
          },
          {
            "time": "2010-01-12T12:55:00+00:00",
            "course": 5.01,
            "speed": 9.0,
            "depth": 0.0
          },
          {
            "time": "2010-01-12T12:55:50+00:00",
            "course": 5.01,
            "speed": 9.0,
            "depth": 0.0
          },
          {
            "time": "2010-01-12T12:56:40+00:00",
            "course": 5.01,
            "speed": 9.0,
            "depth": 0.0
          },
          {
            "time": "2010-01-12T12:57:30+00:00",
            "course": 5.01,
            "speed": 9.0,
            "depth": 0.0
          },
          {
            "time": "2010-01-12T12:58:20+00:00",
            "course": 5.01,
            "speed": 9.0,
            "depth": 0.0
          },
          {
            "time": "2010-01-12T12:59:10+00:00",
            "course": 5.01,
            "speed": 9.0,
            "depth": 0.0
          },
          {
            "time": "2010-01-12T13:00:00+00:00",
            "course": 5.01,
            "speed": 9.0,
            "depth": 0.0
          },
          {
            "time": "2010-01-12T13:00:50+00:00",
            "course": 5.01,
            "speed": 9.0,
            "depth": 0.0
          },
          {
            "time": "2010-01-12T13:01:40+00:00",
            "course": 5.01,
            "speed": 9.0,
            "depth": 0.0
          },
          {
            "time": "2010-01-12T13:02:30+00:00",
            "course": 5.01,
            "speed": 9.0,
            "depth": 0.0
          },
          {
            "time": "2010-01-12T13:03:20+00:00",
            "course": 5.01,
            "speed": 9.0,
            "depth": 0.0
          },
          {
            "time": "2010-01-12T13:04:10+00:00",
            "course": 5.01,
            "speed": 9.0,
            "depth": 0.0
          },
          {
            "time": "2010-01-12T13:05:00+00:00",
            "course": 5.01,
            "speed": 9.0,
            "depth": 0.0
          },
          {
            "time": "2010-01-12T13:05:50+00:00",
            "course": 5.01,
            "speed": 9.0,
            "depth": 0.0
          },
          {
            "time": "2010-01-12T13:06:40+00:00",
            "course": 5.01,
            "speed": 9.0,
            "depth": 0.0
          },
          {
            "time": "2010-01-12T13:07:30+00:00",
            "course": 5.01,
            "speed": 9.0,
            "depth": 0.0
          },
          {
            "time": "2010-01-12T13:08:20+00:00",
            "course": 5.01,
            "speed": 9.0,
            "depth": 0.0
          },
          {
            "time": "2010-01-12T13:09:10+00:00",
            "course": 5.01,
            "speed": 9.0,
            "depth": 0.0
          },
          {
            "time": "2010-01-12T13:10:00+00:00",
            "course": 5.01,
            "speed": 9.0,
            "depth": 0.0
          },
          {
            "time": "2010-01-12T13:10:50+00:00",
            "course": 5.01,
            "speed": 9.0,
            "depth": 0.0
          },
          {
            "time": "2010-01-12T13:11:40+00:00",
            "course": 5.01,
            "speed": 9.0,
            "depth": 0.0
          },
          {
            "time": "2010-01-12T13:12:30+00:00",
            "course": 5.01,
            "speed": 9.0,
            "depth": 0.0
          },
          {
            "time": "2010-01-12T13:13:20+00:00",
            "course": 5.01,
            "speed": 9.0,
            "depth": 0.0
          },
          {
            "time": "2010-01-12T13:14:10+00:00",
            "course": 5.01,
            "speed": 9.0,
            "depth": 0.0
          },
          {
            "time": "2010-01-12T13:15:00+00:00",
            "course": 5.01,
            "speed": 9.0,
            "depth": 0.0
          },
          {
            "time": "2010-01-12T13:15:50+00:00",
            "course": 5.01,
            "speed": 9.0,
            "depth": 0.0
          },
          {
            "time": "2010-01-12T13:16:40+00:00",
            "course": 5.01,
            "speed": 9.0,
            "depth": 0.0
          },
          {
            "time": "2010-01-12T13:17:30+00:00",
            "course": 5.01,
            "speed": 9.0,
            "depth": 0.0
          },
          {
            "time": "2010-01-12T13:18:20+00:00",
            "course": 5.01,
            "speed": 9.0,
            "depth": 0.0
          },
          {
            "time": "2010-01-12T13:19:10+00:00",
            "course": 5.01,
            "speed": 9.0,
            "depth": 0.0
          },
          {
            "time": "2010-01-12T13:20:00+00:00",
            "course": 5.01,
            "speed": 9.0,
            "depth": 0.0
          },
          {
            "time": "2010-01-12T13:20:50+00:00",
            "course": 5.01,
            "speed": 9.0,
            "depth": 0.0
          },
          {
            "time": "2010-01-12T13:21:40+00:00",
            "course": 5.01,
            "speed": 9.0,
            "depth": 0.0
          },
          {
            "time": "2010-01-12T13:22:30+00:00",
            "course": 5.01,
            "speed": 9.0,
            "depth": 0.0
          },
          {
            "time": "2010-01-12T13:23:20+00:00",
            "course": 5.01,
            "speed": 9.0,
            "depth": 0.0
          },
          {
            "time": "2010-01-12T13:24:10+00:00",
            "course": 5.01,
            "speed": 9.0,
            "depth": 0.0
          },
          {
            "time": "2010-01-12T13:25:00+00:00",
            "course": 5.01,
            "speed": 9.0,
            "depth": 0.0
          },
          {
            "time": "2010-01-12T13:25:50+00:00",
            "course": 5.01,
            "speed": 9.0,
            "depth": 0.0
          },
          {
            "time": "2010-01-12T13:26:40+00:00",
            "course": 5.01,
            "speed": 9.0,
            "depth": 0.0
          },
          {
            "time": "2010-01-12T13:27:30+00:00",
            "course": 5.01,
            "speed": 9.0,
            "depth": 0.0
          },
          {
            "time": "2010-01-12T13:28:20+00:00",
            "course": 5.01,
            "speed": 9.0,
            "depth": 0.0
          },
          {
            "time": "2010-01-12T13:29:10+00:00",
            "course": 5.01,
            "speed": 9.0,
            "depth": 0.0
          },
          {
            "time": "2010-01-12T13:30:00+00:00",
            "course": 5.01,
            "speed": 9.0,
            "depth": 0.0
          },
          {
            "time": "2010-01-12T13:30:50+00:00",
            "course": 5.01,
            "speed": 9.0,
            "depth": 0.0
          },
          {
            "time": "2010-01-12T13:31:40+00:00",
            "course": 5.01,
            "speed": 9.0,
            "depth": 0.0
          },
          {
            "time": "2010-01-12T13:32:30+00:00",
            "course": 5.01,
            "speed": 9.0,
            "depth": 0.0
          },
          {
            "time": "2010-01-12T13:33:20+00:00",
            "course": 5.01,
            "speed": 9.0,
            "depth": 0.0
          },
          {
            "time": "2010-01-12T13:34:10+00:00",
            "course": 5.01,
            "speed": 9.0,
            "depth": 0.0
          },
          {
            "time": "2010-01-12T13:35:00+00:00",
            "course": 5.01,
            "speed": 9.0,
            "depth": 0.0
          },
          {
            "time": "2010-01-12T13:35:50+00:00",
            "course": 5.01,
            "speed": 9.0,
            "depth": 0.0
          },
          {
            "time": "2010-01-12T13:36:40+00:00",
            "course": 5.01,
            "speed": 9.0,
            "depth": 0.0
          },
          {
            "time": "2010-01-12T13:37:30+00:00",
            "course": 5.01,
            "speed": 9.0,
            "depth": 0.0
          },
          {
            "time": "2010-01-12T13:38:20+00:00",
            "course": 5.01,
            "speed": 9.0,
            "depth": 0.0
          },
          {
            "time": "2010-01-12T13:39:10+00:00",
            "course": 5.01,
            "speed": 9.0,
            "depth": 0.0
          },
          {
            "time": "2010-01-12T13:40:00+00:00",
            "course": 5.01,
            "speed": 9.0,
            "depth": 0.0
          },
          {
            "time": "2010-01-12T13:40:50+00:00",
            "course": 5.01,
            "speed": 9.0,
            "depth": 0.0
          },
          {
            "time": "2010-01-12T13:41:40+00:00",
            "course": 5.01,
            "speed": 9.0,
            "depth": 0.0
          },
          {
            "time": "2010-01-12T13:42:30+00:00",
            "course": 5.01,
            "speed": 9.0,
            "depth": 0.0
          },
          {
            "time": "2010-01-12T13:43:20+00:00",
            "course": 5.01,
            "speed": 9.0,
            "depth": 0.0
          },
          {
            "time": "2010-01-12T13:44:10+00:00",
            "course": 5.01,
            "speed": 9.0,
            "depth": 0.0
          },
          {
            "time": "2010-01-12T13:45:00+00:00",
            "course": 5.01,
            "speed": 9.0,
            "depth": 0.0
          },
          {
            "time": "2010-01-12T13:45:50+00:00",
            "course": 5.01,
            "speed": 9.0,
            "depth": 0.0
          },
          {
            "time": "2010-01-12T13:46:40+00:00",
            "course": 5.01,
            "speed": 9.0,
            "depth": 0.0
          },
          {
            "time": "2010-01-12T13:47:30+00:00",
            "course": 5.01,
            "speed": 9.0,
            "depth": 0.0
          },
          {
            "time": "2010-01-12T13:48:20+00:00",
            "course": 5.01,
            "speed": 9.0,
            "depth": 0.0
          },
          {
            "time": "2010-01-12T13:49:10+00:00",
            "course": 5.01,
            "speed": 9.0,
            "depth": 0.0
          },
          {
            "time": "2010-01-12T13:50:00+00:00",
            "course": 5.01,
            "speed": 9.0,
            "depth": 0.0
          },
          {
            "time": "2010-01-12T13:50:50+00:00",
            "course": 5.01,
            "speed": 9.0,
            "depth": 0.0
          },
          {
            "time": "2010-01-12T13:51:40+00:00",
            "course": 5.01,
            "speed": 9.0,
            "depth": 0.0
          },
          {
            "time": "2010-01-12T13:52:30+00:00",
            "course": 5.01,
            "speed": 9.0,
            "depth": 0.0
          },
          {
            "time": "2010-01-12T13:53:20+00:00",
            "course": 5.01,
            "speed": 9.0,
            "depth": 0.0
          },
          {
            "time": "2010-01-12T13:54:10+00:00",
            "course": 5.01,
            "speed": 9.0,
            "depth": 0.0
          },
          {
            "time": "2010-01-12T13:55:00+00:00",
            "course": 5.01,
            "speed": 9.0,
            "depth": 0.0
          },
          {
            "time": "2010-01-12T13:55:50+00:00",
            "course": 5.01,
            "speed": 9.0,
            "depth": 0.0
          },
          {
            "time": "2010-01-12T13:56:40+00:00",
            "course": 5.01,
            "speed": 9.0,
            "depth": 0.0
          },
          {
            "time": "2010-01-12T13:57:30+00:00",
            "course": 5.01,
            "speed": 9.0,
            "depth": 0.0
          },
          {
            "time": "2010-01-12T13:58:20+00:00",
            "course": 5.01,
            "speed": 9.0,
            "depth": 0.0
          },
          {
            "time": "2010-01-12T13:59:10+00:00",
            "course": 5.01,
            "speed": 9.0,
            "depth": 0.0
          },
          {
            "time": "2010-01-12T14:00:00+00:00",
            "course": 5.01,
            "speed": 9.0,
            "depth": 0.0
          }
        ],
        "style": {
          "line": {
            "color": "#FFA500"
          },
          "point": {
            "shape": "circle",
            "radius": 3.0,
            "fill_color": "#FFA500",
            "color": "#FFA500"
          }
        },
        "default_position_style": {
          "show_symbol": false,
          "symbol": "circle",
          "show_label": false
        },
        "symbol_interval": "PT10M",
        "label_interval": "PT30M",
        "provenance": [
          {
            "activity_id": "131dc627-fa70-4042-a4e7-aee8ec9295c0",
            "timestamp": "2026-03-21T10:15:00.263969Z",
            "was_generated_by": {
              "tool": "rep-parser",
              "tool_version": "1.0.0",
              "parameters": []
            },
            "used": [],
            "generated": [
              "31690456-c7e4-4358-852b-2360b7ad612f"
            ],
            "execution_duration": "PT0S"
          }
        ]
      }
    },
    {
      "type": "Feature",
      "id": "e1f4d73e-bfaf-4224-8919-cffa209db685",
      "geometry": {
        "type": "LineString",
        "coordinates": [
          [
            0.4,
            60.7
          ],
          [
            0.39861111111111114,
            60.699374999999996
          ],
          [
            0.3969888888888889,
            60.698899999999995
          ],
          [
            0.39535000000000003,
            60.69843611111111
          ],
          [
            0.3937111111111111,
            60.697975
          ],
          [
            0.39206944444444447,
            60.697513888888885
          ],
          [
            0.39043055555555556,
            60.69705
          ],
          [
            0.3887916666666667,
            60.69658888888888
          ],
          [
            0.3871527777777778,
            60.696127777777775
          ],
          [
            0.38551388888888893,
            60.69566388888889
          ],
          [
            0.3838722222222222,
            60.69520277777777
          ],
          [
            0.3822333333333333,
            60.694741666666665
          ],
          [
            0.3805944444444444,
            60.69427777777778
          ],
          [
            0.37895555555555555,
            60.69381666666666
          ],
          [
            0.37731666666666663,
            60.693355555555556
          ],
          [
            0.3756777777777778,
            60.69289166666666
          ],
          [
            0.37403888888888887,
            60.69243055555555
          ],
          [
            0.37239999999999995,
            60.691966666666666
          ],
          [
            0.3707583333333333,
            60.69150555555555
          ],
          [
            0.36911944444444444,
            60.691044444444444
          ],
          [
            0.36748055555555553,
            60.69058055555555
          ],
          [
            0.3658416666666666,
            60.69011944444444
          ],
          [
            0.36420277777777776,
            60.68965833333333
          ],
          [
            0.36256388888888885,
            60.68919444444444
          ],
          [
            0.360925,
            60.68873333333333
          ],
          [
            0.3592861111111111,
            60.68827222222222
          ],
          [
            0.3576472222222222,
            60.68780833333333
          ],
          [
            0.3560083333333333,
            60.68734722222222
          ],
          [
            0.3543694444444444,
            60.68688611111111
          ],
          [
            0.35273055555555555,
            60.68642222222222
          ],
          [
            0.35109166666666664,
            60.685961111111105
          ],
          [
            0.3494527777777778,
            60.6855
          ],
          [
            0.34781388888888887,
            60.68503611111111
          ],
          [
            0.34617499999999995,
            60.684574999999995
          ],
          [
            0.3445361111111111,
            60.68411388888889
          ],
          [
            0.3428972222222222,
            60.68365
          ],
          [
            0.34125833333333333,
            60.683188888888886
          ],
          [
            0.3396194444444444,
            60.682725
          ],
          [
            0.33798055555555556,
            60.68226388888888
          ],
          [
            0.33634166666666665,
            60.681802777777776
          ],
          [
            0.33470277777777774,
            60.68133888888889
          ],
          [
            0.3330666666666667,
            60.68087777777777
          ],
          [
            0.33142777777777777,
            60.680416666666666
          ],
          [
            0.32978888888888885,
            60.67995277777778
          ],
          [
            0.32815,
            60.679491666666664
          ],
          [
            0.3265111111111111,
            60.679030555555556
          ],
          [
            0.32487222222222223,
            60.67856666666666
          ],
          [
            0.3232333333333333,
            60.678105555555554
          ],
          [
            0.3215972222222222,
            60.67764444444444
          ],
          [
            0.31995833333333334,
            60.67718055555555
          ],
          [
            0.31831944444444443,
            60.676719444444444
          ],
          [
            0.3166805555555555,
            60.67625833333333
          ],
          [
            0.31504166666666666,
            60.67579444444444
          ],
          [
            0.31340277777777775,
            60.675333333333334
          ],
          [
            0.31176666666666664,
            60.67486944444444
          ],
          [
            0.3101277777777778,
            60.67440833333333
          ],
          [
            0.30848888888888887,
            60.67394722222222
          ],
          [
            0.30685,
            60.67348333333333
          ],
          [
            0.3052138888888889,
            60.67302222222222
          ],
          [
            0.303575,
            60.67256111111111
          ],
          [
            0.3019361111111111,
            60.67209722222222
          ],
          [
            0.3002972222222222,
            60.671636111111106
          ],
          [
            0.2986611111111111,
            60.671175
          ],
          [
            0.2970222222222222,
            60.67071111111111
          ],
          [
            0.29538333333333333,
            60.670249999999996
          ],
          [
            0.2937444444444444,
            60.66978888888889
          ],
          [
            0.2921083333333333,
            60.669325
          ],
          [
            0.29046944444444445,
            60.668863888888886
          ],
          [
            0.28883055555555553,
            60.66840277777778
          ],
          [
            0.2871944444444444,
            60.667938888888884
          ],
          [
            0.28555555555555556,
            60.667477777777776
          ],
          [
            0.28391666666666665,
            60.66701666666666
          ],
          [
            0.28228055555555553,
            60.666552777777774
          ],
          [
            0.2806416666666667,
            60.66609166666667
          ],
          [
            0.27900555555555556,
            60.66562777777778
          ],
          [
            0.27736666666666665,
            60.665166666666664
          ],
          [
            0.2757277777777778,
            60.66470555555556
          ],
          [
            0.2740916666666667,
            60.66424166666666
          ],
          [
            0.27245277777777777,
            60.663780555555554
          ],
          [
            0.27081666666666665,
            60.66331944444444
          ],
          [
            0.2691777777777778,
            60.66285555555555
          ],
          [
            0.2675388888888889,
            60.662394444444445
          ],
          [
            0.26590277777777777,
            60.66193333333333
          ],
          [
            0.2642638888888889,
            60.66146944444444
          ],
          [
            0.2626277777777778,
            60.661008333333335
          ],
          [
            0.2609888888888889,
            60.66054722222222
          ],
          [
            0.25935277777777777,
            60.66008333333333
          ],
          [
            0.2577138888888889,
            60.65962222222222
          ],
          [
            0.2560777777777778,
            60.65916111111111
          ],
          [
            0.2544388888888889,
            60.65869722222222
          ],
          [
            0.25280277777777777,
            60.65823611111111
          ],
          [
            0.2511638888888889,
            60.657775
          ],
          [
            0.2495277777777778,
            60.65731111111111
          ],
          [
            0.24788888888888888,
            60.65685
          ],
          [
            0.2462527777777778,
            60.65638611111111
          ],
          [
            0.24461388888888888,
            60.655924999999996
          ],
          [
            0.2429777777777778,
            60.65546388888889
          ],
          [
            0.24134166666666668,
            60.655
          ],
          [
            0.2397027777777778,
            60.65453888888889
          ],
          [
            0.23806666666666668,
            60.65407777777778
          ],
          [
            0.2364277777777778,
            60.653613888888884
          ],
          [
            0.23479166666666668,
            60.65315277777778
          ],
          [
            0.23315555555555556,
            60.65269166666666
          ],
          [
            0.23151666666666668,
            60.652227777777775
          ],
          [
            0.22988055555555556,
            60.65176666666667
          ],
          [
            0.22824166666666668,
            60.65130555555555
          ],
          [
            0.22660555555555556,
            60.650841666666665
          ],
          [
            0.22496944444444444,
            60.65038055555556
          ],
          [
            0.22333055555555556,
            60.64991944444444
          ],
          [
            0.22169444444444444,
            60.649455555555555
          ],
          [
            0.22005833333333333,
            60.64899444444444
          ],
          [
            0.21841944444444444,
            60.64853333333333
          ],
          [
            0.21678333333333333,
            60.648069444444445
          ],
          [
            0.21514722222222224,
            60.64760833333333
          ],
          [
            0.21351111111111112,
            60.64714444444444
          ],
          [
            0.21187222222222224,
            60.646683333333335
          ],
          [
            0.21023611111111112,
            60.64622222222222
          ],
          [
            0.2086,
            60.64575833333333
          ],
          [
            0.2069638888888889,
            60.64529722222222
          ],
          [
            0.205325,
            60.64483611111111
          ],
          [
            0.2036888888888889,
            60.64437222222222
          ],
          [
            0.20205277777777778,
            60.64391111111111
          ],
          [
            0.2004166666666667,
            60.64345
          ],
          [
            0.19877777777777778,
            60.642986111111114
          ],
          [
            0.19714166666666666,
            60.642525
          ],
          [
            0.19550555555555554,
            60.64206388888889
          ],
          [
            0.19386944444444443,
            60.6416
          ],
          [
            0.1922333333333333,
            60.64113888888889
          ],
          [
            0.1905972222222222,
            60.640677777777775
          ],
          [
            0.1889583333333333,
            60.64021388888889
          ],
          [
            0.18732222222222222,
            60.63975277777778
          ],
          [
            0.1856861111111111,
            60.63928888888889
          ],
          [
            0.18405,
            60.63882777777778
          ],
          [
            0.18241388888888888,
            60.63836666666666
          ],
          [
            0.18077777777777776,
            60.637902777777775
          ],
          [
            0.17914166666666664,
            60.63744166666667
          ],
          [
            0.17750277777777776,
            60.63698055555555
          ],
          [
            0.17586666666666667,
            60.636516666666665
          ],
          [
            0.17423055555555556,
            60.63605555555556
          ],
          [
            0.17259444444444444,
            60.63559444444444
          ],
          [
            0.17095833333333332,
            60.635130555555556
          ],
          [
            0.1693222222222222,
            60.63466944444444
          ],
          [
            0.1676861111111111,
            60.63420833333333
          ],
          [
            0.16605,
            60.633744444444446
          ],
          [
            0.1644138888888889,
            60.63328333333333
          ]
        ]
      },
      "properties": {
        "kind": "TRACK",
        "platform_id": "SENSOR_2",
        "platform_name": "SENSOR_2",
        "track_type": "CONTACT",
        "start_time": "2010-01-12T12:00:00+00:00",
        "end_time": "2010-01-12T14:00:00+00:00",
        "positions": [
          {
            "time": "2010-01-12T12:00:00+00:00",
            "course": 220.0,
            "speed": 4.0,
            "depth": 0.0
          },
          {
            "time": "2010-01-12T12:00:50+00:00",
            "course": 234.74,
            "speed": 4.0,
            "depth": 0.0
          },
          {
            "time": "2010-01-12T12:01:40+00:00",
            "course": 240.06,
            "speed": 4.0,
            "depth": 0.0
          },
          {
            "time": "2010-01-12T12:02:30+00:00",
            "course": 240.06,
            "speed": 4.0,
            "depth": 0.0
          },
          {
            "time": "2010-01-12T12:03:20+00:00",
            "course": 240.06,
            "speed": 4.0,
            "depth": 0.0
          },
          {
            "time": "2010-01-12T12:04:10+00:00",
            "course": 240.06,
            "speed": 4.0,
            "depth": 0.0
          },
          {
            "time": "2010-01-12T12:05:00+00:00",
            "course": 240.06,
            "speed": 4.0,
            "depth": 0.0
          },
          {
            "time": "2010-01-12T12:05:50+00:00",
            "course": 240.06,
            "speed": 4.0,
            "depth": 0.0
          },
          {
            "time": "2010-01-12T12:06:40+00:00",
            "course": 240.06,
            "speed": 4.0,
            "depth": 0.0
          },
          {
            "time": "2010-01-12T12:07:30+00:00",
            "course": 240.06,
            "speed": 4.0,
            "depth": 0.0
          },
          {
            "time": "2010-01-12T12:08:20+00:00",
            "course": 240.06,
            "speed": 4.0,
            "depth": 0.0
          },
          {
            "time": "2010-01-12T12:09:10+00:00",
            "course": 240.06,
            "speed": 4.0,
            "depth": 0.0
          },
          {
            "time": "2010-01-12T12:10:00+00:00",
            "course": 240.06,
            "speed": 4.0,
            "depth": 0.0
          },
          {
            "time": "2010-01-12T12:10:50+00:00",
            "course": 240.06,
            "speed": 4.0,
            "depth": 0.0
          },
          {
            "time": "2010-01-12T12:11:40+00:00",
            "course": 240.06,
            "speed": 4.0,
            "depth": 0.0
          },
          {
            "time": "2010-01-12T12:12:30+00:00",
            "course": 240.06,
            "speed": 4.0,
            "depth": 0.0
          },
          {
            "time": "2010-01-12T12:13:20+00:00",
            "course": 240.06,
            "speed": 4.0,
            "depth": 0.0
          },
          {
            "time": "2010-01-12T12:14:10+00:00",
            "course": 240.06,
            "speed": 4.0,
            "depth": 0.0
          },
          {
            "time": "2010-01-12T12:15:00+00:00",
            "course": 240.06,
            "speed": 4.0,
            "depth": 0.0
          },
          {
            "time": "2010-01-12T12:15:50+00:00",
            "course": 240.06,
            "speed": 4.0,
            "depth": 0.0
          },
          {
            "time": "2010-01-12T12:16:40+00:00",
            "course": 240.06,
            "speed": 4.0,
            "depth": 0.0
          },
          {
            "time": "2010-01-12T12:17:30+00:00",
            "course": 240.06,
            "speed": 4.0,
            "depth": 0.0
          },
          {
            "time": "2010-01-12T12:18:20+00:00",
            "course": 240.06,
            "speed": 4.0,
            "depth": 0.0
          },
          {
            "time": "2010-01-12T12:19:10+00:00",
            "course": 240.06,
            "speed": 4.0,
            "depth": 0.0
          },
          {
            "time": "2010-01-12T12:20:00+00:00",
            "course": 240.06,
            "speed": 4.0,
            "depth": 0.0
          },
          {
            "time": "2010-01-12T12:20:50+00:00",
            "course": 240.06,
            "speed": 4.0,
            "depth": 0.0
          },
          {
            "time": "2010-01-12T12:21:40+00:00",
            "course": 240.06,
            "speed": 4.0,
            "depth": 0.0
          },
          {
            "time": "2010-01-12T12:22:30+00:00",
            "course": 240.06,
            "speed": 4.0,
            "depth": 0.0
          },
          {
            "time": "2010-01-12T12:23:20+00:00",
            "course": 240.06,
            "speed": 4.0,
            "depth": 0.0
          },
          {
            "time": "2010-01-12T12:24:10+00:00",
            "course": 240.06,
            "speed": 4.0,
            "depth": 0.0
          },
          {
            "time": "2010-01-12T12:25:00+00:00",
            "course": 240.06,
            "speed": 4.0,
            "depth": 0.0
          },
          {
            "time": "2010-01-12T12:25:50+00:00",
            "course": 240.06,
            "speed": 4.0,
            "depth": 0.0
          },
          {
            "time": "2010-01-12T12:26:40+00:00",
            "course": 240.06,
            "speed": 4.0,
            "depth": 0.0
          },
          {
            "time": "2010-01-12T12:27:30+00:00",
            "course": 240.06,
            "speed": 4.0,
            "depth": 0.0
          },
          {
            "time": "2010-01-12T12:28:20+00:00",
            "course": 240.06,
            "speed": 4.0,
            "depth": 0.0
          },
          {
            "time": "2010-01-12T12:29:10+00:00",
            "course": 240.06,
            "speed": 4.0,
            "depth": 0.0
          },
          {
            "time": "2010-01-12T12:30:00+00:00",
            "course": 240.06,
            "speed": 4.0,
            "depth": 0.0
          },
          {
            "time": "2010-01-12T12:30:50+00:00",
            "course": 240.06,
            "speed": 4.0,
            "depth": 0.0
          },
          {
            "time": "2010-01-12T12:31:40+00:00",
            "course": 240.06,
            "speed": 4.0,
            "depth": 0.0
          },
          {
            "time": "2010-01-12T12:32:30+00:00",
            "course": 240.06,
            "speed": 4.0,
            "depth": 0.0
          },
          {
            "time": "2010-01-12T12:33:20+00:00",
            "course": 240.06,
            "speed": 4.0,
            "depth": 0.0
          },
          {
            "time": "2010-01-12T12:34:10+00:00",
            "course": 240.06,
            "speed": 4.0,
            "depth": 0.0
          },
          {
            "time": "2010-01-12T12:35:00+00:00",
            "course": 240.06,
            "speed": 4.0,
            "depth": 0.0
          },
          {
            "time": "2010-01-12T12:35:50+00:00",
            "course": 240.06,
            "speed": 4.0,
            "depth": 0.0
          },
          {
            "time": "2010-01-12T12:36:40+00:00",
            "course": 240.06,
            "speed": 4.0,
            "depth": 0.0
          },
          {
            "time": "2010-01-12T12:37:30+00:00",
            "course": 240.06,
            "speed": 4.0,
            "depth": 0.0
          },
          {
            "time": "2010-01-12T12:38:20+00:00",
            "course": 240.06,
            "speed": 4.0,
            "depth": 0.0
          },
          {
            "time": "2010-01-12T12:39:10+00:00",
            "course": 240.06,
            "speed": 4.0,
            "depth": 0.0
          },
          {
            "time": "2010-01-12T12:40:00+00:00",
            "course": 240.06,
            "speed": 4.0,
            "depth": 0.0
          },
          {
            "time": "2010-01-12T12:40:50+00:00",
            "course": 240.06,
            "speed": 4.0,
            "depth": 0.0
          },
          {
            "time": "2010-01-12T12:41:40+00:00",
            "course": 240.06,
            "speed": 4.0,
            "depth": 0.0
          },
          {
            "time": "2010-01-12T12:42:30+00:00",
            "course": 240.06,
            "speed": 4.0,
            "depth": 0.0
          },
          {
            "time": "2010-01-12T12:43:20+00:00",
            "course": 240.06,
            "speed": 4.0,
            "depth": 0.0
          },
          {
            "time": "2010-01-12T12:44:10+00:00",
            "course": 240.06,
            "speed": 4.0,
            "depth": 0.0
          },
          {
            "time": "2010-01-12T12:45:00+00:00",
            "course": 240.06,
            "speed": 4.0,
            "depth": 0.0
          },
          {
            "time": "2010-01-12T12:45:50+00:00",
            "course": 240.06,
            "speed": 4.0,
            "depth": 0.0
          },
          {
            "time": "2010-01-12T12:46:40+00:00",
            "course": 240.06,
            "speed": 4.0,
            "depth": 0.0
          },
          {
            "time": "2010-01-12T12:47:30+00:00",
            "course": 240.06,
            "speed": 4.0,
            "depth": 0.0
          },
          {
            "time": "2010-01-12T12:48:20+00:00",
            "course": 240.06,
            "speed": 4.0,
            "depth": 0.0
          },
          {
            "time": "2010-01-12T12:49:10+00:00",
            "course": 240.06,
            "speed": 4.0,
            "depth": 0.0
          },
          {
            "time": "2010-01-12T12:50:00+00:00",
            "course": 240.06,
            "speed": 4.0,
            "depth": 0.0
          },
          {
            "time": "2010-01-12T12:50:50+00:00",
            "course": 240.06,
            "speed": 4.0,
            "depth": 0.0
          },
          {
            "time": "2010-01-12T12:51:40+00:00",
            "course": 240.06,
            "speed": 4.0,
            "depth": 0.0
          },
          {
            "time": "2010-01-12T12:52:30+00:00",
            "course": 240.06,
            "speed": 4.0,
            "depth": 0.0
          },
          {
            "time": "2010-01-12T12:53:20+00:00",
            "course": 240.06,
            "speed": 4.0,
            "depth": 0.0
          },
          {
            "time": "2010-01-12T12:54:10+00:00",
            "course": 240.06,
            "speed": 4.0,
            "depth": 0.0
          },
          {
            "time": "2010-01-12T12:55:00+00:00",
            "course": 240.06,
            "speed": 4.0,
            "depth": 0.0
          },
          {
            "time": "2010-01-12T12:55:50+00:00",
            "course": 240.06,
            "speed": 4.0,
            "depth": 0.0
          },
          {
            "time": "2010-01-12T12:56:40+00:00",
            "course": 240.06,
            "speed": 4.0,
            "depth": 0.0
          },
          {
            "time": "2010-01-12T12:57:30+00:00",
            "course": 240.06,
            "speed": 4.0,
            "depth": 0.0
          },
          {
            "time": "2010-01-12T12:58:20+00:00",
            "course": 240.06,
            "speed": 4.0,
            "depth": 0.0
          },
          {
            "time": "2010-01-12T12:59:10+00:00",
            "course": 240.06,
            "speed": 4.0,
            "depth": 0.0
          },
          {
            "time": "2010-01-12T13:00:00+00:00",
            "course": 240.06,
            "speed": 4.0,
            "depth": 0.0
          },
          {
            "time": "2010-01-12T13:00:50+00:00",
            "course": 240.06,
            "speed": 4.0,
            "depth": 0.0
          },
          {
            "time": "2010-01-12T13:01:40+00:00",
            "course": 240.06,
            "speed": 4.0,
            "depth": 0.0
          },
          {
            "time": "2010-01-12T13:02:30+00:00",
            "course": 240.06,
            "speed": 4.0,
            "depth": 0.0
          },
          {
            "time": "2010-01-12T13:03:20+00:00",
            "course": 240.06,
            "speed": 4.0,
            "depth": 0.0
          },
          {
            "time": "2010-01-12T13:04:10+00:00",
            "course": 240.06,
            "speed": 4.0,
            "depth": 0.0
          },
          {
            "time": "2010-01-12T13:05:00+00:00",
            "course": 240.06,
            "speed": 4.0,
            "depth": 0.0
          },
          {
            "time": "2010-01-12T13:05:50+00:00",
            "course": 240.06,
            "speed": 4.0,
            "depth": 0.0
          },
          {
            "time": "2010-01-12T13:06:40+00:00",
            "course": 240.06,
            "speed": 4.0,
            "depth": 0.0
          },
          {
            "time": "2010-01-12T13:07:30+00:00",
            "course": 240.06,
            "speed": 4.0,
            "depth": 0.0
          },
          {
            "time": "2010-01-12T13:08:20+00:00",
            "course": 240.06,
            "speed": 4.0,
            "depth": 0.0
          },
          {
            "time": "2010-01-12T13:09:10+00:00",
            "course": 240.06,
            "speed": 4.0,
            "depth": 0.0
          },
          {
            "time": "2010-01-12T13:10:00+00:00",
            "course": 240.06,
            "speed": 4.0,
            "depth": 0.0
          },
          {
            "time": "2010-01-12T13:10:50+00:00",
            "course": 240.06,
            "speed": 4.0,
            "depth": 0.0
          },
          {
            "time": "2010-01-12T13:11:40+00:00",
            "course": 240.06,
            "speed": 4.0,
            "depth": 0.0
          },
          {
            "time": "2010-01-12T13:12:30+00:00",
            "course": 240.06,
            "speed": 4.0,
            "depth": 0.0
          },
          {
            "time": "2010-01-12T13:13:20+00:00",
            "course": 240.06,
            "speed": 4.0,
            "depth": 0.0
          },
          {
            "time": "2010-01-12T13:14:10+00:00",
            "course": 240.06,
            "speed": 4.0,
            "depth": 0.0
          },
          {
            "time": "2010-01-12T13:15:00+00:00",
            "course": 240.06,
            "speed": 4.0,
            "depth": 0.0
          },
          {
            "time": "2010-01-12T13:15:50+00:00",
            "course": 240.06,
            "speed": 4.0,
            "depth": 0.0
          },
          {
            "time": "2010-01-12T13:16:40+00:00",
            "course": 240.06,
            "speed": 4.0,
            "depth": 0.0
          },
          {
            "time": "2010-01-12T13:17:30+00:00",
            "course": 240.06,
            "speed": 4.0,
            "depth": 0.0
          },
          {
            "time": "2010-01-12T13:18:20+00:00",
            "course": 240.06,
            "speed": 4.0,
            "depth": 0.0
          },
          {
            "time": "2010-01-12T13:19:10+00:00",
            "course": 240.06,
            "speed": 4.0,
            "depth": 0.0
          },
          {
            "time": "2010-01-12T13:20:00+00:00",
            "course": 240.06,
            "speed": 4.0,
            "depth": 0.0
          },
          {
            "time": "2010-01-12T13:20:50+00:00",
            "course": 240.06,
            "speed": 4.0,
            "depth": 0.0
          },
          {
            "time": "2010-01-12T13:21:40+00:00",
            "course": 240.06,
            "speed": 4.0,
            "depth": 0.0
          },
          {
            "time": "2010-01-12T13:22:30+00:00",
            "course": 240.06,
            "speed": 4.0,
            "depth": 0.0
          },
          {
            "time": "2010-01-12T13:23:20+00:00",
            "course": 240.06,
            "speed": 4.0,
            "depth": 0.0
          },
          {
            "time": "2010-01-12T13:24:10+00:00",
            "course": 240.06,
            "speed": 4.0,
            "depth": 0.0
          },
          {
            "time": "2010-01-12T13:25:00+00:00",
            "course": 240.06,
            "speed": 4.0,
            "depth": 0.0
          },
          {
            "time": "2010-01-12T13:25:50+00:00",
            "course": 240.06,
            "speed": 4.0,
            "depth": 0.0
          },
          {
            "time": "2010-01-12T13:26:40+00:00",
            "course": 240.06,
            "speed": 4.0,
            "depth": 0.0
          },
          {
            "time": "2010-01-12T13:27:30+00:00",
            "course": 240.06,
            "speed": 4.0,
            "depth": 0.0
          },
          {
            "time": "2010-01-12T13:28:20+00:00",
            "course": 240.06,
            "speed": 4.0,
            "depth": 0.0
          },
          {
            "time": "2010-01-12T13:29:10+00:00",
            "course": 240.06,
            "speed": 4.0,
            "depth": 0.0
          },
          {
            "time": "2010-01-12T13:30:00+00:00",
            "course": 240.06,
            "speed": 4.0,
            "depth": 0.0
          },
          {
            "time": "2010-01-12T13:30:50+00:00",
            "course": 240.06,
            "speed": 4.0,
            "depth": 0.0
          },
          {
            "time": "2010-01-12T13:31:40+00:00",
            "course": 240.06,
            "speed": 4.0,
            "depth": 0.0
          },
          {
            "time": "2010-01-12T13:32:30+00:00",
            "course": 240.06,
            "speed": 4.0,
            "depth": 0.0
          },
          {
            "time": "2010-01-12T13:33:20+00:00",
            "course": 240.06,
            "speed": 4.0,
            "depth": 0.0
          },
          {
            "time": "2010-01-12T13:34:10+00:00",
            "course": 240.06,
            "speed": 4.0,
            "depth": 0.0
          },
          {
            "time": "2010-01-12T13:35:00+00:00",
            "course": 240.06,
            "speed": 4.0,
            "depth": 0.0
          },
          {
            "time": "2010-01-12T13:35:50+00:00",
            "course": 240.06,
            "speed": 4.0,
            "depth": 0.0
          },
          {
            "time": "2010-01-12T13:36:40+00:00",
            "course": 240.06,
            "speed": 4.0,
            "depth": 0.0
          },
          {
            "time": "2010-01-12T13:37:30+00:00",
            "course": 240.06,
            "speed": 4.0,
            "depth": 0.0
          },
          {
            "time": "2010-01-12T13:38:20+00:00",
            "course": 240.06,
            "speed": 4.0,
            "depth": 0.0
          },
          {
            "time": "2010-01-12T13:39:10+00:00",
            "course": 240.06,
            "speed": 4.0,
            "depth": 0.0
          },
          {
            "time": "2010-01-12T13:40:00+00:00",
            "course": 240.06,
            "speed": 4.0,
            "depth": 0.0
          },
          {
            "time": "2010-01-12T13:40:50+00:00",
            "course": 240.06,
            "speed": 4.0,
            "depth": 0.0
          },
          {
            "time": "2010-01-12T13:41:40+00:00",
            "course": 240.06,
            "speed": 4.0,
            "depth": 0.0
          },
          {
            "time": "2010-01-12T13:42:30+00:00",
            "course": 240.06,
            "speed": 4.0,
            "depth": 0.0
          },
          {
            "time": "2010-01-12T13:43:20+00:00",
            "course": 240.06,
            "speed": 4.0,
            "depth": 0.0
          },
          {
            "time": "2010-01-12T13:44:10+00:00",
            "course": 240.06,
            "speed": 4.0,
            "depth": 0.0
          },
          {
            "time": "2010-01-12T13:45:00+00:00",
            "course": 240.06,
            "speed": 4.0,
            "depth": 0.0
          },
          {
            "time": "2010-01-12T13:45:50+00:00",
            "course": 240.06,
            "speed": 4.0,
            "depth": 0.0
          },
          {
            "time": "2010-01-12T13:46:40+00:00",
            "course": 240.06,
            "speed": 4.0,
            "depth": 0.0
          },
          {
            "time": "2010-01-12T13:47:30+00:00",
            "course": 240.06,
            "speed": 4.0,
            "depth": 0.0
          },
          {
            "time": "2010-01-12T13:48:20+00:00",
            "course": 240.06,
            "speed": 4.0,
            "depth": 0.0
          },
          {
            "time": "2010-01-12T13:49:10+00:00",
            "course": 240.06,
            "speed": 4.0,
            "depth": 0.0
          },
          {
            "time": "2010-01-12T13:50:00+00:00",
            "course": 240.06,
            "speed": 4.0,
            "depth": 0.0
          },
          {
            "time": "2010-01-12T13:50:50+00:00",
            "course": 240.06,
            "speed": 4.0,
            "depth": 0.0
          },
          {
            "time": "2010-01-12T13:51:40+00:00",
            "course": 240.06,
            "speed": 4.0,
            "depth": 0.0
          },
          {
            "time": "2010-01-12T13:52:30+00:00",
            "course": 240.06,
            "speed": 4.0,
            "depth": 0.0
          },
          {
            "time": "2010-01-12T13:53:20+00:00",
            "course": 240.06,
            "speed": 4.0,
            "depth": 0.0
          },
          {
            "time": "2010-01-12T13:54:10+00:00",
            "course": 240.06,
            "speed": 4.0,
            "depth": 0.0
          },
          {
            "time": "2010-01-12T13:55:00+00:00",
            "course": 240.06,
            "speed": 4.0,
            "depth": 0.0
          },
          {
            "time": "2010-01-12T13:55:50+00:00",
            "course": 240.06,
            "speed": 4.0,
            "depth": 0.0
          },
          {
            "time": "2010-01-12T13:56:40+00:00",
            "course": 240.06,
            "speed": 4.0,
            "depth": 0.0
          },
          {
            "time": "2010-01-12T13:57:30+00:00",
            "course": 240.06,
            "speed": 4.0,
            "depth": 0.0
          },
          {
            "time": "2010-01-12T13:58:20+00:00",
            "course": 240.06,
            "speed": 4.0,
            "depth": 0.0
          },
          {
            "time": "2010-01-12T13:59:10+00:00",
            "course": 240.06,
            "speed": 4.0,
            "depth": 0.0
          },
          {
            "time": "2010-01-12T14:00:00+00:00",
            "course": 240.06,
            "speed": 4.0,
            "depth": 0.0
          }
        ],
        "style": {
          "line": {
            "color": "#FFA500"
          },
          "point": {
            "shape": "circle",
            "radius": 3.0,
            "fill_color": "#FFA500",
            "color": "#FFA500"
          }
        },
        "default_position_style": {
          "show_symbol": false,
          "symbol": "circle",
          "show_label": false
        },
        "symbol_interval": "PT10M",
        "label_interval": "PT30M",
        "provenance": [
          {
            "activity_id": "131dc627-fa70-4042-a4e7-aee8ec9295c0",
            "timestamp": "2026-03-21T10:15:00.263969Z",
            "was_generated_by": {
              "tool": "rep-parser",
              "tool_version": "1.0.0",
              "parameters": []
            },
            "used": [],
            "generated": [
              "e1f4d73e-bfaf-4224-8919-cffa209db685"
            ],
            "execution_duration": "PT0S"
          }
        ]
      }
    },
    {
      "type": "Feature",
      "id": "58c1a707-5bf8-442f-92e6-4bfeb171cbf4",
      "geometry": null,
      "properties": {
        "kind": "SENSOR_CONTACT",
        "track_id": "SENSOR_1",
        "bearing": 68.0,
        "range": 0.0,
        "sensor_type": "s2_cookie",
        "timestamp": "2010-01-12T12:00:00+00:00",
        "label": "SUBJECT held on s2_cookie",
        "symbol": "A",
        "style": {
          "stroke": true,
          "color": "#0000FF",
          "weight": 1,
          "opacity": 1.0
        },
        "provenance": [
          {
            "activity_id": "131dc627-fa70-4042-a4e7-aee8ec9295c0",
            "timestamp": "2026-03-21T10:15:00.263969Z",
            "was_generated_by": {
              "tool": "rep-parser",
              "tool_version": "1.0.0",
              "parameters": []
            },
            "used": [],
            "generated": [
              "58c1a707-5bf8-442f-92e6-4bfeb171cbf4"
            ],
            "execution_duration": "PT0S"
          }
        ]
      }
    },
    {
      "type": "Feature",
      "id": "c6539e5b-5ec6-41c6-9d03-57ed1cc2b8f9",
      "geometry": null,
      "properties": {
        "kind": "SENSOR_CONTACT",
        "track_id": "SENSOR_2",
        "bearing": 173.0,
        "range": 0.0,
        "sensor_type": "s1_cookie",
        "timestamp": "2010-01-12T12:00:00+00:00",
        "label": "SUBJECT held on s1_cookie",
        "symbol": "A",
        "style": {
          "stroke": true,
          "color": "#0000FF",
          "weight": 1,
          "opacity": 1.0
        },
        "provenance": [
          {
            "activity_id": "131dc627-fa70-4042-a4e7-aee8ec9295c0",
            "timestamp": "2026-03-21T10:15:00.263969Z",
            "was_generated_by": {
              "tool": "rep-parser",
              "tool_version": "1.0.0",
              "parameters": []
            },
            "used": [],
            "generated": [
              "c6539e5b-5ec6-41c6-9d03-57ed1cc2b8f9"
            ],
            "execution_duration": "PT0S"
          }
        ]
      }
    },
    {
      "type": "Feature",
      "id": "fd89cd38-036a-41a4-9d90-8eb4cad45dae",
      "geometry": null,
      "properties": {
        "kind": "SENSOR_CONTACT",
        "track_id": "SENSOR_1",
        "bearing": 68.6,
        "range": 0.0,
        "sensor_type": "s2_cookie",
        "timestamp": "2010-01-12T12:05:50+00:00",
        "label": "SUBJECT held on s2_cookie",
        "symbol": "A",
        "style": {
          "stroke": true,
          "color": "#0000FF",
          "weight": 1,
          "opacity": 1.0
        },
        "provenance": [
          {
            "activity_id": "131dc627-fa70-4042-a4e7-aee8ec9295c0",
            "timestamp": "2026-03-21T10:15:00.263969Z",
            "was_generated_by": {
              "tool": "rep-parser",
              "tool_version": "1.0.0",
              "parameters": []
            },
            "used": [],
            "generated": [
              "fd89cd38-036a-41a4-9d90-8eb4cad45dae"
            ],
            "execution_duration": "PT0S"
          }
        ]
      }
    },
    {
      "type": "Feature",
      "id": "ea6518ef-8dff-42db-973b-0977449d3aaa",
      "geometry": null,
      "properties": {
        "kind": "SENSOR_CONTACT",
        "track_id": "SENSOR_2",
        "bearing": 171.1,
        "range": 0.0,
        "sensor_type": "s1_cookie",
        "timestamp": "2010-01-12T12:10:00+00:00",
        "label": "SUBJECT held on s1_cookie",
        "symbol": "A",
        "style": {
          "stroke": true,
          "color": "#0000FF",
          "weight": 1,
          "opacity": 1.0
        },
        "provenance": [
          {
            "activity_id": "131dc627-fa70-4042-a4e7-aee8ec9295c0",
            "timestamp": "2026-03-21T10:15:00.263969Z",
            "was_generated_by": {
              "tool": "rep-parser",
              "tool_version": "1.0.0",
              "parameters": []
            },
            "used": [],
            "generated": [
              "ea6518ef-8dff-42db-973b-0977449d3aaa"
            ],
            "execution_duration": "PT0S"
          }
        ]
      }
    },
    {
      "type": "Feature",
      "id": "7c67fdae-6c96-4e6e-9793-17bf64e9f987",
      "geometry": null,
      "properties": {
        "kind": "SENSOR_CONTACT",
        "track_id": "SENSOR_1",
        "bearing": 69.1,
        "range": 0.0,
        "sensor_type": "s2_cookie",
        "timestamp": "2010-01-12T12:11:40+00:00",
        "label": "SUBJECT held on s2_cookie",
        "symbol": "A",
        "style": {
          "stroke": true,
          "color": "#0000FF",
          "weight": 1,
          "opacity": 1.0
        },
        "provenance": [
          {
            "activity_id": "131dc627-fa70-4042-a4e7-aee8ec9295c0",
            "timestamp": "2026-03-21T10:15:00.263969Z",
            "was_generated_by": {
              "tool": "rep-parser",
              "tool_version": "1.0.0",
              "parameters": []
            },
            "used": [],
            "generated": [
              "7c67fdae-6c96-4e6e-9793-17bf64e9f987"
            ],
            "execution_duration": "PT0S"
          }
        ]
      }
    },
    {
      "type": "Feature",
      "id": "5f1fcea3-e31d-4b37-86ec-a7786e7e3bcc",
      "geometry": null,
      "properties": {
        "kind": "SENSOR_CONTACT",
        "track_id": "SENSOR_1",
        "bearing": 69.7,
        "range": 0.0,
        "sensor_type": "s2_cookie",
        "timestamp": "2010-01-12T12:17:30+00:00",
        "label": "SUBJECT held on s2_cookie",
        "symbol": "A",
        "style": {
          "stroke": true,
          "color": "#0000FF",
          "weight": 1,
          "opacity": 1.0
        },
        "provenance": [
          {
            "activity_id": "131dc627-fa70-4042-a4e7-aee8ec9295c0",
            "timestamp": "2026-03-21T10:15:00.263969Z",
            "was_generated_by": {
              "tool": "rep-parser",
              "tool_version": "1.0.0",
              "parameters": []
            },
            "used": [],
            "generated": [
              "5f1fcea3-e31d-4b37-86ec-a7786e7e3bcc"
            ],
            "execution_duration": "PT0S"
          }
        ]
      }
    },
    {
      "type": "Feature",
      "id": "e97ac8bc-a48f-4d98-aa06-3ede2d5e6940",
      "geometry": null,
      "properties": {
        "kind": "SENSOR_CONTACT",
        "track_id": "SENSOR_2",
        "bearing": 168.9,
        "range": 0.0,
        "sensor_type": "s1_cookie",
        "timestamp": "2010-01-12T12:20:00+00:00",
        "label": "SUBJECT held on s1_cookie",
        "symbol": "A",
        "style": {
          "stroke": true,
          "color": "#0000FF",
          "weight": 1,
          "opacity": 1.0
        },
        "provenance": [
          {
            "activity_id": "131dc627-fa70-4042-a4e7-aee8ec9295c0",
            "timestamp": "2026-03-21T10:15:00.263969Z",
            "was_generated_by": {
              "tool": "rep-parser",
              "tool_version": "1.0.0",
              "parameters": []
            },
            "used": [],
            "generated": [
              "e97ac8bc-a48f-4d98-aa06-3ede2d5e6940"
            ],
            "execution_duration": "PT0S"
          }
        ]
      }
    },
    {
      "type": "Feature",
      "id": "53b8c689-e0d0-4ade-b830-ccaac0cf7d6a",
      "geometry": null,
      "properties": {
        "kind": "SENSOR_CONTACT",
        "track_id": "SENSOR_1",
        "bearing": 70.2,
        "range": 0.0,
        "sensor_type": "s2_cookie",
        "timestamp": "2010-01-12T12:23:20+00:00",
        "label": "SUBJECT held on s2_cookie",
        "symbol": "A",
        "style": {
          "stroke": true,
          "color": "#0000FF",
          "weight": 1,
          "opacity": 1.0
        },
        "provenance": [
          {
            "activity_id": "131dc627-fa70-4042-a4e7-aee8ec9295c0",
            "timestamp": "2026-03-21T10:15:00.263969Z",
            "was_generated_by": {
              "tool": "rep-parser",
              "tool_version": "1.0.0",
              "parameters": []
            },
            "used": [],
            "generated": [
              "53b8c689-e0d0-4ade-b830-ccaac0cf7d6a"
            ],
            "execution_duration": "PT0S"
          }
        ]
      }
    },
    {
      "type": "Feature",
      "id": "679d5c32-a37c-4b25-8831-18d6d51cc4b8",
      "geometry": null,
      "properties": {
        "kind": "SENSOR_CONTACT",
        "track_id": "SENSOR_1",
        "bearing": 70.8,
        "range": 0.0,
        "sensor_type": "s2_cookie",
        "timestamp": "2010-01-12T12:29:10+00:00",
        "label": "SUBJECT held on s2_cookie",
        "symbol": "A",
        "style": {
          "stroke": true,
          "color": "#0000FF",
          "weight": 1,
          "opacity": 1.0
        },
        "provenance": [
          {
            "activity_id": "131dc627-fa70-4042-a4e7-aee8ec9295c0",
            "timestamp": "2026-03-21T10:15:00.263969Z",
            "was_generated_by": {
              "tool": "rep-parser",
              "tool_version": "1.0.0",
              "parameters": []
            },
            "used": [],
            "generated": [
              "679d5c32-a37c-4b25-8831-18d6d51cc4b8"
            ],
            "execution_duration": "PT0S"
          }
        ]
      }
    },
    {
      "type": "Feature",
      "id": "a64f0c28-170c-4dbd-91a4-c7ca516e9584",
      "geometry": null,
      "properties": {
        "kind": "SENSOR_CONTACT",
        "track_id": "SENSOR_2",
        "bearing": 166.5,
        "range": 0.0,
        "sensor_type": "s1_cookie",
        "timestamp": "2010-01-12T12:30:00+00:00",
        "label": "SUBJECT held on s1_cookie",
        "symbol": "A",
        "style": {
          "stroke": true,
          "color": "#0000FF",
          "weight": 1,
          "opacity": 1.0
        },
        "provenance": [
          {
            "activity_id": "131dc627-fa70-4042-a4e7-aee8ec9295c0",
            "timestamp": "2026-03-21T10:15:00.263969Z",
            "was_generated_by": {
              "tool": "rep-parser",
              "tool_version": "1.0.0",
              "parameters": []
            },
            "used": [],
            "generated": [
              "a64f0c28-170c-4dbd-91a4-c7ca516e9584"
            ],
            "execution_duration": "PT0S"
          }
        ]
      }
    },
    {
      "type": "Feature",
      "id": "70102917-2d51-437f-9d26-ebcfc341583b",
      "geometry": null,
      "properties": {
        "kind": "SENSOR_CONTACT",
        "track_id": "SENSOR_1",
        "bearing": 71.4,
        "range": 0.0,
        "sensor_type": "s2_cookie",
        "timestamp": "2010-01-12T12:35:00+00:00",
        "label": "SUBJECT held on s2_cookie",
        "symbol": "A",
        "style": {
          "stroke": true,
          "color": "#0000FF",
          "weight": 1,
          "opacity": 1.0
        },
        "provenance": [
          {
            "activity_id": "131dc627-fa70-4042-a4e7-aee8ec9295c0",
            "timestamp": "2026-03-21T10:15:00.263969Z",
            "was_generated_by": {
              "tool": "rep-parser",
              "tool_version": "1.0.0",
              "parameters": []
            },
            "used": [],
            "generated": [
              "70102917-2d51-437f-9d26-ebcfc341583b"
            ],
            "execution_duration": "PT0S"
          }
        ]
      }
    },
    {
      "type": "Feature",
      "id": "98daf081-bf89-4bbb-9d22-5534b70bcea7",
      "geometry": null,
      "properties": {
        "kind": "SENSOR_CONTACT",
        "track_id": "SENSOR_2",
        "bearing": 163.7,
        "range": 0.0,
        "sensor_type": "s1_cookie",
        "timestamp": "2010-01-12T12:40:00+00:00",
        "label": "SUBJECT held on s1_cookie",
        "symbol": "A",
        "style": {
          "stroke": true,
          "color": "#0000FF",
          "weight": 1,
          "opacity": 1.0
        },
        "provenance": [
          {
            "activity_id": "131dc627-fa70-4042-a4e7-aee8ec9295c0",
            "timestamp": "2026-03-21T10:15:00.263969Z",
            "was_generated_by": {
              "tool": "rep-parser",
              "tool_version": "1.0.0",
              "parameters": []
            },
            "used": [],
            "generated": [
              "98daf081-bf89-4bbb-9d22-5534b70bcea7"
            ],
            "execution_duration": "PT0S"
          }
        ]
      }
    },
    {
      "type": "Feature",
      "id": "971c5b2c-063d-4229-93a5-4373a2ec9d64",
      "geometry": null,
      "properties": {
        "kind": "SENSOR_CONTACT",
        "track_id": "SENSOR_1",
        "bearing": 72.0,
        "range": 0.0,
        "sensor_type": "s2_cookie",
        "timestamp": "2010-01-12T12:40:50+00:00",
        "label": "SUBJECT held on s2_cookie",
        "symbol": "A",
        "style": {
          "stroke": true,
          "color": "#0000FF",
          "weight": 1,
          "opacity": 1.0
        },
        "provenance": [
          {
            "activity_id": "131dc627-fa70-4042-a4e7-aee8ec9295c0",
            "timestamp": "2026-03-21T10:15:00.263969Z",
            "was_generated_by": {
              "tool": "rep-parser",
              "tool_version": "1.0.0",
              "parameters": []
            },
            "used": [],
            "generated": [
              "971c5b2c-063d-4229-93a5-4373a2ec9d64"
            ],
            "execution_duration": "PT0S"
          }
        ]
      }
    },
    {
      "type": "Feature",
      "id": "b6cf4a79-f636-432f-ae97-47a8f09d1637",
      "geometry": null,
      "properties": {
        "kind": "SENSOR_CONTACT",
        "track_id": "SENSOR_1",
        "bearing": 72.6,
        "range": 0.0,
        "sensor_type": "s2_cookie",
        "timestamp": "2010-01-12T12:46:40+00:00",
        "label": "SUBJECT held on s2_cookie",
        "symbol": "A",
        "style": {
          "stroke": true,
          "color": "#0000FF",
          "weight": 1,
          "opacity": 1.0
        },
        "provenance": [
          {
            "activity_id": "131dc627-fa70-4042-a4e7-aee8ec9295c0",
            "timestamp": "2026-03-21T10:15:00.263969Z",
            "was_generated_by": {
              "tool": "rep-parser",
              "tool_version": "1.0.0",
              "parameters": []
            },
            "used": [],
            "generated": [
              "b6cf4a79-f636-432f-ae97-47a8f09d1637"
            ],
            "execution_duration": "PT0S"
          }
        ]
      }
    },
    {
      "type": "Feature",
      "id": "91e65c2f-1618-4881-8138-51ed8621744f",
      "geometry": null,
      "properties": {
        "kind": "SENSOR_CONTACT",
        "track_id": "SENSOR_2",
        "bearing": 160.5,
        "range": 0.0,
        "sensor_type": "s1_cookie",
        "timestamp": "2010-01-12T12:50:00+00:00",
        "label": "SUBJECT held on s1_cookie",
        "symbol": "A",
        "style": {
          "stroke": true,
          "color": "#0000FF",
          "weight": 1,
          "opacity": 1.0
        },
        "provenance": [
          {
            "activity_id": "131dc627-fa70-4042-a4e7-aee8ec9295c0",
            "timestamp": "2026-03-21T10:15:00.263969Z",
            "was_generated_by": {
              "tool": "rep-parser",
              "tool_version": "1.0.0",
              "parameters": []
            },
            "used": [],
            "generated": [
              "91e65c2f-1618-4881-8138-51ed8621744f"
            ],
            "execution_duration": "PT0S"
          }
        ]
      }
    },
    {
      "type": "Feature",
      "id": "991067e0-abe7-4d3e-a951-8c292119f625",
      "geometry": null,
      "properties": {
        "kind": "SENSOR_CONTACT",
        "track_id": "SENSOR_1",
        "bearing": 73.2,
        "range": 0.0,
        "sensor_type": "s2_cookie",
        "timestamp": "2010-01-12T12:52:30+00:00",
        "label": "SUBJECT held on s2_cookie",
        "symbol": "A",
        "style": {
          "stroke": true,
          "color": "#0000FF",
          "weight": 1,
          "opacity": 1.0
        },
        "provenance": [
          {
            "activity_id": "131dc627-fa70-4042-a4e7-aee8ec9295c0",
            "timestamp": "2026-03-21T10:15:00.263969Z",
            "was_generated_by": {
              "tool": "rep-parser",
              "tool_version": "1.0.0",
              "parameters": []
            },
            "used": [],
            "generated": [
              "991067e0-abe7-4d3e-a951-8c292119f625"
            ],
            "execution_duration": "PT0S"
          }
        ]
      }
    },
    {
      "type": "Feature",
      "id": "8533be1b-c338-4a91-9197-8e24a5274379",
      "geometry": null,
      "properties": {
        "kind": "SENSOR_CONTACT",
        "track_id": "SENSOR_1",
        "bearing": 73.8,
        "range": 0.0,
        "sensor_type": "s2_cookie",
        "timestamp": "2010-01-12T12:58:20+00:00",
        "label": "SUBJECT held on s2_cookie",
        "symbol": "A",
        "style": {
          "stroke": true,
          "color": "#0000FF",
          "weight": 1,
          "opacity": 1.0
        },
        "provenance": [
          {
            "activity_id": "131dc627-fa70-4042-a4e7-aee8ec9295c0",
            "timestamp": "2026-03-21T10:15:00.263969Z",
            "was_generated_by": {
              "tool": "rep-parser",
              "tool_version": "1.0.0",
              "parameters": []
            },
            "used": [],
            "generated": [
              "8533be1b-c338-4a91-9197-8e24a5274379"
            ],
            "execution_duration": "PT0S"
          }
        ]
      }
    },
    {
      "type": "Feature",
      "id": "6311b32a-147b-4502-833a-5447d7b76c7e",
      "geometry": null,
      "properties": {
        "kind": "SENSOR_CONTACT",
        "track_id": "SENSOR_2",
        "bearing": 156.8,
        "range": 0.0,
        "sensor_type": "s1_cookie",
        "timestamp": "2010-01-12T13:00:00+00:00",
        "label": "SUBJECT held on s1_cookie",
        "symbol": "A",
        "style": {
          "stroke": true,
          "color": "#0000FF",
          "weight": 1,
          "opacity": 1.0
        },
        "provenance": [
          {
            "activity_id": "131dc627-fa70-4042-a4e7-aee8ec9295c0",
            "timestamp": "2026-03-21T10:15:00.263969Z",
            "was_generated_by": {
              "tool": "rep-parser",
              "tool_version": "1.0.0",
              "parameters": []
            },
            "used": [],
            "generated": [
              "6311b32a-147b-4502-833a-5447d7b76c7e"
            ],
            "execution_duration": "PT0S"
          }
        ]
      }
    },
    {
      "type": "Feature",
      "id": "dd31fc4e-a317-4f1b-a19a-c78ab695103e",
      "geometry": null,
      "properties": {
        "kind": "SENSOR_CONTACT",
        "track_id": "SENSOR_1",
        "bearing": 74.4,
        "range": 0.0,
        "sensor_type": "s2_cookie",
        "timestamp": "2010-01-12T13:04:10+00:00",
        "label": "SUBJECT held on s2_cookie",
        "symbol": "A",
        "style": {
          "stroke": true,
          "color": "#0000FF",
          "weight": 1,
          "opacity": 1.0
        },
        "provenance": [
          {
            "activity_id": "131dc627-fa70-4042-a4e7-aee8ec9295c0",
            "timestamp": "2026-03-21T10:15:00.263969Z",
            "was_generated_by": {
              "tool": "rep-parser",
              "tool_version": "1.0.0",
              "parameters": []
            },
            "used": [],
            "generated": [
              "dd31fc4e-a317-4f1b-a19a-c78ab695103e"
            ],
            "execution_duration": "PT0S"
          }
        ]
      }
    },
    {
      "type": "Feature",
      "id": "e0569ad1-49e2-4aa4-aa42-1b31997e8170",
      "geometry": null,
      "properties": {
        "kind": "SENSOR_CONTACT",
        "track_id": "SENSOR_1",
        "bearing": 75.1,
        "range": 0.0,
        "sensor_type": "s2_cookie",
        "timestamp": "2010-01-12T13:10:00+00:00",
        "label": "SUBJECT held on s2_cookie",
        "symbol": "A",
        "style": {
          "stroke": true,
          "color": "#0000FF",
          "weight": 1,
          "opacity": 1.0
        },
        "provenance": [
          {
            "activity_id": "131dc627-fa70-4042-a4e7-aee8ec9295c0",
            "timestamp": "2026-03-21T10:15:00.263969Z",
            "was_generated_by": {
              "tool": "rep-parser",
              "tool_version": "1.0.0",
              "parameters": []
            },
            "used": [],
            "generated": [
              "e0569ad1-49e2-4aa4-aa42-1b31997e8170"
            ],
            "execution_duration": "PT0S"
          }
        ]
      }
    },
    {
      "type": "Feature",
      "id": "c2cd7ba4-9c96-4248-85e5-ad61af209f59",
      "geometry": null,
      "properties": {
        "kind": "SENSOR_CONTACT",
        "track_id": "SENSOR_2",
        "bearing": 152.6,
        "range": 0.0,
        "sensor_type": "s1_cookie",
        "timestamp": "2010-01-12T13:10:00+00:00",
        "label": "SUBJECT held on s1_cookie",
        "symbol": "A",
        "style": {
          "stroke": true,
          "color": "#0000FF",
          "weight": 1,
          "opacity": 1.0
        },
        "provenance": [
          {
            "activity_id": "131dc627-fa70-4042-a4e7-aee8ec9295c0",
            "timestamp": "2026-03-21T10:15:00.263969Z",
            "was_generated_by": {
              "tool": "rep-parser",
              "tool_version": "1.0.0",
              "parameters": []
            },
            "used": [],
            "generated": [
              "c2cd7ba4-9c96-4248-85e5-ad61af209f59"
            ],
            "execution_duration": "PT0S"
          }
        ]
      }
    },
    {
      "type": "Feature",
      "id": "ff08f417-c8da-4f95-a72a-40637272a51a",
      "geometry": null,
      "properties": {
        "kind": "SENSOR_CONTACT",
        "track_id": "SENSOR_1",
        "bearing": 75.7,
        "range": 0.0,
        "sensor_type": "s2_cookie",
        "timestamp": "2010-01-12T13:15:50+00:00",
        "label": "SUBJECT held on s2_cookie",
        "symbol": "A",
        "style": {
          "stroke": true,
          "color": "#0000FF",
          "weight": 1,
          "opacity": 1.0
        },
        "provenance": [
          {
            "activity_id": "131dc627-fa70-4042-a4e7-aee8ec9295c0",
            "timestamp": "2026-03-21T10:15:00.263969Z",
            "was_generated_by": {
              "tool": "rep-parser",
              "tool_version": "1.0.0",
              "parameters": []
            },
            "used": [],
            "generated": [
              "ff08f417-c8da-4f95-a72a-40637272a51a"
            ],
            "execution_duration": "PT0S"
          }
        ]
      }
    },
    {
      "type": "Feature",
      "id": "12074100-7f1d-4419-85a8-061c4c9bc17d",
      "geometry": null,
      "properties": {
        "kind": "SENSOR_CONTACT",
        "track_id": "SENSOR_2",
        "bearing": 147.7,
        "range": 0.0,
        "sensor_type": "s1_cookie",
        "timestamp": "2010-01-12T13:20:00+00:00",
        "label": "SUBJECT held on s1_cookie",
        "symbol": "A",
        "style": {
          "stroke": true,
          "color": "#0000FF",
          "weight": 1,
          "opacity": 1.0
        },
        "provenance": [
          {
            "activity_id": "131dc627-fa70-4042-a4e7-aee8ec9295c0",
            "timestamp": "2026-03-21T10:15:00.263969Z",
            "was_generated_by": {
              "tool": "rep-parser",
              "tool_version": "1.0.0",
              "parameters": []
            },
            "used": [],
            "generated": [
              "12074100-7f1d-4419-85a8-061c4c9bc17d"
            ],
            "execution_duration": "PT0S"
          }
        ]
      }
    },
    {
      "type": "Feature",
      "id": "200b8879-0cc3-4804-8243-0148137bc731",
      "geometry": null,
      "properties": {
        "kind": "SENSOR_CONTACT",
        "track_id": "SENSOR_1",
        "bearing": 76.4,
        "range": 0.0,
        "sensor_type": "s2_cookie",
        "timestamp": "2010-01-12T13:21:40+00:00",
        "label": "SUBJECT held on s2_cookie",
        "symbol": "A",
        "style": {
          "stroke": true,
          "color": "#0000FF",
          "weight": 1,
          "opacity": 1.0
        },
        "provenance": [
          {
            "activity_id": "131dc627-fa70-4042-a4e7-aee8ec9295c0",
            "timestamp": "2026-03-21T10:15:00.263969Z",
            "was_generated_by": {
              "tool": "rep-parser",
              "tool_version": "1.0.0",
              "parameters": []
            },
            "used": [],
            "generated": [
              "200b8879-0cc3-4804-8243-0148137bc731"
            ],
            "execution_duration": "PT0S"
          }
        ]
      }
    },
    {
      "type": "Feature",
      "id": "f46842fb-738b-454c-b2e2-8798db607dc3",
      "geometry": null,
      "properties": {
        "kind": "SENSOR_CONTACT",
        "track_id": "SENSOR_1",
        "bearing": 77.1,
        "range": 0.0,
        "sensor_type": "s2_cookie",
        "timestamp": "2010-01-12T13:27:30+00:00",
        "label": "SUBJECT held on s2_cookie",
        "symbol": "A",
        "style": {
          "stroke": true,
          "color": "#0000FF",
          "weight": 1,
          "opacity": 1.0
        },
        "provenance": [
          {
            "activity_id": "131dc627-fa70-4042-a4e7-aee8ec9295c0",
            "timestamp": "2026-03-21T10:15:00.263969Z",
            "was_generated_by": {
              "tool": "rep-parser",
              "tool_version": "1.0.0",
              "parameters": []
            },
            "used": [],
            "generated": [
              "f46842fb-738b-454c-b2e2-8798db607dc3"
            ],
            "execution_duration": "PT0S"
          }
        ]
      }
    },
    {
      "type": "Feature",
      "id": "552316ba-9ada-4ec2-b35f-1951281fcb7b",
      "geometry": null,
      "properties": {
        "kind": "SENSOR_CONTACT",
        "track_id": "SENSOR_2",
        "bearing": 142.1,
        "range": 0.0,
        "sensor_type": "s1_cookie",
        "timestamp": "2010-01-12T13:30:00+00:00",
        "label": "SUBJECT held on s1_cookie",
        "symbol": "A",
        "style": {
          "stroke": true,
          "color": "#0000FF",
          "weight": 1,
          "opacity": 1.0
        },
        "provenance": [
          {
            "activity_id": "131dc627-fa70-4042-a4e7-aee8ec9295c0",
            "timestamp": "2026-03-21T10:15:00.263969Z",
            "was_generated_by": {
              "tool": "rep-parser",
              "tool_version": "1.0.0",
              "parameters": []
            },
            "used": [],
            "generated": [
              "552316ba-9ada-4ec2-b35f-1951281fcb7b"
            ],
            "execution_duration": "PT0S"
          }
        ]
      }
    },
    {
      "type": "Feature",
      "id": "7c0eb017-d3af-4f46-a791-0e3d69218719",
      "geometry": null,
      "properties": {
        "kind": "SENSOR_CONTACT",
        "track_id": "SENSOR_1",
        "bearing": 77.8,
        "range": 0.0,
        "sensor_type": "s2_cookie",
        "timestamp": "2010-01-12T13:33:20+00:00",
        "label": "SUBJECT held on s2_cookie",
        "symbol": "A",
        "style": {
          "stroke": true,
          "color": "#0000FF",
          "weight": 1,
          "opacity": 1.0
        },
        "provenance": [
          {
            "activity_id": "131dc627-fa70-4042-a4e7-aee8ec9295c0",
            "timestamp": "2026-03-21T10:15:00.263969Z",
            "was_generated_by": {
              "tool": "rep-parser",
              "tool_version": "1.0.0",
              "parameters": []
            },
            "used": [],
            "generated": [
              "7c0eb017-d3af-4f46-a791-0e3d69218719"
            ],
            "execution_duration": "PT0S"
          }
        ]
      }
    },
    {
      "type": "Feature",
      "id": "c86cf1de-42b3-4b70-93e4-073fae7919ed",
      "geometry": null,
      "properties": {
        "kind": "SENSOR_CONTACT",
        "track_id": "SENSOR_1",
        "bearing": 78.5,
        "range": 0.0,
        "sensor_type": "s2_cookie",
        "timestamp": "2010-01-12T13:39:10+00:00",
        "label": "SUBJECT held on s2_cookie",
        "symbol": "A",
        "style": {
          "stroke": true,
          "color": "#0000FF",
          "weight": 1,
          "opacity": 1.0
        },
        "provenance": [
          {
            "activity_id": "131dc627-fa70-4042-a4e7-aee8ec9295c0",
            "timestamp": "2026-03-21T10:15:00.263969Z",
            "was_generated_by": {
              "tool": "rep-parser",
              "tool_version": "1.0.0",
              "parameters": []
            },
            "used": [],
            "generated": [
              "c86cf1de-42b3-4b70-93e4-073fae7919ed"
            ],
            "execution_duration": "PT0S"
          }
        ]
      }
    },
    {
      "type": "Feature",
      "id": "6f7ad20c-257f-45e3-98df-dcafdcc96c31",
      "geometry": null,
      "properties": {
        "kind": "SENSOR_CONTACT",
        "track_id": "SENSOR_2",
        "bearing": 135.8,
        "range": 0.0,
        "sensor_type": "s1_cookie",
        "timestamp": "2010-01-12T13:40:00+00:00",
        "label": "SUBJECT held on s1_cookie",
        "symbol": "A",
        "style": {
          "stroke": true,
          "color": "#0000FF",
          "weight": 1,
          "opacity": 1.0
        },
        "provenance": [
          {
            "activity_id": "131dc627-fa70-4042-a4e7-aee8ec9295c0",
            "timestamp": "2026-03-21T10:15:00.263969Z",
            "was_generated_by": {
              "tool": "rep-parser",
              "tool_version": "1.0.0",
              "parameters": []
            },
            "used": [],
            "generated": [
              "6f7ad20c-257f-45e3-98df-dcafdcc96c31"
            ],
            "execution_duration": "PT0S"
          }
        ]
      }
    },
    {
      "type": "Feature",
      "id": "3a3d33a4-53d5-4824-b0fb-f71401a9cb74",
      "geometry": null,
      "properties": {
        "kind": "SENSOR_CONTACT",
        "track_id": "SENSOR_1",
        "bearing": 79.2,
        "range": 0.0,
        "sensor_type": "s2_cookie",
        "timestamp": "2010-01-12T13:45:00+00:00",
        "label": "SUBJECT held on s2_cookie",
        "symbol": "A",
        "style": {
          "stroke": true,
          "color": "#0000FF",
          "weight": 1,
          "opacity": 1.0
        },
        "provenance": [
          {
            "activity_id": "131dc627-fa70-4042-a4e7-aee8ec9295c0",
            "timestamp": "2026-03-21T10:15:00.263969Z",
            "was_generated_by": {
              "tool": "rep-parser",
              "tool_version": "1.0.0",
              "parameters": []
            },
            "used": [],
            "generated": [
              "3a3d33a4-53d5-4824-b0fb-f71401a9cb74"
            ],
            "execution_duration": "PT0S"
          }
        ]
      }
    },
    {
      "type": "Feature",
      "id": "7d4e7326-ce52-435e-b4dd-f6427607ee10",
      "geometry": null,
      "properties": {
        "kind": "SENSOR_CONTACT",
        "track_id": "SENSOR_2",
        "bearing": 128.8,
        "range": 0.0,
        "sensor_type": "s1_cookie",
        "timestamp": "2010-01-12T13:50:00+00:00",
        "label": "SUBJECT held on s1_cookie",
        "symbol": "A",
        "style": {
          "stroke": true,
          "color": "#0000FF",
          "weight": 1,
          "opacity": 1.0
        },
        "provenance": [
          {
            "activity_id": "131dc627-fa70-4042-a4e7-aee8ec9295c0",
            "timestamp": "2026-03-21T10:15:00.263969Z",
            "was_generated_by": {
              "tool": "rep-parser",
              "tool_version": "1.0.0",
              "parameters": []
            },
            "used": [],
            "generated": [
              "7d4e7326-ce52-435e-b4dd-f6427607ee10"
            ],
            "execution_duration": "PT0S"
          }
        ]
      }
    },
    {
      "type": "Feature",
      "id": "415a0a85-49df-4f3a-97a5-7cdd150fd9d2",
      "geometry": null,
      "properties": {
        "kind": "SENSOR_CONTACT",
        "track_id": "SENSOR_1",
        "bearing": 79.9,
        "range": 0.0,
        "sensor_type": "s2_cookie",
        "timestamp": "2010-01-12T13:50:50+00:00",
        "label": "SUBJECT held on s2_cookie",
        "symbol": "A",
        "style": {
          "stroke": true,
          "color": "#0000FF",
          "weight": 1,
          "opacity": 1.0
        },
        "provenance": [
          {
            "activity_id": "131dc627-fa70-4042-a4e7-aee8ec9295c0",
            "timestamp": "2026-03-21T10:15:00.263969Z",
            "was_generated_by": {
              "tool": "rep-parser",
              "tool_version": "1.0.0",
              "parameters": []
            },
            "used": [],
            "generated": [
              "415a0a85-49df-4f3a-97a5-7cdd150fd9d2"
            ],
            "execution_duration": "PT0S"
          }
        ]
      }
    },
    {
      "type": "Feature",
      "id": "3e7a7595-0a76-4be7-9ab2-cc646818e438",
      "geometry": null,
      "properties": {
        "kind": "SENSOR_CONTACT",
        "track_id": "SENSOR_1",
        "bearing": 80.7,
        "range": 0.0,
        "sensor_type": "s2_cookie",
        "timestamp": "2010-01-12T13:56:40+00:00",
        "label": "SUBJECT held on s2_cookie",
        "symbol": "A",
        "style": {
          "stroke": true,
          "color": "#0000FF",
          "weight": 1,
          "opacity": 1.0
        },
        "provenance": [
          {
            "activity_id": "131dc627-fa70-4042-a4e7-aee8ec9295c0",
            "timestamp": "2026-03-21T10:15:00.263969Z",
            "was_generated_by": {
              "tool": "rep-parser",
              "tool_version": "1.0.0",
              "parameters": []
            },
            "used": [],
            "generated": [
              "3e7a7595-0a76-4be7-9ab2-cc646818e438"
            ],
            "execution_duration": "PT0S"
          }
        ]
      }
    },
    {
      "type": "Feature",
      "id": "6ea34611-700e-4ea4-ad8d-affd31acc216",
      "geometry": null,
      "properties": {
        "kind": "SENSOR_CONTACT",
        "track_id": "SENSOR_2",
        "bearing": 121.2,
        "range": 0.0,
        "sensor_type": "s1_cookie",
        "timestamp": "2010-01-12T14:00:00+00:00",
        "label": "SUBJECT held on s1_cookie",
        "symbol": "A",
        "style": {
          "stroke": true,
          "color": "#0000FF",
          "weight": 1,
          "opacity": 1.0
        },
        "provenance": [
          {
            "activity_id": "131dc627-fa70-4042-a4e7-aee8ec9295c0",
            "timestamp": "2026-03-21T10:15:00.263969Z",
            "was_generated_by": {
              "tool": "rep-parser",
              "tool_version": "1.0.0",
              "parameters": []
            },
            "used": [],
            "generated": [
              "6ea34611-700e-4ea4-ad8d-affd31acc216"
            ],
            "execution_duration": "PT0S"
          }
        ]
      }
    }
  ]
}
