{
  "type": "FeatureCollection",
  "features": [
    {
      "type": "Feature",
      "id": "e0ed3e72-3e25-4144-aa65-30b7ddef6523",
      "geometry": {
        "type": "LineString",
        "coordinates": [
          [
            -152.71352499999998,
            51.19320833333333
          ],
          [
            -152.7136583333333,
            51.19305833333333
          ],
          [
            -152.7138111111111,
            51.19291111111111
          ],
          [
            -152.7139861111111,
            51.192763888888884
          ],
          [
            -152.71417777777776,
            51.192625
          ],
          [
            -152.7143861111111,
            51.19248333333333
          ],
          [
            -152.71460833333333,
            51.19235
          ],
          [
            -152.71484166666664,
            51.19222222222222
          ],
          [
            -152.71508888888889,
            51.19209166666666
          ],
          [
            -152.71534722222222,
            51.191963888888885
          ],
          [
            -152.7156111111111,
            51.19184166666666
          ],
          [
            -152.71588333333332,
            51.19171944444444
          ],
          [
            -152.7161611111111,
            51.19159722222222
          ],
          [
            -152.7164472222222,
            51.191469444444444
          ],
          [
            -152.7167388888889,
            51.19134722222222
          ],
          [
            -152.71703888888888,
            51.19121944444444
          ],
          [
            -152.71734444444445,
            51.191086111111105
          ],
          [
            -152.71765,
            51.190955555555554
          ],
          [
            -152.71795277777778,
            51.19081666666666
          ],
          [
            -152.7182527777778,
            51.19068055555555
          ],
          [
            -152.71855555555555,
            51.19054166666666
          ],
          [
            -152.71885833333334,
            51.1904
          ],
          [
            -152.71916666666667,
            51.19025833333333
          ],
          [
            -152.71948055555555,
            51.19011666666666
          ],
          [
            -152.7198,
            51.189975
          ],
          [
            -152.72012222222222,
            51.18983333333333
          ],
          [
            -152.72045,
            51.18968611111111
          ],
          [
            -152.720775,
            51.18953888888888
          ],
          [
            -152.72109444444445,
            51.189388888888885
          ],
          [
            -152.7214111111111,
            51.18923611111111
          ],
          [
            -152.72172777777777,
            51.18908333333333
          ],
          [
            -152.72204166666666,
            51.188925
          ],
          [
            -152.72235555555557,
            51.18876944444444
          ],
          [
            -152.72266666666667,
            51.18860833333333
          ],
          [
            -152.722975,
            51.188449999999996
          ],
          [
            -152.723275,
            51.18829444444444
          ],
          [
            -152.7235777777778,
            51.18813333333333
          ],
          [
            -152.72388055555555,
            51.187980555555555
          ],
          [
            -152.7241888888889,
            51.187822222222216
          ],
          [
            -152.7245027777778,
            51.18767222222222
          ],
          [
            -152.72481944444445,
            51.187524999999994
          ],
          [
            -152.72514166666667,
            51.18738055555555
          ],
          [
            -152.72546944444446,
            51.187236111111105
          ],
          [
            -152.7257972222222,
            51.18709166666666
          ],
          [
            -152.72612222222222,
            51.18694444444444
          ],
          [
            -152.72644444444444,
            51.18679722222222
          ],
          [
            -152.72677222222222,
            51.18665277777777
          ],
          [
            -152.72710555555557,
            51.186499999999995
          ],
          [
            -152.7274361111111,
            51.18634722222222
          ],
          [
            -152.72776666666667,
            51.18619444444444
          ],
          [
            -152.72809166666667,
            51.18604444444444
          ],
          [
            -152.7284138888889,
            51.18588888888888
          ],
          [
            -152.72873611111112,
            51.18573333333333
          ],
          [
            -152.72906111111112,
            51.18557777777777
          ],
          [
            -152.72938611111113,
            51.185424999999995
          ],
          [
            -152.72971388888888,
            51.185269444444444
          ],
          [
            -152.73004444444445,
            51.185113888888885
          ],
          [
            -152.73038055555557,
            51.18496388888889
          ],
          [
            -152.73071944444445,
            51.18481388888888
          ],
          [
            -152.73105833333332,
            51.18466944444444
          ],
          [
            -152.7314,
            51.184530555555554
          ],
          [
            -152.73175,
            51.18439444444444
          ],
          [
            -152.73210277777778,
            51.18425833333333
          ],
          [
            -152.73245555555556,
            51.184124999999995
          ],
          [
            -152.73280555555556,
            51.18398333333333
          ],
          [
            -152.73314722222221,
            51.183836111111106
          ],
          [
            -152.73347777777775,
            51.18368611111111
          ],
          [
            -152.73379999999997,
            51.18353333333333
          ],
          [
            -152.73411944444442,
            51.183386111111105
          ],
          [
            -152.73444444444442,
            51.18323611111111
          ],
          [
            -152.73477499999998,
            51.18309166666666
          ],
          [
            -152.73510833333333,
            51.18294722222222
          ],
          [
            -152.73544444444443,
            51.18279444444444
          ],
          [
            -152.73578055555555,
            51.18264444444444
          ],
          [
            -152.73611388888887,
            51.182488888888884
          ],
          [
            -152.73644166666665,
            51.18232777777777
          ],
          [
            -152.73676944444443,
            51.18216666666667
          ],
          [
            -152.73709444444444,
            51.18200833333333
          ],
          [
            -152.73741944444444,
            51.18185
          ],
          [
            -152.73774444444444,
            51.18169722222222
          ],
          [
            -152.7380722222222,
            51.18154166666667
          ],
          [
            -152.73840277777776,
            51.18139166666666
          ],
          [
            -152.73873055555555,
            51.181244444444445
          ],
          [
            -152.73906111111108,
            51.18109722222222
          ],
          [
            -152.73939166666665,
            51.18094722222222
          ],
          [
            -152.739725,
            51.180794444444444
          ],
          [
            -152.7400611111111,
            51.180636111111106
          ],
          [
            -152.7404,
            51.18046944444444
          ],
          [
            -152.7407333333333,
            51.180302777777776
          ],
          [
            -152.74106388888887,
            51.18013611111111
          ],
          [
            -152.74139166666666,
            51.179963888888885
          ],
          [
            -152.74171944444444,
            51.17979722222222
          ],
          [
            -152.74204166666667,
            51.17963333333333
          ],
          [
            -152.7423638888889,
            51.17947222222222
          ],
          [
            -152.74269444444442,
            51.179316666666665
          ],
          [
            -152.743025,
            51.17915833333333
          ],
          [
            -152.74336111111108,
            51.178999999999995
          ],
          [
            -152.74370277777777,
            51.17884722222222
          ],
          [
            -152.74405277777777,
            51.17868611111111
          ],
          [
            -152.74440277777776,
            51.178527777777774
          ],
          [
            -152.74474166666664,
            51.17837222222222
          ],
          [
            -152.74508055555555,
            51.178219444444444
          ],
          [
            -152.74541944444442,
            51.178066666666666
          ],
          [
            -152.7457611111111,
            51.17791111111111
          ],
          [
            -152.7461111111111,
            51.17776666666666
          ],
          [
            -152.74648888888888,
            51.17762222222222
          ],
          [
            -152.74689166666664,
            51.17749166666666
          ],
          [
            -152.74733333333333,
            51.17738055555555
          ],
          [
            -152.74781666666667,
            51.17729166666666
          ],
          [
            -152.74833888888887,
            51.177233333333334
          ],
          [
            -152.74888888888887,
            51.17722222222222
          ],
          [
            -152.74944722222222,
            51.17726666666666
          ],
          [
            -152.74999166666666,
            51.177369444444444
          ],
          [
            -152.75050277777777,
            51.177530555555556
          ],
          [
            -152.7509861111111,
            51.17773888888889
          ],
          [
            -152.7514611111111,
            51.17797777777778
          ],
          [
            -152.75194166666665,
            51.17823611111111
          ],
          [
            -152.7524361111111,
            51.17851388888889
          ],
          [
            -152.75295555555556,
            51.178799999999995
          ],
          [
            -152.75349166666666,
            51.179088888888884
          ],
          [
            -152.75403333333333,
            51.17938611111111
          ],
          [
            -152.7545861111111,
            51.17968888888888
          ],
          [
            -152.75514722222223,
            51.18000277777777
          ],
          [
            -152.75570833333333,
            51.18032777777778
          ],
          [
            -152.75627222222224,
            51.18066111111111
          ],
          [
            -152.75685,
            51.180994444444444
          ],
          [
            -152.75744722222223,
            51.18133611111111
          ],
          [
            -152.75806111111112,
            51.18168333333333
          ],
          [
            -152.75869166666666,
            51.182030555555556
          ],
          [
            -152.75931944444446,
            51.182383333333334
          ],
          [
            -152.75995,
            51.182741666666665
          ],
          [
            -152.76058055555555,
            51.183102777777776
          ],
          [
            -152.76121388888888,
            51.183474999999994
          ],
          [
            -152.76184166666667,
            51.18385
          ],
          [
            -152.762475,
            51.18422777777777
          ],
          [
            -152.76312222222222,
            51.18459444444444
          ],
          [
            -152.76378333333332,
            51.18496111111111
          ],
          [
            -152.7644388888889,
            51.18533055555555
          ],
          [
            -152.76508333333334,
            51.18571111111111
          ],
          [
            -152.76573055555556,
            51.18609166666666
          ],
          [
            -152.76638888888888,
            51.18646388888889
          ],
          [
            -152.76705833333335,
            51.186836111111106
          ],
          [
            -152.7677138888889,
            51.18721111111111
          ],
          [
            -152.76835555555556,
            51.187599999999996
          ],
          [
            -152.769,
            51.18798611111111
          ],
          [
            -152.7696527777778,
            51.18836944444444
          ],
          [
            -152.77030555555558,
            51.18875555555555
          ],
          [
            -152.77095277777778,
            51.18914722222222
          ],
          [
            -152.77159444444445,
            51.189544444444444
          ],
          [
            -152.77224722222223,
            51.18993333333333
          ],
          [
            -152.77291666666667,
            51.19031666666666
          ],
          [
            -152.77358611111111,
            51.19069722222222
          ],
          [
            -152.77425833333334,
            51.19108055555555
          ],
          [
            -152.77493611111112,
            51.19146388888888
          ],
          [
            -152.77560833333334,
            51.191849999999995
          ],
          [
            -152.77628333333334,
            51.19224444444444
          ],
          [
            -152.77695833333334,
            51.19263888888889
          ],
          [
            -152.7776388888889,
            51.19302777777777
          ],
          [
            -152.77831666666668,
            51.193416666666664
          ],
          [
            -152.7789888888889,
            51.19380833333333
          ],
          [
            -152.77966944444447,
            51.19419444444444
          ],
          [
            -152.78035277777778,
            51.194580555555554
          ],
          [
            -152.78103611111112,
            51.194963888888886
          ],
          [
            -152.78171666666668,
            51.19534722222222
          ],
          [
            -152.78239722222224,
            51.195724999999996
          ],
          [
            -152.78307500000003,
            51.196102777777774
          ],
          [
            -152.78375277777778,
            51.196486111111106
          ],
          [
            -152.78443333333334,
            51.196866666666665
          ],
          [
            -152.78510555555556,
            51.19724722222222
          ],
          [
            -152.78576666666666,
            51.19763888888888
          ],
          [
            -152.7864361111111,
            51.19802222222222
          ],
          [
            -152.78710833333332,
            51.19840555555555
          ],
          [
            -152.78778333333332,
            51.198788888888885
          ],
          [
            -152.78845555555554,
            51.19917777777778
          ],
          [
            -152.78912499999998,
            51.19956388888889
          ],
          [
            -152.78979999999999,
            51.199949999999994
          ],
          [
            -152.79048333333333,
            51.20032777777778
          ],
          [
            -152.7911611111111,
            51.20070833333334
          ],
          [
            -152.79183055555555,
            51.201097222222224
          ],
          [
            -152.7924972222222,
            51.201486111111116
          ],
          [
            -152.79316666666668,
            51.20186944444445
          ],
          [
            -152.7938388888889,
            51.20225833333333
          ],
          [
            -152.79450833333334,
            51.202647222222225
          ],
          [
            -152.79518333333334,
            51.20304166666667
          ],
          [
            -152.79586388888887,
            51.20342222222222
          ],
          [
            -152.79655277777778,
            51.20380555555556
          ],
          [
            -152.79723333333334,
            51.20418888888889
          ],
          [
            -152.79790277777778,
            51.20457777777778
          ],
          [
            -152.79857777777778,
            51.20496666666667
          ],
          [
            -152.79925277777778,
            51.205355555555556
          ],
          [
            -152.79992777777778,
            51.20574166666667
          ],
          [
            -152.80060277777778,
            51.20613055555556
          ],
          [
            -152.801275,
            51.206525000000006
          ],
          [
            -152.80195,
            51.20691666666667
          ],
          [
            -152.80263055555557,
            51.20730833333334
          ],
          [
            -152.80331944444447,
            51.20769722222222
          ],
          [
            -152.80400277777778,
            51.208083333333335
          ],
          [
            -152.80468055555556,
            51.20846944444445
          ],
          [
            -152.80535277777778,
            51.20885555555556
          ],
          [
            -152.80603055555557,
            51.209244444444444
          ],
          [
            -152.80671111111113,
            51.20962777777778
          ],
          [
            -152.80739444444447,
            51.210011111111115
          ],
          [
            -152.80806944444444,
            51.210391666666666
          ],
          [
            -152.808725,
            51.21078611111111
          ],
          [
            -152.80931944444447,
            51.21120555555556
          ],
          [
            -152.80981666666668,
            51.21166111111111
          ],
          [
            -152.81019722222223,
            51.21214444444445
          ],
          [
            -152.81048611111112,
            51.21264722222222
          ],
          [
            -152.81070555555556,
            51.21315555555556
          ],
          [
            -152.8108888888889,
            51.21367222222222
          ],
          [
            -152.8110638888889,
            51.21419166666667
          ],
          [
            -152.8112277777778,
            51.214708333333334
          ],
          [
            -152.81139722222224,
            51.215227777777784
          ],
          [
            -152.81157777777779,
            51.21574722222223
          ],
          [
            -152.81174444444446,
            51.21626944444445
          ],
          [
            -152.81189722222223,
            51.216797222222226
          ],
          [
            -152.81205555555556,
            51.21732222222222
          ],
          [
            -152.81221944444445,
            51.217847222222225
          ],
          [
            -152.81237777777778,
            51.21837222222222
          ],
          [
            -152.81253611111111,
            51.218897222222225
          ],
          [
            -152.8127166666667,
            51.21942222222222
          ],
          [
            -152.81299166666668,
            51.21993888888889
          ],
          [
            -152.8134,
            51.220416666666665
          ],
          [
            -152.81390555555558,
            51.22085833333333
          ],
          [
            -152.81445000000002,
            51.22127777777778
          ],
          [
            -152.81502500000002,
            51.22168611111111
          ],
          [
            -152.81560555555558,
            51.22208888888889
          ],
          [
            -152.81619722222223,
            51.22249166666667
          ],
          [
            -152.81679444444444,
            51.22289166666667
          ],
          [
            -152.81739444444443,
            51.22329444444445
          ],
          [
            -152.81799999999998,
            51.22369444444445
          ],
          [
            -152.81860555555556,
            51.22409444444445
          ],
          [
            -152.8192,
            51.224497222222226
          ],
          [
            -152.81979444444445,
            51.22490833333333
          ],
          [
            -152.82038888888889,
            51.22531388888889
          ],
          [
            -152.82098333333332,
            51.22573055555556
          ],
          [
            -152.82158611111112,
            51.226144444444444
          ],
          [
            -152.82220277777776,
            51.226552777777776
          ],
          [
            -152.82282222222221,
            51.22696666666667
          ],
          [
            -152.8234388888889,
            51.227380555555555
          ],
          [
            -152.82405833333334,
            51.22779722222222
          ],
          [
            -152.8246861111111,
            51.228211111111115
          ],
          [
            -152.82531666666665,
            51.22862222222222
          ],
          [
            -152.82594166666667,
            51.229038888888894
          ],
          [
            -152.82656944444443,
            51.22945277777778
          ],
          [
            -152.82720833333332,
            51.22985833333333
          ],
          [
            -152.82784166666667,
            51.230266666666665
          ],
          [
            -152.82847777777778,
            51.230669444444445
          ],
          [
            -152.82911388888888,
            51.231069444444444
          ],
          [
            -152.82975,
            51.23147222222222
          ],
          [
            -152.83037777777778,
            51.231875
          ],
          [
            -152.83100833333333,
            51.232275
          ],
          [
            -152.83164722222222,
            51.23267222222223
          ],
          [
            -152.83228333333332,
            51.233069444444446
          ],
          [
            -152.83291666666668,
            51.233466666666665
          ],
          [
            -152.83355833333334,
            51.23385833333334
          ],
          [
            -152.83419722222223,
            51.234255555555556
          ],
          [
            -152.83483055555556,
            51.23465277777778
          ],
          [
            -152.8354666666667,
            51.235055555555554
          ],
          [
            -152.83610555555558,
            51.235461111111114
          ],
          [
            -152.83674722222224,
            51.23586388888889
          ],
          [
            -152.83738611111113,
            51.236266666666666
          ],
          [
            -152.83803055555558,
            51.236666666666665
          ],
          [
            -152.83867222222224,
            51.23706388888889
          ],
          [
            -152.8393138888889,
            51.23746666666667
          ],
          [
            -152.83995555555558,
            51.23787222222222
          ],
          [
            -152.84059722222224,
            51.23826944444445
          ],
          [
            -152.8412416666667,
            51.23867222222222
          ],
          [
            -152.8418888888889,
            51.23908055555555
          ],
          [
            -152.84253055555556,
            51.23948611111111
          ],
          [
            -152.84317222222222,
            51.23988888888889
          ],
          [
            -152.84381944444445,
            51.24028888888889
          ],
          [
            -152.84446111111112,
            51.24068888888889
          ],
          [
            -152.8451,
            51.24109166666667
          ],
          [
            -152.8457361111111,
            51.24149722222222
          ],
          [
            -152.84637777777778,
            51.24189444444445
          ],
          [
            -152.84701944444444,
            51.242288888888886
          ],
          [
            -152.84765555555558,
            51.24268888888889
          ],
          [
            -152.8482888888889,
            51.24308888888889
          ],
          [
            -152.848925,
            51.24348611111111
          ],
          [
            -152.84955833333333,
            51.243880555555556
          ],
          [
            -152.85018888888888,
            51.244280555555555
          ],
          [
            -152.85081944444443,
            51.244683333333334
          ],
          [
            -152.85145277777778,
            51.24508333333333
          ],
          [
            -152.8520861111111,
            51.24548055555556
          ],
          [
            -152.85271666666665,
            51.24588055555556
          ],
          [
            -152.85334444444445,
            51.24628333333333
          ],
          [
            -152.8539722222222,
            51.246677777777776
          ],
          [
            -152.8546,
            51.247077777777776
          ],
          [
            -152.8552222222222,
            51.247483333333335
          ],
          [
            -152.85586666666666,
            51.247883333333334
          ],
          [
            -152.85651666666666,
            51.24828055555555
          ],
          [
            -152.85715277777777,
            51.24868055555556
          ],
          [
            -152.85779722222222,
            51.24907777777778
          ],
          [
            -152.85844444444444,
            51.24947777777778
          ],
          [
            -152.8590888888889,
            51.24988611111111
          ],
          [
            -152.85973611111112,
            51.25028888888889
          ],
          [
            -152.86039166666666,
            51.25068611111111
          ],
          [
            -152.8610527777778,
            51.25109444444445
          ],
          [
            -152.86170833333333,
            51.2515
          ],
          [
            -152.86235833333333,
            51.25190555555555
          ],
          [
            -152.8630111111111,
            51.25231388888889
          ],
          [
            -152.86366944444444,
            51.252719444444445
          ],
          [
            -152.86432222222223,
            51.253125
          ],
          [
            -152.86496666666667,
            51.25353888888889
          ],
          [
            -152.86561666666665,
            51.25395
          ],
          [
            -152.86626944444444,
            51.254358333333336
          ],
          [
            -152.86691944444445,
            51.25477222222222
          ],
          [
            -152.8675638888889,
            51.25518888888889
          ],
          [
            -152.8682138888889,
            51.255605555555555
          ],
          [
            -152.86886944444444,
            51.25602222222222
          ],
          [
            -152.86952222222223,
            51.25643888888889
          ],
          [
            -152.87017222222224,
            51.25685555555555
          ],
          [
            -152.87081944444446,
            51.25726944444445
          ],
          [
            -152.87146666666666,
            51.25767777777778
          ],
          [
            -152.8721138888889,
            51.25808611111111
          ],
          [
            -152.87276111111112,
            51.258494444444445
          ],
          [
            -152.87340555555556,
            51.2589
          ],
          [
            -152.87405,
            51.25931111111111
          ],
          [
            -152.87469166666668,
            51.25971666666667
          ],
          [
            -152.87533333333334,
            51.260127777777775
          ],
          [
            -152.87598055555557,
            51.26053888888889
          ],
          [
            -152.87663055555555,
            51.26095
          ],
          [
            -152.87728055555556,
            51.261361111111114
          ],
          [
            -152.87793611111113,
            51.26176944444445
          ],
          [
            -152.87858888888888,
            51.26218055555555
          ],
          [
            -152.87923333333333,
            51.26258888888889
          ],
          [
            -152.879875,
            51.263
          ],
          [
            -152.8805277777778,
            51.26341111111111
          ],
          [
            -152.88118055555557,
            51.263825
          ],
          [
            -152.88182500000002,
            51.26423888888889
          ],
          [
            -152.88245555555557,
            51.26465555555556
          ],
          [
            -152.8830888888889,
            51.265075
          ],
          [
            -152.88372222222222,
            51.2655
          ],
          [
            -152.88434444444442,
            51.265925
          ],
          [
            -152.88496666666666,
            51.266352777777776
          ],
          [
            -152.88559166666667,
            51.26678333333333
          ],
          [
            -152.8862111111111,
            51.26721111111111
          ],
          [
            -152.88683055555555,
            51.26763888888889
          ],
          [
            -152.88745,
            51.26806666666666
          ],
          [
            -152.88807777777777,
            51.26848611111111
          ],
          [
            -152.8887083333333,
            51.268905555555556
          ],
          [
            -152.88932777777777,
            51.269330555555555
          ],
          [
            -152.88994444444444,
            51.26975
          ],
          [
            -152.89055833333333,
            51.270175
          ],
          [
            -152.89117222222222,
            51.2706
          ],
          [
            -152.8918,
            51.27102222222222
          ],
          [
            -152.89243333333332,
            51.27143888888889
          ],
          [
            -152.8930638888889,
            51.27185
          ],
          [
            -152.89370277777778,
            51.27226666666667
          ],
          [
            -152.8943361111111,
            51.27268333333333
          ],
          [
            -152.89496388888887,
            51.27310833333333
          ],
          [
            -152.89558888888888,
            51.27353055555555
          ],
          [
            -152.89620555555555,
            51.27395555555555
          ],
          [
            -152.89681666666667,
            51.27437777777778
          ],
          [
            -152.89743333333334,
            51.274794444444446
          ],
          [
            -152.89806388888888,
            51.275213888888885
          ],
          [
            -152.8987,
            51.27563611111111
          ],
          [
            -152.89933055555554,
            51.27605555555555
          ],
          [
            -152.89995277777777,
            51.276469444444444
          ],
          [
            -152.90056944444444,
            51.27688888888889
          ],
          [
            -152.90118611111112,
            51.27730555555556
          ],
          [
            -152.9018,
            51.27772222222222
          ],
          [
            -152.9024138888889,
            51.27814444444444
          ],
          [
            -152.90303333333333,
            51.27856944444444
          ],
          [
            -152.90365833333334,
            51.278999999999996
          ],
          [
            -152.9042861111111,
            51.279424999999996
          ],
          [
            -152.90490277777778,
            51.27985555555556
          ],
          [
            -152.90551944444445,
            51.28028611111111
          ],
          [
            -152.90614444444444,
            51.280705555555556
          ],
          [
            -152.90677222222223,
            51.28112222222222
          ],
          [
            -152.90740833333334,
            51.28153888888889
          ],
          [
            -152.90804166666666,
            51.281955555555555
          ],
          [
            -152.90867222222224,
            51.28237222222222
          ],
          [
            -152.90929444444444,
            51.28278888888889
          ],
          [
            -152.90992500000002,
            51.28321388888889
          ],
          [
            -152.91056111111112,
            51.283633333333334
          ],
          [
            -152.9112027777778,
            51.284052777777774
          ],
          [
            -152.91183055555555,
            51.284477777777774
          ],
          [
            -152.91245,
            51.28490277777777
          ],
          [
            -152.91307222222224,
            51.28532777777777
          ],
          [
            -152.9137,
            51.285758333333334
          ],
          [
            -152.91432777777777,
            51.286183333333334
          ],
          [
            -152.91495,
            51.28661111111111
          ],
          [
            -152.91557777777777,
            51.28703055555555
          ],
          [
            -152.9162138888889,
            51.28745
          ],
          [
            -152.9168472222222,
            51.287863888888886
          ],
          [
            -152.91747777777778,
            51.28828055555555
          ],
          [
            -152.9181111111111,
            51.28869722222222
          ],
          [
            -152.91873055555556,
            51.289113888888885
          ],
          [
            -152.9193388888889,
            51.289541666666665
          ],
          [
            -152.91996388888887,
            51.289969444444445
          ],
          [
            -152.92059444444445,
            51.290394444444445
          ],
          [
            -152.92121944444443,
            51.29082222222222
          ],
          [
            -152.9218361111111,
            51.291244444444445
          ],
          [
            -152.9224583333333,
            51.291666666666664
          ],
          [
            -152.92308888888888,
            51.29208055555555
          ],
          [
            -152.9237111111111,
            51.29250555555555
          ],
          [
            -152.9243361111111,
            51.29293333333333
          ],
          [
            -152.92496666666665,
            51.29335833333333
          ],
          [
            -152.9256,
            51.29378055555556
          ],
          [
            -152.92623055555555,
            51.29420555555556
          ],
          [
            -152.9268611111111,
            51.29463333333333
          ],
          [
            -152.9274972222222,
            51.29505555555556
          ],
          [
            -152.928125,
            51.29546944444444
          ],
          [
            -152.9287472222222,
            51.29588888888889
          ],
          [
            -152.929375,
            51.29631388888889
          ],
          [
            -152.93000833333332,
            51.29674722222222
          ],
          [
            -152.93064999999999,
            51.297174999999996
          ],
          [
            -152.93128888888887,
            51.297602777777776
          ],
          [
            -152.93191666666667,
            51.298030555555556
          ],
          [
            -152.93254166666665,
            51.298455555555556
          ],
          [
            -152.93316944444445,
            51.298880555555556
          ],
          [
            -152.93381666666667,
            51.299305555555556
          ],
          [
            -152.9344638888889,
            51.299727777777775
          ],
          [
            -152.93509444444445,
            51.30015833333333
          ],
          [
            -152.9357138888889,
            51.30059166666666
          ],
          [
            -152.93633888888888,
            51.30101944444444
          ],
          [
            -152.93696666666668,
            51.30143888888889
          ],
          [
            -152.93759444444444,
            51.30186666666666
          ],
          [
            -152.93822222222224,
            51.30228888888889
          ],
          [
            -152.93885555555556,
            51.30271388888889
          ],
          [
            -152.93949444444445,
            51.30313333333333
          ],
          [
            -152.94013055555556,
            51.303552777777774
          ],
          [
            -152.94076666666666,
            51.30396666666666
          ],
          [
            -152.94140000000002,
            51.304380555555554
          ],
          [
            -152.94201111111113,
            51.3048
          ],
          [
            -152.9426222222222,
            51.30522777777777
          ],
          [
            -152.94325,
            51.30565
          ],
          [
            -152.94387777777777,
            51.30606944444444
          ],
          [
            -152.9445138888889,
            51.30648333333333
          ],
          [
            -152.94514722222223,
            51.30689722222222
          ],
          [
            -152.9457888888889,
            51.30731944444444
          ],
          [
            -152.9464388888889,
            51.30775
          ],
          [
            -152.94709166666667,
            51.30817777777777
          ],
          [
            -152.9477388888889,
            51.3086
          ],
          [
            -152.94836944444444,
            51.30903055555555
          ],
          [
            -152.9489861111111,
            51.309461111111105
          ],
          [
            -152.94959722222222,
            51.309891666666665
          ],
          [
            -152.95021388888887,
            51.310313888888885
          ],
          [
            -152.9508361111111,
            51.310738888888885
          ],
          [
            -152.95146666666665,
            51.31115833333333
          ],
          [
            -152.95210277777775,
            51.31157222222222
          ],
          [
            -152.9527388888889,
            51.311988888888884
          ],
          [
            -152.9533611111111,
            51.31240277777778
          ],
          [
            -152.95397777777777,
            51.31281944444444
          ],
          [
            -152.95458888888888,
            51.31324166666666
          ],
          [
            -152.95520833333333,
            51.31366388888888
          ],
          [
            -152.95583333333332,
            51.31408888888889
          ],
          [
            -152.9564638888889,
            51.31451944444444
          ],
          [
            -152.95707777777776,
            51.314949999999996
          ],
          [
            -152.9576861111111,
            51.31538055555555
          ],
          [
            -152.9583111111111,
            51.31580833333333
          ],
          [
            -152.9589361111111,
            51.316227777777776
          ],
          [
            -152.95955833333332,
            51.316652777777776
          ],
          [
            -152.9601722222222,
            51.31707777777778
          ],
          [
            -152.9607861111111,
            51.317511111111116
          ],
          [
            -152.96141388888887,
            51.31793888888889
          ],
          [
            -152.96204722222222,
            51.318361111111116
          ],
          [
            -152.962675,
            51.318780555555556
          ],
          [
            -152.96329999999998,
            51.3192
          ],
          [
            -152.96392777777777,
            51.31961666666667
          ],
          [
            -152.96457777777778,
            51.320038888888895
          ],
          [
            -152.96522222222222,
            51.32046944444445
          ],
          [
            -152.96585277777777,
            51.32089444444445
          ],
          [
            -152.96648333333331,
            51.32132222222223
          ],
          [
            -152.96711666666667,
            51.32174444444445
          ],
          [
            -152.96775277777778,
            51.32216944444445
          ],
          [
            -152.9683861111111,
            51.32259166666667
          ],
          [
            -152.9690138888889,
            51.32301944444445
          ],
          [
            -152.96964166666666,
            51.32345
          ],
          [
            -152.97027500000002,
            51.32387222222223
          ],
          [
            -152.9709138888889,
            51.32429166666667
          ],
          [
            -152.97154166666667,
            51.32471666666667
          ],
          [
            -152.97215833333334,
            51.325138888888894
          ],
          [
            -152.97278055555554,
            51.325561111111114
          ],
          [
            -152.97341666666668,
            51.32597777777778
          ],
          [
            -152.97406111111113,
            51.326394444444446
          ],
          [
            -152.97469444444445,
            51.32681666666667
          ],
          [
            -152.97530277777778,
            51.327244444444446
          ],
          [
            -152.97590833333334,
            51.327669444444446
          ],
          [
            -152.976525,
            51.328094444444446
          ],
          [
            -152.97715,
            51.32851388888889
          ],
          [
            -152.97778055555557,
            51.32893333333334
          ],
          [
            -152.97841111111111,
            51.329350000000005
          ],
          [
            -152.9790361111111,
            51.329772222222225
          ],
          [
            -152.97966666666667,
            51.33019166666667
          ],
          [
            -152.98030833333334,
            51.33061111111112
          ],
          [
            -152.98095833333335,
            51.331027777777784
          ],
          [
            -152.9816111111111,
            51.331447222222224
          ],
          [
            -152.98224166666668,
            51.33186944444445
          ],
          [
            -152.98284722222223,
            51.33229166666667
          ],
          [
            -152.98344999999998,
            51.33271111111112
          ],
          [
            -152.98406388888887,
            51.33312777777778
          ],
          [
            -152.98469444444444,
            51.33355277777778
          ],
          [
            -152.9853222222222,
            51.33397222222222
          ],
          [
            -152.98595277777775,
            51.33439166666667
          ],
          [
            -152.9865861111111,
            51.33481388888889
          ],
          [
            -152.98721666666665,
            51.335236111111115
          ],
          [
            -152.98784166666664,
            51.335658333333335
          ],
          [
            -152.98846666666665,
            51.336083333333335
          ],
          [
            -152.98909166666667,
            51.33650555555556
          ],
          [
            -152.989725,
            51.336933333333334
          ],
          [
            -152.99036666666666,
            51.337358333333334
          ],
          [
            -152.9910111111111,
            51.337783333333334
          ],
          [
            -152.99166388888887,
            51.33820555555556
          ],
          [
            -152.99230277777775,
            51.338633333333334
          ],
          [
            -152.9929361111111,
            51.339061111111114
          ],
          [
            -152.9935722222222,
            51.339483333333334
          ],
          [
            -152.99420277777776,
            51.339911111111114
          ],
          [
            -152.99482777777777,
            51.340338888888894
          ],
          [
            -152.99545833333332,
            51.340761111111114
          ],
          [
            -152.99609166666664,
            51.34118333333333
          ],
          [
            -152.99672222222222,
            51.34160833333333
          ],
          [
            -152.9973472222222,
            51.34202777777778
          ],
          [
            -152.99797222222222,
            51.34245
          ],
          [
            -152.99860833333332,
            51.342872222222226
          ],
          [
            -152.99924166666665,
            51.343291666666666
          ],
          [
            -152.99986944444444,
            51.34371388888889
          ],
          [
            -153.00049722222224,
            51.34413888888889
          ],
          [
            -153.00111666666666,
            51.34456666666667
          ],
          [
            -153.0017388888889,
            51.34499166666667
          ],
          [
            -153.0023527777778,
            51.34543055555556
          ],
          [
            -153.002975,
            51.34585555555556
          ],
          [
            -153.00360555555557,
            51.34628055555556
          ],
          [
            -153.0042361111111,
            51.346700000000006
          ],
          [
            -153.00487777777778,
            51.34711666666667
          ],
          [
            -153.00550833333332,
            51.347544444444445
          ],
          [
            -153.0061388888889,
            51.347969444444445
          ],
          [
            -153.00678055555557,
            51.348394444444445
          ],
          [
            -153.00741944444445,
            51.34881388888889
          ],
          [
            -153.00806111111112,
            51.34923055555556
          ],
          [
            -153.0087,
            51.349647222222224
          ],
          [
            -153.0093361111111,
            51.35006388888889
          ],
          [
            -153.00995277777778,
            51.35048611111111
          ],
          [
            -153.01053055555556,
            51.35091944444444
          ],
          [
            -153.011125,
            51.35135555555556
          ],
          [
            -153.01174444444445,
            51.35178055555556
          ],
          [
            -153.01235277777778,
            51.352222222222224
          ],
          [
            -153.0129472222222,
            51.35266666666667
          ],
          [
            -153.01353055555555,
            51.35310555555556
          ],
          [
            -153.01410833333333,
            51.35355
          ],
          [
            -153.0147,
            51.35398888888889
          ],
          [
            -153.01527222222222,
            51.35443055555556
          ],
          [
            -153.01584722222222,
            51.35487777777778
          ],
          [
            -153.01644444444443,
            51.35531944444445
          ],
          [
            -153.0170277777778,
            51.35576666666667
          ],
          [
            -153.01760833333336,
            51.356208333333335
          ],
          [
            -153.01819722222223,
            51.35665277777778
          ],
          [
            -153.01878611111113,
            51.35708888888889
          ],
          [
            -153.01937222222224,
            51.357530555555556
          ],
          [
            -153.01995000000002,
            51.35796944444444
          ],
          [
            -153.0205361111111,
            51.35841111111111
          ],
          [
            -153.0211277777778,
            51.35885277777778
          ],
          [
            -153.02172222222222,
            51.35929166666667
          ],
          [
            -153.0222916666667,
            51.359741666666665
          ],
          [
            -153.022875,
            51.36018333333333
          ],
          [
            -153.02345833333334,
            51.36062777777778
          ],
          [
            -153.0240527777778,
            51.361069444444446
          ],
          [
            -153.0246527777778,
            51.361513888888894
          ],
          [
            -153.02523333333335,
            51.36196388888889
          ],
          [
            -153.02583055555556,
            51.362405555555554
          ],
          [
            -153.02641666666668,
            51.36285
          ],
          [
            -153.02700833333336,
            51.363286111111115
          ],
          [
            -153.02758611111113,
            51.36372777777778
          ],
          [
            -153.02814166666667,
            51.364177777777776
          ],
          [
            -153.02871944444445,
            51.36461666666667
          ],
          [
            -153.0293027777778,
            51.365050000000004
          ],
          [
            -153.02988611111113,
            51.36548333333334
          ],
          [
            -153.03046666666668,
            51.365919444444444
          ],
          [
            -153.03103611111112,
            51.36636111111111
          ],
          [
            -153.03162222222224,
            51.366797222222225
          ],
          [
            -153.03219444444446,
            51.367241666666665
          ],
          [
            -153.03278055555558,
            51.36768333333333
          ],
          [
            -153.0333777777778,
            51.368119444444446
          ],
          [
            -153.03395833333335,
            51.368563888888886
          ],
          [
            -153.03454722222222,
            51.369
          ],
          [
            -153.03512777777777,
            51.36944444444445
          ],
          [
            -153.03572499999999,
            51.36987777777778
          ],
          [
            -153.03631388888888,
            51.37031666666667
          ],
          [
            -153.03689444444444,
            51.370755555555554
          ],
          [
            -153.03748888888887,
            51.37119166666667
          ],
          [
            -153.038075,
            51.371633333333335
          ],
          [
            -153.0386638888889,
            51.37206666666667
          ],
          [
            -153.03924166666667,
            51.372508333333336
          ],
          [
            -153.039825,
            51.37294444444444
          ],
          [
            -153.04039722222223,
            51.37338611111111
          ],
          [
            -153.040975,
            51.37382222222222
          ],
          [
            -153.04155555555556,
            51.37425833333334
          ],
          [
            -153.04213333333334,
            51.3747
          ],
          [
            -153.0427222222222,
            51.37513333333333
          ],
          [
            -153.04330277777777,
            51.375575
          ],
          [
            -153.04389166666667,
            51.37600833333333
          ],
          [
            -153.044475,
            51.37645
          ],
          [
            -153.04505277777778,
            51.376891666666666
          ],
          [
            -153.04563611111112,
            51.37733333333333
          ],
          [
            -153.04622777777777,
            51.37777222222222
          ],
          [
            -153.04681666666667,
            51.37821388888889
          ],
          [
            -153.0474111111111,
            51.37865
          ],
          [
            -153.04798333333332,
            51.37909444444445
          ],
          [
            -153.04855,
            51.379525
          ],
          [
            -153.0491,
            51.37993055555555
          ],
          [
            -153.04961666666665,
            51.380322222222226
          ],
          [
            -153.0501138888889,
            51.380694444444444
          ],
          [
            -153.0505888888889,
            51.38104444444444
          ],
          [
            -153.05104444444444,
            51.38138333333333
          ],
          [
            -153.05148611111113,
            51.38171388888889
          ],
          [
            -153.05191666666667,
            51.382041666666666
          ],
          [
            -153.05233333333334,
            51.38236388888889
          ],
          [
            -153.05274722222222,
            51.382669444444446
          ],
          [
            -153.05315000000002,
            51.38297222222222
          ],
          [
            -153.05353333333335,
            51.383266666666664
          ],
          [
            -153.05390555555556,
            51.383544444444446
          ],
          [
            -153.05427500000002,
            51.38382222222222
          ],
          [
            -153.0546388888889,
            51.38408888888889
          ],
          [
            -153.05499166666667,
            51.38435555555556
          ],
          [
            -153.0553388888889,
            51.384616666666666
          ],
          [
            -153.05568055555557,
            51.384877777777774
          ],
          [
            -153.05601944444444,
            51.385133333333336
          ],
          [
            -153.0563527777778,
            51.38538611111111
          ],
          [
            -153.05669166666667,
            51.38563611111111
          ],
          [
            -153.05703055555557,
            51.38588055555555
          ],
          [
            -153.05735833333335,
            51.386125
          ],
          [
            -153.05767500000002,
            51.38636388888889
          ],
          [
            -153.05798611111112,
            51.38659722222222
          ],
          [
            -153.0582916666667,
            51.386830555555555
          ],
          [
            -153.05859166666667,
            51.387058333333336
          ],
          [
            -153.0588888888889,
            51.387280555555556
          ],
          [
            -153.05918333333335,
            51.38749722222222
          ],
          [
            -153.05946944444446,
            51.387708333333336
          ],
          [
            -153.05974722222223,
            51.38791666666667
          ],
          [
            -153.0600138888889,
            51.38812222222222
          ],
          [
            -153.06027500000002,
            51.38831944444444
          ],
          [
            -153.06053055555557,
            51.38851666666667
          ],
          [
            -153.06078611111113,
            51.388708333333334
          ],
          [
            -153.06103611111112,
            51.38889722222222
          ],
          [
            -153.06128333333334,
            51.38907777777778
          ],
          [
            -153.06152222222224,
            51.38925555555556
          ],
          [
            -153.06175833333336,
            51.389430555555556
          ],
          [
            -153.0619861111111,
            51.3896
          ],
          [
            -153.0622138888889,
            51.38976666666667
          ],
          [
            -153.06244444444445,
            51.389941666666665
          ],
          [
            -153.0626777777778,
            51.390116666666664
          ],
          [
            -153.06291944444445,
            51.39029722222222
          ],
          [
            -153.06317222222222,
            51.390483333333336
          ],
          [
            -153.06344444444446,
            51.39068611111111
          ],
          [
            -153.06373333333335,
            51.390905555555555
          ],
          [
            -153.06404166666667,
            51.39113611111111
          ],
          [
            -153.06436944444445,
            51.391375
          ],
          [
            -153.0647111111111,
            51.39162777777778
          ],
          [
            -153.06507222222223,
            51.391891666666666
          ],
          [
            -153.06545833333334,
            51.39217222222222
          ],
          [
            -153.06586111111113,
            51.392472222222224
          ],
          [
            -153.06628055555558,
            51.392786111111114
          ],
          [
            -153.06671944444443,
            51.39311111111111
          ],
          [
            -153.06716944444443,
            51.39344444444444
          ],
          [
            -153.06763055555555,
            51.39378333333333
          ],
          [
            -153.06810555555555,
            51.39413611111111
          ],
          [
            -153.06858888888888,
            51.39449722222222
          ],
          [
            -153.06908333333334,
            51.394869444444446
          ],
          [
            -153.0695888888889,
            51.39525277777778
          ],
          [
            -153.0701138888889,
            51.395633333333336
          ],
          [
            -153.07065,
            51.39601666666667
          ],
          [
            -153.07116944444445,
            51.39641666666667
          ],
          [
            -153.0716972222222,
            51.396819444444446
          ],
          [
            -153.07224444444444,
            51.397225
          ],
          [
            -153.0727861111111,
            51.397638888888885
          ],
          [
            -153.07334444444444,
            51.39805277777778
          ],
          [
            -153.07390833333332,
            51.398469444444444
          ],
          [
            -153.07446388888889,
            51.398891666666664
          ],
          [
            -153.07502499999998,
            51.399316666666664
          ],
          [
            -153.0755861111111,
            51.399741666666664
          ],
          [
            -153.07615555555554,
            51.400172222222224
          ],
          [
            -153.07673333333332,
            51.40060277777778
          ],
          [
            -153.0773,
            51.40103611111111
          ],
          [
            -153.07788333333332,
            51.401466666666664
          ],
          [
            -153.07846666666666,
            51.40189722222222
          ],
          [
            -153.07904444444443,
            51.40233055555555
          ],
          [
            -153.0796361111111,
            51.40276111111111
          ],
          [
            -153.0802111111111,
            51.4032
          ],
          [
            -153.08077777777777,
            51.403644444444446
          ],
          [
            -153.08135555555555,
            51.40408055555555
          ],
          [
            -153.0819361111111,
            51.404516666666666
          ],
          [
            -153.08250555555554,
            51.40495833333333
          ],
          [
            -153.08309722222222,
            51.40539444444444
          ],
          [
            -153.0836888888889,
            51.40583611111111
          ],
          [
            -153.08425833333334,
            51.406283333333334
          ],
          [
            -153.08484444444446,
            51.40671944444444
          ],
          [
            -153.08543055555558,
            51.40716111111111
          ],
          [
            -153.08601944444445,
            51.40759722222222
          ],
          [
            -153.08660833333334,
            51.40803888888889
          ],
          [
            -153.08719166666668,
            51.408477777777776
          ],
          [
            -153.08777222222224,
            51.40891944444444
          ],
          [
            -153.08836944444445,
            51.40935555555556
          ],
          [
            -153.08895555555557,
            51.4098
          ],
          [
            -153.08954444444444,
            51.410244444444444
          ],
          [
            -153.09014166666668,
            51.41068611111111
          ],
          [
            -153.09072222222224,
            51.41112777777778
          ],
          [
            -153.09130833333333,
            51.411569444444446
          ],
          [
            -153.0918888888889,
            51.412013888888886
          ],
          [
            -153.092475,
            51.41245
          ],
          [
            -153.09305277777779,
            51.41289166666667
          ],
          [
            -153.09362777777778,
            51.413333333333334
          ],
          [
            -153.09421111111112,
            51.41376944444444
          ],
          [
            -153.09476944444447,
            51.41419722222222
          ],
          [
            -153.0953027777778,
            51.414608333333334
          ],
          [
            -153.09583055555555,
            51.41500277777778
          ],
          [
            -153.0963277777778,
            51.41537777777778
          ],
          [
            -153.0968,
            51.41573611111111
          ],
          [
            -153.09725833333334,
            51.41608055555555
          ],
          [
            -153.09770555555556,
            51.41641111111111
          ],
          [
            -153.09814166666666,
            51.416736111111106
          ],
          [
            -153.0985611111111,
            51.417052777777776
          ],
          [
            -153.09896944444446,
            51.417361111111106
          ],
          [
            -153.09936666666667,
            51.41765833333333
          ],
          [
            -153.09974444444444,
            51.417944444444444
          ],
          [
            -153.10010555555556,
            51.41822222222222
          ],
          [
            -153.10045833333334,
            51.41849166666666
          ],
          [
            -153.1008138888889,
            51.418752777777776
          ],
          [
            -153.1011638888889,
            51.41900833333333
          ],
          [
            -153.10150555555555,
            51.41925555555555
          ],
          [
            -153.1018361111111,
            51.41950555555555
          ],
          [
            -153.10215555555556,
            51.419755555555554
          ],
          [
            -153.102475,
            51.41999722222222
          ],
          [
            -153.10279444444444,
            51.420230555555555
          ],
          [
            -153.10310555555554,
            51.42046111111111
          ],
          [
            -153.10340555555555,
            51.42068611111111
          ],
          [
            -153.10369444444444,
            51.42091111111111
          ],
          [
            -153.10397777777777,
            51.421124999999996
          ],
          [
            -153.10425277777776,
            51.42133611111111
          ],
          [
            -153.10452222222222,
            51.42154166666666
          ],
          [
            -153.1047861111111,
            51.42174166666666
          ],
          [
            -153.10504444444445,
            51.42193333333333
          ],
          [
            -153.10530277777778,
            51.422127777777774
          ],
          [
            -153.10555555555555,
            51.42231666666667
          ],
          [
            -153.1058,
            51.4225
          ],
          [
            -153.10604166666667,
            51.42268611111111
          ],
          [
            -153.10627777777776,
            51.422869444444444
          ],
          [
            -153.10651388888888,
            51.42304722222222
          ],
          [
            -153.10674444444444,
            51.423224999999995
          ],
          [
            -153.10697222222223,
            51.4234
          ],
          [
            -153.10719722222223,
            51.423566666666666
          ],
          [
            -153.10742222222223,
            51.42373333333333
          ],
          [
            -153.10764722222223,
            51.42389722222222
          ],
          [
            -153.10786944444445,
            51.42406111111111
          ],
          [
            -153.10809166666667,
            51.42422777777777
          ],
          [
            -153.10830833333333,
            51.424391666666665
          ],
          [
            -153.10851944444443,
            51.42455277777778
          ],
          [
            -153.108725,
            51.42471111111111
          ],
          [
            -153.10893055555556,
            51.424863888888886
          ],
          [
            -153.1091277777778,
            51.425013888888884
          ],
          [
            -153.1093222222222,
            51.42516111111111
          ],
          [
            -153.10951666666665,
            51.42530555555555
          ],
          [
            -153.10970555555554,
            51.42544722222222
          ],
          [
            -153.1098861111111,
            51.42558611111111
          ],
          [
            -153.11006388888887,
            51.42572222222222
          ],
          [
            -153.11024166666667,
            51.42585833333333
          ],
          [
            -153.11041944444443,
            51.42599444444444
          ],
          [
            -153.11059722222222,
            51.42612777777777
          ],
          [
            -153.110775,
            51.42626111111111
          ],
          [
            -153.11095,
            51.42638611111111
          ],
          [
            -153.1111222222222,
            51.426513888888884
          ],
          [
            -153.11129444444444,
            51.42663888888889
          ],
          [
            -153.11146666666667,
            51.42676944444444
          ],
          [
            -153.11163888888888,
            51.42689722222222
          ],
          [
            -153.1118111111111,
            51.427025
          ],
          [
            -153.11198333333334,
            51.42715277777778
          ],
          [
            -153.11215277777777,
            51.42728333333333
          ],
          [
            -153.112325,
            51.42740833333333
          ],
          [
            -153.11249166666667,
            51.42753611111111
          ],
          [
            -153.11265833333331,
            51.42766111111111
          ],
          [
            -153.1128222222222,
            51.42778333333333
          ],
          [
            -153.11298333333332,
            51.42790833333333
          ],
          [
            -153.11314444444443,
            51.42803055555555
          ],
          [
            -153.11330277777776,
            51.428149999999995
          ],
          [
            -153.1134611111111,
            51.42827222222222
          ],
          [
            -153.11361944444445,
            51.42838888888889
          ],
          [
            -153.11378055555554,
            51.42850833333333
          ],
          [
            -153.11394166666665,
            51.42862222222222
          ],
          [
            -153.1141,
            51.428733333333334
          ],
          [
            -153.11426388888887,
            51.42884166666666
          ],
          [
            -153.11443333333332,
            51.42895277777777
          ],
          [
            -153.11460555555556,
            51.42906111111111
          ],
          [
            -153.11478333333332,
            51.42916666666667
          ],
          [
            -153.11496666666667,
            51.42927222222222
          ],
          [
            -153.11515,
            51.42937222222222
          ],
          [
            -153.1153361111111,
            51.42947222222222
          ],
          [
            -153.11552777777777,
            51.429566666666666
          ],
          [
            -153.11572222222222,
            51.42966111111111
          ],
          [
            -153.11592222222222,
            51.42975
          ],
          [
            -153.11612777777776,
            51.42983888888889
          ],
          [
            -153.1163361111111,
            51.429925
          ],
          [
            -153.11654444444443,
            51.43000555555555
          ],
          [
            -153.11675555555556,
            51.43008333333333
          ],
          [
            -153.1169638888889,
            51.43015555555555
          ],
          [
            -153.11717777777778,
            51.43022222222222
          ],
          [
            -153.1174,
            51.43029166666666
          ],
          [
            -153.117625,
            51.43035555555555
          ],
          [
            -153.11785555555556,
            51.430413888888886
          ],
          [
            -153.11808611111113,
            51.43047222222222
          ],
          [
            -153.11832222222222,
            51.430524999999996
          ],
          [
            -153.11855833333334,
            51.430575
          ],
          [
            -153.11879722222224,
            51.43062222222222
          ],
          [
            -153.11903333333333,
            51.43066666666667
          ],
          [
            -153.11926666666668,
            51.430702777777775
          ],
          [
            -153.11950000000002,
            51.43074444444444
          ],
          [
            -153.11973055555558,
            51.43078333333333
          ],
          [
            -153.11996666666667,
            51.430819444444445
          ],
          [
            -153.1202027777778,
            51.43085833333333
          ],
          [
            -153.12044166666666,
            51.43089166666667
          ],
          [
            -153.12068055555557,
            51.430930555555555
          ],
          [
            -153.1209166666667,
            51.43096666666666
          ],
          [
            -153.12115555555556,
            51.431
          ],
          [
            -153.12139166666668,
            51.43103611111111
          ],
          [
            -153.12162222222224,
            51.43106944444444
          ],
          [
            -153.12185555555556,
            51.431102777777774
          ],
          [
            -153.1220888888889,
            51.43113333333333
          ],
          [
            -153.12232222222224,
            51.43116944444444
          ],
          [
            -153.12255555555555,
            51.43120555555555
          ],
          [
            -153.1227861111111,
            51.431238888888885
          ],
          [
            -153.12301944444445,
            51.43127777777777
          ],
          [
            -153.12325,
            51.43131111111111
          ],
          [
            -153.12348055555557,
            51.431349999999995
          ],
          [
            -153.1237138888889,
            51.43138611111111
          ],
          [
            -153.12394444444445,
            51.43142222222222
          ],
          [
            -153.124175,
            51.43145277777778
          ],
          [
            -153.12440555555557,
            51.43148333333333
          ],
          [
            -153.12463611111113,
            51.43151111111111
          ],
          [
            -153.12486666666666,
            51.43154166666667
          ],
          [
            -153.12509444444444,
            51.43157222222222
          ],
          [
            -153.125325,
            51.43160555555556
          ],
          [
            -153.12555555555556,
            51.431638888888884
          ],
          [
            -153.12578611111113,
            51.43168055555555
          ],
          [
            -153.1260138888889,
            51.43171944444444
          ],
          [
            -153.1262388888889,
            51.43175833333333
          ],
          [
            -153.12646944444444,
            51.431799999999996
          ],
          [
            -153.12669722222222,
            51.43183888888888
          ],
          [
            -153.12692222222222,
            51.43187222222222
          ],
          [
            -153.12714722222222,
            51.43190277777777
          ],
          [
            -153.12736944444444,
            51.43193333333333
          ],
          [
            -153.12759166666666,
            51.43196388888889
          ],
          [
            -153.1278138888889,
            51.43199444444444
          ],
          [
            -153.12803611111113,
            51.432024999999996
          ],
          [
            -153.12826111111113,
            51.43205555555555
          ],
          [
            -153.12848333333335,
            51.432091666666665
          ],
          [
            -153.12871111111113,
            51.432125
          ],
          [
            -153.12893888888888,
            51.432158333333334
          ],
          [
            -153.12917222222222,
            51.43218888888889
          ],
          [
            -153.12940277777778,
            51.43221944444444
          ],
          [
            -153.12963611111113,
            51.43225277777778
          ],
          [
            -153.1298666666667,
            51.43228055555555
          ],
          [
            -153.1301,
            51.432313888888885
          ],
          [
            -153.13033055555556,
            51.43234722222222
          ],
          [
            -153.13055833333334,
            51.43237777777777
          ],
          [
            -153.13078055555556,
            51.43241111111111
          ],
          [
            -153.13100833333334,
            51.43244444444444
          ],
          [
            -153.13123055555556,
            51.43248333333333
          ],
          [
            -153.13145555555556,
            51.432516666666665
          ],
          [
            -153.13167777777778,
            51.43255833333333
          ],
          [
            -153.13190277777778,
            51.43259722222222
          ],
          [
            -153.132125,
            51.43263611111111
          ],
          [
            -153.13234722222222,
            51.432674999999996
          ],
          [
            -153.13256944444444,
            51.43271111111111
          ],
          [
            -153.13279722222222,
            51.43275
          ],
          [
            -153.133025,
            51.432786111111106
          ],
          [
            -153.13326111111112,
            51.43282222222222
          ],
          [
            -153.13350277777778,
            51.43285833333333
          ],
          [
            -153.13375,
            51.43290277777778
          ],
          [
            -153.13400277777777,
            51.43294722222222
          ],
          [
            -153.1342611111111,
            51.433
          ],
          [
            -153.13451944444444,
            51.433052777777775
          ],
          [
            -153.1347861111111,
            51.43312222222222
          ],
          [
            -153.13504999999998,
            51.43319444444444
          ],
          [
            -153.13531388888887,
            51.433274999999995
          ],
          [
            -153.13556944444443,
            51.43336944444444
          ],
          [
            -153.13581944444445,
            51.43346944444444
          ],
          [
            -153.13606666666666,
            51.43358333333333
          ],
          [
            -153.13630277777776,
            51.433705555555555
          ],
          [
            -153.136525,
            51.433838888888886
          ],
          [
            -153.13673055555554,
            51.43398055555555
          ],
          [
            -153.13691666666665,
            51.434130555555555
          ],
          [
            -153.13708333333332,
            51.434286111111106
          ],
          [
            -153.1372333333333,
            51.43445277777777
          ],
          [
            -153.1373611111111,
            51.43462777777778
          ],
          [
            -153.13746666666665,
            51.43480555555555
          ],
          [
            -153.13754722222222,
            51.43498888888889
          ],
          [
            -153.1376,
            51.435174999999994
          ],
          [
            -153.13762499999999,
            51.435361111111106
          ],
          [
            -153.1376222222222,
            51.43555277777777
          ],
          [
            -153.13758888888887,
            51.435741666666665
          ],
          [
            -153.13752499999998,
            51.43593333333333
          ],
          [
            -153.13743333333332,
            51.43611388888888
          ],
          [
            -153.1373111111111,
            51.43629166666666
          ],
          [
            -153.1371638888889,
            51.43646111111111
          ],
          [
            -153.13698888888888,
            51.43662222222222
          ],
          [
            -153.13679166666665,
            51.43677222222222
          ],
          [
            -153.1365722222222,
            51.43691388888889
          ],
          [
            -153.1363361111111,
            51.43705
          ],
          [
            -153.13609166666666,
            51.437174999999996
          ],
          [
            -153.13583888888888,
            51.437302777777774
          ],
          [
            -153.135575,
            51.43743333333333
          ],
          [
            -153.13530555555556,
            51.43756111111111
          ],
          [
            -153.13503055555555,
            51.437691666666666
          ],
          [
            -153.13475833333334,
            51.43781666666666
          ],
          [
            -153.13448055555554,
            51.43794722222222
          ],
          [
            -153.13420555555555,
            51.43807777777778
          ],
          [
            -153.13392777777776,
            51.438202777777775
          ],
          [
            -153.13365,
            51.43833333333333
          ],
          [
            -153.13337222222222,
            51.43846666666666
          ],
          [
            -153.1330888888889,
            51.438599999999994
          ],
          [
            -153.13280277777778,
            51.43873333333333
          ],
          [
            -153.1325111111111,
            51.43886666666666
          ],
          [
            -153.13221388888888,
            51.439
          ],
          [
            -153.13191111111112,
            51.43913611111111
          ],
          [
            -153.1316111111111,
            51.43927222222222
          ],
          [
            -153.13131111111113,
            51.43940833333333
          ],
          [
            -153.1310138888889,
            51.43955
          ],
          [
            -153.13071666666667,
            51.43969166666666
          ],
          [
            -153.13041944444444,
            51.43983333333333
          ],
          [
            -153.13011944444446,
            51.43997222222222
          ],
          [
            -153.12981666666667,
            51.44011111111111
          ],
          [
            -153.12950833333335,
            51.44025
          ],
          [
            -153.1292,
            51.44038888888888
          ],
          [
            -153.12889444444446,
            51.440530555555554
          ],
          [
            -153.12859166666667,
            51.440675
          ],
          [
            -153.12829166666668,
            51.44083055555555
          ],
          [
            -153.12800000000001,
            51.44098611111111
          ],
          [
            -153.12772222222222,
            51.44115833333333
          ],
          [
            -153.12746666666666,
            51.44133055555555
          ],
          [
            -153.12723333333335,
            51.441516666666665
          ],
          [
            -153.12702777777778,
            51.44170833333333
          ],
          [
            -153.12685000000002,
            51.44190833333333
          ],
          [
            -153.12670277777778,
            51.442116666666664
          ],
          [
            -153.12658611111112,
            51.44233055555555
          ],
          [
            -153.12650000000002,
            51.44254166666666
          ],
          [
            -153.12644722222223,
            51.44275277777778
          ],
          [
            -153.126425,
            51.44296666666666
          ],
          [
            -153.12643055555557,
            51.44318333333333
          ],
          [
            -153.12646111111113,
            51.44339166666666
          ],
          [
            -153.12652222222223,
            51.44360277777778
          ],
          [
            -153.12660833333334,
            51.44380833333333
          ],
          [
            -153.1267138888889,
            51.44400833333333
          ],
          [
            -153.12684444444446,
            51.44421111111111
          ],
          [
            -153.127,
            51.44440833333333
          ],
          [
            -153.12717777777777,
            51.444602777777774
          ],
          [
            -153.12738333333334,
            51.44479444444444
          ],
          [
            -153.12761666666668,
            51.44497777777777
          ],
          [
            -153.12787222222224,
            51.44515277777777
          ],
          [
            -153.12815277777779,
            51.445325
          ],
          [
            -153.1284527777778,
            51.445480555555555
          ],
          [
            -153.1287777777778,
            51.44563055555555
          ],
          [
            -153.12912500000002,
            51.445769444444444
          ],
          [
            -153.12949722222223,
            51.44589166666666
          ],
          [
            -153.12988611111112,
            51.44600277777777
          ],
          [
            -153.13028888888888,
            51.446099999999994
          ],
          [
            -153.13070000000002,
            51.446191666666664
          ],
          [
            -153.13111944444447,
            51.44627777777777
          ],
          [
            -153.13153888888888,
            51.44635833333333
          ],
          [
            -153.13195555555555,
            51.44643333333333
          ],
          [
            -153.13237777777778,
            51.446505555555554
          ],
          [
            -153.13279722222222,
            51.446574999999996
          ],
          [
            -153.1332138888889,
            51.446641666666665
          ],
          [
            -153.13362777777778,
            51.44671111111111
          ],
          [
            -153.13404166666666,
            51.446774999999995
          ],
          [
            -153.13445555555555,
            51.44683611111111
          ],
          [
            -153.1348722222222,
            51.44689722222222
          ],
          [
            -153.13528888888888,
            51.446955555555554
          ],
          [
            -153.13570277777777,
            51.44701944444444
          ],
          [
            -153.1361111111111,
            51.44708333333333
          ],
          [
            -153.13651388888889,
            51.44714722222222
          ],
          [
            -153.1369111111111,
            51.44721388888888
          ],
          [
            -153.13730833333332,
            51.44727777777778
          ],
          [
            -153.13770833333334,
            51.447336111111106
          ],
          [
            -153.1381111111111,
            51.44738888888889
          ],
          [
            -153.13851111111111,
            51.44744444444444
          ],
          [
            -153.1389111111111,
            51.44750277777777
          ],
          [
            -153.1393111111111,
            51.44756388888889
          ],
          [
            -153.13970555555554,
            51.447627777777775
          ],
          [
            -153.14010555555555,
            51.447691666666664
          ],
          [
            -153.14050277777778,
            51.44775277777777
          ],
          [
            -153.1409,
            51.44781111111111
          ],
          [
            -153.14128888888888,
            51.44786944444444
          ],
          [
            -153.14167777777777,
            51.44792777777777
          ],
          [
            -153.14206944444445,
            51.44798888888889
          ],
          [
            -153.14246111111112,
            51.44804722222222
          ],
          [
            -153.14285277777776,
            51.44810833333333
          ],
          [
            -153.14324722222221,
            51.448166666666665
          ],
          [
            -153.1436388888889,
            51.448224999999994
          ],
          [
            -153.14403055555556,
            51.448277777777776
          ],
          [
            -153.1444111111111,
            51.44833333333333
          ],
          [
            -153.1447861111111,
            51.448388888888886
          ],
          [
            -153.14515277777778,
            51.44844444444444
          ],
          [
            -153.14551944444443,
            51.448502777777776
          ],
          [
            -153.14587777777777,
            51.44856111111111
          ],
          [
            -153.1462361111111,
            51.44862222222222
          ],
          [
            -153.14659444444445,
            51.448680555555555
          ],
          [
            -153.14694722222222,
            51.44873888888888
          ],
          [
            -153.14730277777778,
            51.44879444444444
          ],
          [
            -153.14765555555556,
            51.44884444444444
          ],
          [
            -153.14800555555556,
            51.44889722222222
          ],
          [
            -153.14835555555555,
            51.44894166666666
          ],
          [
            -153.14870555555555,
            51.44898611111111
          ],
          [
            -153.14905555555555,
            51.44903055555555
          ],
          [
            -153.14939999999999,
            51.449077777777774
          ],
          [
            -153.1497388888889,
            51.44913333333333
          ],
          [
            -153.15006944444445,
            51.44918611111111
          ],
          [
            -153.15040000000002,
            51.44924444444444
          ],
          [
            -153.15072777777777,
            51.449302777777774
          ],
          [
            -153.15105833333334,
            51.44936111111111
          ],
          [
            -153.15138611111112,
            51.449416666666664
          ],
          [
            -153.15171666666666,
            51.449463888888886
          ],
          [
            -153.15204722222222,
            51.44951111111111
          ],
          [
            -153.1523777777778,
            51.449555555555555
          ],
          [
            -153.15270555555557,
            51.4496
          ],
          [
            -153.15303333333333,
            51.44964444444444
          ],
          [
            -153.15335555555555,
            51.449691666666666
          ],
          [
            -153.153675,
            51.44973888888889
          ],
          [
            -153.1539888888889,
            51.44978611111111
          ],
          [
            -153.1543027777778,
            51.44983611111111
          ],
          [
            -153.1546138888889,
            51.44988055555555
          ],
          [
            -153.15491944444446,
            51.44992777777777
          ],
          [
            -153.15522222222222,
            51.44997222222222
          ],
          [
            -153.155525,
            51.45001388888889
          ],
          [
            -153.155825,
            51.45005833333334
          ],
          [
            -153.156125,
            51.45010555555556
          ],
          [
            -153.156425,
            51.45015
          ],
          [
            -153.156725,
            51.45019444444445
          ],
          [
            -153.15701944444444,
            51.45023888888889
          ],
          [
            -153.1573111111111,
            51.45028333333334
          ],
          [
            -153.15760277777778,
            51.45032777777778
          ],
          [
            -153.1578861111111,
            51.45037222222223
          ],
          [
            -153.15816944444444,
            51.45041388888889
          ],
          [
            -153.15844722222224,
            51.450452777777784
          ],
          [
            -153.15872222222222,
            51.450494444444445
          ],
          [
            -153.15899722222224,
            51.45053333333334
          ],
          [
            -153.159275,
            51.45056944444445
          ],
          [
            -153.15954722222222,
            51.450611111111115
          ],
          [
            -153.15982222222223,
            51.45065277777778
          ],
          [
            -153.16009444444444,
            51.45069166666667
          ],
          [
            -153.1603638888889,
            51.45073611111111
          ],
          [
            -153.1606361111111,
            51.45078055555556
          ],
          [
            -153.16090555555556,
            51.450825
          ],
          [
            -153.16117500000001,
            51.45086944444445
          ],
          [
            -153.19050000000001,
            51.46483055555556
          ],
          [
            -153.19076944444444,
            51.464872222222226
          ],
          [
            -153.19103611111112,
            51.464908333333334
          ],
          [
            -153.1913,
            51.46494722222222
          ],
          [
            -153.19156666666666,
            51.464986111111116
          ],
          [
            -153.19183333333334,
            51.465019444444444
          ],
          [
            -153.19209444444445,
            51.46505555555556
          ],
          [
            -153.19235555555557,
            51.465094444444446
          ],
          [
            -153.19261111111112,
            51.465138888888895
          ],
          [
            -153.19286666666667,
            51.465180555555555
          ],
          [
            -153.19311666666667,
            51.46521944444445
          ],
          [
            -153.19336666666666,
            51.46526111111111
          ],
          [
            -153.19361666666666,
            51.465300000000006
          ],
          [
            -153.19386666666668,
            51.465338888888894
          ],
          [
            -153.19412222222223,
            51.465375
          ],
          [
            -153.194375,
            51.465411111111116
          ],
          [
            -153.19462222222222,
            51.46544444444445
          ],
          [
            -153.19486944444444,
            51.46547777777778
          ],
          [
            -153.19511666666668,
            51.46551111111111
          ],
          [
            -153.1953638888889,
            51.46554444444445
          ],
          [
            -153.1956111111111,
            51.46558055555556
          ],
          [
            -153.19585833333335,
            51.46561388888889
          ],
          [
            -153.19610555555556,
            51.465650000000004
          ],
          [
            -153.19635277777778,
            51.46568333333334
          ],
          [
            -153.19660000000002,
            51.465719444444446
          ],
          [
            -153.19684722222223,
            51.46575555555556
          ],
          [
            -153.19709722222223,
            51.46579444444445
          ],
          [
            -153.19735,
            51.46582777777778
          ],
          [
            -153.1976,
            51.46586666666667
          ],
          [
            -153.19785000000002,
            51.465900000000005
          ],
          [
            -153.1981,
            51.46593333333334
          ],
          [
            -153.19835277777779,
            51.46596388888889
          ],
          [
            -153.19860555555556,
            51.466
          ],
          [
            -153.19885833333333,
            51.466030555555555
          ],
          [
            -153.1991111111111,
            51.46606111111112
          ],
          [
            -153.1993611111111,
            51.466094444444444
          ],
          [
            -153.19961111111112,
            51.466125000000005
          ],
          [
            -153.19986111111112,
            51.46615833333334
          ],
          [
            -153.20010833333333,
            51.46619444444445
          ],
          [
            -153.20035833333333,
            51.46622777777778
          ],
          [
            -153.20060555555554,
            51.46626666666667
          ],
          [
            -153.20085277777775,
            51.466300000000004
          ],
          [
            -153.2011,
            51.46633611111111
          ],
          [
            -153.20134444444443,
            51.466372222222226
          ],
          [
            -153.20158888888886,
            51.46640555555556
          ],
          [
            -153.20183333333333,
            51.466438888888895
          ],
          [
            -153.20207499999998,
            51.466475
          ],
          [
            -153.20231388888888,
            51.46651111111112
          ],
          [
            -153.20255555555553,
            51.466544444444445
          ],
          [
            -153.20279722222222,
            51.46658333333334
          ],
          [
            -153.2030361111111,
            51.46662222222223
          ],
          [
            -153.20327777777777,
            51.466658333333335
          ],
          [
            -153.20351666666664,
            51.46669722222222
          ],
          [
            -153.2037611111111,
            51.46673333333334
          ],
          [
            -153.20400277777776,
            51.466772222222225
          ],
          [
            -153.20424444444444,
            51.46680833333333
          ],
          [
            -153.20448888888887,
            51.46684166666667
          ],
          [
            -153.20473055555556,
            51.46687777777778
          ],
          [
            -153.204975,
            51.466911111111116
          ],
          [
            -153.20521666666664,
            51.466944444444444
          ],
          [
            -153.2054611111111,
            51.46697777777778
          ],
          [
            -153.20570555555554,
            51.46701388888889
          ],
          [
            -153.20594722222222,
            51.46704444444445
          ],
          [
            -153.20618888888887,
            51.46707777777778
          ],
          [
            -153.20643055555556,
            51.46711388888889
          ],
          [
            -153.20666944444443,
            51.46714722222222
          ],
          [
            -153.2069111111111,
            51.46718055555556
          ],
          [
            -153.20715555555554,
            51.46721388888889
          ],
          [
            -153.20740555555554,
            51.46725
          ],
          [
            -153.20765555555553,
            51.467283333333334
          ],
          [
            -153.20790833333334,
            51.46732222222222
          ],
          [
            -153.20815833333333,
            51.46735555555556
          ],
          [
            -153.20840833333332,
            51.46738888888889
          ],
          [
            -153.2086611111111,
            51.467422222222226
          ],
          [
            -153.2089083333333,
            51.46745833333333
          ],
          [
            -153.20915277777777,
            51.46749444444445
          ],
          [
            -153.2093972222222,
            51.467533333333336
          ],
          [
            -153.20964166666664,
            51.46756944444444
          ],
          [
            -153.20988333333332,
            51.46761111111111
          ],
          [
            -153.21012499999998,
            51.46765277777778
          ],
          [
            -153.21036666666666,
            51.467688888888894
          ],
          [
            -153.2106083333333,
            51.467730555555555
          ],
          [
            -153.21085277777777,
            51.46777222222222
          ],
          [
            -153.2110972222222,
            51.46780833333334
          ],
          [
            -153.21134444444442,
            51.467847222222225
          ],
          [
            -153.21158888888888,
            51.46788333333333
          ],
          [
            -153.21183055555554,
            51.46792222222222
          ],
          [
            -153.212075,
            51.467955555555555
          ],
          [
            -153.2123222222222,
            51.46799166666667
          ],
          [
            -153.21256944444443,
            51.46802777777778
          ],
          [
            -153.21281666666667,
            51.46806111111111
          ],
          [
            -153.21306388888888,
            51.46809722222223
          ],
          [
            -153.21330833333332,
            51.468133333333334
          ],
          [
            -153.21355277777778,
            51.46816666666667
          ],
          [
            -153.21379444444443,
            51.468202777777776
          ],
          [
            -153.2140361111111,
            51.46823888888889
          ],
          [
            -153.214275,
            51.468272222222225
          ],
          [
            -153.21450833333333,
            51.46831111111111
          ],
          [
            -153.21474166666667,
            51.46834444444445
          ],
          [
            -153.21497499999998,
            51.468383333333335
          ],
          [
            -153.21520833333332,
            51.46841944444444
          ],
          [
            -153.21543888888888,
            51.46845555555556
          ],
          [
            -153.21566666666666,
            51.46848888888889
          ],
          [
            -153.21589166666666,
            51.46852777777778
          ],
          [
            -153.21611944444444,
            51.468561111111114
          ],
          [
            -153.2163472222222,
            51.46859444444445
          ],
          [
            -153.21657499999998,
            51.46862777777778
          ],
          [
            -153.2168,
            51.46866388888889
          ],
          [
            -153.2170277777778,
            51.468697222222225
          ],
          [
            -153.21725,
            51.46873055555556
          ],
          [
            -153.21747222222223,
            51.46876666666667
          ],
          [
            -153.21769166666667,
            51.46879722222222
          ],
          [
            -153.21790833333333,
            51.468830555555556
          ],
          [
            -153.21812500000001,
            51.46886111111111
          ],
          [
            -153.21834166666667,
            51.46889166666667
          ],
          [
            -153.21855555555555,
            51.468922222222226
          ],
          [
            -153.21876944444443,
            51.46895277777778
          ],
          [
            -153.21897777777778,
            51.468983333333334
          ],
          [
            -153.21918333333335,
            51.46901388888889
          ],
          [
            -153.21938333333333,
            51.46904444444445
          ],
          [
            -153.21958055555555,
            51.46908055555556
          ],
          [
            -153.21978055555556,
            51.46911388888889
          ],
          [
            -153.219975,
            51.469147222222226
          ],
          [
            -153.22016666666667,
            51.469186111111114
          ],
          [
            -153.22035833333334,
            51.469225
          ],
          [
            -153.22054722222222,
            51.46926666666667
          ],
          [
            -153.22074166666667,
            51.46931388888889
          ],
          [
            -153.22093611111111,
            51.469366666666666
          ],
          [
            -153.22113611111112,
            51.469425
          ],
          [
            -153.2213361111111,
            51.469483333333336
          ],
          [
            -153.22154166666667,
            51.469547222222225
          ],
          [
            -153.22175000000001,
            51.46961944444445
          ],
          [
            -153.2219611111111,
            51.46969166666667
          ],
          [
            -153.2221722222222,
            51.469769444444445
          ],
          [
            -153.22238333333334,
            51.46984722222222
          ],
          [
            -153.22259444444444,
            51.46993333333334
          ],
          [
            -153.2228027777778,
            51.470019444444446
          ],
          [
            -153.22300833333333,
            51.470108333333336
          ],
          [
            -153.2232111111111,
            51.47019166666667
          ],
          [
            -153.22340833333334,
            51.470280555555554
          ],
          [
            -153.22360277777778,
            51.470369444444444
          ],
          [
            -153.22379166666667,
            51.47045833333333
          ],
          [
            -153.22398055555556,
            51.47054722222222
          ],
          [
            -153.22416944444444,
            51.47063611111111
          ],
          [
            -153.22435277777777,
            51.470725
          ],
          [
            -153.22453333333334,
            51.47081666666667
          ],
          [
            -153.2247111111111,
            51.47090555555556
          ],
          [
            -153.22488333333334,
            51.47099444444444
          ],
          [
            -153.22505555555557,
            51.47108055555556
          ],
          [
            -153.225225,
            51.47116944444445
          ],
          [
            -153.22539444444445,
            51.47125555555556
          ],
          [
            -153.2255638888889,
            51.47134166666667
          ],
          [
            -153.22573333333332,
            51.471425
          ],
          [
            -153.2259,
            51.47151111111111
          ],
          [
            -153.22606666666667,
            51.47159722222222
          ],
          [
            -153.22623333333334,
            51.47167777777778
          ],
          [
            -153.2264,
            51.471763888888894
          ],
          [
            -153.2265638888889,
            51.47184166666667
          ],
          [
            -153.22673055555555,
            51.471925
          ],
          [
            -153.22689444444444,
            51.472
          ],
          [
            -153.22705833333333,
            51.47207777777778
          ],
          [
            -153.22721944444444,
            51.47215555555556
          ],
          [
            -153.22738333333334,
            51.472230555555555
          ],
          [
            -153.22754166666667,
            51.47230833333334
          ],
          [
            -153.2277,
            51.47238333333333
          ],
          [
            -153.22785555555555,
            51.472458333333336
          ],
          [
            -153.2280111111111,
            51.47253333333334
          ],
          [
            -153.2281638888889,
            51.47260833333333
          ],
          [
            -153.22831944444445,
            51.472683333333336
          ],
          [
            -153.22847222222222,
            51.47275833333334
          ],
          [
            -153.2286222222222,
            51.472833333333334
          ],
          [
            -153.22877222222223,
            51.472905555555556
          ],
          [
            -153.22892222222222,
            51.472975000000005
          ],
          [
            -153.22907222222221,
            51.47304722222223
          ],
          [
            -153.22922222222223,
            51.47311666666667
          ],
          [
            -153.22937222222222,
            51.47318611111111
          ],
          [
            -153.22951666666665,
            51.47325277777778
          ],
          [
            -153.2296611111111,
            51.47331666666667
          ],
          [
            -153.22980555555554,
            51.47338333333334
          ],
          [
            -153.22995,
            51.47344722222223
          ],
          [
            -153.2300972222222,
            51.473511111111115
          ],
          [
            -153.23024444444445,
            51.47357777777778
          ],
          [
            -153.23038888888888,
            51.47363888888889
          ],
          [
            -153.23053333333334,
            51.47370277777778
          ],
          [
            -153.23067777777777,
            51.47376944444444
          ],
          [
            -153.23081944444445,
            51.47383333333334
          ],
          [
            -153.2309611111111,
            51.47389722222223
          ],
          [
            -153.23110277777778,
            51.473961111111116
          ],
          [
            -153.23124166666668,
            51.474025000000005
          ],
          [
            -153.23138333333333,
            51.47408888888889
          ],
          [
            -153.23152222222222,
            51.474155555555555
          ],
          [
            -153.23166111111112,
            51.474219444444444
          ],
          [
            -153.2318,
            51.47428055555556
          ],
          [
            -153.23194444444445,
            51.47434444444445
          ],
          [
            -153.23208888888888,
            51.47441111111111
          ],
          [
            -153.23223333333334,
            51.474475000000005
          ],
          [
            -153.232375,
            51.47454166666667
          ],
          [
            -153.23251666666667,
            51.47460277777778
          ],
          [
            -153.23265555555557,
            51.47466666666667
          ],
          [
            -153.23279166666666,
            51.47472777777778
          ],
          [
            -153.23292777777777,
            51.47478888888889
          ],
          [
            -153.2330611111111,
            51.47485555555556
          ],
          [
            -153.23319722222223,
            51.474916666666665
          ],
          [
            -153.23333055555557,
            51.47497777777778
          ],
          [
            -153.23346666666666,
            51.47503888888889
          ],
          [
            -153.2336,
            51.47510277777778
          ],
          [
            -153.23373611111109,
            51.47516666666667
          ],
          [
            -153.23386944444442,
            51.475230555555555
          ],
          [
            -153.23400277777776,
            51.47529166666667
          ],
          [
            -153.23413333333332,
            51.47535555555556
          ],
          [
            -153.23426666666666,
            51.47542222222222
          ],
          [
            -153.2344,
            51.47548333333334
          ],
          [
            -153.23453333333333,
            51.475547222222225
          ],
          [
            -153.2346638888889,
            51.475613888888894
          ],
          [
            -153.2347972222222,
            51.47567777777778
          ],
          [
            -153.23492777777776,
            51.47573888888889
          ],
          [
            -153.23505555555553,
            51.4758
          ],
          [
            -153.2351861111111,
            51.47586666666667
          ],
          [
            -153.23531944444443,
            51.47592777777778
          ],
          [
            -153.23545,
            51.47598888888889
          ],
          [
            -153.23557777777776,
            51.47605
          ],
          [
            -153.2357111111111,
            51.476108333333336
          ],
          [
            -153.23584166666666,
            51.476169444444444
          ],
          [
            -153.235975,
            51.47623055555556
          ],
          [
            -153.23610833333333,
            51.47628888888889
          ],
          [
            -153.23624166666664,
            51.476350000000004
          ],
          [
            -153.23637499999998,
            51.47640833333333
          ],
          [
            -153.2365111111111,
            51.47646666666667
          ],
          [
            -153.23664444444444,
            51.47652777777778
          ],
          [
            -153.23677777777777,
            51.47658611111111
          ],
          [
            -153.23691111111108,
            51.476644444444446
          ],
          [
            -153.23704444444442,
            51.476705555555554
          ],
          [
            -153.23718055555554,
            51.47676388888889
          ],
          [
            -153.23731388888888,
            51.476825000000005
          ],
          [
            -153.23744444444444,
            51.47688333333333
          ],
          [
            -153.23757777777777,
            51.47694444444445
          ],
          [
            -153.23770833333333,
            51.47700555555556
          ],
          [
            -153.2378388888889,
            51.477066666666666
          ],
          [
            -153.23796944444445,
            51.477125
          ],
          [
            -153.23809999999997,
            51.477186111111116
          ],
          [
            -153.23822777777775,
            51.477250000000005
          ],
          [
            -153.2383583333333,
            51.47731111111111
          ],
          [
            -153.23848888888887,
            51.47737222222222
          ],
          [
            -153.23861944444442,
            51.47743333333334
          ],
          [
            -153.23874999999998,
            51.477497222222226
          ],
          [
            -153.23888055555554,
            51.477558333333334
          ],
          [
            -153.23900833333332,
            51.47761944444444
          ],
          [
            -153.23913888888887,
            51.47768333333334
          ],
          [
            -153.23926944444443,
            51.47774444444445
          ],
          [
            -153.2394,
            51.477805555555555
          ],
          [
            -153.23952777777777,
            51.47786666666667
          ],
          [
            -153.23965555555554,
            51.47792777777778
          ],
          [
            -153.2397861111111,
            51.47798888888889
          ],
          [
            -153.23991388888888,
            51.47805
          ],
          [
            -153.24003888888888,
            51.47811666666667
          ],
          [
            -153.24016388888887,
            51.478175
          ],
          [
            -153.24028888888887,
            51.478236111111116
          ],
          [
            -153.24041388888887,
            51.478297222222224
          ],
          [
            -153.24053888888886,
            51.47835833333333
          ],
          [
            -153.2406611111111,
            51.47841944444445
          ],
          [
            -153.2407861111111,
            51.47848055555556
          ],
          [
            -153.2409111111111,
            51.47854166666667
          ],
          [
            -153.2410361111111,
            51.47860555555556
          ],
          [
            -153.2411611111111,
            51.478661111111116
          ],
          [
            -153.2412861111111,
            51.478725000000004
          ],
          [
            -153.2414111111111,
            51.47878333333333
          ],
          [
            -153.2415361111111,
            51.47884444444445
          ],
          [
            -153.24166111111109,
            51.4789
          ],
          [
            -153.2417861111111,
            51.47895833333334
          ],
          [
            -153.2419111111111,
            51.47901388888889
          ],
          [
            -153.24203333333332,
            51.47907222222222
          ],
          [
            -153.24215555555554,
            51.47912777777778
          ],
          [
            -153.24228055555554,
            51.47918611111111
          ],
          [
            -153.24240277777776,
            51.479238888888894
          ],
          [
            -153.242525,
            51.47929722222222
          ],
          [
            -153.24264722222222,
            51.47935277777778
          ],
          [
            -153.24276666666665,
            51.47940833333333
          ],
          [
            -153.2428833333333,
            51.47945833333333
          ],
          [
            -153.24300277777778,
            51.479511111111115
          ],
          [
            -153.2431222222222,
            51.47956666666667
          ],
          [
            -153.24324166666665,
            51.479622222222226
          ],
          [
            -153.24336111111108,
            51.479675
          ],
          [
            -153.24347777777777,
            51.479730555555555
          ],
          [
            -153.2435972222222,
            51.47978333333334
          ],
          [
            -153.24371388888886,
            51.47983611111111
          ],
          [
            -153.24383055555555,
            51.47989166666667
          ],
          [
            -153.24394444444442,
            51.47994166666667
          ],
          [
            -153.2440611111111,
            51.479997222222224
          ],
          [
            -153.24417499999998,
            51.48005
          ],
          [
            -153.2442888888889,
            51.4801
          ],
          [
            -153.24440277777776,
            51.480155555555555
          ],
          [
            -153.2445138888889,
            51.48020555555556
          ],
          [
            -153.24462777777777,
            51.48025833333333
          ],
          [
            -153.24474166666664,
            51.48030833333333
          ],
          [
            -153.24485555555555,
            51.480361111111115
          ],
          [
            -153.24496944444442,
            51.48041388888889
          ],
          [
            -153.24508333333333,
            51.48046666666667
          ],
          [
            -153.2451972222222,
            51.48051666666667
          ],
          [
            -153.24530833333333,
            51.48056666666667
          ],
          [
            -153.24541944444442,
            51.48061666666667
          ],
          [
            -153.24553055555555,
            51.48066666666667
          ],
          [
            -153.24564166666664,
            51.480716666666666
          ],
          [
            -153.24575277777777,
            51.48076944444445
          ],
          [
            -153.24586388888886,
            51.48081944444445
          ],
          [
            -153.24597777777777,
            51.480875000000005
          ],
          [
            -153.24608888888886,
            51.48092777777778
          ],
          [
            -153.2462,
            51.480980555555554
          ],
          [
            -153.2463111111111,
            51.481033333333336
          ],
          [
            -153.2464222222222,
            51.48108611111111
          ],
          [
            -153.24653611111108,
            51.481141666666666
          ],
          [
            -153.24664444444443,
            51.48119166666667
          ],
          [
            -153.24675277777777,
            51.48124444444445
          ],
          [
            -153.2468583333333,
            51.481294444444444
          ],
          [
            -153.24696944444443,
            51.48135
          ],
          [
            -153.24707777777778,
            51.48140277777778
          ],
          [
            -153.2471833333333,
            51.481455555555556
          ],
          [
            -153.24729166666665,
            51.48150555555556
          ],
          [
            -153.24739722222222,
            51.48155833333333
          ],
          [
            -153.24750277777775,
            51.481608333333334
          ],
          [
            -153.24760555555554,
            51.481658333333336
          ],
          [
            -153.24770833333332,
            51.48170833333334
          ],
          [
            -153.24781388888889,
            51.48175555555556
          ],
          [
            -153.24791666666664,
            51.48180833333333
          ],
          [
            -153.24801944444442,
            51.481855555555555
          ],
          [
            -153.248125,
            51.481902777777776
          ],
          [
            -153.24822777777777,
            51.48195555555556
          ],
          [
            -153.2483333333333,
            51.48200277777778
          ],
          [
            -153.2484361111111,
            51.48205277777778
          ],
          [
            -153.24853888888887,
            51.4821
          ],
          [
            -153.24864166666666,
            51.482150000000004
          ],
          [
            -153.24874722222222,
            51.482197222222226
          ],
          [
            -153.2488472222222,
            51.48224722222223
          ],
          [
            -153.24895277777776,
            51.48229722222222
          ],
          [
            -153.24905277777776,
            51.48234444444444
          ],
          [
            -153.24915555555555,
            51.48239166666667
          ],
          [
            -153.24925833333333,
            51.482441666666666
          ],
          [
            -153.24936111111109,
            51.48249166666667
          ],
          [
            -153.2494611111111,
            51.48253888888889
          ],
          [
            -153.24956388888887,
            51.48258888888889
          ],
          [
            -153.24966388888888,
            51.48263611111111
          ],
          [
            -153.24976388888888,
            51.482686111111114
          ],
          [
            -153.24986388888888,
            51.482736111111116
          ],
          [
            -153.24996388888889,
            51.48278333333334
          ],
          [
            -153.2500638888889,
            51.48283611111111
          ],
          [
            -153.2501638888889,
            51.482883333333334
          ],
          [
            -153.2502638888889,
            51.482930555555555
          ],
          [
            -153.25036111111112,
            51.482977777777776
          ],
          [
            -153.25045833333334,
            51.48303055555556
          ],
          [
            -153.25055833333334,
            51.48307777777778
          ],
          [
            -153.25065555555557,
            51.483125
          ],
          [
            -153.25075,
            51.48316944444445
          ],
          [
            -153.25084722222223,
            51.48321666666667
          ],
          [
            -153.25094166666668,
            51.483266666666665
          ],
          [
            -153.25103611111112,
            51.483313888888894
          ],
          [
            -153.25113333333334,
            51.483361111111115
          ],
          [
            -153.25122777777779,
            51.48340555555556
          ],
          [
            -153.25132222222223,
            51.48345277777778
          ],
          [
            -153.25141666666667,
            51.48350277777778
          ],
          [
            -153.2515111111111,
            51.48355
          ],
          [
            -153.25160555555556,
            51.48359722222222
          ],
          [
            -153.25170277777778,
            51.483644444444444
          ],
          [
            -153.25179722222222,
            51.483691666666665
          ],
          [
            -153.25188888888889,
            51.483736111111114
          ],
          [
            -153.25198333333333,
            51.483786111111115
          ],
          [
            -153.252075,
            51.48383333333334
          ],
          [
            -153.25216666666665,
            51.48387777777778
          ],
          [
            -153.25225833333334,
            51.483925
          ],
          [
            -153.25234722222223,
            51.48397222222222
          ],
          [
            -153.2524388888889,
            51.48401666666667
          ],
          [
            -153.25252777777777,
            51.48406388888889
          ],
          [
            -153.25261944444443,
            51.48410833333333
          ],
          [
            -153.25271111111113,
            51.48415833333333
          ],
          [
            -153.2528027777778,
            51.48420277777778
          ],
          [
            -153.25289166666667,
            51.48425
          ],
          [
            -153.25298333333333,
            51.484294444444444
          ],
          [
            -153.25307222222222,
            51.48433888888889
          ],
          [
            -153.2531611111111,
            51.484383333333334
          ],
          [
            -153.2532527777778,
            51.48442777777778
          ],
          [
            -153.25334166666667,
            51.48447222222222
          ],
          [
            -153.25343055555555,
            51.48451111111111
          ],
          [
            -153.25352222222222,
            51.48455555555556
          ],
          [
            -153.25361388888888,
            51.4846
          ],
          [
            -153.2537027777778,
            51.48464444444445
          ],
          [
            -153.25379444444445,
            51.48468888888889
          ],
          [
            -153.25388333333333,
            51.48473055555556
          ],
          [
            -153.253975,
            51.484775
          ],
          [
            -153.25406666666666,
            51.48481944444445
          ],
          [
            -153.25415555555554,
            51.48486388888889
          ],
          [
            -153.25424722222223,
            51.48490555555556
          ],
          [
            -153.2543388888889,
            51.48495
          ],
          [
            -153.25443333333334,
            51.484994444444446
          ],
          [
            -153.254525,
            51.485033333333334
          ],
          [
            -153.25461666666666,
            51.485080555555555
          ],
          [
            -153.25470833333333,
            51.48511944444444
          ],
          [
            -153.2548,
            51.48516388888889
          ],
          [
            -153.25489166666668,
            51.48520555555556
          ],
          [
            -153.25498333333334,
            51.48525
          ],
          [
            -153.255075,
            51.48529166666667
          ],
          [
            -153.25516944444445,
            51.48533611111111
          ],
          [
            -153.25525833333333,
            51.485375
          ],
          [
            -153.25535,
            51.485419444444446
          ],
          [
            -153.25544166666666,
            51.485461111111114
          ],
          [
            -153.25553055555557,
            51.485505555555555
          ],
          [
            -153.25562222222223,
            51.48554722222222
          ],
          [
            -153.2557111111111,
            51.485591666666664
          ],
          [
            -153.2558,
            51.48563611111111
          ],
          [
            -153.25589166666666,
            51.48567777777778
          ],
          [
            -153.25598055555557,
            51.48572222222222
          ],
          [
            -153.25606944444445,
            51.48576666666667
          ],
          [
            -153.25615833333333,
            51.48580833333333
          ],
          [
            -153.2562472222222,
            51.48585
          ],
          [
            -153.25633611111112,
            51.48589444444445
          ],
          [
            -153.256425,
            51.485936111111116
          ],
          [
            -153.2565138888889,
            51.48598055555556
          ],
          [
            -153.25660277777777,
            51.486025
          ],
          [
            -153.25669166666665,
            51.486066666666666
          ],
          [
            -153.25678055555557,
            51.486111111111114
          ],
          [
            -153.25687222222223,
            51.486155555555555
          ],
          [
            -153.2569611111111,
            51.48619722222222
          ],
          [
            -153.25705,
            51.48623888888889
          ],
          [
            -153.25714166666666,
            51.48628055555556
          ],
          [
            -153.25723055555557,
            51.48632222222222
          ],
          [
            -153.25731944444445,
            51.48636666666667
          ],
          [
            -153.25740833333333,
            51.48640833333334
          ],
          [
            -153.2574972222222,
            51.48645
          ],
          [
            -153.25758888888888,
            51.486494444444446
          ],
          [
            -153.2576777777778,
            51.486533333333334
          ],
          [
            -153.25776944444445,
            51.486575
          ],
          [
            -153.25785833333333,
            51.48661944444444
          ],
          [
            -153.25795,
            51.48666388888889
          ],
          [
            -153.25804166666666,
            51.48670555555556
          ],
          [
            -153.25813055555557,
            51.48675
          ],
          [
            -153.25822222222223,
            51.48679444444444
          ],
          [
            -153.2583111111111,
            51.48683888888889
          ],
          [
            -153.2584,
            51.48688333333333
          ],
          [
            -153.25848888888888,
            51.48692777777778
          ],
          [
            -153.2585777777778,
            51.48697222222222
          ],
          [
            -153.25866944444445,
            51.48701666666667
          ],
          [
            -153.25875833333333,
            51.48706111111111
          ],
          [
            -153.25884444444443,
            51.4871
          ],
          [
            -153.25893333333335,
            51.487144444444446
          ],
          [
            -153.25902222222223,
            51.48718888888889
          ],
          [
            -153.2591111111111,
            51.487233333333336
          ],
          [
            -153.2592,
            51.48727777777778
          ],
          [
            -153.25928888888888,
            51.487319444444445
          ],
          [
            -153.2593777777778,
            51.48736388888889
          ],
          [
            -153.25946666666667,
            51.487405555555554
          ],
          [
            -153.25955555555555,
            51.48745
          ],
          [
            -153.2596472222222,
            51.487494444444444
          ],
          [
            -153.25973888888888,
            51.48753611111111
          ],
          [
            -153.2598277777778,
            51.48757777777778
          ],
          [
            -153.25991944444445,
            51.48762222222222
          ],
          [
            -153.26000833333333,
            51.48766388888889
          ],
          [
            -153.2600972222222,
            51.48770555555556
          ],
          [
            -153.26018611111112,
            51.48775
          ],
          [
            -153.260275,
            51.487791666666666
          ],
          [
            -153.2603638888889,
            51.487830555555554
          ],
          [
            -153.26045555555555,
            51.48787222222222
          ],
          [
            -153.26054444444443,
            51.48791666666667
          ],
          [
            -153.26063055555557,
            51.48795833333333
          ],
          [
            -153.26071944444445,
            51.488
          ],
          [
            -153.26080833333333,
            51.48804166666667
          ],
          [
            -153.2608972222222,
            51.488080555555555
          ],
          [
            -153.26098333333334,
            51.488125000000004
          ],
          [
            -153.26107222222223,
            51.488166666666665
          ],
          [
            -153.2611611111111,
            51.48820833333333
          ],
          [
            -153.2612472222222,
            51.48824722222222
          ],
          [
            -153.26133611111112,
            51.48828888888889
          ],
          [
            -153.261425,
            51.48833333333334
          ],
          [
            -153.2615111111111,
            51.488375
          ],
          [
            -153.26159722222224,
            51.488416666666666
          ],
          [
            -153.26168611111112,
            51.488461111111114
          ],
          [
            -153.26177222222222,
            51.4885
          ],
          [
            -153.2618611111111,
            51.48854166666667
          ],
          [
            -153.26194722222223,
            51.48858611111111
          ],
          [
            -153.26203333333333,
            51.48862777777778
          ],
          [
            -153.26212222222222,
            51.48866944444445
          ],
          [
            -153.26220833333332,
            51.48871388888889
          ],
          [
            -153.26229444444445,
            51.488752777777776
          ],
          [
            -153.26238333333333,
            51.488797222222225
          ],
          [
            -153.26246944444443,
            51.48883888888889
          ],
          [
            -153.26255833333335,
            51.48888055555555
          ],
          [
            -153.26264444444445,
            51.488925
          ],
          [
            -153.26273333333333,
            51.48896666666667
          ],
          [
            -153.2628222222222,
            51.48901111111111
          ],
          [
            -153.26290833333334,
            51.48905
          ],
          [
            -153.26299722222222,
            51.48909444444445
          ],
          [
            -153.2630861111111,
            51.489136111111115
          ],
          [
            -153.2631722222222,
            51.489180555555556
          ],
          [
            -153.26326111111112,
            51.489225
          ],
          [
            -153.26335277777778,
            51.489269444444446
          ],
          [
            -153.26344166666667,
            51.48931388888889
          ],
          [
            -153.26353055555555,
            51.489358333333335
          ],
          [
            -153.26361944444446,
            51.48940277777778
          ],
          [
            -153.26370833333334,
            51.489444444444445
          ],
          [
            -153.26379444444444,
            51.48948888888889
          ]
        ]
      },
      "properties": {
        "kind": "TRACK",
        "platform_id": "OWNSHIP",
        "platform_name": "OWNSHIP",
        "track_type": "CONTACT",
        "start_time": "1900-12-12T06:35:03.910000+00:00",
        "end_time": "1900-12-12T10:00:07.910000+00:00",
        "positions": [
          {
            "time": "1900-12-12T06:35:03.910000+00:00",
            "course": 204.9,
            "speed": 4.5,
            "depth": 19.41
          },
          {
            "time": "1900-12-12T06:35:11.910000+00:00",
            "course": 208.87,
            "speed": 4.59,
            "depth": 20.13
          },
          {
            "time": "1900-12-12T06:35:19.920000+00:00",
            "course": 212.55,
            "speed": 4.62,
            "depth": 20.98
          },
          {
            "time": "1900-12-12T06:35:27.920000+00:00",
            "course": 215.97,
            "speed": 4.87,
            "depth": 21.94
          },
          {
            "time": "1900-12-12T06:35:35.920000+00:00",
            "course": 219.1,
            "speed": 4.87,
            "depth": 22.9
          },
          {
            "time": "1900-12-12T06:35:43.920000+00:00",
            "course": 221.92,
            "speed": 4.94,
            "depth": 24.11
          },
          {
            "time": "1900-12-12T06:35:51.920000+00:00",
            "course": 224.45,
            "speed": 5.03,
            "depth": 25.2
          },
          {
            "time": "1900-12-12T06:35:59.920000+00:00",
            "course": 226.63,
            "speed": 5.09,
            "depth": 26.28
          },
          {
            "time": "1900-12-12T06:36:07.920000+00:00",
            "course": 228.54,
            "speed": 5.22,
            "depth": 27.48
          },
          {
            "time": "1900-12-12T06:36:15.920000+00:00",
            "course": 230.06,
            "speed": 5.27,
            "depth": 28.69
          },
          {
            "time": "1900-12-12T06:36:23.910000+00:00",
            "course": 231.17,
            "speed": 5.32,
            "depth": 29.89
          },
          {
            "time": "1900-12-12T06:36:31.910000+00:00",
            "course": 231.88,
            "speed": 5.38,
            "depth": 31.22
          },
          {
            "time": "1900-12-12T06:36:39.910000+00:00",
            "course": 232.43,
            "speed": 5.55,
            "depth": 32.55
          },
          {
            "time": "1900-12-12T06:36:47.920000+00:00",
            "course": 232.98,
            "speed": 5.63,
            "depth": 33.75
          },
          {
            "time": "1900-12-12T06:36:55.910000+00:00",
            "course": 233.36,
            "speed": 5.66,
            "depth": 34.96
          },
          {
            "time": "1900-12-12T06:37:03.910000+00:00",
            "course": 233.39,
            "speed": 5.82,
            "depth": 36.29
          },
          {
            "time": "1900-12-12T06:37:11.910000+00:00",
            "course": 233.01,
            "speed": 5.92,
            "depth": 37.85
          },
          {
            "time": "1900-12-12T06:37:19.910000+00:00",
            "course": 232.23,
            "speed": 5.97,
            "depth": 39.18
          },
          {
            "time": "1900-12-12T06:37:27.910000+00:00",
            "course": 231.4,
            "speed": 5.97,
            "depth": 40.5
          },
          {
            "time": "1900-12-12T06:37:35.910000+00:00",
            "course": 231.13,
            "speed": 5.97,
            "depth": 41.83
          },
          {
            "time": "1900-12-12T06:37:43.910000+00:00",
            "course": 231.05,
            "speed": 6.07,
            "depth": 43.28
          },
          {
            "time": "1900-12-12T06:37:51.910000+00:00",
            "course": 231.12,
            "speed": 6.07,
            "depth": 44.96
          },
          {
            "time": "1900-12-12T06:37:59.910000+00:00",
            "course": 231.46,
            "speed": 6.14,
            "depth": 46.41
          },
          {
            "time": "1900-12-12T06:38:07.920000+00:00",
            "course": 231.99,
            "speed": 6.25,
            "depth": 47.61
          },
          {
            "time": "1900-12-12T06:38:15.920000+00:00",
            "course": 232.34,
            "speed": 6.25,
            "depth": 48.94
          },
          {
            "time": "1900-12-12T06:38:23.920000+00:00",
            "course": 232.28,
            "speed": 6.35,
            "depth": 50.14
          },
          {
            "time": "1900-12-12T06:38:31.920000+00:00",
            "course": 231.85,
            "speed": 6.44,
            "depth": 51.35
          },
          {
            "time": "1900-12-12T06:38:39.920000+00:00",
            "course": 231.12,
            "speed": 6.41,
            "depth": 52.56
          },
          {
            "time": "1900-12-12T06:38:47.910000+00:00",
            "course": 230.38,
            "speed": 6.39,
            "depth": 53.76
          },
          {
            "time": "1900-12-12T06:38:55.910000+00:00",
            "course": 229.77,
            "speed": 6.44,
            "depth": 55.09
          },
          {
            "time": "1900-12-12T06:39:03.910000+00:00",
            "course": 229.27,
            "speed": 6.44,
            "depth": 55.93
          },
          {
            "time": "1900-12-12T06:39:11.910000+00:00",
            "course": 228.85,
            "speed": 6.46,
            "depth": 56.78
          },
          {
            "time": "1900-12-12T06:39:19.910000+00:00",
            "course": 228.44,
            "speed": 6.46,
            "depth": 57.62
          },
          {
            "time": "1900-12-12T06:39:27.920000+00:00",
            "course": 228.05,
            "speed": 6.45,
            "depth": 58.34
          },
          {
            "time": "1900-12-12T06:39:35.920000+00:00",
            "course": 227.72,
            "speed": 6.34,
            "depth": 58.59
          },
          {
            "time": "1900-12-12T06:39:43.920000+00:00",
            "course": 227.43,
            "speed": 6.33,
            "depth": 58.82
          },
          {
            "time": "1900-12-12T06:39:51.920000+00:00",
            "course": 227.55,
            "speed": 6.33,
            "depth": 59.19
          },
          {
            "time": "1900-12-12T06:39:59.920000+00:00",
            "course": 228.22,
            "speed": 6.35,
            "depth": 59.43
          },
          {
            "time": "1900-12-12T06:40:07.920000+00:00",
            "course": 229.29,
            "speed": 6.33,
            "depth": 59.67
          },
          {
            "time": "1900-12-12T06:40:15.920000+00:00",
            "course": 230.6,
            "speed": 6.33,
            "depth": 59.79
          },
          {
            "time": "1900-12-12T06:40:23.920000+00:00",
            "course": 231.53,
            "speed": 6.33,
            "depth": 59.79
          },
          {
            "time": "1900-12-12T06:40:31.920000+00:00",
            "course": 232.03,
            "speed": 6.37,
            "depth": 59.79
          },
          {
            "time": "1900-12-12T06:40:39.920000+00:00",
            "course": 232.13,
            "speed": 6.42,
            "depth": 59.79
          },
          {
            "time": "1900-12-12T06:40:47.920000+00:00",
            "course": 232.01,
            "speed": 6.39,
            "depth": 59.67
          },
          {
            "time": "1900-12-12T06:40:55.920000+00:00",
            "course": 231.84,
            "speed": 6.39,
            "depth": 59.67
          },
          {
            "time": "1900-12-12T06:41:03.920000+00:00",
            "course": 231.73,
            "speed": 6.39,
            "depth": 59.43
          },
          {
            "time": "1900-12-12T06:41:11.920000+00:00",
            "course": 231.6,
            "speed": 6.51,
            "depth": 59.19
          },
          {
            "time": "1900-12-12T06:41:19.920000+00:00",
            "course": 231.39,
            "speed": 6.61,
            "depth": 59.19
          },
          {
            "time": "1900-12-12T06:41:27.920000+00:00",
            "course": 231.13,
            "speed": 6.56,
            "depth": 58.95
          },
          {
            "time": "1900-12-12T06:41:35.920000+00:00",
            "course": 230.83,
            "speed": 6.51,
            "depth": 58.95
          },
          {
            "time": "1900-12-12T06:41:43.920000+00:00",
            "course": 230.49,
            "speed": 6.51,
            "depth": 58.95
          },
          {
            "time": "1900-12-12T06:41:51.920000+00:00",
            "course": 230.16,
            "speed": 6.51,
            "depth": 58.95
          },
          {
            "time": "1900-12-12T06:41:59.910000+00:00",
            "course": 230.01,
            "speed": 6.51,
            "depth": 58.95
          },
          {
            "time": "1900-12-12T06:42:07.930000+00:00",
            "course": 230.11,
            "speed": 6.51,
            "depth": 59.07
          },
          {
            "time": "1900-12-12T06:42:15.920000+00:00",
            "course": 230.37,
            "speed": 6.58,
            "depth": 59.07
          },
          {
            "time": "1900-12-12T06:42:23.920000+00:00",
            "course": 230.72,
            "speed": 6.61,
            "depth": 59.07
          },
          {
            "time": "1900-12-12T06:42:31.920000+00:00",
            "course": 231.25,
            "speed": 6.61,
            "depth": 59.07
          },
          {
            "time": "1900-12-12T06:42:39.920000+00:00",
            "course": 231.94,
            "speed": 6.61,
            "depth": 59.07
          },
          {
            "time": "1900-12-12T06:42:47.910000+00:00",
            "course": 232.73,
            "speed": 6.61,
            "depth": 59.07
          },
          {
            "time": "1900-12-12T06:42:55.910000+00:00",
            "course": 233.67,
            "speed": 6.54,
            "depth": 59.07
          },
          {
            "time": "1900-12-12T06:43:03.910000+00:00",
            "course": 234.85,
            "speed": 6.54,
            "depth": 59.07
          },
          {
            "time": "1900-12-12T06:43:11.910000+00:00",
            "course": 236.07,
            "speed": 6.54,
            "depth": 59.07
          },
          {
            "time": "1900-12-12T06:43:19.910000+00:00",
            "course": 236.51,
            "speed": 6.56,
            "depth": 58.82
          },
          {
            "time": "1900-12-12T06:43:27.920000+00:00",
            "course": 235.93,
            "speed": 6.58,
            "depth": 58.71
          },
          {
            "time": "1900-12-12T06:43:35.920000+00:00",
            "course": 234.4,
            "speed": 6.6,
            "depth": 58.46
          },
          {
            "time": "1900-12-12T06:43:43.930000+00:00",
            "course": 232.19,
            "speed": 6.63,
            "depth": 58.46
          },
          {
            "time": "1900-12-12T06:43:51.930000+00:00",
            "course": 230.81,
            "speed": 6.5,
            "depth": 58.22
          },
          {
            "time": "1900-12-12T06:43:59.920000+00:00",
            "course": 230.54,
            "speed": 6.42,
            "depth": 57.98
          },
          {
            "time": "1900-12-12T06:44:07.920000+00:00",
            "course": 231.04,
            "speed": 6.42,
            "depth": 57.98
          },
          {
            "time": "1900-12-12T06:44:15.920000+00:00",
            "course": 231.84,
            "speed": 6.42,
            "depth": 57.98
          },
          {
            "time": "1900-12-12T06:44:23.920000+00:00",
            "course": 232.54,
            "speed": 6.46,
            "depth": 57.98
          },
          {
            "time": "1900-12-12T06:44:31.920000+00:00",
            "course": 232.62,
            "speed": 6.51,
            "depth": 58.34
          },
          {
            "time": "1900-12-12T06:44:39.920000+00:00",
            "course": 232.1,
            "speed": 6.62,
            "depth": 58.71
          },
          {
            "time": "1900-12-12T06:44:47.920000+00:00",
            "course": 231.19,
            "speed": 6.63,
            "depth": 58.82
          },
          {
            "time": "1900-12-12T06:44:55.920000+00:00",
            "course": 230.2,
            "speed": 6.67,
            "depth": 58.82
          },
          {
            "time": "1900-12-12T06:45:03.920000+00:00",
            "course": 229.49,
            "speed": 6.67,
            "depth": 58.82
          },
          {
            "time": "1900-12-12T06:45:11.920000+00:00",
            "course": 229.18,
            "speed": 6.66,
            "depth": 58.82
          },
          {
            "time": "1900-12-12T06:45:19.920000+00:00",
            "course": 229.34,
            "speed": 6.65,
            "depth": 59.07
          },
          {
            "time": "1900-12-12T06:45:27.920000+00:00",
            "course": 229.89,
            "speed": 6.56,
            "depth": 59.07
          },
          {
            "time": "1900-12-12T06:45:35.920000+00:00",
            "course": 230.55,
            "speed": 6.56,
            "depth": 59.07
          },
          {
            "time": "1900-12-12T06:45:43.920000+00:00",
            "course": 231.17,
            "speed": 6.56,
            "depth": 59.07
          },
          {
            "time": "1900-12-12T06:45:51.920000+00:00",
            "course": 231.65,
            "speed": 6.47,
            "depth": 59.07
          },
          {
            "time": "1900-12-12T06:45:59.920000+00:00",
            "course": 231.91,
            "speed": 6.47,
            "depth": 59.07
          },
          {
            "time": "1900-12-12T06:46:07.930000+00:00",
            "course": 231.88,
            "speed": 6.48,
            "depth": 59.07
          },
          {
            "time": "1900-12-12T06:46:15.930000+00:00",
            "course": 231.59,
            "speed": 6.59,
            "depth": 59.07
          },
          {
            "time": "1900-12-12T06:46:23.930000+00:00",
            "course": 230.96,
            "speed": 6.67,
            "depth": 59.07
          },
          {
            "time": "1900-12-12T06:46:31.930000+00:00",
            "course": 230.13,
            "speed": 6.83,
            "depth": 59.07
          },
          {
            "time": "1900-12-12T06:46:39.930000+00:00",
            "course": 229.17,
            "speed": 6.9,
            "depth": 58.82
          },
          {
            "time": "1900-12-12T06:46:47.930000+00:00",
            "course": 228.43,
            "speed": 6.86,
            "depth": 58.82
          },
          {
            "time": "1900-12-12T06:46:55.930000+00:00",
            "course": 227.98,
            "speed": 6.86,
            "depth": 58.82
          },
          {
            "time": "1900-12-12T06:47:03.930000+00:00",
            "course": 227.92,
            "speed": 6.86,
            "depth": 58.82
          },
          {
            "time": "1900-12-12T06:47:11.930000+00:00",
            "course": 228.24,
            "speed": 6.74,
            "depth": 58.82
          },
          {
            "time": "1900-12-12T06:47:19.920000+00:00",
            "course": 228.79,
            "speed": 6.61,
            "depth": 58.82
          },
          {
            "time": "1900-12-12T06:47:27.930000+00:00",
            "course": 229.52,
            "speed": 6.63,
            "depth": 58.82
          },
          {
            "time": "1900-12-12T06:47:35.920000+00:00",
            "course": 230.21,
            "speed": 6.65,
            "depth": 58.82
          },
          {
            "time": "1900-12-12T06:47:43.930000+00:00",
            "course": 230.75,
            "speed": 6.65,
            "depth": 58.82
          },
          {
            "time": "1900-12-12T06:47:51.930000+00:00",
            "course": 231.11,
            "speed": 6.73,
            "depth": 58.82
          },
          {
            "time": "1900-12-12T06:47:59.930000+00:00",
            "course": 231.35,
            "speed": 6.86,
            "depth": 58.82
          },
          {
            "time": "1900-12-12T06:48:07.930000+00:00",
            "course": 231.45,
            "speed": 6.95,
            "depth": 58.82
          },
          {
            "time": "1900-12-12T06:48:15.930000+00:00",
            "course": 231.47,
            "speed": 6.85,
            "depth": 58.82
          },
          {
            "time": "1900-12-12T06:48:23.930000+00:00",
            "course": 231.53,
            "speed": 6.7,
            "depth": 58.82
          },
          {
            "time": "1900-12-12T06:48:31.930000+00:00",
            "course": 231.65,
            "speed": 6.68,
            "depth": 58.82
          },
          {
            "time": "1900-12-12T06:48:39.920000+00:00",
            "course": 231.79,
            "speed": 6.68,
            "depth": 58.71
          },
          {
            "time": "1900-12-12T06:48:47.930000+00:00",
            "course": 232.33,
            "speed": 6.72,
            "depth": 58.71
          },
          {
            "time": "1900-12-12T06:48:55.920000+00:00",
            "course": 234.57,
            "speed": 6.83,
            "depth": 58.82
          },
          {
            "time": "1900-12-12T06:49:03.930000+00:00",
            "course": 238.11,
            "speed": 7.06,
            "depth": 59.43
          },
          {
            "time": "1900-12-12T06:49:11.930000+00:00",
            "course": 242.84,
            "speed": 7.33,
            "depth": 59.91
          },
          {
            "time": "1900-12-12T06:49:19.920000+00:00",
            "course": 248.45,
            "speed": 7.65,
            "depth": 59.91
          },
          {
            "time": "1900-12-12T06:49:27.940000+00:00",
            "course": 254.93,
            "speed": 8.05,
            "depth": 59.79
          },
          {
            "time": "1900-12-12T06:49:35.930000+00:00",
            "course": 262.83,
            "speed": 8.36,
            "depth": 59.19
          },
          {
            "time": "1900-12-12T06:49:43.930000+00:00",
            "course": 272.14,
            "speed": 8.66,
            "depth": 58.59
          },
          {
            "time": "1900-12-12T06:49:51.930000+00:00",
            "course": 282.33,
            "speed": 8.82,
            "depth": 58.46
          },
          {
            "time": "1900-12-12T06:49:59.930000+00:00",
            "course": 293.1,
            "speed": 8.96,
            "depth": 58.22
          },
          {
            "time": "1900-12-12T06:50:07.920000+00:00",
            "course": 303.04,
            "speed": 9.11,
            "depth": 58.82
          },
          {
            "time": "1900-12-12T06:50:15.920000+00:00",
            "course": 309.16,
            "speed": 9.54,
            "depth": 58.82
          },
          {
            "time": "1900-12-12T06:50:23.920000+00:00",
            "course": 312.4,
            "speed": 9.95,
            "depth": 58.46
          },
          {
            "time": "1900-12-12T06:50:31.920000+00:00",
            "course": 313.92,
            "speed": 10.43,
            "depth": 57.98
          },
          {
            "time": "1900-12-12T06:50:39.920000+00:00",
            "course": 314.45,
            "speed": 10.93,
            "depth": 57.74
          },
          {
            "time": "1900-12-12T06:50:47.930000+00:00",
            "course": 313.88,
            "speed": 11.34,
            "depth": 57.74
          },
          {
            "time": "1900-12-12T06:50:55.930000+00:00",
            "course": 313.41,
            "speed": 11.48,
            "depth": 57.38
          },
          {
            "time": "1900-12-12T06:51:03.930000+00:00",
            "course": 313.47,
            "speed": 11.66,
            "depth": 57.38
          },
          {
            "time": "1900-12-12T06:51:11.930000+00:00",
            "course": 314.01,
            "speed": 11.95,
            "depth": 58.1
          },
          {
            "time": "1900-12-12T06:51:19.930000+00:00",
            "course": 314.78,
            "speed": 12.23,
            "depth": 58.46
          },
          {
            "time": "1900-12-12T06:51:27.930000+00:00",
            "course": 315.67,
            "speed": 12.47,
            "depth": 58.82
          },
          {
            "time": "1900-12-12T06:51:35.930000+00:00",
            "course": 315.8,
            "speed": 12.6,
            "depth": 58.82
          },
          {
            "time": "1900-12-12T06:51:43.930000+00:00",
            "course": 315.45,
            "speed": 12.94,
            "depth": 59.19
          },
          {
            "time": "1900-12-12T06:51:51.930000+00:00",
            "course": 314.69,
            "speed": 13.14,
            "depth": 59.55
          },
          {
            "time": "1900-12-12T06:51:59.930000+00:00",
            "course": 314.07,
            "speed": 13.43,
            "depth": 59.55
          },
          {
            "time": "1900-12-12T06:52:07.930000+00:00",
            "course": 314.24,
            "speed": 13.62,
            "depth": 59.55
          },
          {
            "time": "1900-12-12T06:52:15.930000+00:00",
            "course": 314.59,
            "speed": 13.64,
            "depth": 59.55
          },
          {
            "time": "1900-12-12T06:52:23.930000+00:00",
            "course": 314.87,
            "speed": 13.78,
            "depth": 59.67
          },
          {
            "time": "1900-12-12T06:52:31.930000+00:00",
            "course": 315.27,
            "speed": 13.91,
            "depth": 59.79
          },
          {
            "time": "1900-12-12T06:52:39.930000+00:00",
            "course": 316.1,
            "speed": 14.05,
            "depth": 59.43
          },
          {
            "time": "1900-12-12T06:52:47.930000+00:00",
            "course": 316.34,
            "speed": 14.12,
            "depth": 58.95
          },
          {
            "time": "1900-12-12T06:52:55.930000+00:00",
            "course": 315.74,
            "speed": 14.15,
            "depth": 58.82
          },
          {
            "time": "1900-12-12T06:53:03.930000+00:00",
            "course": 314.26,
            "speed": 14.17,
            "depth": 59.07
          },
          {
            "time": "1900-12-12T06:53:11.930000+00:00",
            "course": 314.08,
            "speed": 14.21,
            "depth": 59.19
          },
          {
            "time": "1900-12-12T06:53:19.930000+00:00",
            "course": 315.24,
            "speed": 14.28,
            "depth": 59.19
          },
          {
            "time": "1900-12-12T06:53:27.930000+00:00",
            "course": 315.97,
            "speed": 14.33,
            "depth": 59.19
          },
          {
            "time": "1900-12-12T06:53:35.930000+00:00",
            "course": 315.37,
            "speed": 14.35,
            "depth": 59.19
          },
          {
            "time": "1900-12-12T06:53:43.930000+00:00",
            "course": 314.25,
            "speed": 14.4,
            "depth": 59.67
          },
          {
            "time": "1900-12-12T06:53:51.930000+00:00",
            "course": 314.32,
            "speed": 14.4,
            "depth": 59.91
          },
          {
            "time": "1900-12-12T06:53:59.930000+00:00",
            "course": 315.9,
            "speed": 14.4,
            "depth": 59.79
          },
          {
            "time": "1900-12-12T06:54:07.930000+00:00",
            "course": 316.64,
            "speed": 14.44,
            "depth": 59.19
          },
          {
            "time": "1900-12-12T06:54:15.930000+00:00",
            "course": 316.2,
            "speed": 14.46,
            "depth": 58.95
          },
          {
            "time": "1900-12-12T06:54:23.930000+00:00",
            "course": 315.59,
            "speed": 14.46,
            "depth": 58.95
          },
          {
            "time": "1900-12-12T06:54:31.930000+00:00",
            "course": 316.16,
            "speed": 14.56,
            "depth": 58.71
          },
          {
            "time": "1900-12-12T06:54:39.920000+00:00",
            "course": 316.99,
            "speed": 14.61,
            "depth": 58.46
          },
          {
            "time": "1900-12-12T06:54:47.940000+00:00",
            "course": 317.05,
            "speed": 14.61,
            "depth": 58.46
          },
          {
            "time": "1900-12-12T06:54:55.930000+00:00",
            "course": 315.54,
            "speed": 14.64,
            "depth": 58.82
          },
          {
            "time": "1900-12-12T06:55:03.940000+00:00",
            "course": 314.95,
            "speed": 14.64,
            "depth": 58.82
          },
          {
            "time": "1900-12-12T06:55:11.930000+00:00",
            "course": 315.01,
            "speed": 14.64,
            "depth": 58.71
          },
          {
            "time": "1900-12-12T06:55:19.930000+00:00",
            "course": 314.61,
            "speed": 14.69,
            "depth": 58.71
          },
          {
            "time": "1900-12-12T06:55:27.930000+00:00",
            "course": 314.59,
            "speed": 14.69,
            "depth": 59.07
          },
          {
            "time": "1900-12-12T06:55:35.930000+00:00",
            "course": 315.56,
            "speed": 14.81,
            "depth": 59.07
          },
          {
            "time": "1900-12-12T06:55:43.930000+00:00",
            "course": 315.73,
            "speed": 15.0,
            "depth": 59.07
          },
          {
            "time": "1900-12-12T06:55:51.930000+00:00",
            "course": 315.38,
            "speed": 14.89,
            "depth": 59.07
          },
          {
            "time": "1900-12-12T06:55:59.930000+00:00",
            "course": 314.84,
            "speed": 14.87,
            "depth": 59.19
          },
          {
            "time": "1900-12-12T06:56:07.930000+00:00",
            "course": 315.44,
            "speed": 14.87,
            "depth": 59.19
          },
          {
            "time": "1900-12-12T06:56:15.930000+00:00",
            "course": 315.28,
            "speed": 14.84,
            "depth": 59.19
          },
          {
            "time": "1900-12-12T06:56:23.930000+00:00",
            "course": 314.7,
            "speed": 14.84,
            "depth": 59.43
          },
          {
            "time": "1900-12-12T06:56:31.930000+00:00",
            "course": 314.49,
            "speed": 14.84,
            "depth": 59.43
          },
          {
            "time": "1900-12-12T06:56:39.930000+00:00",
            "course": 314.42,
            "speed": 14.81,
            "depth": 59.43
          },
          {
            "time": "1900-12-12T06:56:47.930000+00:00",
            "course": 314.31,
            "speed": 14.72,
            "depth": 59.43
          },
          {
            "time": "1900-12-12T06:56:55.940000+00:00",
            "course": 314.4,
            "speed": 14.69,
            "depth": 59.67
          },
          {
            "time": "1900-12-12T06:57:03.930000+00:00",
            "course": 314.47,
            "speed": 14.69,
            "depth": 59.43
          },
          {
            "time": "1900-12-12T06:57:11.930000+00:00",
            "course": 314.23,
            "speed": 14.69,
            "depth": 59.31
          },
          {
            "time": "1900-12-12T06:57:19.930000+00:00",
            "course": 314.48,
            "speed": 14.69,
            "depth": 59.31
          },
          {
            "time": "1900-12-12T06:57:27.930000+00:00",
            "course": 315.5,
            "speed": 14.69,
            "depth": 59.31
          },
          {
            "time": "1900-12-12T06:57:35.930000+00:00",
            "course": 315.76,
            "speed": 14.67,
            "depth": 59.43
          },
          {
            "time": "1900-12-12T06:57:43.930000+00:00",
            "course": 314.85,
            "speed": 14.67,
            "depth": 59.43
          },
          {
            "time": "1900-12-12T06:57:51.930000+00:00",
            "course": 314.81,
            "speed": 14.7,
            "depth": 59.19
          },
          {
            "time": "1900-12-12T06:57:59.930000+00:00",
            "course": 315.09,
            "speed": 14.74,
            "depth": 59.19
          },
          {
            "time": "1900-12-12T06:58:07.930000+00:00",
            "course": 315.23,
            "speed": 14.74,
            "depth": 59.19
          },
          {
            "time": "1900-12-12T06:58:15.930000+00:00",
            "course": 315.22,
            "speed": 14.74,
            "depth": 59.19
          },
          {
            "time": "1900-12-12T06:58:23.930000+00:00",
            "course": 314.57,
            "speed": 14.74,
            "depth": 59.19
          },
          {
            "time": "1900-12-12T06:58:31.930000+00:00",
            "course": 314.01,
            "speed": 14.74,
            "depth": 59.19
          },
          {
            "time": "1900-12-12T06:58:39.920000+00:00",
            "course": 314.93,
            "speed": 14.74,
            "depth": 58.95
          },
          {
            "time": "1900-12-12T06:58:47.940000+00:00",
            "course": 315.67,
            "speed": 14.74,
            "depth": 58.95
          },
          {
            "time": "1900-12-12T06:58:55.920000+00:00",
            "course": 315.36,
            "speed": 14.74,
            "depth": 59.07
          },
          {
            "time": "1900-12-12T06:59:03.900000+00:00",
            "course": 315.1,
            "speed": 14.74,
            "depth": 59.19
          },
          {
            "time": "1900-12-12T06:59:11.900000+00:00",
            "course": 315.34,
            "speed": 14.78,
            "depth": 59.19
          },
          {
            "time": "1900-12-12T06:59:19.900000+00:00",
            "course": 315.66,
            "speed": 14.81,
            "depth": 59.19
          },
          {
            "time": "1900-12-12T06:59:27.910000+00:00",
            "course": 315.09,
            "speed": 14.81,
            "depth": 59.19
          },
          {
            "time": "1900-12-12T06:59:35.920000+00:00",
            "course": 314.14,
            "speed": 14.81,
            "depth": 59.43
          },
          {
            "time": "1900-12-12T06:59:43.930000+00:00",
            "course": 314.18,
            "speed": 14.81,
            "depth": 59.43
          },
          {
            "time": "1900-12-12T06:59:51.920000+00:00",
            "course": 315.12,
            "speed": 14.81,
            "depth": 59.19
          },
          {
            "time": "1900-12-12T06:59:59.900000+00:00",
            "course": 315.52,
            "speed": 14.81,
            "depth": 59.19
          },
          {
            "time": "1900-12-12T07:00:07.890000+00:00",
            "course": 315.2,
            "speed": 14.84,
            "depth": 59.19
          },
          {
            "time": "1900-12-12T07:00:15.880000+00:00",
            "course": 315.07,
            "speed": 14.84,
            "depth": 59.19
          },
          {
            "time": "1900-12-12T07:00:23.870000+00:00",
            "course": 315.15,
            "speed": 14.84,
            "depth": 59.19
          },
          {
            "time": "1900-12-12T07:00:31.870000+00:00",
            "course": 315.49,
            "speed": 14.84,
            "depth": 58.95
          },
          {
            "time": "1900-12-12T07:00:39.870000+00:00",
            "course": 315.59,
            "speed": 14.84,
            "depth": 58.95
          },
          {
            "time": "1900-12-12T07:00:47.870000+00:00",
            "course": 315.47,
            "speed": 14.94,
            "depth": 59.07
          },
          {
            "time": "1900-12-12T07:00:55.870000+00:00",
            "course": 314.93,
            "speed": 14.97,
            "depth": 59.19
          },
          {
            "time": "1900-12-12T07:01:03.870000+00:00",
            "course": 314.57,
            "speed": 14.97,
            "depth": 59.19
          },
          {
            "time": "1900-12-12T07:01:11.870000+00:00",
            "course": 314.62,
            "speed": 14.81,
            "depth": 59.19
          },
          {
            "time": "1900-12-12T07:01:19.880000+00:00",
            "course": 315.07,
            "speed": 14.77,
            "depth": 59.19
          },
          {
            "time": "1900-12-12T07:01:27.870000+00:00",
            "course": 315.32,
            "speed": 14.81,
            "depth": 59.19
          },
          {
            "time": "1900-12-12T07:01:35.870000+00:00",
            "course": 314.75,
            "speed": 14.77,
            "depth": 59.19
          },
          {
            "time": "1900-12-12T07:01:43.870000+00:00",
            "course": 314.31,
            "speed": 14.77,
            "depth": 59.31
          },
          {
            "time": "1900-12-12T07:01:51.870000+00:00",
            "course": 314.47,
            "speed": 14.77,
            "depth": 59.31
          },
          {
            "time": "1900-12-12T07:01:59.870000+00:00",
            "course": 315.05,
            "speed": 14.67,
            "depth": 59.31
          },
          {
            "time": "1900-12-12T07:02:07.870000+00:00",
            "course": 317.92,
            "speed": 14.65,
            "depth": 59.31
          },
          {
            "time": "1900-12-12T07:02:15.870000+00:00",
            "course": 323.81,
            "speed": 14.62,
            "depth": 59.31
          },
          {
            "time": "1900-12-12T07:02:23.870000+00:00",
            "course": 331.63,
            "speed": 14.44,
            "depth": 59.67
          },
          {
            "time": "1900-12-12T07:02:31.870000+00:00",
            "course": 338.58,
            "speed": 14.32,
            "depth": 59.91
          },
          {
            "time": "1900-12-12T07:02:39.870000+00:00",
            "course": 344.11,
            "speed": 14.26,
            "depth": 59.91
          },
          {
            "time": "1900-12-12T07:02:47.880000+00:00",
            "course": 347.61,
            "speed": 14.24,
            "depth": 59.43
          },
          {
            "time": "1900-12-12T07:02:55.880000+00:00",
            "course": 348.84,
            "speed": 14.24,
            "depth": 59.43
          },
          {
            "time": "1900-12-12T07:03:03.880000+00:00",
            "course": 349.33,
            "speed": 14.26,
            "depth": 59.19
          },
          {
            "time": "1900-12-12T07:03:11.880000+00:00",
            "course": 349.94,
            "speed": 14.31,
            "depth": 59.19
          },
          {
            "time": "1900-12-12T07:03:19.880000+00:00",
            "course": 348.95,
            "speed": 14.31,
            "depth": 59.31
          },
          {
            "time": "1900-12-12T07:03:27.880000+00:00",
            "course": 348.9,
            "speed": 14.31,
            "depth": 59.43
          },
          {
            "time": "1900-12-12T07:03:35.880000+00:00",
            "course": 350.15,
            "speed": 14.42,
            "depth": 59.31
          },
          {
            "time": "1900-12-12T07:03:43.880000+00:00",
            "course": 350.67,
            "speed": 14.44,
            "depth": 59.31
          },
          {
            "time": "1900-12-12T07:03:51.880000+00:00",
            "course": 350.02,
            "speed": 14.43,
            "depth": 59.67
          },
          {
            "time": "1900-12-12T07:03:59.880000+00:00",
            "course": 349.93,
            "speed": 14.4,
            "depth": 59.67
          },
          {
            "time": "1900-12-12T07:04:07.890000+00:00",
            "course": 350.32,
            "speed": 14.4,
            "depth": 59.67
          },
          {
            "time": "1900-12-12T07:04:15.890000+00:00",
            "course": 350.26,
            "speed": 14.46,
            "depth": 59.67
          },
          {
            "time": "1900-12-12T07:04:23.890000+00:00",
            "course": 346.95,
            "speed": 14.52,
            "depth": 59.43
          },
          {
            "time": "1900-12-12T07:04:31.890000+00:00",
            "course": 339.54,
            "speed": 14.52,
            "depth": 59.31
          },
          {
            "time": "1900-12-12T07:04:39.890000+00:00",
            "course": 329.86,
            "speed": 14.37,
            "depth": 59.31
          },
          {
            "time": "1900-12-12T07:04:47.880000+00:00",
            "course": 325.11,
            "speed": 14.19,
            "depth": 59.43
          },
          {
            "time": "1900-12-12T07:04:55.880000+00:00",
            "course": 322.33,
            "speed": 14.17,
            "depth": 59.43
          },
          {
            "time": "1900-12-12T07:05:03.880000+00:00",
            "course": 320.64,
            "speed": 14.17,
            "depth": 59.19
          },
          {
            "time": "1900-12-12T07:05:11.880000+00:00",
            "course": 320.37,
            "speed": 14.17,
            "depth": 58.82
          },
          {
            "time": "1900-12-12T07:05:19.880000+00:00",
            "course": 319.59,
            "speed": 14.21,
            "depth": 58.82
          },
          {
            "time": "1900-12-12T07:05:27.890000+00:00",
            "course": 319.56,
            "speed": 14.24,
            "depth": 59.07
          },
          {
            "time": "1900-12-12T07:05:35.890000+00:00",
            "course": 319.45,
            "speed": 14.31,
            "depth": 59.43
          },
          {
            "time": "1900-12-12T07:05:43.890000+00:00",
            "course": 318.78,
            "speed": 14.31,
            "depth": 59.43
          },
          {
            "time": "1900-12-12T07:05:51.890000+00:00",
            "course": 319.55,
            "speed": 14.31,
            "depth": 59.31
          },
          {
            "time": "1900-12-12T07:05:59.880000+00:00",
            "course": 320.3,
            "speed": 14.31,
            "depth": 59.19
          },
          {
            "time": "1900-12-12T07:06:07.890000+00:00",
            "course": 320.15,
            "speed": 14.33,
            "depth": 59.19
          },
          {
            "time": "1900-12-12T07:06:15.880000+00:00",
            "course": 320.33,
            "speed": 14.44,
            "depth": 58.95
          },
          {
            "time": "1900-12-12T07:06:23.890000+00:00",
            "course": 320.72,
            "speed": 14.56,
            "depth": 58.71
          },
          {
            "time": "1900-12-12T07:06:31.890000+00:00",
            "course": 319.83,
            "speed": 14.59,
            "depth": 58.59
          },
          {
            "time": "1900-12-12T07:06:39.880000+00:00",
            "course": 319.21,
            "speed": 14.62,
            "depth": 58.59
          },
          {
            "time": "1900-12-12T07:06:47.880000+00:00",
            "course": 319.35,
            "speed": 14.71,
            "depth": 58.59
          },
          {
            "time": "1900-12-12T07:06:55.880000+00:00",
            "course": 319.75,
            "speed": 14.73,
            "depth": 58.59
          },
          {
            "time": "1900-12-12T07:07:03.880000+00:00",
            "course": 319.38,
            "speed": 14.81,
            "depth": 58.59
          },
          {
            "time": "1900-12-12T07:07:11.880000+00:00",
            "course": 319.04,
            "speed": 14.88,
            "depth": 58.59
          },
          {
            "time": "1900-12-12T07:07:19.880000+00:00",
            "course": 319.05,
            "speed": 14.79,
            "depth": 58.59
          },
          {
            "time": "1900-12-12T07:07:27.880000+00:00",
            "course": 319.43,
            "speed": 14.79,
            "depth": 58.71
          },
          {
            "time": "1900-12-12T07:07:35.880000+00:00",
            "course": 318.46,
            "speed": 14.83,
            "depth": 58.82
          },
          {
            "time": "1900-12-12T07:07:43.880000+00:00",
            "course": 318.14,
            "speed": 14.75,
            "depth": 58.82
          },
          {
            "time": "1900-12-12T07:07:51.880000+00:00",
            "course": 318.18,
            "speed": 14.69,
            "depth": 58.82
          },
          {
            "time": "1900-12-12T07:07:59.880000+00:00",
            "course": 317.77,
            "speed": 14.65,
            "depth": 59.07
          },
          {
            "time": "1900-12-12T07:08:07.880000+00:00",
            "course": 317.75,
            "speed": 14.65,
            "depth": 59.19
          },
          {
            "time": "1900-12-12T07:08:15.880000+00:00",
            "course": 318.25,
            "speed": 14.62,
            "depth": 59.43
          },
          {
            "time": "1900-12-12T07:08:23.880000+00:00",
            "course": 318.33,
            "speed": 14.6,
            "depth": 59.67
          },
          {
            "time": "1900-12-12T07:08:31.880000+00:00",
            "course": 317.77,
            "speed": 14.6,
            "depth": 59.67
          },
          {
            "time": "1900-12-12T07:08:39.880000+00:00",
            "course": 317.34,
            "speed": 14.57,
            "depth": 59.67
          },
          {
            "time": "1900-12-12T07:08:47.880000+00:00",
            "course": 317.72,
            "speed": 14.56,
            "depth": 59.43
          },
          {
            "time": "1900-12-12T07:08:55.880000+00:00",
            "course": 317.4,
            "speed": 14.53,
            "depth": 59.31
          },
          {
            "time": "1900-12-12T07:09:03.880000+00:00",
            "course": 316.85,
            "speed": 14.54,
            "depth": 59.31
          },
          {
            "time": "1900-12-12T07:09:11.880000+00:00",
            "course": 317.71,
            "speed": 14.56,
            "depth": 59.19
          },
          {
            "time": "1900-12-12T07:09:19.880000+00:00",
            "course": 317.95,
            "speed": 14.66,
            "depth": 58.95
          },
          {
            "time": "1900-12-12T07:09:27.880000+00:00",
            "course": 317.81,
            "speed": 14.69,
            "depth": 58.95
          },
          {
            "time": "1900-12-12T07:09:35.880000+00:00",
            "course": 317.77,
            "speed": 14.71,
            "depth": 58.95
          },
          {
            "time": "1900-12-12T07:09:43.880000+00:00",
            "course": 317.72,
            "speed": 14.71,
            "depth": 58.95
          },
          {
            "time": "1900-12-12T07:09:51.880000+00:00",
            "course": 317.6,
            "speed": 14.71,
            "depth": 58.59
          },
          {
            "time": "1900-12-12T07:09:59.880000+00:00",
            "course": 317.37,
            "speed": 14.67,
            "depth": 58.59
          },
          {
            "time": "1900-12-12T07:10:07.880000+00:00",
            "course": 317.56,
            "speed": 14.68,
            "depth": 58.59
          },
          {
            "time": "1900-12-12T07:10:15.880000+00:00",
            "course": 317.78,
            "speed": 14.74,
            "depth": 58.71
          },
          {
            "time": "1900-12-12T07:10:23.880000+00:00",
            "course": 317.65,
            "speed": 14.74,
            "depth": 58.71
          },
          {
            "time": "1900-12-12T07:10:31.880000+00:00",
            "course": 317.49,
            "speed": 14.67,
            "depth": 58.71
          },
          {
            "time": "1900-12-12T07:10:39.880000+00:00",
            "course": 317.51,
            "speed": 14.78,
            "depth": 58.71
          },
          {
            "time": "1900-12-12T07:10:47.880000+00:00",
            "course": 317.86,
            "speed": 14.88,
            "depth": 58.71
          },
          {
            "time": "1900-12-12T07:10:55.880000+00:00",
            "course": 317.94,
            "speed": 14.75,
            "depth": 58.71
          },
          {
            "time": "1900-12-12T07:11:03.880000+00:00",
            "course": 317.48,
            "speed": 14.73,
            "depth": 58.71
          },
          {
            "time": "1900-12-12T07:11:11.880000+00:00",
            "course": 317.29,
            "speed": 14.72,
            "depth": 58.59
          },
          {
            "time": "1900-12-12T07:11:19.870000+00:00",
            "course": 317.63,
            "speed": 14.73,
            "depth": 58.59
          },
          {
            "time": "1900-12-12T07:11:27.890000+00:00",
            "course": 318.01,
            "speed": 14.69,
            "depth": 59.07
          },
          {
            "time": "1900-12-12T07:11:35.880000+00:00",
            "course": 317.81,
            "speed": 14.69,
            "depth": 59.43
          },
          {
            "time": "1900-12-12T07:11:43.880000+00:00",
            "course": 317.2,
            "speed": 14.6,
            "depth": 59.43
          },
          {
            "time": "1900-12-12T07:11:51.880000+00:00",
            "course": 317.29,
            "speed": 14.6,
            "depth": 59.43
          },
          {
            "time": "1900-12-12T07:11:59.880000+00:00",
            "course": 317.82,
            "speed": 14.6,
            "depth": 59.31
          },
          {
            "time": "1900-12-12T07:12:07.880000+00:00",
            "course": 317.67,
            "speed": 14.54,
            "depth": 59.31
          },
          {
            "time": "1900-12-12T07:12:15.880000+00:00",
            "course": 317.46,
            "speed": 14.53,
            "depth": 59.31
          },
          {
            "time": "1900-12-12T07:12:23.880000+00:00",
            "course": 317.69,
            "speed": 14.53,
            "depth": 59.31
          },
          {
            "time": "1900-12-12T07:12:31.880000+00:00",
            "course": 318.27,
            "speed": 14.59,
            "depth": 59.31
          },
          {
            "time": "1900-12-12T07:12:39.880000+00:00",
            "course": 318.06,
            "speed": 14.59,
            "depth": 59.31
          },
          {
            "time": "1900-12-12T07:12:47.880000+00:00",
            "course": 317.64,
            "speed": 14.59,
            "depth": 59.31
          },
          {
            "time": "1900-12-12T07:12:55.880000+00:00",
            "course": 317.89,
            "speed": 14.53,
            "depth": 59.43
          },
          {
            "time": "1900-12-12T07:13:03.890000+00:00",
            "course": 318.2,
            "speed": 14.53,
            "depth": 59.67
          },
          {
            "time": "1900-12-12T07:13:11.890000+00:00",
            "course": 318.0,
            "speed": 14.53,
            "depth": 59.67
          },
          {
            "time": "1900-12-12T07:13:19.880000+00:00",
            "course": 317.97,
            "speed": 14.53,
            "depth": 59.55
          },
          {
            "time": "1900-12-12T07:13:27.880000+00:00",
            "course": 318.41,
            "speed": 14.53,
            "depth": 59.31
          },
          {
            "time": "1900-12-12T07:13:35.880000+00:00",
            "course": 318.4,
            "speed": 14.61,
            "depth": 59.19
          },
          {
            "time": "1900-12-12T07:13:43.880000+00:00",
            "course": 316.87,
            "speed": 14.76,
            "depth": 59.19
          },
          {
            "time": "1900-12-12T07:13:51.880000+00:00",
            "course": 317.31,
            "speed": 14.63,
            "depth": 59.19
          },
          {
            "time": "1900-12-12T07:13:59.880000+00:00",
            "course": 317.67,
            "speed": 14.6,
            "depth": 59.31
          },
          {
            "time": "1900-12-12T07:14:07.880000+00:00",
            "course": 317.24,
            "speed": 14.75,
            "depth": 59.31
          },
          {
            "time": "1900-12-12T07:14:15.880000+00:00",
            "course": 317.45,
            "speed": 14.76,
            "depth": 59.31
          },
          {
            "time": "1900-12-12T07:14:23.880000+00:00",
            "course": 317.81,
            "speed": 14.81,
            "depth": 59.19
          },
          {
            "time": "1900-12-12T07:14:31.880000+00:00",
            "course": 317.2,
            "speed": 14.83,
            "depth": 58.82
          },
          {
            "time": "1900-12-12T07:14:39.880000+00:00",
            "course": 316.84,
            "speed": 14.83,
            "depth": 58.59
          },
          {
            "time": "1900-12-12T07:14:47.890000+00:00",
            "course": 317.16,
            "speed": 14.98,
            "depth": 58.59
          },
          {
            "time": "1900-12-12T07:14:55.890000+00:00",
            "course": 317.59,
            "speed": 14.93,
            "depth": 58.59
          },
          {
            "time": "1900-12-12T07:15:03.890000+00:00",
            "course": 317.57,
            "speed": 14.91,
            "depth": 58.82
          },
          {
            "time": "1900-12-12T07:15:11.890000+00:00",
            "course": 317.19,
            "speed": 14.91,
            "depth": 58.82
          },
          {
            "time": "1900-12-12T07:15:19.890000+00:00",
            "course": 317.32,
            "speed": 14.96,
            "depth": 58.82
          },
          {
            "time": "1900-12-12T07:15:27.890000+00:00",
            "course": 317.94,
            "speed": 14.95,
            "depth": 58.82
          },
          {
            "time": "1900-12-12T07:15:35.890000+00:00",
            "course": 318.26,
            "speed": 14.91,
            "depth": 58.82
          },
          {
            "time": "1900-12-12T07:15:43.890000+00:00",
            "course": 317.83,
            "speed": 15.06,
            "depth": 58.82
          },
          {
            "time": "1900-12-12T07:15:51.890000+00:00",
            "course": 317.65,
            "speed": 14.97,
            "depth": 58.82
          },
          {
            "time": "1900-12-12T07:15:59.890000+00:00",
            "course": 318.15,
            "speed": 14.97,
            "depth": 58.82
          },
          {
            "time": "1900-12-12T07:16:07.890000+00:00",
            "course": 318.62,
            "speed": 15.1,
            "depth": 58.82
          },
          {
            "time": "1900-12-12T07:16:15.890000+00:00",
            "course": 318.1,
            "speed": 15.13,
            "depth": 59.07
          },
          {
            "time": "1900-12-12T07:16:23.890000+00:00",
            "course": 318.16,
            "speed": 15.15,
            "depth": 59.07
          },
          {
            "time": "1900-12-12T07:16:31.890000+00:00",
            "course": 318.44,
            "speed": 15.14,
            "depth": 59.07
          },
          {
            "time": "1900-12-12T07:16:39.880000+00:00",
            "course": 318.21,
            "speed": 15.03,
            "depth": 58.82
          },
          {
            "time": "1900-12-12T07:16:47.890000+00:00",
            "course": 318.0,
            "speed": 14.95,
            "depth": 58.82
          },
          {
            "time": "1900-12-12T07:16:55.890000+00:00",
            "course": 317.89,
            "speed": 14.91,
            "depth": 58.82
          },
          {
            "time": "1900-12-12T07:17:03.890000+00:00",
            "course": 317.71,
            "speed": 14.89,
            "depth": 59.07
          },
          {
            "time": "1900-12-12T07:17:11.890000+00:00",
            "course": 317.85,
            "speed": 14.87,
            "depth": 59.07
          },
          {
            "time": "1900-12-12T07:17:19.880000+00:00",
            "course": 318.08,
            "speed": 14.87,
            "depth": 59.07
          },
          {
            "time": "1900-12-12T07:17:27.900000+00:00",
            "course": 317.95,
            "speed": 14.81,
            "depth": 59.07
          },
          {
            "time": "1900-12-12T07:17:35.890000+00:00",
            "course": 318.02,
            "speed": 14.88,
            "depth": 59.07
          },
          {
            "time": "1900-12-12T07:17:43.890000+00:00",
            "course": 318.25,
            "speed": 14.88,
            "depth": 58.82
          },
          {
            "time": "1900-12-12T07:17:51.890000+00:00",
            "course": 318.21,
            "speed": 15.03,
            "depth": 58.82
          },
          {
            "time": "1900-12-12T07:17:59.890000+00:00",
            "course": 317.83,
            "speed": 14.99,
            "depth": 58.82
          },
          {
            "time": "1900-12-12T07:18:07.880000+00:00",
            "course": 317.64,
            "speed": 14.97,
            "depth": 58.82
          },
          {
            "time": "1900-12-12T07:18:15.880000+00:00",
            "course": 317.64,
            "speed": 15.0,
            "depth": 58.82
          },
          {
            "time": "1900-12-12T07:18:23.880000+00:00",
            "course": 317.9,
            "speed": 15.0,
            "depth": 58.82
          },
          {
            "time": "1900-12-12T07:18:31.880000+00:00",
            "course": 318.24,
            "speed": 14.81,
            "depth": 58.82
          },
          {
            "time": "1900-12-12T07:18:39.880000+00:00",
            "course": 318.05,
            "speed": 14.89,
            "depth": 58.82
          },
          {
            "time": "1900-12-12T07:18:47.890000+00:00",
            "course": 317.83,
            "speed": 15.07,
            "depth": 58.82
          },
          {
            "time": "1900-12-12T07:18:55.890000+00:00",
            "course": 318.05,
            "speed": 15.07,
            "depth": 58.82
          },
          {
            "time": "1900-12-12T07:19:03.890000+00:00",
            "course": 318.93,
            "speed": 14.96,
            "depth": 58.82
          },
          {
            "time": "1900-12-12T07:19:11.890000+00:00",
            "course": 319.25,
            "speed": 14.91,
            "depth": 59.07
          },
          {
            "time": "1900-12-12T07:19:19.890000+00:00",
            "course": 319.19,
            "speed": 15.0,
            "depth": 59.07
          },
          {
            "time": "1900-12-12T07:19:27.890000+00:00",
            "course": 319.73,
            "speed": 15.06,
            "depth": 59.07
          },
          {
            "time": "1900-12-12T07:19:35.890000+00:00",
            "course": 320.43,
            "speed": 15.06,
            "depth": 58.82
          },
          {
            "time": "1900-12-12T07:19:43.890000+00:00",
            "course": 320.31,
            "speed": 15.06,
            "depth": 58.82
          },
          {
            "time": "1900-12-12T07:19:51.890000+00:00",
            "course": 320.3,
            "speed": 15.07,
            "depth": 58.82
          },
          {
            "time": "1900-12-12T07:19:59.890000+00:00",
            "course": 320.59,
            "speed": 15.07,
            "depth": 58.71
          },
          {
            "time": "1900-12-12T07:20:07.890000+00:00",
            "course": 320.57,
            "speed": 15.01,
            "depth": 58.46
          },
          {
            "time": "1900-12-12T07:20:15.890000+00:00",
            "course": 319.92,
            "speed": 14.94,
            "depth": 58.46
          },
          {
            "time": "1900-12-12T07:20:23.890000+00:00",
            "course": 319.33,
            "speed": 14.95,
            "depth": 58.82
          },
          {
            "time": "1900-12-12T07:20:31.890000+00:00",
            "course": 319.87,
            "speed": 14.97,
            "depth": 58.82
          },
          {
            "time": "1900-12-12T07:20:39.890000+00:00",
            "course": 320.21,
            "speed": 14.85,
            "depth": 58.82
          },
          {
            "time": "1900-12-12T07:20:47.890000+00:00",
            "course": 320.04,
            "speed": 14.84,
            "depth": 59.07
          },
          {
            "time": "1900-12-12T07:20:55.890000+00:00",
            "course": 320.61,
            "speed": 14.87,
            "depth": 59.31
          },
          {
            "time": "1900-12-12T07:21:03.890000+00:00",
            "course": 320.17,
            "speed": 14.94,
            "depth": 59.31
          },
          {
            "time": "1900-12-12T07:21:11.890000+00:00",
            "course": 319.16,
            "speed": 14.91,
            "depth": 59.19
          },
          {
            "time": "1900-12-12T07:21:19.890000+00:00",
            "course": 319.14,
            "speed": 14.87,
            "depth": 59.19
          },
          {
            "time": "1900-12-12T07:21:27.900000+00:00",
            "course": 318.97,
            "speed": 14.91,
            "depth": 59.19
          },
          {
            "time": "1900-12-12T07:21:35.900000+00:00",
            "course": 318.66,
            "speed": 14.96,
            "depth": 59.19
          },
          {
            "time": "1900-12-12T07:21:43.900000+00:00",
            "course": 319.49,
            "speed": 14.96,
            "depth": 59.43
          },
          {
            "time": "1900-12-12T07:21:51.900000+00:00",
            "course": 319.83,
            "speed": 15.02,
            "depth": 59.43
          },
          {
            "time": "1900-12-12T07:21:59.900000+00:00",
            "course": 319.98,
            "speed": 14.95,
            "depth": 59.19
          },
          {
            "time": "1900-12-12T07:22:07.900000+00:00",
            "course": 320.51,
            "speed": 14.89,
            "depth": 59.19
          },
          {
            "time": "1900-12-12T07:22:15.890000+00:00",
            "course": 320.43,
            "speed": 14.77,
            "depth": 59.19
          },
          {
            "time": "1900-12-12T07:22:23.890000+00:00",
            "course": 319.43,
            "speed": 14.77,
            "depth": 59.19
          },
          {
            "time": "1900-12-12T07:22:31.900000+00:00",
            "course": 319.17,
            "speed": 15.03,
            "depth": 59.19
          },
          {
            "time": "1900-12-12T07:22:39.900000+00:00",
            "course": 319.28,
            "speed": 14.99,
            "depth": 59.19
          },
          {
            "time": "1900-12-12T07:22:47.890000+00:00",
            "course": 319.37,
            "speed": 14.87,
            "depth": 59.19
          },
          {
            "time": "1900-12-12T07:22:55.890000+00:00",
            "course": 319.72,
            "speed": 14.77,
            "depth": 58.95
          },
          {
            "time": "1900-12-12T07:23:03.890000+00:00",
            "course": 319.84,
            "speed": 14.76,
            "depth": 59.43
          },
          {
            "time": "1900-12-12T07:23:11.890000+00:00",
            "course": 319.77,
            "speed": 14.76,
            "depth": 59.43
          },
          {
            "time": "1900-12-12T07:23:19.890000+00:00",
            "course": 320.21,
            "speed": 14.76,
            "depth": 59.43
          },
          {
            "time": "1900-12-12T07:23:27.900000+00:00",
            "course": 320.45,
            "speed": 14.9,
            "depth": 59.19
          },
          {
            "time": "1900-12-12T07:23:35.900000+00:00",
            "course": 320.2,
            "speed": 14.98,
            "depth": 58.95
          },
          {
            "time": "1900-12-12T07:23:43.900000+00:00",
            "course": 320.09,
            "speed": 15.17,
            "depth": 58.82
          },
          {
            "time": "1900-12-12T07:23:51.900000+00:00",
            "course": 320.34,
            "speed": 15.06,
            "depth": 58.82
          },
          {
            "time": "1900-12-12T07:23:59.900000+00:00",
            "course": 320.8,
            "speed": 15.03,
            "depth": 59.07
          },
          {
            "time": "1900-12-12T07:24:07.900000+00:00",
            "course": 320.31,
            "speed": 14.99,
            "depth": 59.07
          },
          {
            "time": "1900-12-12T07:24:15.900000+00:00",
            "course": 319.53,
            "speed": 14.87,
            "depth": 59.07
          },
          {
            "time": "1900-12-12T07:24:23.900000+00:00",
            "course": 319.0,
            "speed": 14.84,
            "depth": 59.31
          },
          {
            "time": "1900-12-12T07:24:31.890000+00:00",
            "course": 319.04,
            "speed": 14.94,
            "depth": 59.43
          },
          {
            "time": "1900-12-12T07:24:39.890000+00:00",
            "course": 319.03,
            "speed": 14.94,
            "depth": 59.43
          },
          {
            "time": "1900-12-12T07:24:47.900000+00:00",
            "course": 319.38,
            "speed": 14.87,
            "depth": 59.31
          },
          {
            "time": "1900-12-12T07:24:55.900000+00:00",
            "course": 319.86,
            "speed": 14.87,
            "depth": 59.31
          },
          {
            "time": "1900-12-12T07:25:03.900000+00:00",
            "course": 319.48,
            "speed": 15.1,
            "depth": 59.31
          },
          {
            "time": "1900-12-12T07:25:11.900000+00:00",
            "course": 318.78,
            "speed": 15.0,
            "depth": 58.82
          },
          {
            "time": "1900-12-12T07:25:19.900000+00:00",
            "course": 319.3,
            "speed": 15.06,
            "depth": 58.82
          },
          {
            "time": "1900-12-12T07:25:27.890000+00:00",
            "course": 320.14,
            "speed": 15.0,
            "depth": 58.82
          },
          {
            "time": "1900-12-12T07:25:35.890000+00:00",
            "course": 320.14,
            "speed": 14.91,
            "depth": 58.82
          },
          {
            "time": "1900-12-12T07:25:43.890000+00:00",
            "course": 320.11,
            "speed": 15.05,
            "depth": 59.19
          },
          {
            "time": "1900-12-12T07:25:51.890000+00:00",
            "course": 320.11,
            "speed": 15.22,
            "depth": 59.43
          },
          {
            "time": "1900-12-12T07:25:59.890000+00:00",
            "course": 320.35,
            "speed": 15.05,
            "depth": 59.19
          },
          {
            "time": "1900-12-12T07:26:07.900000+00:00",
            "course": 319.87,
            "speed": 14.94,
            "depth": 59.19
          },
          {
            "time": "1900-12-12T07:26:15.900000+00:00",
            "course": 319.35,
            "speed": 14.98,
            "depth": 59.19
          },
          {
            "time": "1900-12-12T07:26:23.900000+00:00",
            "course": 318.93,
            "speed": 14.94,
            "depth": 59.19
          },
          {
            "time": "1900-12-12T07:26:31.900000+00:00",
            "course": 319.16,
            "speed": 14.87,
            "depth": 59.19
          },
          {
            "time": "1900-12-12T07:26:39.900000+00:00",
            "course": 319.02,
            "speed": 14.91,
            "depth": 59.43
          },
          {
            "time": "1900-12-12T07:26:47.900000+00:00",
            "course": 319.19,
            "speed": 14.81,
            "depth": 59.79
          },
          {
            "time": "1900-12-12T07:26:55.900000+00:00",
            "course": 320.31,
            "speed": 14.84,
            "depth": 59.91
          },
          {
            "time": "1900-12-12T07:27:03.900000+00:00",
            "course": 320.87,
            "speed": 14.94,
            "depth": 59.43
          },
          {
            "time": "1900-12-12T07:27:11.900000+00:00",
            "course": 319.92,
            "speed": 15.13,
            "depth": 58.82
          },
          {
            "time": "1900-12-12T07:27:19.900000+00:00",
            "course": 319.84,
            "speed": 15.03,
            "depth": 58.71
          },
          {
            "time": "1900-12-12T07:27:27.900000+00:00",
            "course": 320.27,
            "speed": 15.01,
            "depth": 58.82
          },
          {
            "time": "1900-12-12T07:27:35.900000+00:00",
            "course": 320.2,
            "speed": 14.87,
            "depth": 59.07
          },
          {
            "time": "1900-12-12T07:27:43.900000+00:00",
            "course": 319.27,
            "speed": 14.87,
            "depth": 59.07
          },
          {
            "time": "1900-12-12T07:27:51.900000+00:00",
            "course": 319.53,
            "speed": 14.91,
            "depth": 59.07
          },
          {
            "time": "1900-12-12T07:27:59.900000+00:00",
            "course": 320.38,
            "speed": 15.02,
            "depth": 59.07
          },
          {
            "time": "1900-12-12T07:28:07.900000+00:00",
            "course": 319.86,
            "speed": 15.1,
            "depth": 59.07
          },
          {
            "time": "1900-12-12T07:28:15.900000+00:00",
            "course": 319.65,
            "speed": 14.99,
            "depth": 59.07
          },
          {
            "time": "1900-12-12T07:28:23.900000+00:00",
            "course": 319.48,
            "speed": 15.03,
            "depth": 58.95
          },
          {
            "time": "1900-12-12T07:28:31.900000+00:00",
            "course": 320.08,
            "speed": 15.14,
            "depth": 58.95
          },
          {
            "time": "1900-12-12T07:28:39.900000+00:00",
            "course": 319.69,
            "speed": 15.13,
            "depth": 58.71
          },
          {
            "time": "1900-12-12T07:28:47.900000+00:00",
            "course": 318.93,
            "speed": 14.95,
            "depth": 58.46
          },
          {
            "time": "1900-12-12T07:28:55.900000+00:00",
            "course": 319.52,
            "speed": 14.79,
            "depth": 58.82
          },
          {
            "time": "1900-12-12T07:29:03.900000+00:00",
            "course": 319.88,
            "speed": 14.96,
            "depth": 59.07
          },
          {
            "time": "1900-12-12T07:29:11.900000+00:00",
            "course": 320.1,
            "speed": 15.07,
            "depth": 59.07
          },
          {
            "time": "1900-12-12T07:29:19.900000+00:00",
            "course": 319.77,
            "speed": 15.29,
            "depth": 59.07
          },
          {
            "time": "1900-12-12T07:29:27.900000+00:00",
            "course": 319.43,
            "speed": 15.2,
            "depth": 59.07
          },
          {
            "time": "1900-12-12T07:29:35.890000+00:00",
            "course": 319.9,
            "speed": 15.19,
            "depth": 59.07
          },
          {
            "time": "1900-12-12T07:29:43.890000+00:00",
            "course": 320.08,
            "speed": 15.03,
            "depth": 59.07
          },
          {
            "time": "1900-12-12T07:29:51.900000+00:00",
            "course": 319.94,
            "speed": 14.97,
            "depth": 59.07
          },
          {
            "time": "1900-12-12T07:29:59.900000+00:00",
            "course": 319.52,
            "speed": 15.12,
            "depth": 59.19
          },
          {
            "time": "1900-12-12T07:30:07.910000+00:00",
            "course": 318.81,
            "speed": 15.24,
            "depth": 59.19
          },
          {
            "time": "1900-12-12T07:30:15.900000+00:00",
            "course": 319.28,
            "speed": 15.2,
            "depth": 58.82
          },
          {
            "time": "1900-12-12T07:30:23.900000+00:00",
            "course": 320.77,
            "speed": 15.13,
            "depth": 58.71
          },
          {
            "time": "1900-12-12T07:30:31.900000+00:00",
            "course": 320.61,
            "speed": 15.13,
            "depth": 58.71
          },
          {
            "time": "1900-12-12T07:30:39.900000+00:00",
            "course": 319.58,
            "speed": 14.97,
            "depth": 58.71
          },
          {
            "time": "1900-12-12T07:30:47.900000+00:00",
            "course": 319.83,
            "speed": 14.97,
            "depth": 58.71
          },
          {
            "time": "1900-12-12T07:30:55.900000+00:00",
            "course": 319.99,
            "speed": 15.07,
            "depth": 58.71
          },
          {
            "time": "1900-12-12T07:31:03.900000+00:00",
            "course": 319.65,
            "speed": 15.03,
            "depth": 58.71
          },
          {
            "time": "1900-12-12T07:31:11.900000+00:00",
            "course": 319.26,
            "speed": 15.05,
            "depth": 58.71
          },
          {
            "time": "1900-12-12T07:31:19.900000+00:00",
            "course": 319.13,
            "speed": 15.07,
            "depth": 58.71
          },
          {
            "time": "1900-12-12T07:31:27.900000+00:00",
            "course": 319.06,
            "speed": 14.94,
            "depth": 58.71
          },
          {
            "time": "1900-12-12T07:31:35.900000+00:00",
            "course": 318.6,
            "speed": 14.87,
            "depth": 58.71
          },
          {
            "time": "1900-12-12T07:31:43.900000+00:00",
            "course": 319.46,
            "speed": 14.81,
            "depth": 58.82
          },
          {
            "time": "1900-12-12T07:31:51.900000+00:00",
            "course": 320.94,
            "speed": 14.81,
            "depth": 59.31
          },
          {
            "time": "1900-12-12T07:31:59.900000+00:00",
            "course": 320.23,
            "speed": 15.0,
            "depth": 59.43
          },
          {
            "time": "1900-12-12T07:32:07.900000+00:00",
            "course": 319.64,
            "speed": 14.99,
            "depth": 59.19
          },
          {
            "time": "1900-12-12T07:32:15.900000+00:00",
            "course": 319.26,
            "speed": 14.91,
            "depth": 59.19
          },
          {
            "time": "1900-12-12T07:32:23.900000+00:00",
            "course": 318.74,
            "speed": 14.82,
            "depth": 59.19
          },
          {
            "time": "1900-12-12T07:32:31.900000+00:00",
            "course": 318.89,
            "speed": 14.94,
            "depth": 59.19
          },
          {
            "time": "1900-12-12T07:32:39.900000+00:00",
            "course": 319.32,
            "speed": 15.26,
            "depth": 59.19
          },
          {
            "time": "1900-12-12T07:32:47.910000+00:00",
            "course": 319.14,
            "speed": 15.35,
            "depth": 58.95
          },
          {
            "time": "1900-12-12T07:32:55.900000+00:00",
            "course": 318.7,
            "speed": 15.35,
            "depth": 58.95
          },
          {
            "time": "1900-12-12T07:33:03.900000+00:00",
            "course": 319.6,
            "speed": 15.13,
            "depth": 58.95
          },
          {
            "time": "1900-12-12T07:33:11.900000+00:00",
            "course": 320.33,
            "speed": 15.19,
            "depth": 58.95
          },
          {
            "time": "1900-12-12T07:33:19.900000+00:00",
            "course": 321.03,
            "speed": 15.01,
            "depth": 58.95
          },
          {
            "time": "1900-12-12T07:33:27.900000+00:00",
            "course": 320.69,
            "speed": 14.89,
            "depth": 59.43
          },
          {
            "time": "1900-12-12T07:33:35.900000+00:00",
            "course": 320.11,
            "speed": 14.91,
            "depth": 59.79
          },
          {
            "time": "1900-12-12T07:33:43.900000+00:00",
            "course": 319.83,
            "speed": 14.94,
            "depth": 59.67
          },
          {
            "time": "1900-12-12T07:33:51.900000+00:00",
            "course": 319.15,
            "speed": 14.98,
            "depth": 59.19
          },
          {
            "time": "1900-12-12T07:33:59.900000+00:00",
            "course": 318.71,
            "speed": 14.91,
            "depth": 59.19
          },
          {
            "time": "1900-12-12T07:34:07.900000+00:00",
            "course": 319.0,
            "speed": 14.77,
            "depth": 59.67
          },
          {
            "time": "1900-12-12T07:34:15.900000+00:00",
            "course": 319.55,
            "speed": 14.77,
            "depth": 59.91
          },
          {
            "time": "1900-12-12T07:34:23.900000+00:00",
            "course": 320.27,
            "speed": 14.75,
            "depth": 59.91
          },
          {
            "time": "1900-12-12T07:34:31.900000+00:00",
            "course": 320.48,
            "speed": 14.93,
            "depth": 59.91
          },
          {
            "time": "1900-12-12T07:34:39.900000+00:00",
            "course": 320.09,
            "speed": 14.93,
            "depth": 59.67
          },
          {
            "time": "1900-12-12T07:34:47.910000+00:00",
            "course": 319.83,
            "speed": 15.06,
            "depth": 59.43
          },
          {
            "time": "1900-12-12T07:34:55.910000+00:00",
            "course": 320.45,
            "speed": 15.13,
            "depth": 59.19
          },
          {
            "time": "1900-12-12T07:35:03.910000+00:00",
            "course": 321.21,
            "speed": 14.94,
            "depth": 59.19
          },
          {
            "time": "1900-12-12T07:35:11.910000+00:00",
            "course": 320.7,
            "speed": 15.0,
            "depth": 59.43
          },
          {
            "time": "1900-12-12T07:35:19.910000+00:00",
            "course": 319.92,
            "speed": 14.95,
            "depth": 59.43
          },
          {
            "time": "1900-12-12T07:35:27.900000+00:00",
            "course": 319.85,
            "speed": 15.03,
            "depth": 58.95
          },
          {
            "time": "1900-12-12T07:35:35.900000+00:00",
            "course": 320.32,
            "speed": 14.84,
            "depth": 58.95
          },
          {
            "time": "1900-12-12T07:35:43.900000+00:00",
            "course": 320.87,
            "speed": 14.94,
            "depth": 58.95
          },
          {
            "time": "1900-12-12T07:35:51.900000+00:00",
            "course": 320.83,
            "speed": 15.13,
            "depth": 58.95
          },
          {
            "time": "1900-12-12T07:35:59.900000+00:00",
            "course": 319.67,
            "speed": 15.06,
            "depth": 58.95
          },
          {
            "time": "1900-12-12T07:36:07.900000+00:00",
            "course": 319.39,
            "speed": 14.97,
            "depth": 58.71
          },
          {
            "time": "1900-12-12T07:36:15.900000+00:00",
            "course": 319.72,
            "speed": 14.91,
            "depth": 58.71
          },
          {
            "time": "1900-12-12T07:36:23.900000+00:00",
            "course": 319.69,
            "speed": 14.87,
            "depth": 58.82
          },
          {
            "time": "1900-12-12T07:36:31.900000+00:00",
            "course": 318.93,
            "speed": 14.99,
            "depth": 58.82
          },
          {
            "time": "1900-12-12T07:36:39.910000+00:00",
            "course": 318.8,
            "speed": 15.28,
            "depth": 58.82
          },
          {
            "time": "1900-12-12T07:36:47.910000+00:00",
            "course": 319.83,
            "speed": 15.24,
            "depth": 58.82
          },
          {
            "time": "1900-12-12T07:36:55.910000+00:00",
            "course": 320.03,
            "speed": 15.13,
            "depth": 58.82
          },
          {
            "time": "1900-12-12T07:37:03.910000+00:00",
            "course": 319.81,
            "speed": 15.06,
            "depth": 59.07
          },
          {
            "time": "1900-12-12T07:37:11.910000+00:00",
            "course": 319.46,
            "speed": 15.06,
            "depth": 59.07
          },
          {
            "time": "1900-12-12T07:37:19.900000+00:00",
            "course": 319.42,
            "speed": 15.06,
            "depth": 59.07
          },
          {
            "time": "1900-12-12T07:37:27.900000+00:00",
            "course": 319.72,
            "speed": 15.06,
            "depth": 59.07
          },
          {
            "time": "1900-12-12T07:37:35.900000+00:00",
            "course": 320.15,
            "speed": 15.1,
            "depth": 59.07
          },
          {
            "time": "1900-12-12T07:37:43.900000+00:00",
            "course": 319.99,
            "speed": 15.13,
            "depth": 59.07
          },
          {
            "time": "1900-12-12T07:37:51.900000+00:00",
            "course": 319.32,
            "speed": 15.06,
            "depth": 59.07
          },
          {
            "time": "1900-12-12T07:37:59.900000+00:00",
            "course": 319.38,
            "speed": 15.03,
            "depth": 59.07
          },
          {
            "time": "1900-12-12T07:38:07.910000+00:00",
            "course": 320.11,
            "speed": 14.97,
            "depth": 58.71
          },
          {
            "time": "1900-12-12T07:38:15.910000+00:00",
            "course": 320.26,
            "speed": 14.82,
            "depth": 58.82
          },
          {
            "time": "1900-12-12T07:38:23.910000+00:00",
            "course": 319.53,
            "speed": 14.91,
            "depth": 59.31
          },
          {
            "time": "1900-12-12T07:38:31.910000+00:00",
            "course": 318.28,
            "speed": 14.94,
            "depth": 59.31
          },
          {
            "time": "1900-12-12T07:38:39.910000+00:00",
            "course": 318.93,
            "speed": 15.06,
            "depth": 59.19
          },
          {
            "time": "1900-12-12T07:38:47.910000+00:00",
            "course": 320.33,
            "speed": 14.99,
            "depth": 59.19
          },
          {
            "time": "1900-12-12T07:38:55.910000+00:00",
            "course": 321.32,
            "speed": 14.87,
            "depth": 59.19
          },
          {
            "time": "1900-12-12T07:39:03.910000+00:00",
            "course": 320.7,
            "speed": 14.86,
            "depth": 59.19
          },
          {
            "time": "1900-12-12T07:39:11.910000+00:00",
            "course": 319.84,
            "speed": 14.9,
            "depth": 59.19
          },
          {
            "time": "1900-12-12T07:39:19.910000+00:00",
            "course": 319.7,
            "speed": 14.94,
            "depth": 58.95
          },
          {
            "time": "1900-12-12T07:39:27.910000+00:00",
            "course": 319.22,
            "speed": 14.91,
            "depth": 58.95
          },
          {
            "time": "1900-12-12T07:39:35.910000+00:00",
            "course": 319.52,
            "speed": 14.89,
            "depth": 59.07
          },
          {
            "time": "1900-12-12T07:39:43.910000+00:00",
            "course": 319.58,
            "speed": 14.9,
            "depth": 59.19
          },
          {
            "time": "1900-12-12T07:39:51.910000+00:00",
            "course": 319.29,
            "speed": 15.01,
            "depth": 59.19
          },
          {
            "time": "1900-12-12T07:39:59.910000+00:00",
            "course": 318.69,
            "speed": 15.06,
            "depth": 58.95
          },
          {
            "time": "1900-12-12T07:40:07.910000+00:00",
            "course": 318.28,
            "speed": 15.19,
            "depth": 58.95
          },
          {
            "time": "1900-12-12T07:40:15.910000+00:00",
            "course": 318.65,
            "speed": 15.06,
            "depth": 58.82
          },
          {
            "time": "1900-12-12T07:40:23.910000+00:00",
            "course": 320.33,
            "speed": 14.9,
            "depth": 58.82
          },
          {
            "time": "1900-12-12T07:40:31.910000+00:00",
            "course": 320.78,
            "speed": 14.72,
            "depth": 58.82
          },
          {
            "time": "1900-12-12T07:40:39.910000+00:00",
            "course": 320.57,
            "speed": 14.65,
            "depth": 59.07
          },
          {
            "time": "1900-12-12T07:40:47.920000+00:00",
            "course": 319.88,
            "speed": 14.86,
            "depth": 59.07
          },
          {
            "time": "1900-12-12T07:40:55.920000+00:00",
            "course": 319.45,
            "speed": 15.0,
            "depth": 59.43
          },
          {
            "time": "1900-12-12T07:41:03.920000+00:00",
            "course": 319.52,
            "speed": 14.87,
            "depth": 59.43
          },
          {
            "time": "1900-12-12T07:41:11.920000+00:00",
            "course": 319.59,
            "speed": 15.06,
            "depth": 59.43
          },
          {
            "time": "1900-12-12T07:41:19.920000+00:00",
            "course": 319.56,
            "speed": 14.99,
            "depth": 59.19
          },
          {
            "time": "1900-12-12T07:41:27.920000+00:00",
            "course": 319.66,
            "speed": 15.0,
            "depth": 59.19
          },
          {
            "time": "1900-12-12T07:41:35.920000+00:00",
            "course": 319.86,
            "speed": 14.96,
            "depth": 59.31
          },
          {
            "time": "1900-12-12T07:41:43.920000+00:00",
            "course": 319.99,
            "speed": 14.96,
            "depth": 59.43
          },
          {
            "time": "1900-12-12T07:41:51.920000+00:00",
            "course": 320.04,
            "speed": 15.0,
            "depth": 59.31
          },
          {
            "time": "1900-12-12T07:41:59.920000+00:00",
            "course": 319.38,
            "speed": 15.16,
            "depth": 59.43
          },
          {
            "time": "1900-12-12T07:42:07.920000+00:00",
            "course": 319.36,
            "speed": 15.19,
            "depth": 59.43
          },
          {
            "time": "1900-12-12T07:42:15.910000+00:00",
            "course": 318.89,
            "speed": 15.2,
            "depth": 58.95
          },
          {
            "time": "1900-12-12T07:42:23.910000+00:00",
            "course": 318.93,
            "speed": 15.22,
            "depth": 58.71
          },
          {
            "time": "1900-12-12T07:42:31.910000+00:00",
            "course": 319.7,
            "speed": 15.13,
            "depth": 58.59
          },
          {
            "time": "1900-12-12T07:42:39.920000+00:00",
            "course": 319.77,
            "speed": 15.13,
            "depth": 59.19
          },
          {
            "time": "1900-12-12T07:42:47.910000+00:00",
            "course": 319.56,
            "speed": 15.13,
            "depth": 59.43
          },
          {
            "time": "1900-12-12T07:42:55.910000+00:00",
            "course": 320.19,
            "speed": 14.99,
            "depth": 59.43
          },
          {
            "time": "1900-12-12T07:43:03.910000+00:00",
            "course": 319.81,
            "speed": 15.0,
            "depth": 59.19
          },
          {
            "time": "1900-12-12T07:43:11.910000+00:00",
            "course": 319.71,
            "speed": 15.02,
            "depth": 58.95
          },
          {
            "time": "1900-12-12T07:43:19.910000+00:00",
            "course": 319.46,
            "speed": 15.05,
            "depth": 58.95
          },
          {
            "time": "1900-12-12T07:43:27.910000+00:00",
            "course": 319.87,
            "speed": 15.0,
            "depth": 58.95
          },
          {
            "time": "1900-12-12T07:43:35.910000+00:00",
            "course": 319.94,
            "speed": 14.91,
            "depth": 58.95
          },
          {
            "time": "1900-12-12T07:43:43.910000+00:00",
            "course": 319.52,
            "speed": 14.96,
            "depth": 58.95
          },
          {
            "time": "1900-12-12T07:43:51.910000+00:00",
            "course": 319.16,
            "speed": 15.03,
            "depth": 58.95
          },
          {
            "time": "1900-12-12T07:43:59.910000+00:00",
            "course": 319.64,
            "speed": 14.97,
            "depth": 58.95
          },
          {
            "time": "1900-12-12T07:44:07.910000+00:00",
            "course": 319.85,
            "speed": 15.0,
            "depth": 58.95
          },
          {
            "time": "1900-12-12T07:44:15.910000+00:00",
            "course": 320.13,
            "speed": 14.99,
            "depth": 58.95
          },
          {
            "time": "1900-12-12T07:44:23.910000+00:00",
            "course": 320.41,
            "speed": 14.98,
            "depth": 58.95
          },
          {
            "time": "1900-12-12T07:44:31.910000+00:00",
            "course": 320.62,
            "speed": 15.1,
            "depth": 59.19
          },
          {
            "time": "1900-12-12T07:44:39.910000+00:00",
            "course": 321.16,
            "speed": 15.08,
            "depth": 59.19
          },
          {
            "time": "1900-12-12T07:44:47.910000+00:00",
            "course": 319.99,
            "speed": 15.03,
            "depth": 58.95
          },
          {
            "time": "1900-12-12T07:44:55.910000+00:00",
            "course": 319.56,
            "speed": 14.96,
            "depth": 58.82
          },
          {
            "time": "1900-12-12T07:45:03.910000+00:00",
            "course": 319.06,
            "speed": 14.97,
            "depth": 58.82
          },
          {
            "time": "1900-12-12T07:45:11.910000+00:00",
            "course": 319.09,
            "speed": 15.03,
            "depth": 58.82
          },
          {
            "time": "1900-12-12T07:45:19.910000+00:00",
            "course": 320.21,
            "speed": 15.08,
            "depth": 58.82
          },
          {
            "time": "1900-12-12T07:45:27.910000+00:00",
            "course": 319.65,
            "speed": 15.13,
            "depth": 59.19
          },
          {
            "time": "1900-12-12T07:45:35.910000+00:00",
            "course": 319.04,
            "speed": 15.06,
            "depth": 59.31
          },
          {
            "time": "1900-12-12T07:45:43.910000+00:00",
            "course": 318.88,
            "speed": 14.99,
            "depth": 59.31
          },
          {
            "time": "1900-12-12T07:45:51.910000+00:00",
            "course": 318.93,
            "speed": 15.03,
            "depth": 59.31
          },
          {
            "time": "1900-12-12T07:45:59.910000+00:00",
            "course": 318.93,
            "speed": 14.95,
            "depth": 59.31
          },
          {
            "time": "1900-12-12T07:46:07.910000+00:00",
            "course": 318.86,
            "speed": 14.89,
            "depth": 59.31
          },
          {
            "time": "1900-12-12T07:46:15.910000+00:00",
            "course": 321.99,
            "speed": 14.79,
            "depth": 59.43
          },
          {
            "time": "1900-12-12T07:46:23.910000+00:00",
            "course": 323.03,
            "speed": 14.79,
            "depth": 59.43
          },
          {
            "time": "1900-12-12T07:46:31.910000+00:00",
            "course": 320.84,
            "speed": 14.89,
            "depth": 59.43
          },
          {
            "time": "1900-12-12T07:46:39.910000+00:00",
            "course": 320.66,
            "speed": 15.1,
            "depth": 59.43
          },
          {
            "time": "1900-12-12T07:46:47.920000+00:00",
            "course": 322.48,
            "speed": 15.13,
            "depth": 59.19
          },
          {
            "time": "1900-12-12T07:46:55.920000+00:00",
            "course": 322.7,
            "speed": 15.04,
            "depth": 58.71
          },
          {
            "time": "1900-12-12T07:47:03.920000+00:00",
            "course": 323.55,
            "speed": 14.94,
            "depth": 58.71
          },
          {
            "time": "1900-12-12T07:47:11.920000+00:00",
            "course": 322.61,
            "speed": 14.91,
            "depth": 59.07
          },
          {
            "time": "1900-12-12T07:47:19.920000+00:00",
            "course": 322.99,
            "speed": 14.91,
            "depth": 59.07
          },
          {
            "time": "1900-12-12T07:47:27.920000+00:00",
            "course": 324.0,
            "speed": 14.92,
            "depth": 59.07
          },
          {
            "time": "1900-12-12T07:47:35.920000+00:00",
            "course": 323.33,
            "speed": 15.1,
            "depth": 59.07
          },
          {
            "time": "1900-12-12T07:47:43.920000+00:00",
            "course": 322.27,
            "speed": 15.07,
            "depth": 59.07
          },
          {
            "time": "1900-12-12T07:47:51.920000+00:00",
            "course": 323.61,
            "speed": 14.99,
            "depth": 59.07
          },
          {
            "time": "1900-12-12T07:47:59.920000+00:00",
            "course": 322.9,
            "speed": 14.97,
            "depth": 59.07
          },
          {
            "time": "1900-12-12T07:48:07.920000+00:00",
            "course": 323.01,
            "speed": 14.98,
            "depth": 58.82
          },
          {
            "time": "1900-12-12T07:48:15.920000+00:00",
            "course": 322.32,
            "speed": 14.94,
            "depth": 58.71
          },
          {
            "time": "1900-12-12T07:48:23.920000+00:00",
            "course": 323.42,
            "speed": 14.89,
            "depth": 58.71
          },
          {
            "time": "1900-12-12T07:48:31.920000+00:00",
            "course": 322.85,
            "speed": 14.93,
            "depth": 59.31
          },
          {
            "time": "1900-12-12T07:48:39.920000+00:00",
            "course": 323.06,
            "speed": 15.0,
            "depth": 59.43
          },
          {
            "time": "1900-12-12T07:48:47.920000+00:00",
            "course": 322.18,
            "speed": 15.0,
            "depth": 59.67
          },
          {
            "time": "1900-12-12T07:48:55.910000+00:00",
            "course": 323.28,
            "speed": 14.99,
            "depth": 59.67
          },
          {
            "time": "1900-12-12T07:49:03.910000+00:00",
            "course": 324.12,
            "speed": 14.99,
            "depth": 59.67
          },
          {
            "time": "1900-12-12T07:49:11.920000+00:00",
            "course": 322.65,
            "speed": 14.97,
            "depth": 59.43
          },
          {
            "time": "1900-12-12T07:49:19.920000+00:00",
            "course": 323.31,
            "speed": 15.06,
            "depth": 58.95
          },
          {
            "time": "1900-12-12T07:49:27.920000+00:00",
            "course": 322.09,
            "speed": 15.13,
            "depth": 58.95
          },
          {
            "time": "1900-12-12T07:49:35.910000+00:00",
            "course": 323.05,
            "speed": 15.13,
            "depth": 58.82
          },
          {
            "time": "1900-12-12T07:49:43.910000+00:00",
            "course": 323.65,
            "speed": 15.08,
            "depth": 58.82
          },
          {
            "time": "1900-12-12T07:49:51.910000+00:00",
            "course": 322.16,
            "speed": 15.03,
            "depth": 58.71
          },
          {
            "time": "1900-12-12T07:49:59.910000+00:00",
            "course": 323.26,
            "speed": 14.97,
            "depth": 58.46
          },
          {
            "time": "1900-12-12T07:50:07.920000+00:00",
            "course": 321.92,
            "speed": 14.94,
            "depth": 58.46
          },
          {
            "time": "1900-12-12T07:50:15.920000+00:00",
            "course": 324.63,
            "speed": 14.89,
            "depth": 58.71
          },
          {
            "time": "1900-12-12T07:50:23.920000+00:00",
            "course": 324.4,
            "speed": 14.84,
            "depth": 59.19
          },
          {
            "time": "1900-12-12T07:50:31.920000+00:00",
            "course": 322.5,
            "speed": 14.84,
            "depth": 59.43
          },
          {
            "time": "1900-12-12T07:50:39.920000+00:00",
            "course": 322.65,
            "speed": 14.77,
            "depth": 59.43
          },
          {
            "time": "1900-12-12T07:50:47.920000+00:00",
            "course": 322.34,
            "speed": 14.78,
            "depth": 58.95
          },
          {
            "time": "1900-12-12T07:50:55.920000+00:00",
            "course": 323.62,
            "speed": 14.84,
            "depth": 58.71
          },
          {
            "time": "1900-12-12T07:51:03.920000+00:00",
            "course": 323.32,
            "speed": 14.84,
            "depth": 58.82
          },
          {
            "time": "1900-12-12T07:51:11.920000+00:00",
            "course": 322.76,
            "speed": 14.84,
            "depth": 59.19
          },
          {
            "time": "1900-12-12T07:51:19.920000+00:00",
            "course": 324.22,
            "speed": 14.91,
            "depth": 59.31
          },
          {
            "time": "1900-12-12T07:51:27.920000+00:00",
            "course": 321.61,
            "speed": 14.97,
            "depth": 59.31
          },
          {
            "time": "1900-12-12T07:51:35.920000+00:00",
            "course": 322.93,
            "speed": 14.97,
            "depth": 59.31
          },
          {
            "time": "1900-12-12T07:51:43.920000+00:00",
            "course": 323.07,
            "speed": 14.97,
            "depth": 59.19
          },
          {
            "time": "1900-12-12T07:51:51.920000+00:00",
            "course": 322.65,
            "speed": 14.94,
            "depth": 59.19
          },
          {
            "time": "1900-12-12T07:51:59.920000+00:00",
            "course": 323.21,
            "speed": 14.94,
            "depth": 59.19
          },
          {
            "time": "1900-12-12T07:52:07.920000+00:00",
            "course": 321.66,
            "speed": 14.94,
            "depth": 59.19
          },
          {
            "time": "1900-12-12T07:52:15.920000+00:00",
            "course": 323.38,
            "speed": 14.87,
            "depth": 58.71
          },
          {
            "time": "1900-12-12T07:52:23.920000+00:00",
            "course": 322.2,
            "speed": 14.91,
            "depth": 58.71
          },
          {
            "time": "1900-12-12T07:52:31.920000+00:00",
            "course": 322.73,
            "speed": 14.94,
            "depth": 58.82
          },
          {
            "time": "1900-12-12T07:52:39.920000+00:00",
            "course": 322.55,
            "speed": 14.94,
            "depth": 58.82
          },
          {
            "time": "1900-12-12T07:52:47.930000+00:00",
            "course": 322.62,
            "speed": 14.91,
            "depth": 59.07
          },
          {
            "time": "1900-12-12T07:52:55.920000+00:00",
            "course": 323.29,
            "speed": 14.84,
            "depth": 59.07
          },
          {
            "time": "1900-12-12T07:53:03.920000+00:00",
            "course": 322.67,
            "speed": 14.81,
            "depth": 59.07
          },
          {
            "time": "1900-12-12T07:53:11.920000+00:00",
            "course": 323.92,
            "speed": 14.81,
            "depth": 59.31
          },
          {
            "time": "1900-12-12T07:53:19.930000+00:00",
            "course": 322.31,
            "speed": 14.81,
            "depth": 59.43
          },
          {
            "time": "1900-12-12T07:53:27.920000+00:00",
            "course": 323.62,
            "speed": 14.81,
            "depth": 59.31
          },
          {
            "time": "1900-12-12T07:53:35.910000+00:00",
            "course": 322.45,
            "speed": 14.86,
            "depth": 58.95
          },
          {
            "time": "1900-12-12T07:53:43.910000+00:00",
            "course": 322.61,
            "speed": 14.86,
            "depth": 58.95
          },
          {
            "time": "1900-12-12T07:53:51.910000+00:00",
            "course": 323.17,
            "speed": 14.86,
            "depth": 58.95
          },
          {
            "time": "1900-12-12T07:53:59.910000+00:00",
            "course": 322.19,
            "speed": 14.91,
            "depth": 58.95
          },
          {
            "time": "1900-12-12T07:54:07.930000+00:00",
            "course": 323.4,
            "speed": 14.91,
            "depth": 58.95
          },
          {
            "time": "1900-12-12T07:54:15.930000+00:00",
            "course": 323.36,
            "speed": 14.94,
            "depth": 59.19
          },
          {
            "time": "1900-12-12T07:54:23.930000+00:00",
            "course": 322.66,
            "speed": 14.97,
            "depth": 59.19
          },
          {
            "time": "1900-12-12T07:54:31.930000+00:00",
            "course": 322.88,
            "speed": 14.98,
            "depth": 59.31
          },
          {
            "time": "1900-12-12T07:54:39.930000+00:00",
            "course": 322.42,
            "speed": 14.98,
            "depth": 59.67
          },
          {
            "time": "1900-12-12T07:54:47.930000+00:00",
            "course": 322.76,
            "speed": 14.94,
            "depth": 59.67
          },
          {
            "time": "1900-12-12T07:54:55.920000+00:00",
            "course": 323.92,
            "speed": 14.78,
            "depth": 59.67
          },
          {
            "time": "1900-12-12T07:55:03.920000+00:00",
            "course": 322.3,
            "speed": 14.3,
            "depth": 59.67
          },
          {
            "time": "1900-12-12T07:55:11.920000+00:00",
            "course": 322.66,
            "speed": 13.58,
            "depth": 59.19
          },
          {
            "time": "1900-12-12T07:55:19.920000+00:00",
            "course": 323.01,
            "speed": 12.96,
            "depth": 58.95
          },
          {
            "time": "1900-12-12T07:55:27.920000+00:00",
            "course": 322.59,
            "speed": 12.33,
            "depth": 58.82
          },
          {
            "time": "1900-12-12T07:55:35.920000+00:00",
            "course": 322.48,
            "speed": 11.75,
            "depth": 59.07
          },
          {
            "time": "1900-12-12T07:55:43.920000+00:00",
            "course": 322.68,
            "speed": 11.4,
            "depth": 59.43
          },
          {
            "time": "1900-12-12T07:55:51.920000+00:00",
            "course": 322.94,
            "speed": 11.21,
            "depth": 59.79
          },
          {
            "time": "1900-12-12T07:55:59.920000+00:00",
            "course": 323.44,
            "speed": 10.91,
            "depth": 59.79
          },
          {
            "time": "1900-12-12T07:56:07.930000+00:00",
            "course": 323.18,
            "speed": 10.67,
            "depth": 59.79
          },
          {
            "time": "1900-12-12T07:56:15.930000+00:00",
            "course": 322.54,
            "speed": 10.4,
            "depth": 59.67
          },
          {
            "time": "1900-12-12T07:56:23.930000+00:00",
            "course": 322.93,
            "speed": 10.04,
            "depth": 59.43
          },
          {
            "time": "1900-12-12T07:56:31.930000+00:00",
            "course": 323.16,
            "speed": 9.72,
            "depth": 59.43
          },
          {
            "time": "1900-12-12T07:56:39.930000+00:00",
            "course": 322.87,
            "speed": 9.48,
            "depth": 59.43
          },
          {
            "time": "1900-12-12T07:56:47.930000+00:00",
            "course": 322.5,
            "speed": 9.24,
            "depth": 59.79
          },
          {
            "time": "1900-12-12T07:56:55.930000+00:00",
            "course": 322.53,
            "speed": 9.08,
            "depth": 59.91
          },
          {
            "time": "1900-12-12T07:57:03.930000+00:00",
            "course": 322.85,
            "speed": 8.96,
            "depth": 60.15
          },
          {
            "time": "1900-12-12T07:57:11.930000+00:00",
            "course": 323.05,
            "speed": 8.82,
            "depth": 60.27
          },
          {
            "time": "1900-12-12T07:57:19.930000+00:00",
            "course": 323.23,
            "speed": 8.72,
            "depth": 60.27
          },
          {
            "time": "1900-12-12T07:57:27.930000+00:00",
            "course": 323.31,
            "speed": 8.66,
            "depth": 59.67
          },
          {
            "time": "1900-12-12T07:57:35.930000+00:00",
            "course": 322.82,
            "speed": 8.52,
            "depth": 58.82
          },
          {
            "time": "1900-12-12T07:57:43.930000+00:00",
            "course": 321.86,
            "speed": 8.48,
            "depth": 58.1
          },
          {
            "time": "1900-12-12T07:57:51.930000+00:00",
            "course": 321.9,
            "speed": 8.38,
            "depth": 57.74
          },
          {
            "time": "1900-12-12T07:57:59.930000+00:00",
            "course": 322.88,
            "speed": 8.2,
            "depth": 57.74
          },
          {
            "time": "1900-12-12T07:58:07.930000+00:00",
            "course": 323.14,
            "speed": 8.06,
            "depth": 57.98
          },
          {
            "time": "1900-12-12T07:58:15.930000+00:00",
            "course": 323.28,
            "speed": 7.91,
            "depth": 58.34
          },
          {
            "time": "1900-12-12T07:58:23.930000+00:00",
            "course": 323.4,
            "speed": 7.82,
            "depth": 58.46
          },
          {
            "time": "1900-12-12T07:58:31.930000+00:00",
            "course": 322.95,
            "speed": 7.62,
            "depth": 58.59
          },
          {
            "time": "1900-12-12T07:58:39.930000+00:00",
            "course": 322.2,
            "speed": 7.43,
            "depth": 58.71
          },
          {
            "time": "1900-12-12T07:58:47.930000+00:00",
            "course": 322.09,
            "speed": 7.3,
            "depth": 58.82
          },
          {
            "time": "1900-12-12T07:58:55.930000+00:00",
            "course": 322.52,
            "speed": 7.15,
            "depth": 59.07
          },
          {
            "time": "1900-12-12T07:59:03.930000+00:00",
            "course": 323.12,
            "speed": 6.97,
            "depth": 59.07
          },
          {
            "time": "1900-12-12T07:59:11.930000+00:00",
            "course": 323.61,
            "speed": 6.85,
            "depth": 59.07
          },
          {
            "time": "1900-12-12T07:59:19.930000+00:00",
            "course": 323.56,
            "speed": 6.67,
            "depth": 59.07
          },
          {
            "time": "1900-12-12T07:59:27.930000+00:00",
            "course": 323.17,
            "speed": 6.58,
            "depth": 58.82
          },
          {
            "time": "1900-12-12T07:59:35.930000+00:00",
            "course": 322.82,
            "speed": 6.43,
            "depth": 58.82
          },
          {
            "time": "1900-12-12T07:59:43.930000+00:00",
            "course": 322.51,
            "speed": 6.31,
            "depth": 58.82
          },
          {
            "time": "1900-12-12T07:59:51.930000+00:00",
            "course": 322.31,
            "speed": 6.1,
            "depth": 59.07
          },
          {
            "time": "1900-12-12T07:59:59.930000+00:00",
            "course": 322.33,
            "speed": 5.98,
            "depth": 59.07
          },
          {
            "time": "1900-12-12T08:00:07.940000+00:00",
            "course": 322.5,
            "speed": 5.88,
            "depth": 59.07
          },
          {
            "time": "1900-12-12T08:00:15.940000+00:00",
            "course": 322.6,
            "speed": 5.78,
            "depth": 59.07
          },
          {
            "time": "1900-12-12T08:00:23.940000+00:00",
            "course": 322.7,
            "speed": 5.78,
            "depth": 59.31
          },
          {
            "time": "1900-12-12T08:00:31.930000+00:00",
            "course": 322.83,
            "speed": 5.9,
            "depth": 59.43
          },
          {
            "time": "1900-12-12T08:00:39.930000+00:00",
            "course": 322.8,
            "speed": 6.07,
            "depth": 59.67
          },
          {
            "time": "1900-12-12T08:00:47.920000+00:00",
            "course": 322.65,
            "speed": 6.21,
            "depth": 59.79
          },
          {
            "time": "1900-12-12T08:00:55.920000+00:00",
            "course": 322.65,
            "speed": 6.61,
            "depth": 59.91
          },
          {
            "time": "1900-12-12T08:01:03.920000+00:00",
            "course": 322.83,
            "speed": 7.09,
            "depth": 59.91
          },
          {
            "time": "1900-12-12T08:01:11.920000+00:00",
            "course": 322.85,
            "speed": 7.61,
            "depth": 59.91
          },
          {
            "time": "1900-12-12T08:01:19.920000+00:00",
            "course": 322.59,
            "speed": 8.01,
            "depth": 59.79
          },
          {
            "time": "1900-12-12T08:01:27.930000+00:00",
            "course": 322.31,
            "speed": 8.4,
            "depth": 59.31
          },
          {
            "time": "1900-12-12T08:01:35.930000+00:00",
            "course": 322.09,
            "speed": 8.73,
            "depth": 59.19
          },
          {
            "time": "1900-12-12T08:01:43.930000+00:00",
            "course": 322.01,
            "speed": 9.32,
            "depth": 59.19
          },
          {
            "time": "1900-12-12T08:01:51.930000+00:00",
            "course": 322.05,
            "speed": 9.89,
            "depth": 59.19
          },
          {
            "time": "1900-12-12T08:01:59.930000+00:00",
            "course": 322.93,
            "speed": 10.46,
            "depth": 59.07
          },
          {
            "time": "1900-12-12T08:02:07.930000+00:00",
            "course": 322.72,
            "speed": 10.84,
            "depth": 59.07
          },
          {
            "time": "1900-12-12T08:02:15.930000+00:00",
            "course": 322.45,
            "speed": 11.21,
            "depth": 59.19
          },
          {
            "time": "1900-12-12T08:02:23.930000+00:00",
            "course": 322.33,
            "speed": 11.46,
            "depth": 59.43
          },
          {
            "time": "1900-12-12T08:02:31.930000+00:00",
            "course": 322.38,
            "speed": 11.78,
            "depth": 59.67
          },
          {
            "time": "1900-12-12T08:02:39.930000+00:00",
            "course": 322.54,
            "speed": 12.1,
            "depth": 59.67
          },
          {
            "time": "1900-12-12T08:02:47.930000+00:00",
            "course": 322.68,
            "speed": 12.41,
            "depth": 59.67
          },
          {
            "time": "1900-12-12T08:02:55.930000+00:00",
            "course": 323.11,
            "speed": 12.79,
            "depth": 59.31
          },
          {
            "time": "1900-12-12T08:03:03.930000+00:00",
            "course": 322.66,
            "speed": 13.03,
            "depth": 59.19
          },
          {
            "time": "1900-12-12T08:03:11.930000+00:00",
            "course": 321.55,
            "speed": 13.18,
            "depth": 59.19
          },
          {
            "time": "1900-12-12T08:03:19.930000+00:00",
            "course": 322.28,
            "speed": 13.34,
            "depth": 59.43
          },
          {
            "time": "1900-12-12T08:03:27.930000+00:00",
            "course": 324.0,
            "speed": 13.46,
            "depth": 59.43
          },
          {
            "time": "1900-12-12T08:03:35.930000+00:00",
            "course": 322.59,
            "speed": 13.73,
            "depth": 59.43
          },
          {
            "time": "1900-12-12T08:03:43.930000+00:00",
            "course": 322.79,
            "speed": 13.86,
            "depth": 59.43
          },
          {
            "time": "1900-12-12T08:03:51.930000+00:00",
            "course": 323.25,
            "speed": 14.02,
            "depth": 59.43
          },
          {
            "time": "1900-12-12T08:03:59.930000+00:00",
            "course": 322.02,
            "speed": 14.17,
            "depth": 59.31
          },
          {
            "time": "1900-12-12T08:04:07.930000+00:00",
            "course": 322.89,
            "speed": 14.24,
            "depth": 59.19
          },
          {
            "time": "1900-12-12T08:04:15.930000+00:00",
            "course": 323.22,
            "speed": 14.33,
            "depth": 58.95
          },
          {
            "time": "1900-12-12T08:04:23.930000+00:00",
            "course": 323.1,
            "speed": 14.4,
            "depth": 58.82
          },
          {
            "time": "1900-12-12T08:04:31.930000+00:00",
            "course": 323.43,
            "speed": 14.46,
            "depth": 58.82
          },
          {
            "time": "1900-12-12T08:04:39.930000+00:00",
            "course": 322.33,
            "speed": 14.61,
            "depth": 58.82
          },
          {
            "time": "1900-12-12T08:04:47.920000+00:00",
            "course": 323.21,
            "speed": 14.63,
            "depth": 59.07
          },
          {
            "time": "1900-12-12T08:04:55.930000+00:00",
            "course": 323.21,
            "speed": 14.69,
            "depth": 59.07
          },
          {
            "time": "1900-12-12T08:05:03.920000+00:00",
            "course": 321.91,
            "speed": 14.69,
            "depth": 59.07
          },
          {
            "time": "1900-12-12T08:05:11.930000+00:00",
            "course": 322.75,
            "speed": 14.69,
            "depth": 59.07
          },
          {
            "time": "1900-12-12T08:05:19.930000+00:00",
            "course": 322.51,
            "speed": 14.73,
            "depth": 58.82
          },
          {
            "time": "1900-12-12T08:05:27.920000+00:00",
            "course": 322.09,
            "speed": 14.8,
            "depth": 58.82
          },
          {
            "time": "1900-12-12T08:05:35.930000+00:00",
            "course": 323.98,
            "speed": 14.81,
            "depth": 59.07
          },
          {
            "time": "1900-12-12T08:05:43.930000+00:00",
            "course": 323.77,
            "speed": 14.81,
            "depth": 59.07
          },
          {
            "time": "1900-12-12T08:05:51.930000+00:00",
            "course": 322.71,
            "speed": 14.81,
            "depth": 58.59
          },
          {
            "time": "1900-12-12T08:05:59.930000+00:00",
            "course": 323.39,
            "speed": 14.81,
            "depth": 58.22
          },
          {
            "time": "1900-12-12T08:06:07.930000+00:00",
            "course": 323.54,
            "speed": 14.86,
            "depth": 58.22
          },
          {
            "time": "1900-12-12T08:06:15.930000+00:00",
            "course": 321.81,
            "speed": 14.96,
            "depth": 58.46
          },
          {
            "time": "1900-12-12T08:06:23.930000+00:00",
            "course": 323.66,
            "speed": 14.91,
            "depth": 58.46
          },
          {
            "time": "1900-12-12T08:06:31.930000+00:00",
            "course": 323.73,
            "speed": 14.92,
            "depth": 58.46
          },
          {
            "time": "1900-12-12T08:06:39.930000+00:00",
            "course": 322.33,
            "speed": 14.93,
            "depth": 58.46
          },
          {
            "time": "1900-12-12T08:06:47.930000+00:00",
            "course": 322.99,
            "speed": 14.93,
            "depth": 58.71
          },
          {
            "time": "1900-12-12T08:06:55.930000+00:00",
            "course": 322.63,
            "speed": 14.93,
            "depth": 58.71
          },
          {
            "time": "1900-12-12T08:07:03.930000+00:00",
            "course": 322.67,
            "speed": 14.93,
            "depth": 58.71
          },
          {
            "time": "1900-12-12T08:07:11.930000+00:00",
            "course": 323.37,
            "speed": 14.93,
            "depth": 58.82
          },
          {
            "time": "1900-12-12T08:07:19.930000+00:00",
            "course": 322.67,
            "speed": 14.93,
            "depth": 58.82
          },
          {
            "time": "1900-12-12T08:07:27.930000+00:00",
            "course": 322.36,
            "speed": 14.96,
            "depth": 58.82
          },
          {
            "time": "1900-12-12T08:07:35.930000+00:00",
            "course": 323.43,
            "speed": 15.03,
            "depth": 58.71
          },
          {
            "time": "1900-12-12T08:07:43.930000+00:00",
            "course": 322.21,
            "speed": 15.03,
            "depth": 58.46
          },
          {
            "time": "1900-12-12T08:07:51.930000+00:00",
            "course": 323.06,
            "speed": 15.03,
            "depth": 58.46
          },
          {
            "time": "1900-12-12T08:07:59.930000+00:00",
            "course": 323.31,
            "speed": 15.01,
            "depth": 58.82
          },
          {
            "time": "1900-12-12T08:08:07.930000+00:00",
            "course": 322.92,
            "speed": 14.91,
            "depth": 58.82
          },
          {
            "time": "1900-12-12T08:08:15.930000+00:00",
            "course": 323.31,
            "speed": 14.89,
            "depth": 58.82
          },
          {
            "time": "1900-12-12T08:08:23.930000+00:00",
            "course": 322.54,
            "speed": 14.89,
            "depth": 59.07
          },
          {
            "time": "1900-12-12T08:08:31.930000+00:00",
            "course": 323.66,
            "speed": 14.89,
            "depth": 59.07
          },
          {
            "time": "1900-12-12T08:08:39.930000+00:00",
            "course": 323.27,
            "speed": 14.89,
            "depth": 58.95
          },
          {
            "time": "1900-12-12T08:08:47.930000+00:00",
            "course": 322.59,
            "speed": 14.66,
            "depth": 58.82
          },
          {
            "time": "1900-12-12T08:08:55.930000+00:00",
            "course": 324.09,
            "speed": 14.16,
            "depth": 58.82
          },
          {
            "time": "1900-12-12T08:09:03.930000+00:00",
            "course": 323.13,
            "speed": 13.69,
            "depth": 58.82
          },
          {
            "time": "1900-12-12T08:09:11.930000+00:00",
            "course": 322.51,
            "speed": 13.04,
            "depth": 58.71
          },
          {
            "time": "1900-12-12T08:09:19.930000+00:00",
            "course": 323.26,
            "speed": 12.45,
            "depth": 58.59
          },
          {
            "time": "1900-12-12T08:09:27.930000+00:00",
            "course": 323.1,
            "speed": 11.91,
            "depth": 58.59
          },
          {
            "time": "1900-12-12T08:09:35.940000+00:00",
            "course": 322.7,
            "speed": 11.53,
            "depth": 58.82
          },
          {
            "time": "1900-12-12T08:09:43.940000+00:00",
            "course": 322.28,
            "speed": 11.18,
            "depth": 58.82
          },
          {
            "time": "1900-12-12T08:09:51.940000+00:00",
            "course": 322.9,
            "speed": 10.89,
            "depth": 58.82
          },
          {
            "time": "1900-12-12T08:09:59.940000+00:00",
            "course": 323.02,
            "speed": 10.62,
            "depth": 58.71
          },
          {
            "time": "1900-12-12T08:10:07.940000+00:00",
            "course": 323.0,
            "speed": 10.27,
            "depth": 58.46
          },
          {
            "time": "1900-12-12T08:10:15.940000+00:00",
            "course": 322.98,
            "speed": 9.93,
            "depth": 58.46
          },
          {
            "time": "1900-12-12T08:10:23.940000+00:00",
            "course": 323.38,
            "speed": 9.51,
            "depth": 58.22
          },
          {
            "time": "1900-12-12T08:10:31.940000+00:00",
            "course": 323.49,
            "speed": 9.2,
            "depth": 58.22
          },
          {
            "time": "1900-12-12T08:10:39.940000+00:00",
            "course": 322.63,
            "speed": 8.98,
            "depth": 58.46
          },
          {
            "time": "1900-12-12T08:10:47.930000+00:00",
            "course": 322.13,
            "speed": 8.83,
            "depth": 58.82
          },
          {
            "time": "1900-12-12T08:10:55.930000+00:00",
            "course": 321.93,
            "speed": 8.69,
            "depth": 59.07
          },
          {
            "time": "1900-12-12T08:11:03.940000+00:00",
            "course": 322.6,
            "speed": 8.53,
            "depth": 59.43
          },
          {
            "time": "1900-12-12T08:11:11.940000+00:00",
            "course": 323.38,
            "speed": 8.36,
            "depth": 59.43
          },
          {
            "time": "1900-12-12T08:11:19.940000+00:00",
            "course": 323.59,
            "speed": 8.25,
            "depth": 59.43
          },
          {
            "time": "1900-12-12T08:11:27.930000+00:00",
            "course": 322.78,
            "speed": 8.09,
            "depth": 59.31
          },
          {
            "time": "1900-12-12T08:11:35.930000+00:00",
            "course": 322.16,
            "speed": 7.98,
            "depth": 58.95
          },
          {
            "time": "1900-12-12T08:11:43.930000+00:00",
            "course": 322.66,
            "speed": 7.78,
            "depth": 58.82
          },
          {
            "time": "1900-12-12T08:11:51.930000+00:00",
            "course": 323.23,
            "speed": 7.54,
            "depth": 58.82
          },
          {
            "time": "1900-12-12T08:11:59.930000+00:00",
            "course": 323.53,
            "speed": 7.4,
            "depth": 58.82
          },
          {
            "time": "1900-12-12T08:12:07.930000+00:00",
            "course": 323.59,
            "speed": 7.21,
            "depth": 58.82
          },
          {
            "time": "1900-12-12T08:12:15.920000+00:00",
            "course": 323.25,
            "speed": 7.04,
            "depth": 59.07
          },
          {
            "time": "1900-12-12T08:12:23.910000+00:00",
            "course": 323.09,
            "speed": 6.88,
            "depth": 59.19
          },
          {
            "time": "1900-12-12T08:12:31.900000+00:00",
            "course": 322.92,
            "speed": 6.66,
            "depth": 59.31
          },
          {
            "time": "1900-12-12T08:12:39.900000+00:00",
            "course": 322.81,
            "speed": 6.59,
            "depth": 59.67
          },
          {
            "time": "1900-12-12T08:12:47.900000+00:00",
            "course": 322.8,
            "speed": 6.48,
            "depth": 59.79
          },
          {
            "time": "1900-12-12T08:12:55.900000+00:00",
            "course": 322.94,
            "speed": 6.35,
            "depth": 59.79
          },
          {
            "time": "1900-12-12T08:13:03.900000+00:00",
            "course": 323.1,
            "speed": 6.22,
            "depth": 59.79
          },
          {
            "time": "1900-12-12T08:13:11.900000+00:00",
            "course": 323.35,
            "speed": 6.16,
            "depth": 59.79
          },
          {
            "time": "1900-12-12T08:13:19.890000+00:00",
            "course": 323.59,
            "speed": 6.16,
            "depth": 59.91
          },
          {
            "time": "1900-12-12T08:13:27.890000+00:00",
            "course": 323.61,
            "speed": 5.98,
            "depth": 60.15
          },
          {
            "time": "1900-12-12T08:13:35.890000+00:00",
            "course": 323.41,
            "speed": 5.92,
            "depth": 60.39
          },
          {
            "time": "1900-12-12T08:13:43.900000+00:00",
            "course": 322.9,
            "speed": 5.81,
            "depth": 60.39
          },
          {
            "time": "1900-12-12T08:13:51.900000+00:00",
            "course": 322.49,
            "speed": 5.66,
            "depth": 60.39
          },
          {
            "time": "1900-12-12T08:13:59.890000+00:00",
            "course": 322.28,
            "speed": 5.64,
            "depth": 60.39
          },
          {
            "time": "1900-12-12T08:14:07.890000+00:00",
            "course": 322.28,
            "speed": 5.64,
            "depth": 60.39
          },
          {
            "time": "1900-12-12T08:14:15.900000+00:00",
            "course": 322.57,
            "speed": 5.64,
            "depth": 60.39
          },
          {
            "time": "1900-12-12T08:14:23.900000+00:00",
            "course": 322.95,
            "speed": 5.6,
            "depth": 60.27
          },
          {
            "time": "1900-12-12T08:14:31.900000+00:00",
            "course": 323.19,
            "speed": 5.46,
            "depth": 60.03
          },
          {
            "time": "1900-12-12T08:14:39.900000+00:00",
            "course": 323.27,
            "speed": 5.38,
            "depth": 60.03
          },
          {
            "time": "1900-12-12T08:14:47.900000+00:00",
            "course": 323.26,
            "speed": 5.3,
            "depth": 60.03
          },
          {
            "time": "1900-12-12T08:14:55.900000+00:00",
            "course": 323.2,
            "speed": 5.15,
            "depth": 60.03
          },
          {
            "time": "1900-12-12T08:15:03.900000+00:00",
            "course": 322.97,
            "speed": 5.04,
            "depth": 60.03
          },
          {
            "time": "1900-12-12T08:15:11.900000+00:00",
            "course": 322.64,
            "speed": 4.92,
            "depth": 60.03
          },
          {
            "time": "1900-12-12T08:15:19.900000+00:00",
            "course": 322.64,
            "speed": 4.87,
            "depth": 60.15
          },
          {
            "time": "1900-12-12T08:15:27.900000+00:00",
            "course": 323.07,
            "speed": 4.72,
            "depth": 60.39
          },
          {
            "time": "1900-12-12T08:15:35.900000+00:00",
            "course": 323.43,
            "speed": 4.65,
            "depth": 60.39
          },
          {
            "time": "1900-12-12T08:15:43.890000+00:00",
            "course": 323.55,
            "speed": 4.61,
            "depth": 60.51
          },
          {
            "time": "1900-12-12T08:15:51.880000+00:00",
            "course": 323.44,
            "speed": 4.59,
            "depth": 60.51
          },
          {
            "time": "1900-12-12T08:15:59.880000+00:00",
            "course": 323.12,
            "speed": 4.57,
            "depth": 60.51
          },
          {
            "time": "1900-12-12T08:16:07.880000+00:00",
            "course": 322.73,
            "speed": 4.53,
            "depth": 60.51
          },
          {
            "time": "1900-12-12T08:16:15.890000+00:00",
            "course": 322.47,
            "speed": 4.45,
            "depth": 60.51
          },
          {
            "time": "1900-12-12T08:16:23.890000+00:00",
            "course": 322.26,
            "speed": 4.37,
            "depth": 60.51
          },
          {
            "time": "1900-12-12T08:16:31.890000+00:00",
            "course": 322.17,
            "speed": 4.32,
            "depth": 60.51
          },
          {
            "time": "1900-12-12T08:16:39.890000+00:00",
            "course": 322.36,
            "speed": 4.32,
            "depth": 60.51
          },
          {
            "time": "1900-12-12T08:16:47.890000+00:00",
            "course": 322.56,
            "speed": 4.36,
            "depth": 60.51
          },
          {
            "time": "1900-12-12T08:16:55.890000+00:00",
            "course": 322.67,
            "speed": 4.36,
            "depth": 60.51
          },
          {
            "time": "1900-12-12T08:17:03.890000+00:00",
            "course": 322.73,
            "speed": 4.36,
            "depth": 60.39
          },
          {
            "time": "1900-12-12T08:17:11.890000+00:00",
            "course": 322.78,
            "speed": 4.36,
            "depth": 60.27
          },
          {
            "time": "1900-12-12T08:17:19.890000+00:00",
            "course": 322.79,
            "speed": 4.36,
            "depth": 60.03
          },
          {
            "time": "1900-12-12T08:17:27.890000+00:00",
            "course": 322.83,
            "speed": 4.3,
            "depth": 59.79
          },
          {
            "time": "1900-12-12T08:17:35.880000+00:00",
            "course": 322.97,
            "speed": 4.27,
            "depth": 59.67
          },
          {
            "time": "1900-12-12T08:17:43.880000+00:00",
            "course": 323.07,
            "speed": 4.27,
            "depth": 59.43
          },
          {
            "time": "1900-12-12T08:17:51.880000+00:00",
            "course": 323.09,
            "speed": 4.13,
            "depth": 59.19
          },
          {
            "time": "1900-12-12T08:17:59.880000+00:00",
            "course": 323.2,
            "speed": 4.13,
            "depth": 59.19
          },
          {
            "time": "1900-12-12T08:18:07.880000+00:00",
            "course": 323.29,
            "speed": 4.13,
            "depth": 58.95
          },
          {
            "time": "1900-12-12T08:18:15.880000+00:00",
            "course": 323.27,
            "speed": 4.09,
            "depth": 58.95
          },
          {
            "time": "1900-12-12T08:18:23.880000+00:00",
            "course": 323.06,
            "speed": 4.07,
            "depth": 58.82
          },
          {
            "time": "1900-12-12T08:18:31.880000+00:00",
            "course": 322.62,
            "speed": 4.02,
            "depth": 58.71
          },
          {
            "time": "1900-12-12T08:18:39.880000+00:00",
            "course": 321.97,
            "speed": 3.98,
            "depth": 58.46
          },
          {
            "time": "1900-12-12T08:18:47.880000+00:00",
            "course": 321.19,
            "speed": 3.94,
            "depth": 58.46
          },
          {
            "time": "1900-12-12T08:18:55.880000+00:00",
            "course": 320.34,
            "speed": 3.91,
            "depth": 58.46
          },
          {
            "time": "1900-12-12T08:19:03.880000+00:00",
            "course": 319.43,
            "speed": 3.91,
            "depth": 58.22
          },
          {
            "time": "1900-12-12T08:19:11.880000+00:00",
            "course": 318.38,
            "speed": 3.95,
            "depth": 58.22
          },
          {
            "time": "1900-12-12T08:19:19.880000+00:00",
            "course": 317.2,
            "speed": 3.97,
            "depth": 58.22
          },
          {
            "time": "1900-12-12T08:19:27.880000+00:00",
            "course": 315.98,
            "speed": 3.97,
            "depth": 58.22
          },
          {
            "time": "1900-12-12T08:19:35.880000+00:00",
            "course": 314.75,
            "speed": 3.97,
            "depth": 58.1
          },
          {
            "time": "1900-12-12T08:19:43.880000+00:00",
            "course": 313.52,
            "speed": 3.93,
            "depth": 58.1
          },
          {
            "time": "1900-12-12T08:19:51.880000+00:00",
            "course": 312.23,
            "speed": 3.91,
            "depth": 58.1
          },
          {
            "time": "1900-12-12T08:19:59.880000+00:00",
            "course": 310.87,
            "speed": 3.91,
            "depth": 58.1
          },
          {
            "time": "1900-12-12T08:20:07.880000+00:00",
            "course": 309.45,
            "speed": 3.93,
            "depth": 58.1
          },
          {
            "time": "1900-12-12T08:20:15.880000+00:00",
            "course": 307.99,
            "speed": 3.95,
            "depth": 58.1
          },
          {
            "time": "1900-12-12T08:20:23.880000+00:00",
            "course": 306.49,
            "speed": 3.93,
            "depth": 58.1
          },
          {
            "time": "1900-12-12T08:20:31.880000+00:00",
            "course": 305.01,
            "speed": 3.89,
            "depth": 58.1
          },
          {
            "time": "1900-12-12T08:20:39.880000+00:00",
            "course": 303.53,
            "speed": 3.89,
            "depth": 58.1
          },
          {
            "time": "1900-12-12T08:20:47.880000+00:00",
            "course": 302.02,
            "speed": 3.77,
            "depth": 58.1
          },
          {
            "time": "1900-12-12T08:20:55.880000+00:00",
            "course": 300.49,
            "speed": 3.75,
            "depth": 58.1
          },
          {
            "time": "1900-12-12T08:21:03.880000+00:00",
            "course": 298.94,
            "speed": 3.81,
            "depth": 58.34
          },
          {
            "time": "1900-12-12T08:21:11.880000+00:00",
            "course": 297.41,
            "speed": 3.9,
            "depth": 58.46
          },
          {
            "time": "1900-12-12T08:21:19.880000+00:00",
            "course": 295.87,
            "speed": 3.9,
            "depth": 58.59
          },
          {
            "time": "1900-12-12T08:21:27.880000+00:00",
            "course": 294.29,
            "speed": 3.89,
            "depth": 58.59
          },
          {
            "time": "1900-12-12T08:21:35.880000+00:00",
            "course": 292.73,
            "speed": 3.89,
            "depth": 58.71
          },
          {
            "time": "1900-12-12T08:21:43.880000+00:00",
            "course": 291.23,
            "speed": 3.9,
            "depth": 58.71
          },
          {
            "time": "1900-12-12T08:21:51.880000+00:00",
            "course": 289.78,
            "speed": 3.9,
            "depth": 58.71
          },
          {
            "time": "1900-12-12T08:21:59.880000+00:00",
            "course": 288.41,
            "speed": 3.84,
            "depth": 58.71
          },
          {
            "time": "1900-12-12T08:22:07.880000+00:00",
            "course": 287.33,
            "speed": 3.75,
            "depth": 58.82
          },
          {
            "time": "1900-12-12T08:22:15.890000+00:00",
            "course": 286.52,
            "speed": 3.75,
            "depth": 58.82
          },
          {
            "time": "1900-12-12T08:22:23.890000+00:00",
            "course": 286.08,
            "speed": 3.73,
            "depth": 59.07
          },
          {
            "time": "1900-12-12T08:22:31.890000+00:00",
            "course": 285.74,
            "speed": 3.73,
            "depth": 59.07
          },
          {
            "time": "1900-12-12T08:22:39.890000+00:00",
            "course": 285.53,
            "speed": 3.77,
            "depth": 59.07
          },
          {
            "time": "1900-12-12T08:22:47.890000+00:00",
            "course": 285.32,
            "speed": 3.79,
            "depth": 59.07
          },
          {
            "time": "1900-12-12T08:22:55.890000+00:00",
            "course": 285.13,
            "speed": 3.79,
            "depth": 59.31
          },
          {
            "time": "1900-12-12T08:23:03.880000+00:00",
            "course": 285.05,
            "speed": 3.79,
            "depth": 59.43
          },
          {
            "time": "1900-12-12T08:23:11.890000+00:00",
            "course": 284.96,
            "speed": 3.79,
            "depth": 59.67
          },
          {
            "time": "1900-12-12T08:23:19.880000+00:00",
            "course": 284.75,
            "speed": 3.75,
            "depth": 59.67
          },
          {
            "time": "1900-12-12T08:23:27.880000+00:00",
            "course": 284.43,
            "speed": 3.71,
            "depth": 59.67
          },
          {
            "time": "1900-12-12T08:23:35.880000+00:00",
            "course": 284.08,
            "speed": 3.68,
            "depth": 59.67
          },
          {
            "time": "1900-12-12T08:23:43.880000+00:00",
            "course": 283.97,
            "speed": 3.68,
            "depth": 59.67
          },
          {
            "time": "1900-12-12T08:23:51.880000+00:00",
            "course": 284.14,
            "speed": 3.7,
            "depth": 59.67
          },
          {
            "time": "1900-12-12T08:23:59.880000+00:00",
            "course": 284.5,
            "speed": 3.72,
            "depth": 59.79
          },
          {
            "time": "1900-12-12T08:24:07.880000+00:00",
            "course": 284.99,
            "speed": 3.68,
            "depth": 59.79
          },
          {
            "time": "1900-12-12T08:24:15.880000+00:00",
            "course": 285.35,
            "speed": 3.68,
            "depth": 59.79
          },
          {
            "time": "1900-12-12T08:24:23.880000+00:00",
            "course": 285.57,
            "speed": 3.7,
            "depth": 59.79
          },
          {
            "time": "1900-12-12T08:24:31.880000+00:00",
            "course": 285.67,
            "speed": 3.69,
            "depth": 59.67
          },
          {
            "time": "1900-12-12T08:24:39.880000+00:00",
            "course": 285.51,
            "speed": 3.69,
            "depth": 59.67
          },
          {
            "time": "1900-12-12T08:24:47.890000+00:00",
            "course": 284.94,
            "speed": 3.69,
            "depth": 59.43
          },
          {
            "time": "1900-12-12T08:24:55.880000+00:00",
            "course": 284.01,
            "speed": 3.68,
            "depth": 59.31
          },
          {
            "time": "1900-12-12T08:25:03.880000+00:00",
            "course": 283.12,
            "speed": 3.64,
            "depth": 58.95
          },
          {
            "time": "1900-12-12T08:25:11.880000+00:00",
            "course": 282.54,
            "speed": 3.61,
            "depth": 58.71
          },
          {
            "time": "1900-12-12T08:25:19.880000+00:00",
            "course": 282.48,
            "speed": 3.61,
            "depth": 58.46
          },
          {
            "time": "1900-12-12T08:25:27.880000+00:00",
            "course": 282.94,
            "speed": 3.61,
            "depth": 58.46
          },
          {
            "time": "1900-12-12T08:25:35.880000+00:00",
            "course": 283.87,
            "speed": 3.64,
            "depth": 58.22
          },
          {
            "time": "1900-12-12T08:25:43.880000+00:00",
            "course": 285.01,
            "speed": 3.65,
            "depth": 58.22
          },
          {
            "time": "1900-12-12T08:25:51.880000+00:00",
            "course": 285.96,
            "speed": 3.68,
            "depth": 58.22
          },
          {
            "time": "1900-12-12T08:25:59.880000+00:00",
            "course": 286.75,
            "speed": 3.68,
            "depth": 58.22
          },
          {
            "time": "1900-12-12T08:26:07.880000+00:00",
            "course": 287.21,
            "speed": 3.66,
            "depth": 58.22
          },
          {
            "time": "1900-12-12T08:26:15.890000+00:00",
            "course": 287.26,
            "speed": 3.66,
            "depth": 58.1
          },
          {
            "time": "1900-12-12T08:26:23.890000+00:00",
            "course": 286.74,
            "speed": 3.66,
            "depth": 58.1
          },
          {
            "time": "1900-12-12T08:26:31.890000+00:00",
            "course": 285.64,
            "speed": 3.66,
            "depth": 57.98
          },
          {
            "time": "1900-12-12T08:26:39.890000+00:00",
            "course": 284.55,
            "speed": 3.58,
            "depth": 57.98
          },
          {
            "time": "1900-12-12T08:26:47.890000+00:00",
            "course": 283.89,
            "speed": 3.52,
            "depth": 57.74
          },
          {
            "time": "1900-12-12T08:26:55.890000+00:00",
            "course": 283.5,
            "speed": 3.52,
            "depth": 57.74
          },
          {
            "time": "1900-12-12T08:27:03.890000+00:00",
            "course": 283.46,
            "speed": 3.52,
            "depth": 57.62
          },
          {
            "time": "1900-12-12T08:27:11.890000+00:00",
            "course": 283.58,
            "speed": 3.52,
            "depth": 57.62
          },
          {
            "time": "1900-12-12T08:27:19.890000+00:00",
            "course": 283.94,
            "speed": 3.52,
            "depth": 57.62
          },
          {
            "time": "1900-12-12T08:27:27.890000+00:00",
            "course": 284.4,
            "speed": 3.52,
            "depth": 57.62
          },
          {
            "time": "1900-12-12T08:27:35.890000+00:00",
            "course": 284.62,
            "speed": 3.61,
            "depth": 57.62
          },
          {
            "time": "1900-12-12T08:27:43.890000+00:00",
            "course": 284.61,
            "speed": 3.59,
            "depth": 57.62
          },
          {
            "time": "1900-12-12T08:27:51.890000+00:00",
            "course": 284.27,
            "speed": 3.68,
            "depth": 57.62
          },
          {
            "time": "1900-12-12T08:27:59.890000+00:00",
            "course": 283.7,
            "speed": 3.7,
            "depth": 57.62
          },
          {
            "time": "1900-12-12T08:28:07.890000+00:00",
            "course": 283.1,
            "speed": 3.64,
            "depth": 57.62
          },
          {
            "time": "1900-12-12T08:28:15.880000+00:00",
            "course": 282.73,
            "speed": 3.64,
            "depth": 57.62
          },
          {
            "time": "1900-12-12T08:28:23.890000+00:00",
            "course": 282.9,
            "speed": 3.68,
            "depth": 57.62
          },
          {
            "time": "1900-12-12T08:28:31.890000+00:00",
            "course": 283.55,
            "speed": 3.68,
            "depth": 57.62
          },
          {
            "time": "1900-12-12T08:28:39.890000+00:00",
            "course": 284.23,
            "speed": 3.67,
            "depth": 57.62
          },
          {
            "time": "1900-12-12T08:28:47.890000+00:00",
            "course": 284.58,
            "speed": 3.57,
            "depth": 57.62
          },
          {
            "time": "1900-12-12T08:28:55.890000+00:00",
            "course": 284.89,
            "speed": 3.57,
            "depth": 57.62
          },
          {
            "time": "1900-12-12T08:29:03.890000+00:00",
            "course": 285.32,
            "speed": 3.58,
            "depth": 57.86
          },
          {
            "time": "1900-12-12T08:29:11.890000+00:00",
            "course": 285.83,
            "speed": 3.58,
            "depth": 57.98
          },
          {
            "time": "1900-12-12T08:29:19.890000+00:00",
            "course": 286.36,
            "speed": 3.58,
            "depth": 58.1
          },
          {
            "time": "1900-12-12T08:29:27.890000+00:00",
            "course": 286.92,
            "speed": 3.58,
            "depth": 58.34
          },
          {
            "time": "1900-12-12T08:29:35.880000+00:00",
            "course": 287.35,
            "speed": 3.58,
            "depth": 58.59
          },
          {
            "time": "1900-12-12T08:29:43.880000+00:00",
            "course": 287.5,
            "speed": 3.58,
            "depth": 58.71
          },
          {
            "time": "1900-12-12T08:29:51.880000+00:00",
            "course": 287.15,
            "speed": 3.58,
            "depth": 58.71
          },
          {
            "time": "1900-12-12T08:29:59.880000+00:00",
            "course": 286.35,
            "speed": 3.58,
            "depth": 58.71
          },
          {
            "time": "1900-12-12T08:30:07.880000+00:00",
            "course": 285.55,
            "speed": 3.65,
            "depth": 58.71
          },
          {
            "time": "1900-12-12T08:30:15.880000+00:00",
            "course": 285.12,
            "speed": 3.71,
            "depth": 58.71
          },
          {
            "time": "1900-12-12T08:30:23.880000+00:00",
            "course": 285.3,
            "speed": 3.79,
            "depth": 58.71
          },
          {
            "time": "1900-12-12T08:30:31.880000+00:00",
            "course": 285.9,
            "speed": 3.9,
            "depth": 58.71
          },
          {
            "time": "1900-12-12T08:30:39.880000+00:00",
            "course": 286.87,
            "speed": 3.99,
            "depth": 58.71
          },
          {
            "time": "1900-12-12T08:30:47.880000+00:00",
            "course": 288.25,
            "speed": 4.15,
            "depth": 58.71
          },
          {
            "time": "1900-12-12T08:30:55.890000+00:00",
            "course": 289.96,
            "speed": 4.24,
            "depth": 58.71
          },
          {
            "time": "1900-12-12T08:31:03.890000+00:00",
            "course": 291.99,
            "speed": 4.37,
            "depth": 58.71
          },
          {
            "time": "1900-12-12T08:31:11.890000+00:00",
            "course": 294.48,
            "speed": 4.49,
            "depth": 58.71
          },
          {
            "time": "1900-12-12T08:31:19.890000+00:00",
            "course": 297.32,
            "speed": 4.57,
            "depth": 58.71
          },
          {
            "time": "1900-12-12T08:31:27.890000+00:00",
            "course": 300.35,
            "speed": 4.62,
            "depth": 58.71
          },
          {
            "time": "1900-12-12T08:31:35.900000+00:00",
            "course": 303.6,
            "speed": 4.68,
            "depth": 58.82
          },
          {
            "time": "1900-12-12T08:31:43.900000+00:00",
            "course": 307.01,
            "speed": 4.81,
            "depth": 58.82
          },
          {
            "time": "1900-12-12T08:31:51.900000+00:00",
            "course": 310.57,
            "speed": 4.92,
            "depth": 58.82
          },
          {
            "time": "1900-12-12T08:31:59.900000+00:00",
            "course": 314.28,
            "speed": 4.94,
            "depth": 58.82
          },
          {
            "time": "1900-12-12T08:32:07.900000+00:00",
            "course": 318.1,
            "speed": 4.94,
            "depth": 58.82
          },
          {
            "time": "1900-12-12T08:32:15.900000+00:00",
            "course": 322.09,
            "speed": 4.94,
            "depth": 58.82
          },
          {
            "time": "1900-12-12T08:32:23.900000+00:00",
            "course": 326.28,
            "speed": 4.94,
            "depth": 58.82
          },
          {
            "time": "1900-12-12T08:32:31.900000+00:00",
            "course": 330.6,
            "speed": 5.01,
            "depth": 58.82
          },
          {
            "time": "1900-12-12T08:32:39.900000+00:00",
            "course": 334.93,
            "speed": 5.08,
            "depth": 58.95
          },
          {
            "time": "1900-12-12T08:32:47.900000+00:00",
            "course": 339.25,
            "speed": 5.11,
            "depth": 58.95
          },
          {
            "time": "1900-12-12T08:32:55.900000+00:00",
            "course": 343.56,
            "speed": 5.11,
            "depth": 58.95
          },
          {
            "time": "1900-12-12T08:33:03.900000+00:00",
            "course": 348.07,
            "speed": 5.11,
            "depth": 58.95
          },
          {
            "time": "1900-12-12T08:33:11.900000+00:00",
            "course": 352.8,
            "speed": 5.11,
            "depth": 58.95
          },
          {
            "time": "1900-12-12T08:33:19.900000+00:00",
            "course": 357.73,
            "speed": 5.09,
            "depth": 58.95
          },
          {
            "time": "1900-12-12T08:33:27.900000+00:00",
            "course": 2.79,
            "speed": 5.16,
            "depth": 59.07
          },
          {
            "time": "1900-12-12T08:33:35.900000+00:00",
            "course": 7.92,
            "speed": 5.2,
            "depth": 59.07
          },
          {
            "time": "1900-12-12T08:33:43.900000+00:00",
            "course": 13.1,
            "speed": 5.2,
            "depth": 59.07
          },
          {
            "time": "1900-12-12T08:33:51.900000+00:00",
            "course": 18.34,
            "speed": 5.13,
            "depth": 59.07
          },
          {
            "time": "1900-12-12T08:33:59.900000+00:00",
            "course": 23.55,
            "speed": 5.11,
            "depth": 59.07
          },
          {
            "time": "1900-12-12T08:34:07.890000+00:00",
            "course": 28.68,
            "speed": 5.11,
            "depth": 59.07
          },
          {
            "time": "1900-12-12T08:34:15.890000+00:00",
            "course": 33.75,
            "speed": 5.09,
            "depth": 59.31
          },
          {
            "time": "1900-12-12T08:34:23.900000+00:00",
            "course": 38.86,
            "speed": 5.09,
            "depth": 59.43
          },
          {
            "time": "1900-12-12T08:34:31.900000+00:00",
            "course": 43.18,
            "speed": 5.11,
            "depth": 59.43
          },
          {
            "time": "1900-12-12T08:34:39.900000+00:00",
            "course": 46.13,
            "speed": 5.13,
            "depth": 59.43
          },
          {
            "time": "1900-12-12T08:34:47.890000+00:00",
            "course": 48.01,
            "speed": 5.13,
            "depth": 59.43
          },
          {
            "time": "1900-12-12T08:34:55.890000+00:00",
            "course": 49.1,
            "speed": 5.28,
            "depth": 59.19
          },
          {
            "time": "1900-12-12T08:35:03.890000+00:00",
            "course": 49.65,
            "speed": 5.41,
            "depth": 59.19
          },
          {
            "time": "1900-12-12T08:35:11.890000+00:00",
            "course": 50.13,
            "speed": 5.44,
            "depth": 58.95
          },
          {
            "time": "1900-12-12T08:35:19.890000+00:00",
            "course": 50.44,
            "speed": 5.47,
            "depth": 58.46
          },
          {
            "time": "1900-12-12T08:35:27.890000+00:00",
            "course": 50.55,
            "speed": 5.47,
            "depth": 58.22
          },
          {
            "time": "1900-12-12T08:35:35.890000+00:00",
            "course": 50.63,
            "speed": 5.47,
            "depth": 58.22
          },
          {
            "time": "1900-12-12T08:35:43.890000+00:00",
            "course": 50.62,
            "speed": 5.5,
            "depth": 58.22
          },
          {
            "time": "1900-12-12T08:35:51.890000+00:00",
            "course": 50.58,
            "speed": 5.5,
            "depth": 58.22
          },
          {
            "time": "1900-12-12T08:35:59.890000+00:00",
            "course": 50.5,
            "speed": 5.56,
            "depth": 58.22
          },
          {
            "time": "1900-12-12T08:36:07.890000+00:00",
            "course": 50.46,
            "speed": 5.62,
            "depth": 58.22
          },
          {
            "time": "1900-12-12T08:36:15.890000+00:00",
            "course": 50.54,
            "speed": 5.66,
            "depth": 58.22
          },
          {
            "time": "1900-12-12T08:36:23.890000+00:00",
            "course": 50.76,
            "speed": 5.7,
            "depth": 58.22
          },
          {
            "time": "1900-12-12T08:36:31.890000+00:00",
            "course": 51.11,
            "speed": 5.83,
            "depth": 58.22
          },
          {
            "time": "1900-12-12T08:36:39.890000+00:00",
            "course": 51.47,
            "speed": 5.9,
            "depth": 58.22
          },
          {
            "time": "1900-12-12T08:36:47.890000+00:00",
            "course": 51.61,
            "speed": 5.92,
            "depth": 58.22
          },
          {
            "time": "1900-12-12T08:36:55.900000+00:00",
            "course": 51.44,
            "speed": 5.92,
            "depth": 58.22
          },
          {
            "time": "1900-12-12T08:37:03.900000+00:00",
            "course": 50.83,
            "speed": 5.92,
            "depth": 58.22
          },
          {
            "time": "1900-12-12T08:37:11.900000+00:00",
            "course": 50.09,
            "speed": 5.92,
            "depth": 58.22
          },
          {
            "time": "1900-12-12T08:37:19.900000+00:00",
            "course": 49.93,
            "speed": 5.97,
            "depth": 58.22
          },
          {
            "time": "1900-12-12T08:37:27.900000+00:00",
            "course": 50.25,
            "speed": 5.97,
            "depth": 58.22
          },
          {
            "time": "1900-12-12T08:37:35.890000+00:00",
            "course": 50.95,
            "speed": 5.97,
            "depth": 58.22
          },
          {
            "time": "1900-12-12T08:37:43.890000+00:00",
            "course": 51.75,
            "speed": 5.99,
            "depth": 58.46
          },
          {
            "time": "1900-12-12T08:37:51.890000+00:00",
            "course": 51.81,
            "speed": 6.07,
            "depth": 58.46
          },
          {
            "time": "1900-12-12T08:37:59.890000+00:00",
            "course": 51.04,
            "speed": 6.07,
            "depth": 58.46
          },
          {
            "time": "1900-12-12T08:38:07.890000+00:00",
            "course": 50.18,
            "speed": 6.07,
            "depth": 58.46
          },
          {
            "time": "1900-12-12T08:38:15.900000+00:00",
            "course": 49.2,
            "speed": 6.11,
            "depth": 58.46
          },
          {
            "time": "1900-12-12T08:38:23.900000+00:00",
            "course": 47.36,
            "speed": 6.23,
            "depth": 58.46
          },
          {
            "time": "1900-12-12T08:38:31.900000+00:00",
            "course": 44.88,
            "speed": 6.23,
            "depth": 58.59
          },
          {
            "time": "1900-12-12T08:38:39.900000+00:00",
            "course": 41.82,
            "speed": 6.23,
            "depth": 58.59
          },
          {
            "time": "1900-12-12T08:38:47.900000+00:00",
            "course": 38.05,
            "speed": 6.16,
            "depth": 58.46
          },
          {
            "time": "1900-12-12T08:38:55.900000+00:00",
            "course": 33.8,
            "speed": 6.09,
            "depth": 58.46
          },
          {
            "time": "1900-12-12T08:39:03.900000+00:00",
            "course": 29.3,
            "speed": 6.09,
            "depth": 58.46
          },
          {
            "time": "1900-12-12T08:39:11.900000+00:00",
            "course": 24.69,
            "speed": 6.08,
            "depth": 58.46
          },
          {
            "time": "1900-12-12T08:39:19.900000+00:00",
            "course": 20.04,
            "speed": 6.02,
            "depth": 58.82
          },
          {
            "time": "1900-12-12T08:39:27.900000+00:00",
            "course": 15.34,
            "speed": 5.97,
            "depth": 59.07
          },
          {
            "time": "1900-12-12T08:39:35.900000+00:00",
            "course": 10.65,
            "speed": 5.86,
            "depth": 59.31
          },
          {
            "time": "1900-12-12T08:39:43.900000+00:00",
            "course": 6.06,
            "speed": 5.82,
            "depth": 59.67
          },
          {
            "time": "1900-12-12T08:39:51.900000+00:00",
            "course": 1.61,
            "speed": 5.79,
            "depth": 59.91
          },
          {
            "time": "1900-12-12T08:39:59.900000+00:00",
            "course": 357.28,
            "speed": 5.73,
            "depth": 60.15
          },
          {
            "time": "1900-12-12T08:40:07.890000+00:00",
            "course": 353.1,
            "speed": 5.73,
            "depth": 60.39
          },
          {
            "time": "1900-12-12T08:40:15.890000+00:00",
            "course": 349.02,
            "speed": 5.73,
            "depth": 60.51
          },
          {
            "time": "1900-12-12T08:40:23.900000+00:00",
            "course": 345.18,
            "speed": 5.73,
            "depth": 60.75
          },
          {
            "time": "1900-12-12T08:40:31.900000+00:00",
            "course": 341.67,
            "speed": 5.73,
            "depth": 60.87
          },
          {
            "time": "1900-12-12T08:40:39.900000+00:00",
            "course": 338.15,
            "speed": 5.77,
            "depth": 60.87
          },
          {
            "time": "1900-12-12T08:40:47.890000+00:00",
            "course": 334.52,
            "speed": 5.92,
            "depth": 60.87
          },
          {
            "time": "1900-12-12T08:40:55.900000+00:00",
            "course": 330.74,
            "speed": 6.01,
            "depth": 60.87
          },
          {
            "time": "1900-12-12T08:41:03.900000+00:00",
            "course": 326.79,
            "speed": 6.08,
            "depth": 60.63
          },
          {
            "time": "1900-12-12T08:41:11.900000+00:00",
            "course": 322.72,
            "speed": 6.16,
            "depth": 60.51
          },
          {
            "time": "1900-12-12T08:41:19.900000+00:00",
            "course": 318.73,
            "speed": 6.2,
            "depth": 60.39
          },
          {
            "time": "1900-12-12T08:41:27.900000+00:00",
            "course": 314.91,
            "speed": 6.29,
            "depth": 60.27
          },
          {
            "time": "1900-12-12T08:41:35.900000+00:00",
            "course": 311.15,
            "speed": 6.34,
            "depth": 60.03
          },
          {
            "time": "1900-12-12T08:41:43.900000+00:00",
            "course": 307.21,
            "speed": 6.42,
            "depth": 59.91
          },
          {
            "time": "1900-12-12T08:41:51.900000+00:00",
            "course": 303.06,
            "speed": 6.58,
            "depth": 59.79
          },
          {
            "time": "1900-12-12T08:41:59.900000+00:00",
            "course": 298.77,
            "speed": 6.67,
            "depth": 59.79
          },
          {
            "time": "1900-12-12T08:42:07.900000+00:00",
            "course": 294.64,
            "speed": 6.7,
            "depth": 59.67
          },
          {
            "time": "1900-12-12T08:42:15.900000+00:00",
            "course": 292.0,
            "speed": 6.77,
            "depth": 59.67
          },
          {
            "time": "1900-12-12T08:42:23.900000+00:00",
            "course": 290.58,
            "speed": 6.8,
            "depth": 59.67
          },
          {
            "time": "1900-12-12T08:42:31.900000+00:00",
            "course": 289.65,
            "speed": 6.87,
            "depth": 59.43
          },
          {
            "time": "1900-12-12T08:42:39.900000+00:00",
            "course": 288.56,
            "speed": 6.76,
            "depth": 58.95
          },
          {
            "time": "1900-12-12T08:42:47.900000+00:00",
            "course": 287.29,
            "speed": 6.76,
            "depth": 58.95
          },
          {
            "time": "1900-12-12T08:42:55.900000+00:00",
            "course": 286.09,
            "speed": 6.74,
            "depth": 58.95
          },
          {
            "time": "1900-12-12T08:43:03.900000+00:00",
            "course": 285.74,
            "speed": 6.66,
            "depth": 59.19
          },
          {
            "time": "1900-12-12T08:43:11.900000+00:00",
            "course": 286.04,
            "speed": 6.66,
            "depth": 59.31
          },
          {
            "time": "1900-12-12T08:43:19.900000+00:00",
            "course": 285.96,
            "speed": 6.61,
            "depth": 59.55
          },
          {
            "time": "1900-12-12T08:43:27.900000+00:00",
            "course": 285.44,
            "speed": 6.61,
            "depth": 59.67
          },
          {
            "time": "1900-12-12T08:43:35.900000+00:00",
            "course": 284.48,
            "speed": 6.61,
            "depth": 59.67
          },
          {
            "time": "1900-12-12T08:43:43.900000+00:00",
            "course": 284.05,
            "speed": 6.61,
            "depth": 59.43
          },
          {
            "time": "1900-12-12T08:43:51.900000+00:00",
            "course": 284.21,
            "speed": 6.59,
            "depth": 59.19
          },
          {
            "time": "1900-12-12T08:43:59.900000+00:00",
            "course": 284.8,
            "speed": 6.54,
            "depth": 58.71
          },
          {
            "time": "1900-12-12T08:44:07.900000+00:00",
            "course": 285.57,
            "speed": 6.44,
            "depth": 57.74
          },
          {
            "time": "1900-12-12T08:44:15.910000+00:00",
            "course": 286.23,
            "speed": 6.4,
            "depth": 56.78
          },
          {
            "time": "1900-12-12T08:44:23.910000+00:00",
            "course": 286.21,
            "speed": 6.37,
            "depth": 55.33
          },
          {
            "time": "1900-12-12T08:44:31.910000+00:00",
            "course": 285.39,
            "speed": 6.35,
            "depth": 53.64
          },
          {
            "time": "1900-12-12T08:44:39.910000+00:00",
            "course": 283.91,
            "speed": 6.35,
            "depth": 51.71
          },
          {
            "time": "1900-12-12T08:44:47.910000+00:00",
            "course": 283.23,
            "speed": 6.35,
            "depth": 49.66
          },
          {
            "time": "1900-12-12T08:44:55.900000+00:00",
            "course": 283.71,
            "speed": 6.35,
            "depth": 47.73
          },
          {
            "time": "1900-12-12T08:45:03.900000+00:00",
            "course": 284.91,
            "speed": 6.35,
            "depth": 45.69
          },
          {
            "time": "1900-12-12T08:45:11.900000+00:00",
            "course": 285.8,
            "speed": 6.35,
            "depth": 43.88
          },
          {
            "time": "1900-12-12T08:45:19.900000+00:00",
            "course": 285.7,
            "speed": 6.35,
            "depth": 42.07
          },
          {
            "time": "1900-12-12T08:45:27.900000+00:00",
            "course": 285.14,
            "speed": 6.35,
            "depth": 39.9
          },
          {
            "time": "1900-12-12T08:45:35.910000+00:00",
            "course": 284.65,
            "speed": 6.32,
            "depth": 37.85
          },
          {
            "time": "1900-12-12T08:45:43.910000+00:00",
            "course": 284.55,
            "speed": 6.21,
            "depth": 35.92
          },
          {
            "time": "1900-12-12T08:45:51.910000+00:00",
            "course": 284.65,
            "speed": 6.19,
            "depth": 33.99
          },
          {
            "time": "1900-12-12T08:45:59.910000+00:00",
            "course": 284.96,
            "speed": 6.19,
            "depth": 31.95
          },
          {
            "time": "1900-12-12T08:46:07.900000+00:00",
            "course": 285.29,
            "speed": 6.23,
            "depth": 29.89
          },
          {
            "time": "1900-12-12T08:46:15.910000+00:00",
            "course": 285.27,
            "speed": 6.25,
            "depth": 28.09
          },
          {
            "time": "1900-12-12T08:46:23.910000+00:00",
            "course": 284.91,
            "speed": 6.25,
            "depth": 26.76
          },
          {
            "time": "1900-12-12T08:46:31.910000+00:00",
            "course": 284.36,
            "speed": 6.25,
            "depth": 25.55
          },
          {
            "time": "1900-12-12T08:46:39.910000+00:00",
            "course": 283.91,
            "speed": 6.21,
            "depth": 24.23
          },
          {
            "time": "1900-12-12T08:46:47.900000+00:00",
            "course": 283.93,
            "speed": 6.11,
            "depth": 23.02
          },
          {
            "time": "1900-12-12T08:46:55.900000+00:00",
            "course": 284.32,
            "speed": 5.98,
            "depth": 22.18
          },
          {
            "time": "1900-12-12T08:47:03.900000+00:00",
            "course": 284.96,
            "speed": 5.93,
            "depth": 21.09
          },
          {
            "time": "1900-12-12T08:47:11.900000+00:00",
            "course": 285.63,
            "speed": 5.86,
            "depth": 20.13
          },
          {
            "time": "1900-12-12T08:47:19.900000+00:00",
            "course": 286.06,
            "speed": 5.82,
            "depth": 19.29
          },
          {
            "time": "1900-12-12T08:47:27.900000+00:00",
            "course": 286.23,
            "speed": 5.73,
            "depth": 18.44
          },
          {
            "time": "1900-12-12T08:47:35.900000+00:00",
            "course": 286.24,
            "speed": 5.73,
            "depth": 17.72
          },
          {
            "time": "1900-12-12T08:47:43.900000+00:00",
            "course": 286.02,
            "speed": 5.71,
            "depth": 17.36
          },
          {
            "time": "1900-12-12T08:47:51.900000+00:00",
            "course": 285.62,
            "speed": 5.66,
            "depth": 16.87
          },
          {
            "time": "1900-12-12T08:47:59.900000+00:00",
            "course": 285.1,
            "speed": 5.63,
            "depth": 16.75
          },
          {
            "time": "1900-12-12T08:48:07.900000+00:00",
            "course": 284.39,
            "speed": 5.6,
            "depth": 16.75
          },
          {
            "time": "1900-12-12T08:48:15.900000+00:00",
            "course": 283.48,
            "speed": 5.53,
            "depth": 16.52
          },
          {
            "time": "1900-12-12T08:48:23.900000+00:00",
            "course": 282.65,
            "speed": 5.53,
            "depth": 16.52
          },
          {
            "time": "1900-12-12T08:48:31.900000+00:00",
            "course": 282.56,
            "speed": 5.52,
            "depth": 16.52
          },
          {
            "time": "1900-12-12T08:48:39.900000+00:00",
            "course": 283.18,
            "speed": 5.48,
            "depth": 16.52
          },
          {
            "time": "1900-12-12T08:48:47.900000+00:00",
            "course": 284.39,
            "speed": 5.41,
            "depth": 16.52
          },
          {
            "time": "1900-12-12T08:48:55.910000+00:00",
            "course": 285.84,
            "speed": 5.37,
            "depth": 16.52
          },
          {
            "time": "1900-12-12T08:49:03.910000+00:00",
            "course": 286.94,
            "speed": 5.32,
            "depth": 16.52
          },
          {
            "time": "1900-12-12T08:49:11.910000+00:00",
            "course": 287.55,
            "speed": 5.3,
            "depth": 16.52
          },
          {
            "time": "1900-12-12T08:49:19.910000+00:00",
            "course": 287.39,
            "speed": 5.3,
            "depth": 16.52
          },
          {
            "time": "1900-12-12T08:49:27.910000+00:00",
            "course": 286.67,
            "speed": 5.28,
            "depth": 16.52
          },
          {
            "time": "1900-12-12T08:49:35.910000+00:00",
            "course": 285.53,
            "speed": 5.25,
            "depth": 16.52
          },
          {
            "time": "1900-12-12T08:49:43.910000+00:00",
            "course": 284.33,
            "speed": 5.25,
            "depth": 16.52
          },
          {
            "time": "1900-12-12T08:49:51.910000+00:00",
            "course": 283.54,
            "speed": 5.21,
            "depth": 16.52
          },
          {
            "time": "1900-12-12T08:49:59.910000+00:00",
            "course": 283.16,
            "speed": 5.2,
            "depth": 16.52
          },
          {
            "time": "1900-12-12T08:50:07.910000+00:00",
            "course": 283.3,
            "speed": 5.2,
            "depth": 16.52
          },
          {
            "time": "1900-12-12T08:50:15.910000+00:00",
            "course": 284.09,
            "speed": 5.16,
            "depth": 16.52
          },
          {
            "time": "1900-12-12T08:50:23.910000+00:00",
            "course": 284.73,
            "speed": 5.09,
            "depth": 16.52
          },
          {
            "time": "1900-12-12T08:50:31.910000+00:00",
            "course": 285.01,
            "speed": 5.04,
            "depth": 16.75
          },
          {
            "time": "1900-12-12T08:50:39.910000+00:00",
            "course": 284.99,
            "speed": 4.99,
            "depth": 16.75
          },
          {
            "time": "1900-12-12T08:50:47.910000+00:00",
            "course": 284.85,
            "speed": 4.95,
            "depth": 16.75
          },
          {
            "time": "1900-12-12T08:50:55.910000+00:00",
            "course": 284.69,
            "speed": 4.94,
            "depth": 16.75
          },
          {
            "time": "1900-12-12T08:51:03.910000+00:00",
            "course": 284.51,
            "speed": 4.84,
            "depth": 16.75
          },
          {
            "time": "1900-12-12T08:51:11.910000+00:00",
            "course": 284.39,
            "speed": 4.8,
            "depth": 16.75
          },
          {
            "time": "1900-12-12T08:51:19.910000+00:00",
            "course": 284.45,
            "speed": 4.78,
            "depth": 16.75
          },
          {
            "time": "1900-12-12T08:51:27.910000+00:00",
            "course": 284.61,
            "speed": 4.78,
            "depth": 16.75
          },
          {
            "time": "1900-12-12T08:51:35.920000+00:00",
            "course": 284.77,
            "speed": 4.78,
            "depth": 16.75
          },
          {
            "time": "1900-12-12T08:51:43.920000+00:00",
            "course": 284.88,
            "speed": 4.78,
            "depth": 16.75
          },
          {
            "time": "1900-12-12T08:51:51.920000+00:00",
            "course": 284.96,
            "speed": 4.72,
            "depth": 16.75
          },
          {
            "time": "1900-12-12T08:51:59.920000+00:00",
            "course": 284.99,
            "speed": 4.68,
            "depth": 16.75
          },
          {
            "time": "1900-12-12T08:52:07.920000+00:00",
            "course": 285.08,
            "speed": 4.65,
            "depth": 16.75
          },
          {
            "time": "1900-12-12T08:52:15.910000+00:00",
            "course": 285.08,
            "speed": 4.59,
            "depth": 16.75
          },
          {
            "time": "1900-12-12T08:52:23.910000+00:00",
            "course": 284.94,
            "speed": 4.49,
            "depth": 16.75
          },
          {
            "time": "1900-12-12T08:52:31.910000+00:00",
            "course": 284.66,
            "speed": 4.44,
            "depth": 16.75
          },
          {
            "time": "1900-12-12T08:52:39.910000+00:00",
            "course": 284.23,
            "speed": 4.37,
            "depth": 16.75
          },
          {
            "time": "1900-12-12T08:52:47.910000+00:00",
            "course": 283.8,
            "speed": 4.37,
            "depth": 16.75
          },
          {
            "time": "1900-12-12T08:52:55.910000+00:00",
            "course": 283.71,
            "speed": 4.38,
            "depth": 16.75
          },
          {
            "time": "1900-12-12T08:53:03.910000+00:00",
            "course": 284.0,
            "speed": 4.34,
            "depth": 16.75
          },
          {
            "time": "1900-12-12T08:53:11.910000+00:00",
            "course": 284.58,
            "speed": 4.34,
            "depth": 17.0
          },
          {
            "time": "1900-12-12T08:53:19.910000+00:00",
            "course": 285.11,
            "speed": 4.34,
            "depth": 17.12
          },
          {
            "time": "1900-12-12T08:53:27.910000+00:00",
            "course": 285.49,
            "speed": 4.34,
            "depth": 17.36
          },
          {
            "time": "1900-12-12T08:53:35.900000+00:00",
            "course": 285.85,
            "speed": 4.32,
            "depth": 17.48
          },
          {
            "time": "1900-12-12T08:53:43.900000+00:00",
            "course": 286.16,
            "speed": 4.32,
            "depth": 17.48
          },
          {
            "time": "1900-12-12T08:53:51.900000+00:00",
            "course": 286.4,
            "speed": 4.32,
            "depth": 17.6
          },
          {
            "time": "1900-12-12T08:53:59.900000+00:00",
            "course": 286.57,
            "speed": 4.32,
            "depth": 17.72
          },
          {
            "time": "1900-12-12T08:54:07.900000+00:00",
            "course": 286.0,
            "speed": 4.27,
            "depth": 17.72
          },
          {
            "time": "1900-12-12T08:54:15.910000+00:00",
            "course": 284.91,
            "speed": 4.25,
            "depth": 17.72
          },
          {
            "time": "1900-12-12T08:54:23.910000+00:00",
            "course": 284.02,
            "speed": 4.23,
            "depth": 17.72
          },
          {
            "time": "1900-12-12T08:54:31.910000+00:00",
            "course": 283.4,
            "speed": 4.2,
            "depth": 17.72
          },
          {
            "time": "1900-12-12T08:54:39.910000+00:00",
            "course": 283.22,
            "speed": 4.2,
            "depth": 17.72
          },
          {
            "time": "1900-12-12T08:54:47.910000+00:00",
            "course": 283.61,
            "speed": 4.18,
            "depth": 17.72
          },
          {
            "time": "1900-12-12T08:54:55.910000+00:00",
            "course": 284.43,
            "speed": 4.13,
            "depth": 17.6
          },
          {
            "time": "1900-12-12T08:55:03.910000+00:00",
            "course": 285.39,
            "speed": 4.13,
            "depth": 17.36
          },
          {
            "time": "1900-12-12T08:55:11.910000+00:00",
            "course": 286.05,
            "speed": 4.08,
            "depth": 17.36
          },
          {
            "time": "1900-12-12T08:55:19.910000+00:00",
            "course": 286.36,
            "speed": 4.07,
            "depth": 17.36
          },
          {
            "time": "1900-12-12T08:55:27.910000+00:00",
            "course": 286.3,
            "speed": 4.0,
            "depth": 17.36
          },
          {
            "time": "1900-12-12T08:55:35.910000+00:00",
            "course": 285.79,
            "speed": 3.96,
            "depth": 17.36
          },
          {
            "time": "1900-12-12T08:55:43.910000+00:00",
            "course": 285.22,
            "speed": 3.98,
            "depth": 17.36
          },
          {
            "time": "1900-12-12T08:55:51.910000+00:00",
            "course": 284.66,
            "speed": 4.02,
            "depth": 17.36
          },
          {
            "time": "1900-12-12T08:55:59.910000+00:00",
            "course": 284.05,
            "speed": 4.02,
            "depth": 17.36
          },
          {
            "time": "1900-12-12T08:56:07.910000+00:00",
            "course": 283.6,
            "speed": 3.98,
            "depth": 17.36
          },
          {
            "time": "1900-12-12T08:56:15.910000+00:00",
            "course": 283.38,
            "speed": 3.91,
            "depth": 17.36
          },
          {
            "time": "1900-12-12T08:56:23.910000+00:00",
            "course": 283.27,
            "speed": 3.91,
            "depth": 17.36
          },
          {
            "time": "1900-12-12T08:56:31.910000+00:00",
            "course": 283.4,
            "speed": 3.91,
            "depth": 17.36
          },
          {
            "time": "1900-12-12T08:56:39.910000+00:00",
            "course": 283.61,
            "speed": 3.91,
            "depth": 17.36
          },
          {
            "time": "1900-12-12T08:56:47.910000+00:00",
            "course": 283.81,
            "speed": 3.91,
            "depth": 17.48
          },
          {
            "time": "1900-12-12T08:56:55.910000+00:00",
            "course": 284.01,
            "speed": 3.91,
            "depth": 17.48
          },
          {
            "time": "1900-12-12T08:57:03.910000+00:00",
            "course": 284.16,
            "speed": 3.91,
            "depth": 17.48
          },
          {
            "time": "1900-12-12T08:57:11.910000+00:00",
            "course": 284.3,
            "speed": 3.91,
            "depth": 17.48
          },
          {
            "time": "1900-12-12T08:57:19.910000+00:00",
            "course": 284.39,
            "speed": 3.91,
            "depth": 17.48
          },
          {
            "time": "1900-12-12T08:57:27.910000+00:00",
            "course": 284.43,
            "speed": 3.97,
            "depth": 17.36
          },
          {
            "time": "1900-12-12T08:57:35.920000+00:00",
            "course": 284.37,
            "speed": 3.97,
            "depth": 17.36
          },
          {
            "time": "1900-12-12T08:57:43.920000+00:00",
            "course": 284.19,
            "speed": 3.97,
            "depth": 17.36
          },
          {
            "time": "1900-12-12T08:57:51.920000+00:00",
            "course": 283.9,
            "speed": 3.97,
            "depth": 17.36
          },
          {
            "time": "1900-12-12T08:57:59.920000+00:00",
            "course": 283.47,
            "speed": 3.97,
            "depth": 17.48
          },
          {
            "time": "1900-12-12T08:58:07.920000+00:00",
            "course": 282.96,
            "speed": 3.97,
            "depth": 17.48
          },
          {
            "time": "1900-12-12T08:58:15.920000+00:00",
            "course": 282.54,
            "speed": 3.97,
            "depth": 17.48
          },
          {
            "time": "1900-12-12T08:58:23.920000+00:00",
            "course": 282.33,
            "speed": 3.97,
            "depth": 17.48
          },
          {
            "time": "1900-12-12T08:58:31.920000+00:00",
            "course": 282.42,
            "speed": 3.97,
            "depth": 17.48
          },
          {
            "time": "1900-12-12T08:58:39.920000+00:00",
            "course": 282.65,
            "speed": 3.97,
            "depth": 17.48
          },
          {
            "time": "1900-12-12T08:58:47.920000+00:00",
            "course": 282.88,
            "speed": 3.96,
            "depth": 17.48
          },
          {
            "time": "1900-12-12T08:58:55.910000+00:00",
            "course": 283.15,
            "speed": 3.93,
            "depth": 17.48
          },
          {
            "time": "1900-12-12T08:59:03.910000+00:00",
            "course": 283.45,
            "speed": 3.93,
            "depth": 17.24
          },
          {
            "time": "1900-12-12T08:59:11.910000+00:00",
            "course": 283.73,
            "speed": 3.93,
            "depth": 17.24
          },
          {
            "time": "1900-12-12T08:59:19.910000+00:00",
            "course": 283.96,
            "speed": 3.93,
            "depth": 17.24
          },
          {
            "time": "1900-12-12T08:59:27.920000+00:00",
            "course": 284.18,
            "speed": 3.93,
            "depth": 17.36
          },
          {
            "time": "1900-12-12T08:59:35.910000+00:00",
            "course": 284.25,
            "speed": 3.93,
            "depth": 17.48
          },
          {
            "time": "1900-12-12T08:59:43.910000+00:00",
            "course": 284.17,
            "speed": 3.89,
            "depth": 17.48
          },
          {
            "time": "1900-12-12T08:59:51.910000+00:00",
            "course": 284.06,
            "speed": 3.89,
            "depth": 17.36
          },
          {
            "time": "1900-12-12T08:59:59.910000+00:00",
            "course": 284.02,
            "speed": 3.84,
            "depth": 17.36
          },
          {
            "time": "1900-12-12T09:00:07.910000+00:00",
            "course": 284.13,
            "speed": 3.84,
            "depth": 17.36
          },
          {
            "time": "1900-12-12T09:00:15.910000+00:00",
            "course": 284.41,
            "speed": 3.84,
            "depth": 17.36
          },
          {
            "time": "1900-12-12T09:00:23.910000+00:00",
            "course": 284.74,
            "speed": 3.83,
            "depth": 17.36
          },
          {
            "time": "1900-12-12T09:00:31.910000+00:00",
            "course": 285.09,
            "speed": 3.83,
            "depth": 17.36
          },
          {
            "time": "1900-12-12T09:00:39.910000+00:00",
            "course": 285.37,
            "speed": 3.83,
            "depth": 17.36
          },
          {
            "time": "1900-12-12T09:00:47.910000+00:00",
            "course": 285.51,
            "speed": 3.83,
            "depth": 17.36
          },
          {
            "time": "1900-12-12T09:00:55.910000+00:00",
            "course": 285.36,
            "speed": 3.85,
            "depth": 17.36
          },
          {
            "time": "1900-12-12T09:01:03.910000+00:00",
            "course": 285.18,
            "speed": 3.85,
            "depth": 17.36
          },
          {
            "time": "1900-12-12T09:01:11.910000+00:00",
            "course": 285.03,
            "speed": 3.85,
            "depth": 17.36
          },
          {
            "time": "1900-12-12T09:01:19.910000+00:00",
            "course": 284.84,
            "speed": 3.85,
            "depth": 17.36
          },
          {
            "time": "1900-12-12T09:01:27.910000+00:00",
            "course": 284.63,
            "speed": 3.85,
            "depth": 17.36
          },
          {
            "time": "1900-12-12T09:01:35.910000+00:00",
            "course": 284.38,
            "speed": 3.85,
            "depth": 17.36
          },
          {
            "time": "1900-12-12T09:01:43.910000+00:00",
            "course": 284.11,
            "speed": 3.85,
            "depth": 17.36
          },
          {
            "time": "1900-12-12T09:01:51.910000+00:00",
            "course": 283.86,
            "speed": 3.85,
            "depth": 17.36
          },
          {
            "time": "1900-12-12T09:01:59.910000+00:00",
            "course": 283.6,
            "speed": 3.85,
            "depth": 17.36
          },
          {
            "time": "1900-12-12T09:02:07.910000+00:00",
            "course": 283.46,
            "speed": 3.85,
            "depth": 17.36
          },
          {
            "time": "1900-12-12T09:02:15.920000+00:00",
            "course": 283.45,
            "speed": 3.85,
            "depth": 17.36
          },
          {
            "time": "1900-12-12T09:02:23.920000+00:00",
            "course": 283.53,
            "speed": 3.82,
            "depth": 17.36
          },
          {
            "time": "1900-12-12T09:02:31.920000+00:00",
            "course": 283.65,
            "speed": 3.82,
            "depth": 17.36
          },
          {
            "time": "1900-12-12T09:02:39.920000+00:00",
            "course": 283.79,
            "speed": 3.8,
            "depth": 17.36
          },
          {
            "time": "1900-12-12T09:02:47.920000+00:00",
            "course": 283.93,
            "speed": 3.8,
            "depth": 17.36
          },
          {
            "time": "1900-12-12T09:02:55.920000+00:00",
            "course": 284.0,
            "speed": 3.83,
            "depth": 17.36
          },
          {
            "time": "1900-12-12T09:03:03.920000+00:00",
            "course": 283.97,
            "speed": 3.93,
            "depth": 17.36
          },
          {
            "time": "1900-12-12T09:03:11.920000+00:00",
            "course": 283.85,
            "speed": 3.97,
            "depth": 17.36
          },
          {
            "time": "1900-12-12T09:03:19.920000+00:00",
            "course": 283.65,
            "speed": 3.97,
            "depth": 17.36
          },
          {
            "time": "1900-12-12T09:03:27.920000+00:00",
            "course": 283.52,
            "speed": 3.97,
            "depth": 17.36
          },
          {
            "time": "1900-12-12T09:03:35.910000+00:00",
            "course": 283.51,
            "speed": 3.97,
            "depth": 17.36
          },
          {
            "time": "1900-12-12T09:03:43.910000+00:00",
            "course": 283.62,
            "speed": 3.97,
            "depth": 17.36
          },
          {
            "time": "1900-12-12T09:03:51.920000+00:00",
            "course": 283.9,
            "speed": 3.96,
            "depth": 17.36
          },
          {
            "time": "1900-12-12T09:03:59.920000+00:00",
            "course": 284.32,
            "speed": 3.93,
            "depth": 17.36
          },
          {
            "time": "1900-12-12T09:04:07.920000+00:00",
            "course": 284.82,
            "speed": 3.89,
            "depth": 17.36
          },
          {
            "time": "1900-12-12T09:04:15.910000+00:00",
            "course": 285.3,
            "speed": 3.89,
            "depth": 17.36
          },
          {
            "time": "1900-12-12T09:04:23.910000+00:00",
            "course": 285.79,
            "speed": 3.88,
            "depth": 17.36
          },
          {
            "time": "1900-12-12T09:04:31.910000+00:00",
            "course": 286.19,
            "speed": 3.86,
            "depth": 17.36
          },
          {
            "time": "1900-12-12T09:04:39.910000+00:00",
            "course": 286.3,
            "speed": 3.86,
            "depth": 17.36
          },
          {
            "time": "1900-12-12T09:04:47.910000+00:00",
            "course": 286.2,
            "speed": 3.87,
            "depth": 17.48
          },
          {
            "time": "1900-12-12T09:04:55.920000+00:00",
            "course": 286.02,
            "speed": 3.93,
            "depth": 17.6
          },
          {
            "time": "1900-12-12T09:05:03.920000+00:00",
            "course": 285.75,
            "speed": 3.91,
            "depth": 17.72
          },
          {
            "time": "1900-12-12T09:05:11.920000+00:00",
            "course": 285.48,
            "speed": 3.91,
            "depth": 17.72
          },
          {
            "time": "1900-12-12T09:05:19.920000+00:00",
            "course": 285.19,
            "speed": 3.91,
            "depth": 17.72
          },
          {
            "time": "1900-12-12T09:05:27.920000+00:00",
            "course": 284.83,
            "speed": 3.87,
            "depth": 17.72
          },
          {
            "time": "1900-12-12T09:05:35.910000+00:00",
            "course": 284.51,
            "speed": 3.84,
            "depth": 17.6
          },
          {
            "time": "1900-12-12T09:05:43.910000+00:00",
            "course": 284.28,
            "speed": 3.93,
            "depth": 17.48
          },
          {
            "time": "1900-12-12T09:05:51.910000+00:00",
            "course": 284.15,
            "speed": 3.93,
            "depth": 17.48
          },
          {
            "time": "1900-12-12T09:05:59.910000+00:00",
            "course": 284.11,
            "speed": 3.93,
            "depth": 17.48
          },
          {
            "time": "1900-12-12T09:06:07.910000+00:00",
            "course": 284.08,
            "speed": 3.89,
            "depth": 17.48
          },
          {
            "time": "1900-12-12T09:06:15.920000+00:00",
            "course": 284.11,
            "speed": 3.89,
            "depth": 17.48
          },
          {
            "time": "1900-12-12T09:06:23.920000+00:00",
            "course": 284.2,
            "speed": 3.87,
            "depth": 17.48
          },
          {
            "time": "1900-12-12T09:06:31.920000+00:00",
            "course": 284.35,
            "speed": 3.86,
            "depth": 17.48
          },
          {
            "time": "1900-12-12T09:06:39.920000+00:00",
            "course": 284.5,
            "speed": 3.86,
            "depth": 17.6
          },
          {
            "time": "1900-12-12T09:06:47.920000+00:00",
            "course": 284.64,
            "speed": 3.82,
            "depth": 17.72
          },
          {
            "time": "1900-12-12T09:06:55.930000+00:00",
            "course": 284.87,
            "speed": 3.75,
            "depth": 17.72
          },
          {
            "time": "1900-12-12T09:07:03.930000+00:00",
            "course": 285.15,
            "speed": 3.73,
            "depth": 17.84
          },
          {
            "time": "1900-12-12T09:07:11.930000+00:00",
            "course": 285.38,
            "speed": 3.71,
            "depth": 17.84
          },
          {
            "time": "1900-12-12T09:07:19.930000+00:00",
            "course": 285.44,
            "speed": 3.71,
            "depth": 17.84
          },
          {
            "time": "1900-12-12T09:07:27.930000+00:00",
            "course": 285.28,
            "speed": 3.71,
            "depth": 17.84
          },
          {
            "time": "1900-12-12T09:07:35.930000+00:00",
            "course": 285.14,
            "speed": 3.66,
            "depth": 17.84
          },
          {
            "time": "1900-12-12T09:07:43.930000+00:00",
            "course": 285.08,
            "speed": 3.61,
            "depth": 17.84
          },
          {
            "time": "1900-12-12T09:07:51.930000+00:00",
            "course": 285.06,
            "speed": 3.61,
            "depth": 17.84
          },
          {
            "time": "1900-12-12T09:07:59.930000+00:00",
            "course": 285.06,
            "speed": 3.61,
            "depth": 17.84
          },
          {
            "time": "1900-12-12T09:08:07.930000+00:00",
            "course": 285.06,
            "speed": 3.61,
            "depth": 17.72
          },
          {
            "time": "1900-12-12T09:08:15.930000+00:00",
            "course": 285.07,
            "speed": 3.61,
            "depth": 17.72
          },
          {
            "time": "1900-12-12T09:08:23.930000+00:00",
            "course": 285.05,
            "speed": 3.61,
            "depth": 17.72
          },
          {
            "time": "1900-12-12T09:08:31.930000+00:00",
            "course": 284.99,
            "speed": 3.57,
            "depth": 17.72
          },
          {
            "time": "1900-12-12T09:08:39.930000+00:00",
            "course": 284.85,
            "speed": 3.55,
            "depth": 17.72
          },
          {
            "time": "1900-12-12T09:08:47.930000+00:00",
            "course": 284.74,
            "speed": 3.55,
            "depth": 17.72
          },
          {
            "time": "1900-12-12T09:08:55.930000+00:00",
            "course": 284.63,
            "speed": 3.45,
            "depth": 17.72
          },
          {
            "time": "1900-12-12T09:09:03.930000+00:00",
            "course": 284.5,
            "speed": 3.44,
            "depth": 17.72
          },
          {
            "time": "1900-12-12T09:09:11.930000+00:00",
            "course": 284.36,
            "speed": 3.44,
            "depth": 17.72
          },
          {
            "time": "1900-12-12T09:09:19.930000+00:00",
            "course": 284.25,
            "speed": 3.4,
            "depth": 17.72
          },
          {
            "time": "1900-12-12T09:09:27.930000+00:00",
            "course": 284.13,
            "speed": 3.36,
            "depth": 17.72
          },
          {
            "time": "1900-12-12T09:09:35.920000+00:00",
            "course": 284.21,
            "speed": 3.36,
            "depth": 17.72
          },
          {
            "time": "1900-12-12T09:09:43.920000+00:00",
            "course": 284.52,
            "speed": 3.33,
            "depth": 17.72
          },
          {
            "time": "1900-12-12T09:09:51.930000+00:00",
            "course": 284.98,
            "speed": 3.22,
            "depth": 17.72
          },
          {
            "time": "1900-12-12T09:09:59.920000+00:00",
            "course": 285.55,
            "speed": 3.2,
            "depth": 17.72
          },
          {
            "time": "1900-12-12T09:10:07.930000+00:00",
            "course": 286.32,
            "speed": 3.17,
            "depth": 17.72
          },
          {
            "time": "1900-12-12T09:10:15.920000+00:00",
            "course": 287.25,
            "speed": 3.17,
            "depth": 17.72
          },
          {
            "time": "1900-12-12T09:10:23.920000+00:00",
            "course": 288.29,
            "speed": 3.14,
            "depth": 17.84
          },
          {
            "time": "1900-12-12T09:10:31.920000+00:00",
            "course": 289.53,
            "speed": 3.12,
            "depth": 17.84
          },
          {
            "time": "1900-12-12T09:10:39.920000+00:00",
            "course": 290.94,
            "speed": 3.12,
            "depth": 17.84
          },
          {
            "time": "1900-12-12T09:10:47.920000+00:00",
            "course": 292.43,
            "speed": 3.17,
            "depth": 18.08
          },
          {
            "time": "1900-12-12T09:10:55.920000+00:00",
            "course": 293.97,
            "speed": 3.23,
            "depth": 18.08
          },
          {
            "time": "1900-12-12T09:11:03.920000+00:00",
            "course": 295.5,
            "speed": 3.36,
            "depth": 18.08
          },
          {
            "time": "1900-12-12T09:11:11.920000+00:00",
            "course": 296.95,
            "speed": 3.49,
            "depth": 18.08
          },
          {
            "time": "1900-12-12T09:11:19.920000+00:00",
            "course": 298.34,
            "speed": 3.56,
            "depth": 17.84
          },
          {
            "time": "1900-12-12T09:11:27.920000+00:00",
            "course": 299.62,
            "speed": 3.68,
            "depth": 17.84
          },
          {
            "time": "1900-12-12T09:11:35.920000+00:00",
            "course": 300.88,
            "speed": 3.74,
            "depth": 17.72
          },
          {
            "time": "1900-12-12T09:11:43.920000+00:00",
            "course": 302.14,
            "speed": 3.81,
            "depth": 17.72
          },
          {
            "time": "1900-12-12T09:11:51.920000+00:00",
            "course": 303.34,
            "speed": 3.9,
            "depth": 17.72
          },
          {
            "time": "1900-12-12T09:11:59.920000+00:00",
            "course": 304.44,
            "speed": 3.93,
            "depth": 17.72
          },
          {
            "time": "1900-12-12T09:12:07.920000+00:00",
            "course": 305.44,
            "speed": 3.95,
            "depth": 17.72
          },
          {
            "time": "1900-12-12T09:12:15.930000+00:00",
            "course": 306.32,
            "speed": 3.97,
            "depth": 17.6
          },
          {
            "time": "1900-12-12T09:12:23.930000+00:00",
            "course": 307.06,
            "speed": 3.93,
            "depth": 17.6
          },
          {
            "time": "1900-12-12T09:12:31.930000+00:00",
            "course": 307.69,
            "speed": 3.89,
            "depth": 17.6
          },
          {
            "time": "1900-12-12T09:12:39.930000+00:00",
            "course": 308.24,
            "speed": 3.82,
            "depth": 17.6
          },
          {
            "time": "1900-12-12T09:12:47.930000+00:00",
            "course": 308.75,
            "speed": 3.78,
            "depth": 17.72
          },
          {
            "time": "1900-12-12T09:12:55.920000+00:00",
            "course": 309.31,
            "speed": 3.77,
            "depth": 17.72
          },
          {
            "time": "1900-12-12T09:13:03.920000+00:00",
            "course": 309.9,
            "speed": 3.77,
            "depth": 17.72
          },
          {
            "time": "1900-12-12T09:13:11.920000+00:00",
            "course": 310.44,
            "speed": 3.77,
            "depth": 17.72
          },
          {
            "time": "1900-12-12T09:13:19.920000+00:00",
            "course": 310.94,
            "speed": 3.73,
            "depth": 17.72
          },
          {
            "time": "1900-12-12T09:13:27.920000+00:00",
            "course": 311.36,
            "speed": 3.68,
            "depth": 17.72
          },
          {
            "time": "1900-12-12T09:13:35.930000+00:00",
            "course": 311.68,
            "speed": 3.6,
            "depth": 17.72
          },
          {
            "time": "1900-12-12T09:13:43.930000+00:00",
            "course": 311.87,
            "speed": 3.55,
            "depth": 17.72
          },
          {
            "time": "1900-12-12T09:13:51.930000+00:00",
            "course": 311.96,
            "speed": 3.52,
            "depth": 17.72
          },
          {
            "time": "1900-12-12T09:13:59.930000+00:00",
            "course": 311.9,
            "speed": 3.5,
            "depth": 17.72
          },
          {
            "time": "1900-12-12T09:14:07.930000+00:00",
            "course": 311.85,
            "speed": 3.5,
            "depth": 17.48
          },
          {
            "time": "1900-12-12T09:14:15.930000+00:00",
            "course": 311.86,
            "speed": 3.5,
            "depth": 17.48
          },
          {
            "time": "1900-12-12T09:14:23.930000+00:00",
            "course": 311.85,
            "speed": 3.45,
            "depth": 17.48
          },
          {
            "time": "1900-12-12T09:14:31.930000+00:00",
            "course": 311.77,
            "speed": 3.43,
            "depth": 17.48
          },
          {
            "time": "1900-12-12T09:14:39.930000+00:00",
            "course": 311.6,
            "speed": 3.43,
            "depth": 17.48
          },
          {
            "time": "1900-12-12T09:14:47.930000+00:00",
            "course": 311.33,
            "speed": 3.43,
            "depth": 17.48
          },
          {
            "time": "1900-12-12T09:14:55.930000+00:00",
            "course": 310.96,
            "speed": 3.36,
            "depth": 17.48
          },
          {
            "time": "1900-12-12T09:15:03.930000+00:00",
            "course": 310.57,
            "speed": 3.33,
            "depth": 17.48
          },
          {
            "time": "1900-12-12T09:15:11.930000+00:00",
            "course": 310.22,
            "speed": 3.33,
            "depth": 17.48
          },
          {
            "time": "1900-12-12T09:15:19.930000+00:00",
            "course": 309.93,
            "speed": 3.27,
            "depth": 17.48
          },
          {
            "time": "1900-12-12T09:15:27.930000+00:00",
            "course": 309.83,
            "speed": 3.27,
            "depth": 17.48
          },
          {
            "time": "1900-12-12T09:15:35.920000+00:00",
            "course": 309.84,
            "speed": 3.25,
            "depth": 17.6
          },
          {
            "time": "1900-12-12T09:15:43.920000+00:00",
            "course": 309.85,
            "speed": 3.24,
            "depth": 17.6
          },
          {
            "time": "1900-12-12T09:15:51.920000+00:00",
            "course": 309.92,
            "speed": 3.19,
            "depth": 17.6
          },
          {
            "time": "1900-12-12T09:15:59.920000+00:00",
            "course": 310.02,
            "speed": 3.14,
            "depth": 17.6
          },
          {
            "time": "1900-12-12T09:16:07.930000+00:00",
            "course": 310.23,
            "speed": 3.14,
            "depth": 17.6
          },
          {
            "time": "1900-12-12T09:16:15.930000+00:00",
            "course": 310.5,
            "speed": 3.12,
            "depth": 17.6
          },
          {
            "time": "1900-12-12T09:16:23.930000+00:00",
            "course": 310.71,
            "speed": 3.12,
            "depth": 17.6
          },
          {
            "time": "1900-12-12T09:16:31.930000+00:00",
            "course": 310.81,
            "speed": 3.12,
            "depth": 17.6
          },
          {
            "time": "1900-12-12T09:16:39.930000+00:00",
            "course": 310.78,
            "speed": 3.1,
            "depth": 17.72
          },
          {
            "time": "1900-12-12T09:16:47.930000+00:00",
            "course": 310.65,
            "speed": 3.05,
            "depth": 17.72
          },
          {
            "time": "1900-12-12T09:16:55.920000+00:00",
            "course": 310.41,
            "speed": 3.0,
            "depth": 17.84
          },
          {
            "time": "1900-12-12T09:17:03.920000+00:00",
            "course": 310.04,
            "speed": 3.0,
            "depth": 17.84
          },
          {
            "time": "1900-12-12T09:17:11.920000+00:00",
            "course": 309.6,
            "speed": 3.0,
            "depth": 17.84
          },
          {
            "time": "1900-12-12T09:17:19.920000+00:00",
            "course": 309.17,
            "speed": 2.98,
            "depth": 17.84
          },
          {
            "time": "1900-12-12T09:17:27.920000+00:00",
            "course": 308.81,
            "speed": 2.92,
            "depth": 17.84
          },
          {
            "time": "1900-12-12T09:17:35.930000+00:00",
            "course": 308.58,
            "speed": 2.85,
            "depth": 17.84
          },
          {
            "time": "1900-12-12T09:17:43.930000+00:00",
            "course": 308.41,
            "speed": 2.83,
            "depth": 17.84
          },
          {
            "time": "1900-12-12T09:17:51.930000+00:00",
            "course": 308.21,
            "speed": 2.83,
            "depth": 17.84
          },
          {
            "time": "1900-12-12T09:17:59.930000+00:00",
            "course": 308.02,
            "speed": 2.83,
            "depth": 17.84
          },
          {
            "time": "1900-12-12T09:18:07.930000+00:00",
            "course": 307.91,
            "speed": 2.85,
            "depth": 17.84
          },
          {
            "time": "1900-12-12T09:18:15.930000+00:00",
            "course": 307.86,
            "speed": 2.83,
            "depth": 17.84
          },
          {
            "time": "1900-12-12T09:18:23.930000+00:00",
            "course": 307.9,
            "speed": 2.83,
            "depth": 17.84
          },
          {
            "time": "1900-12-12T09:18:31.930000+00:00",
            "course": 308.07,
            "speed": 2.83,
            "depth": 17.84
          },
          {
            "time": "1900-12-12T09:18:39.930000+00:00",
            "course": 308.27,
            "speed": 2.78,
            "depth": 17.84
          },
          {
            "time": "1900-12-12T09:18:47.930000+00:00",
            "course": 308.47,
            "speed": 2.78,
            "depth": 17.84
          },
          {
            "time": "1900-12-12T09:18:55.930000+00:00",
            "course": 308.73,
            "speed": 2.78,
            "depth": 17.84
          },
          {
            "time": "1900-12-12T09:19:03.930000+00:00",
            "course": 308.97,
            "speed": 2.78,
            "depth": 17.84
          },
          {
            "time": "1900-12-12T09:19:11.930000+00:00",
            "course": 309.13,
            "speed": 2.78,
            "depth": 17.84
          },
          {
            "time": "1900-12-12T09:19:19.930000+00:00",
            "course": 309.08,
            "speed": 2.76,
            "depth": 17.84
          },
          {
            "time": "1900-12-12T09:19:27.930000+00:00",
            "course": 308.9,
            "speed": 2.73,
            "depth": 17.84
          },
          {
            "time": "1900-12-12T09:19:35.930000+00:00",
            "course": 308.64,
            "speed": 2.75,
            "depth": 17.84
          },
          {
            "time": "1900-12-12T09:19:43.930000+00:00",
            "course": 308.4,
            "speed": 2.76,
            "depth": 17.84
          },
          {
            "time": "1900-12-12T09:19:51.930000+00:00",
            "course": 308.16,
            "speed": 2.82,
            "depth": 17.84
          },
          {
            "time": "1900-12-12T09:19:59.930000+00:00",
            "course": 308.07,
            "speed": 2.82,
            "depth": 17.84
          },
          {
            "time": "1900-12-12T09:20:07.930000+00:00",
            "course": 308.12,
            "speed": 2.81,
            "depth": 17.72
          },
          {
            "time": "1900-12-12T09:20:15.930000+00:00",
            "course": 308.3,
            "speed": 2.81,
            "depth": 17.72
          },
          {
            "time": "1900-12-12T09:20:23.930000+00:00",
            "course": 308.56,
            "speed": 2.76,
            "depth": 17.72
          },
          {
            "time": "1900-12-12T09:20:31.930000+00:00",
            "course": 308.8,
            "speed": 2.71,
            "depth": 17.72
          },
          {
            "time": "1900-12-12T09:20:39.930000+00:00",
            "course": 308.97,
            "speed": 2.67,
            "depth": 17.72
          },
          {
            "time": "1900-12-12T09:20:47.930000+00:00",
            "course": 309.11,
            "speed": 2.67,
            "depth": 17.72
          },
          {
            "time": "1900-12-12T09:20:55.940000+00:00",
            "course": 309.16,
            "speed": 2.67,
            "depth": 17.72
          },
          {
            "time": "1900-12-12T09:21:03.940000+00:00",
            "course": 309.19,
            "speed": 2.67,
            "depth": 17.72
          },
          {
            "time": "1900-12-12T09:21:11.940000+00:00",
            "course": 309.23,
            "speed": 2.67,
            "depth": 17.72
          },
          {
            "time": "1900-12-12T09:21:19.940000+00:00",
            "course": 309.3,
            "speed": 2.68,
            "depth": 17.72
          },
          {
            "time": "1900-12-12T09:21:27.940000+00:00",
            "course": 309.45,
            "speed": 2.68,
            "depth": 17.72
          },
          {
            "time": "1900-12-12T09:21:35.930000+00:00",
            "course": 309.67,
            "speed": 2.68,
            "depth": 17.72
          },
          {
            "time": "1900-12-12T09:21:43.930000+00:00",
            "course": 309.91,
            "speed": 2.67,
            "depth": 17.72
          },
          {
            "time": "1900-12-12T09:21:51.940000+00:00",
            "course": 310.09,
            "speed": 2.67,
            "depth": 17.72
          },
          {
            "time": "1900-12-12T09:21:59.940000+00:00",
            "course": 310.18,
            "speed": 2.67,
            "depth": 17.72
          },
          {
            "time": "1900-12-12T09:22:07.940000+00:00",
            "course": 310.29,
            "speed": 2.67,
            "depth": 17.72
          },
          {
            "time": "1900-12-12T09:22:15.930000+00:00",
            "course": 310.41,
            "speed": 2.68,
            "depth": 17.72
          },
          {
            "time": "1900-12-12T09:22:23.930000+00:00",
            "course": 310.48,
            "speed": 2.68,
            "depth": 17.72
          },
          {
            "time": "1900-12-12T09:22:31.930000+00:00",
            "course": 310.5,
            "speed": 2.67,
            "depth": 17.72
          },
          {
            "time": "1900-12-12T09:22:39.930000+00:00",
            "course": 310.43,
            "speed": 2.64,
            "depth": 17.72
          },
          {
            "time": "1900-12-12T09:22:47.930000+00:00",
            "course": 310.34,
            "speed": 2.62,
            "depth": 17.72
          },
          {
            "time": "1900-12-12T09:22:55.930000+00:00",
            "course": 310.17,
            "speed": 2.62,
            "depth": 17.72
          },
          {
            "time": "1900-12-12T09:23:03.930000+00:00",
            "course": 309.99,
            "speed": 2.62,
            "depth": 17.72
          },
          {
            "time": "1900-12-12T09:23:11.930000+00:00",
            "course": 309.74,
            "speed": 2.62,
            "depth": 17.72
          },
          {
            "time": "1900-12-12T09:23:19.930000+00:00",
            "course": 309.45,
            "speed": 2.6,
            "depth": 17.72
          },
          {
            "time": "1900-12-12T09:23:27.930000+00:00",
            "course": 309.22,
            "speed": 2.58,
            "depth": 17.72
          },
          {
            "time": "1900-12-12T09:23:35.940000+00:00",
            "course": 309.05,
            "speed": 2.61,
            "depth": 17.72
          },
          {
            "time": "1900-12-12T09:23:43.940000+00:00",
            "course": 308.84,
            "speed": 2.61,
            "depth": 17.72
          },
          {
            "time": "1900-12-12T09:23:51.940000+00:00",
            "course": 308.61,
            "speed": 2.61,
            "depth": 17.72
          },
          {
            "time": "1900-12-12T09:23:59.940000+00:00",
            "course": 308.37,
            "speed": 2.61,
            "depth": 17.72
          },
          {
            "time": "1900-12-12T09:24:07.940000+00:00",
            "course": 308.16,
            "speed": 2.61,
            "depth": 17.72
          },
          {
            "time": "1900-12-12T09:24:15.940000+00:00",
            "course": 308.02,
            "speed": 2.61,
            "depth": 17.72
          },
          {
            "time": "1900-12-12T09:24:23.940000+00:00",
            "course": 307.92,
            "speed": 2.61,
            "depth": 17.72
          },
          {
            "time": "1900-12-12T09:24:31.940000+00:00",
            "course": 307.88,
            "speed": 2.61,
            "depth": 17.72
          },
          {
            "time": "1900-12-12T09:24:39.940000+00:00",
            "course": 307.83,
            "speed": 2.61,
            "depth": 17.72
          },
          {
            "time": "1900-12-12T09:24:47.940000+00:00",
            "course": 307.85,
            "speed": 2.61,
            "depth": 17.72
          },
          {
            "time": "1900-12-12T09:24:55.940000+00:00",
            "course": 307.97,
            "speed": 2.61,
            "depth": 17.72
          },
          {
            "time": "1900-12-12T09:25:03.940000+00:00",
            "course": 308.17,
            "speed": 2.61,
            "depth": 17.72
          },
          {
            "time": "1900-12-12T09:25:11.940000+00:00",
            "course": 308.4,
            "speed": 2.61,
            "depth": 17.72
          },
          {
            "time": "1900-12-12T09:25:19.940000+00:00",
            "course": 308.65,
            "speed": 2.57,
            "depth": 17.72
          },
          {
            "time": "1900-12-12T09:25:27.940000+00:00",
            "course": 308.95,
            "speed": 2.6,
            "depth": 17.72
          },
          {
            "time": "1900-12-12T09:25:35.940000+00:00",
            "course": 309.22,
            "speed": 2.6,
            "depth": 17.72
          },
          {
            "time": "1900-12-12T09:25:43.940000+00:00",
            "course": 309.45,
            "speed": 2.6,
            "depth": 17.72
          },
          {
            "time": "1900-12-12T09:25:51.940000+00:00",
            "course": 309.64,
            "speed": 2.6,
            "depth": 17.72
          },
          {
            "time": "1900-12-12T09:25:59.940000+00:00",
            "course": 309.78,
            "speed": 2.6,
            "depth": 17.72
          },
          {
            "time": "1900-12-12T09:26:07.940000+00:00",
            "course": 309.9,
            "speed": 2.6,
            "depth": 17.72
          },
          {
            "time": "1900-12-12T09:26:15.940000+00:00",
            "course": 309.91,
            "speed": 2.6,
            "depth": 17.72
          },
          {
            "time": "1900-12-12T09:26:23.940000+00:00",
            "course": 309.83,
            "speed": 2.61,
            "depth": 17.72
          },
          {
            "time": "1900-12-12T09:26:31.940000+00:00",
            "course": 309.73,
            "speed": 2.61,
            "depth": 17.72
          },
          {
            "time": "1900-12-12T09:26:39.940000+00:00",
            "course": 309.69,
            "speed": 2.61,
            "depth": 17.72
          },
          {
            "time": "1900-12-12T09:26:47.940000+00:00",
            "course": 309.7,
            "speed": 2.6,
            "depth": 17.72
          },
          {
            "time": "1900-12-12T09:26:55.940000+00:00",
            "course": 309.72,
            "speed": 2.6,
            "depth": 17.72
          },
          {
            "time": "1900-12-12T09:27:03.940000+00:00",
            "course": 309.78,
            "speed": 2.6,
            "depth": 17.72
          },
          {
            "time": "1900-12-12T09:27:11.940000+00:00",
            "course": 309.91,
            "speed": 2.6,
            "depth": 17.72
          },
          {
            "time": "1900-12-12T09:27:19.940000+00:00",
            "course": 310.07,
            "speed": 2.6,
            "depth": 17.72
          },
          {
            "time": "1900-12-12T09:27:27.940000+00:00",
            "course": 310.27,
            "speed": 2.6,
            "depth": 17.72
          },
          {
            "time": "1900-12-12T09:27:35.940000+00:00",
            "course": 310.46,
            "speed": 2.6,
            "depth": 17.72
          },
          {
            "time": "1900-12-12T09:27:43.940000+00:00",
            "course": 310.61,
            "speed": 2.6,
            "depth": 17.72
          },
          {
            "time": "1900-12-12T09:27:51.940000+00:00",
            "course": 310.69,
            "speed": 2.6,
            "depth": 17.72
          },
          {
            "time": "1900-12-12T09:27:59.940000+00:00",
            "course": 310.75,
            "speed": 2.52,
            "depth": 17.72
          },
          {
            "time": "1900-12-12T09:28:07.940000+00:00",
            "course": 310.81,
            "speed": 2.52,
            "depth": 17.72
          },
          {
            "time": "1900-12-12T09:28:15.950000+00:00",
            "course": 310.88,
            "speed": 2.54,
            "depth": 17.84
          },
          {
            "time": "1900-12-12T09:28:23.950000+00:00",
            "course": 310.93,
            "speed": 2.54,
            "depth": 17.84
          },
          {
            "time": "1900-12-12T09:28:31.950000+00:00",
            "course": 310.95,
            "speed": 2.53,
            "depth": 17.84
          },
          {
            "time": "1900-12-12T09:28:39.950000+00:00",
            "course": 310.95,
            "speed": 2.52,
            "depth": 17.84
          },
          {
            "time": "1900-12-12T09:28:47.950000+00:00",
            "course": 310.81,
            "speed": 2.52,
            "depth": 17.84
          },
          {
            "time": "1900-12-12T09:28:55.950000+00:00",
            "course": 310.64,
            "speed": 2.52,
            "depth": 17.84
          },
          {
            "time": "1900-12-12T09:29:03.950000+00:00",
            "course": 310.45,
            "speed": 2.52,
            "depth": 17.84
          },
          {
            "time": "1900-12-12T09:29:11.950000+00:00",
            "course": 310.19,
            "speed": 2.52,
            "depth": 17.84
          },
          {
            "time": "1900-12-12T09:29:19.950000+00:00",
            "course": 309.98,
            "speed": 2.52,
            "depth": 17.84
          },
          {
            "time": "1900-12-12T09:29:27.940000+00:00",
            "course": 309.78,
            "speed": 2.5,
            "depth": 17.84
          },
          {
            "time": "1900-12-12T09:29:35.940000+00:00",
            "course": 309.53,
            "speed": 2.5,
            "depth": 17.84
          },
          {
            "time": "1900-12-12T09:29:43.940000+00:00",
            "course": 309.33,
            "speed": 2.48,
            "depth": 17.84
          },
          {
            "time": "1900-12-12T09:29:51.940000+00:00",
            "course": 309.19,
            "speed": 2.45,
            "depth": 17.84
          },
          {
            "time": "1900-12-12T09:29:59.940000+00:00",
            "course": 309.03,
            "speed": 2.45,
            "depth": 17.84
          },
          {
            "time": "1900-12-12T09:30:07.940000+00:00",
            "course": 308.89,
            "speed": 2.43,
            "depth": 17.84
          },
          {
            "time": "1900-12-12T09:30:15.940000+00:00",
            "course": 308.79,
            "speed": 2.43,
            "depth": 17.84
          },
          {
            "time": "1900-12-12T09:30:23.930000+00:00",
            "course": 308.72,
            "speed": 2.43,
            "depth": 17.84
          },
          {
            "time": "1900-12-12T09:30:31.910000+00:00",
            "course": 308.7,
            "speed": 2.43,
            "depth": 17.84
          },
          {
            "time": "1900-12-12T09:30:39.910000+00:00",
            "course": 308.74,
            "speed": 2.38,
            "depth": 17.84
          },
          {
            "time": "1900-12-12T09:30:47.910000+00:00",
            "course": 308.73,
            "speed": 2.36,
            "depth": 17.84
          },
          {
            "time": "1900-12-12T09:30:55.910000+00:00",
            "course": 308.74,
            "speed": 2.33,
            "depth": 17.84
          },
          {
            "time": "1900-12-12T09:31:03.910000+00:00",
            "course": 308.68,
            "speed": 2.33,
            "depth": 17.84
          },
          {
            "time": "1900-12-12T09:31:11.910000+00:00",
            "course": 308.64,
            "speed": 2.33,
            "depth": 17.84
          },
          {
            "time": "1900-12-12T09:31:19.910000+00:00",
            "course": 308.64,
            "speed": 2.33,
            "depth": 17.84
          },
          {
            "time": "1900-12-12T09:31:27.910000+00:00",
            "course": 308.67,
            "speed": 2.35,
            "depth": 17.84
          },
          {
            "time": "1900-12-12T09:31:35.910000+00:00",
            "course": 308.69,
            "speed": 2.33,
            "depth": 17.84
          },
          {
            "time": "1900-12-12T09:31:43.910000+00:00",
            "course": 308.77,
            "speed": 2.33,
            "depth": 17.84
          },
          {
            "time": "1900-12-12T09:31:51.910000+00:00",
            "course": 308.84,
            "speed": 2.32,
            "depth": 17.84
          },
          {
            "time": "1900-12-12T09:31:59.910000+00:00",
            "course": 308.89,
            "speed": 2.32,
            "depth": 17.84
          },
          {
            "time": "1900-12-12T09:32:07.910000+00:00",
            "course": 308.95,
            "speed": 2.29,
            "depth": 17.84
          },
          {
            "time": "1900-12-12T09:32:15.910000+00:00",
            "course": 308.98,
            "speed": 2.29,
            "depth": 17.84
          },
          {
            "time": "1900-12-12T09:32:23.920000+00:00",
            "course": 308.93,
            "speed": 2.29,
            "depth": 17.84
          },
          {
            "time": "1900-12-12T09:32:31.920000+00:00",
            "course": 308.84,
            "speed": 2.25,
            "depth": 17.84
          },
          {
            "time": "1900-12-12T09:32:39.920000+00:00",
            "course": 308.85,
            "speed": 2.22,
            "depth": 17.84
          },
          {
            "time": "1900-12-12T09:32:47.920000+00:00",
            "course": 308.89,
            "speed": 2.24,
            "depth": 17.84
          },
          {
            "time": "1900-12-12T09:32:55.910000+00:00",
            "course": 308.89,
            "speed": 2.24,
            "depth": 17.84
          },
          {
            "time": "1900-12-12T09:33:03.910000+00:00",
            "course": 308.9,
            "speed": 2.24,
            "depth": 17.84
          },
          {
            "time": "1900-12-12T09:33:11.910000+00:00",
            "course": 308.9,
            "speed": 2.24,
            "depth": 17.84
          },
          {
            "time": "1900-12-12T09:33:19.910000+00:00",
            "course": 308.9,
            "speed": 2.24,
            "depth": 17.84
          },
          {
            "time": "1900-12-12T09:33:27.910000+00:00",
            "course": 308.84,
            "speed": 2.24,
            "depth": 17.84
          },
          {
            "time": "1900-12-12T09:33:35.910000+00:00",
            "course": 308.78,
            "speed": 2.24,
            "depth": 17.84
          },
          {
            "time": "1900-12-12T09:33:43.910000+00:00",
            "course": 308.72,
            "speed": 2.24,
            "depth": 17.84
          },
          {
            "time": "1900-12-12T09:33:51.910000+00:00",
            "course": 308.61,
            "speed": 2.17,
            "depth": 17.84
          },
          {
            "time": "1900-12-12T09:33:59.910000+00:00",
            "course": 308.53,
            "speed": 2.17,
            "depth": 17.84
          },
          {
            "time": "1900-12-12T09:34:07.910000+00:00",
            "course": 308.57,
            "speed": 2.17,
            "depth": 17.84
          },
          {
            "time": "1900-12-12T09:34:15.910000+00:00",
            "course": 308.74,
            "speed": 2.19,
            "depth": 17.84
          },
          {
            "time": "1900-12-12T09:34:23.910000+00:00",
            "course": 309.04,
            "speed": 2.22,
            "depth": 17.84
          },
          {
            "time": "1900-12-12T09:34:31.910000+00:00",
            "course": 309.37,
            "speed": 2.24,
            "depth": 18.08
          },
          {
            "time": "1900-12-12T09:34:39.910000+00:00",
            "course": 309.71,
            "speed": 2.24,
            "depth": 18.08
          },
          {
            "time": "1900-12-12T09:34:47.910000+00:00",
            "course": 310.0,
            "speed": 2.24,
            "depth": 18.08
          },
          {
            "time": "1900-12-12T09:34:55.910000+00:00",
            "course": 310.09,
            "speed": 2.24,
            "depth": 18.08
          },
          {
            "time": "1900-12-12T09:35:03.910000+00:00",
            "course": 310.06,
            "speed": 2.24,
            "depth": 18.08
          },
          {
            "time": "1900-12-12T09:35:11.910000+00:00",
            "course": 310.05,
            "speed": 2.24,
            "depth": 18.08
          },
          {
            "time": "1900-12-12T09:35:19.910000+00:00",
            "course": 310.12,
            "speed": 2.24,
            "depth": 18.08
          },
          {
            "time": "1900-12-12T09:35:27.910000+00:00",
            "course": 310.22,
            "speed": 2.17,
            "depth": 18.08
          },
          {
            "time": "1900-12-12T09:35:35.910000+00:00",
            "course": 310.31,
            "speed": 2.18,
            "depth": 18.08
          },
          {
            "time": "1900-12-12T09:35:43.910000+00:00",
            "course": 310.42,
            "speed": 2.19,
            "depth": 18.08
          },
          {
            "time": "1900-12-12T09:35:51.910000+00:00",
            "course": 310.52,
            "speed": 2.19,
            "depth": 18.08
          },
          {
            "time": "1900-12-12T09:35:59.910000+00:00",
            "course": 310.57,
            "speed": 2.17,
            "depth": 17.84
          },
          {
            "time": "1900-12-12T09:36:07.910000+00:00",
            "course": 310.52,
            "speed": 2.17,
            "depth": 17.84
          },
          {
            "time": "1900-12-12T09:36:15.910000+00:00",
            "course": 310.46,
            "speed": 2.15,
            "depth": 17.84
          },
          {
            "time": "1900-12-12T09:36:23.910000+00:00",
            "course": 310.35,
            "speed": 2.13,
            "depth": 17.72
          },
          {
            "time": "1900-12-12T09:36:31.910000+00:00",
            "course": 310.25,
            "speed": 2.08,
            "depth": 17.72
          },
          {
            "time": "1900-12-12T09:36:39.910000+00:00",
            "course": 310.16,
            "speed": 2.08,
            "depth": 17.72
          },
          {
            "time": "1900-12-12T09:36:47.910000+00:00",
            "course": 310.05,
            "speed": 2.08,
            "depth": 17.72
          },
          {
            "time": "1900-12-12T09:36:55.910000+00:00",
            "course": 309.95,
            "speed": 2.08,
            "depth": 17.72
          },
          {
            "time": "1900-12-12T09:37:03.920000+00:00",
            "course": 309.89,
            "speed": 2.08,
            "depth": 17.72
          },
          {
            "time": "1900-12-12T09:37:11.900000+00:00",
            "course": 309.85,
            "speed": 2.08,
            "depth": 17.72
          },
          {
            "time": "1900-12-12T09:37:19.890000+00:00",
            "course": 309.8,
            "speed": 2.08,
            "depth": 17.72
          },
          {
            "time": "1900-12-12T09:37:27.890000+00:00",
            "course": 309.78,
            "speed": 2.08,
            "depth": 17.72
          },
          {
            "time": "1900-12-12T09:37:35.890000+00:00",
            "course": 309.73,
            "speed": 2.08,
            "depth": 17.6
          },
          {
            "time": "1900-12-12T09:37:43.890000+00:00",
            "course": 309.73,
            "speed": 2.08,
            "depth": 17.6
          },
          {
            "time": "1900-12-12T09:37:51.890000+00:00",
            "course": 309.75,
            "speed": 2.06,
            "depth": 17.6
          },
          {
            "time": "1900-12-12T09:37:59.890000+00:00",
            "course": 309.74,
            "speed": 2.06,
            "depth": 17.6
          },
          {
            "time": "1900-12-12T09:38:07.890000+00:00",
            "course": 309.72,
            "speed": 2.06,
            "depth": 17.6
          },
          {
            "time": "1900-12-12T09:38:15.890000+00:00",
            "course": 309.77,
            "speed": 2.06,
            "depth": 17.6
          },
          {
            "time": "1900-12-12T09:38:23.890000+00:00",
            "course": 309.84,
            "speed": 2.06,
            "depth": 17.6
          },
          {
            "time": "1900-12-12T09:38:31.890000+00:00",
            "course": 309.9,
            "speed": 2.06,
            "depth": 17.6
          },
          {
            "time": "1900-12-12T09:38:39.890000+00:00",
            "course": 309.95,
            "speed": 2.04,
            "depth": 17.6
          },
          {
            "time": "1900-12-12T09:38:47.890000+00:00",
            "course": 310.07,
            "speed": 2.06,
            "depth": 17.6
          },
          {
            "time": "1900-12-12T09:38:55.890000+00:00",
            "course": 310.25,
            "speed": 2.06,
            "depth": 17.6
          },
          {
            "time": "1900-12-12T09:39:03.880000+00:00",
            "course": 310.41,
            "speed": 2.04,
            "depth": 17.6
          },
          {
            "time": "1900-12-12T09:39:11.890000+00:00",
            "course": 310.57,
            "speed": 2.04,
            "depth": 17.6
          },
          {
            "time": "1900-12-12T09:39:19.890000+00:00",
            "course": 310.7,
            "speed": 2.04,
            "depth": 17.6
          },
          {
            "time": "1900-12-12T09:39:27.890000+00:00",
            "course": 310.81,
            "speed": 2.04,
            "depth": 17.6
          },
          {
            "time": "1900-12-12T09:39:35.880000+00:00",
            "course": 310.92,
            "speed": 2.04,
            "depth": 17.6
          },
          {
            "time": "1900-12-12T09:39:43.880000+00:00",
            "course": 310.95,
            "speed": 2.04,
            "depth": 17.6
          },
          {
            "time": "1900-12-12T09:39:51.880000+00:00",
            "course": 310.91,
            "speed": 2.04,
            "depth": 17.6
          },
          {
            "time": "1900-12-12T09:39:59.880000+00:00",
            "course": 310.87,
            "speed": 2.04,
            "depth": 17.6
          },
          {
            "time": "1900-12-12T09:40:07.880000+00:00",
            "course": 310.84,
            "speed": 2.01,
            "depth": 17.6
          },
          {
            "time": "1900-12-12T09:40:15.880000+00:00",
            "course": 310.85,
            "speed": 1.99,
            "depth": 17.6
          },
          {
            "time": "1900-12-12T09:40:23.890000+00:00",
            "course": 310.86,
            "speed": 1.99,
            "depth": 17.6
          },
          {
            "time": "1900-12-12T09:40:31.890000+00:00",
            "course": 310.85,
            "speed": 1.99,
            "depth": 17.6
          },
          {
            "time": "1900-12-12T09:40:39.900000+00:00",
            "course": 310.83,
            "speed": 1.97,
            "depth": 17.6
          },
          {
            "time": "1900-12-12T09:40:47.900000+00:00",
            "course": 310.87,
            "speed": 1.94,
            "depth": 17.6
          },
          {
            "time": "1900-12-12T09:40:55.890000+00:00",
            "course": 310.95,
            "speed": 1.94,
            "depth": 17.6
          },
          {
            "time": "1900-12-12T09:41:03.880000+00:00",
            "course": 310.96,
            "speed": 1.94,
            "depth": 17.6
          },
          {
            "time": "1900-12-12T09:41:11.880000+00:00",
            "course": 310.99,
            "speed": 1.94,
            "depth": 17.6
          },
          {
            "time": "1900-12-12T09:41:19.880000+00:00",
            "course": 311.05,
            "speed": 1.94,
            "depth": 17.6
          },
          {
            "time": "1900-12-12T09:41:27.880000+00:00",
            "course": 311.14,
            "speed": 1.94,
            "depth": 17.6
          },
          {
            "time": "1900-12-12T09:41:35.880000+00:00",
            "course": 311.28,
            "speed": 1.94,
            "depth": 17.6
          },
          {
            "time": "1900-12-12T09:41:43.890000+00:00",
            "course": 311.35,
            "speed": 1.94,
            "depth": 17.6
          },
          {
            "time": "1900-12-12T09:41:51.890000+00:00",
            "course": 311.4,
            "speed": 1.94,
            "depth": 17.6
          },
          {
            "time": "1900-12-12T09:41:59.890000+00:00",
            "course": 311.42,
            "speed": 1.94,
            "depth": 17.6
          },
          {
            "time": "1900-12-12T09:42:07.890000+00:00",
            "course": 311.45,
            "speed": 1.94,
            "depth": 17.6
          },
          {
            "time": "1900-12-12T09:42:15.890000+00:00",
            "course": 311.48,
            "speed": 1.94,
            "depth": 17.6
          },
          {
            "time": "1900-12-12T09:42:23.890000+00:00",
            "course": 311.53,
            "speed": 1.9,
            "depth": 17.6
          },
          {
            "time": "1900-12-12T09:42:31.890000+00:00",
            "course": 311.6,
            "speed": 1.9,
            "depth": 17.6
          },
          {
            "time": "1900-12-12T09:42:39.890000+00:00",
            "course": 311.74,
            "speed": 1.9,
            "depth": 17.6
          },
          {
            "time": "1900-12-12T09:42:47.890000+00:00",
            "course": 311.85,
            "speed": 1.9,
            "depth": 17.6
          },
          {
            "time": "1900-12-12T09:42:55.890000+00:00",
            "course": 311.92,
            "speed": 1.88,
            "depth": 17.6
          },
          {
            "time": "1900-12-12T09:43:03.900000+00:00",
            "course": 311.95,
            "speed": 1.88,
            "depth": 17.6
          },
          {
            "time": "1900-12-12T09:43:11.900000+00:00",
            "course": 311.93,
            "speed": 1.86,
            "depth": 17.6
          },
          {
            "time": "1900-12-12T09:43:19.900000+00:00",
            "course": 311.91,
            "speed": 1.88,
            "depth": 17.6
          },
          {
            "time": "1900-12-12T09:43:27.900000+00:00",
            "course": 311.84,
            "speed": 1.88,
            "depth": 17.6
          },
          {
            "time": "1900-12-12T09:43:35.900000+00:00",
            "course": 311.7,
            "speed": 1.88,
            "depth": 17.6
          },
          {
            "time": "1900-12-12T09:43:43.900000+00:00",
            "course": 311.54,
            "speed": 1.85,
            "depth": 17.6
          },
          {
            "time": "1900-12-12T09:43:51.900000+00:00",
            "course": 311.41,
            "speed": 1.85,
            "depth": 17.6
          },
          {
            "time": "1900-12-12T09:43:59.900000+00:00",
            "course": 311.31,
            "speed": 1.85,
            "depth": 17.6
          },
          {
            "time": "1900-12-12T09:44:07.900000+00:00",
            "course": 311.18,
            "speed": 1.83,
            "depth": 17.6
          },
          {
            "time": "1900-12-12T09:44:15.900000+00:00",
            "course": 311.02,
            "speed": 1.83,
            "depth": 17.6
          },
          {
            "time": "1900-12-12T09:44:23.900000+00:00",
            "course": 310.87,
            "speed": 1.81,
            "depth": 17.6
          },
          {
            "time": "1900-12-12T09:44:31.900000+00:00",
            "course": 310.75,
            "speed": 1.83,
            "depth": 17.6
          },
          {
            "time": "1900-12-12T09:44:39.900000+00:00",
            "course": 310.61,
            "speed": 1.81,
            "depth": 17.6
          },
          {
            "time": "1900-12-12T09:44:47.900000+00:00",
            "course": 310.49,
            "speed": 1.83,
            "depth": 17.6
          },
          {
            "time": "1900-12-12T09:44:55.900000+00:00",
            "course": 310.41,
            "speed": 1.81,
            "depth": 17.6
          },
          {
            "time": "1900-12-12T09:45:03.900000+00:00",
            "course": 310.35,
            "speed": 1.83,
            "depth": 17.6
          },
          {
            "time": "1900-12-12T09:45:11.900000+00:00",
            "course": 310.23,
            "speed": 1.83,
            "depth": 17.6
          },
          {
            "time": "1900-12-12T09:45:19.900000+00:00",
            "course": 310.09,
            "speed": 1.82,
            "depth": 17.6
          },
          {
            "time": "1900-12-12T09:45:27.900000+00:00",
            "course": 310.03,
            "speed": 1.82,
            "depth": 17.6
          },
          {
            "time": "1900-12-12T09:45:35.900000+00:00",
            "course": 310.0,
            "speed": 1.82,
            "depth": 17.6
          },
          {
            "time": "1900-12-12T09:45:43.900000+00:00",
            "course": 309.92,
            "speed": 1.82,
            "depth": 17.6
          },
          {
            "time": "1900-12-12T09:45:51.900000+00:00",
            "course": 309.71,
            "speed": 1.82,
            "depth": 17.6
          },
          {
            "time": "1900-12-12T09:45:59.900000+00:00",
            "course": 309.59,
            "speed": 1.85,
            "depth": 17.6
          },
          {
            "time": "1900-12-12T09:46:07.900000+00:00",
            "course": 309.57,
            "speed": 1.85,
            "depth": 17.6
          },
          {
            "time": "1900-12-12T09:46:15.890000+00:00",
            "course": 309.5,
            "speed": 1.85,
            "depth": 17.6
          },
          {
            "time": "1900-12-12T09:46:23.890000+00:00",
            "course": 309.38,
            "speed": 1.82,
            "depth": 17.6
          },
          {
            "time": "1900-12-12T09:46:31.890000+00:00",
            "course": 309.29,
            "speed": 1.82,
            "depth": 17.6
          },
          {
            "time": "1900-12-12T09:46:39.900000+00:00",
            "course": 309.27,
            "speed": 1.82,
            "depth": 17.6
          },
          {
            "time": "1900-12-12T09:46:47.900000+00:00",
            "course": 309.26,
            "speed": 1.82,
            "depth": 17.6
          },
          {
            "time": "1900-12-12T09:46:55.890000+00:00",
            "course": 309.28,
            "speed": 1.82,
            "depth": 17.6
          },
          {
            "time": "1900-12-12T09:47:03.890000+00:00",
            "course": 309.36,
            "speed": 1.82,
            "depth": 17.6
          },
          {
            "time": "1900-12-12T09:47:11.890000+00:00",
            "course": 309.47,
            "speed": 1.81,
            "depth": 17.6
          },
          {
            "time": "1900-12-12T09:47:19.890000+00:00",
            "course": 309.55,
            "speed": 1.81,
            "depth": 17.6
          },
          {
            "time": "1900-12-12T09:47:27.890000+00:00",
            "course": 309.62,
            "speed": 1.81,
            "depth": 17.6
          },
          {
            "time": "1900-12-12T09:47:35.890000+00:00",
            "course": 309.69,
            "speed": 1.81,
            "depth": 17.6
          },
          {
            "time": "1900-12-12T09:47:43.890000+00:00",
            "course": 309.79,
            "speed": 1.81,
            "depth": 17.6
          },
          {
            "time": "1900-12-12T09:47:51.890000+00:00",
            "course": 309.9,
            "speed": 1.81,
            "depth": 17.6
          },
          {
            "time": "1900-12-12T09:47:59.890000+00:00",
            "course": 310.05,
            "speed": 1.81,
            "depth": 17.6
          },
          {
            "time": "1900-12-12T09:48:07.890000+00:00",
            "course": 310.22,
            "speed": 1.81,
            "depth": 17.6
          },
          {
            "time": "1900-12-12T09:48:15.890000+00:00",
            "course": 310.32,
            "speed": 1.81,
            "depth": 17.6
          },
          {
            "time": "1900-12-12T09:48:23.890000+00:00",
            "course": 310.44,
            "speed": 1.81,
            "depth": 17.6
          },
          {
            "time": "1900-12-12T09:48:31.890000+00:00",
            "course": 310.52,
            "speed": 1.81,
            "depth": 17.6
          },
          {
            "time": "1900-12-12T09:48:39.890000+00:00",
            "course": 310.59,
            "speed": 1.8,
            "depth": 17.6
          },
          {
            "time": "1900-12-12T09:48:47.890000+00:00",
            "course": 310.64,
            "speed": 1.8,
            "depth": 17.6
          },
          {
            "time": "1900-12-12T09:48:55.890000+00:00",
            "course": 310.68,
            "speed": 1.8,
            "depth": 17.6
          },
          {
            "time": "1900-12-12T09:49:03.900000+00:00",
            "course": 310.67,
            "speed": 1.8,
            "depth": 17.6
          },
          {
            "time": "1900-12-12T09:49:11.900000+00:00",
            "course": 310.59,
            "speed": 1.8,
            "depth": 17.6
          },
          {
            "time": "1900-12-12T09:49:19.900000+00:00",
            "course": 310.54,
            "speed": 1.8,
            "depth": 17.6
          },
          {
            "time": "1900-12-12T09:49:27.900000+00:00",
            "course": 310.45,
            "speed": 1.8,
            "depth": 17.6
          },
          {
            "time": "1900-12-12T09:49:35.900000+00:00",
            "course": 310.3,
            "speed": 1.8,
            "depth": 17.6
          },
          {
            "time": "1900-12-12T09:49:43.890000+00:00",
            "course": 310.13,
            "speed": 1.8,
            "depth": 17.6
          },
          {
            "time": "1900-12-12T09:49:51.890000+00:00",
            "course": 309.98,
            "speed": 1.8,
            "depth": 17.6
          },
          {
            "time": "1900-12-12T09:49:59.890000+00:00",
            "course": 309.84,
            "speed": 1.8,
            "depth": 17.6
          },
          {
            "time": "1900-12-12T09:50:07.890000+00:00",
            "course": 309.71,
            "speed": 1.78,
            "depth": 17.6
          },
          {
            "time": "1900-12-12T09:50:15.890000+00:00",
            "course": 309.64,
            "speed": 1.78,
            "depth": 17.6
          },
          {
            "time": "1900-12-12T09:50:23.900000+00:00",
            "course": 309.6,
            "speed": 1.78,
            "depth": 17.6
          },
          {
            "time": "1900-12-12T09:50:31.900000+00:00",
            "course": 309.55,
            "speed": 1.78,
            "depth": 17.6
          },
          {
            "time": "1900-12-12T09:50:39.900000+00:00",
            "course": 309.51,
            "speed": 1.78,
            "depth": 17.6
          },
          {
            "time": "1900-12-12T09:50:47.900000+00:00",
            "course": 309.55,
            "speed": 1.78,
            "depth": 17.6
          },
          {
            "time": "1900-12-12T09:50:55.890000+00:00",
            "course": 309.68,
            "speed": 1.8,
            "depth": 17.6
          },
          {
            "time": "1900-12-12T09:51:03.890000+00:00",
            "course": 309.77,
            "speed": 1.82,
            "depth": 17.6
          },
          {
            "time": "1900-12-12T09:51:11.900000+00:00",
            "course": 309.87,
            "speed": 1.82,
            "depth": 17.6
          },
          {
            "time": "1900-12-12T09:51:19.900000+00:00",
            "course": 310.0,
            "speed": 1.82,
            "depth": 17.6
          },
          {
            "time": "1900-12-12T09:51:27.900000+00:00",
            "course": 310.17,
            "speed": 1.82,
            "depth": 17.6
          },
          {
            "time": "1900-12-12T09:51:35.890000+00:00",
            "course": 310.36,
            "speed": 1.82,
            "depth": 17.6
          },
          {
            "time": "1900-12-12T09:51:43.890000+00:00",
            "course": 310.55,
            "speed": 1.82,
            "depth": 17.6
          },
          {
            "time": "1900-12-12T09:51:51.890000+00:00",
            "course": 310.79,
            "speed": 1.82,
            "depth": 17.6
          },
          {
            "time": "1900-12-12T09:51:59.890000+00:00",
            "course": 310.99,
            "speed": 1.81,
            "depth": 17.6
          },
          {
            "time": "1900-12-12T09:52:07.890000+00:00",
            "course": 311.14,
            "speed": 1.82,
            "depth": 17.6
          },
          {
            "time": "1900-12-12T09:52:15.890000+00:00",
            "course": 311.24,
            "speed": 1.82,
            "depth": 17.6
          },
          {
            "time": "1900-12-12T09:52:23.890000+00:00",
            "course": 311.26,
            "speed": 1.82,
            "depth": 17.6
          },
          {
            "time": "1900-12-12T09:52:31.890000+00:00",
            "course": 311.23,
            "speed": 1.81,
            "depth": 17.6
          },
          {
            "time": "1900-12-12T09:52:39.890000+00:00",
            "course": 311.2,
            "speed": 1.81,
            "depth": 17.6
          },
          {
            "time": "1900-12-12T09:52:47.890000+00:00",
            "course": 311.13,
            "speed": 1.81,
            "depth": 17.6
          },
          {
            "time": "1900-12-12T09:52:55.890000+00:00",
            "course": 311.07,
            "speed": 1.81,
            "depth": 17.6
          },
          {
            "time": "1900-12-12T09:53:03.900000+00:00",
            "course": 310.98,
            "speed": 1.81,
            "depth": 17.6
          },
          {
            "time": "1900-12-12T09:53:11.900000+00:00",
            "course": 310.73,
            "speed": 1.81,
            "depth": 17.6
          },
          {
            "time": "1900-12-12T09:53:19.900000+00:00",
            "course": 310.53,
            "speed": 1.78,
            "depth": 17.6
          },
          {
            "time": "1900-12-12T09:53:27.900000+00:00",
            "course": 310.41,
            "speed": 1.78,
            "depth": 17.6
          },
          {
            "time": "1900-12-12T09:53:35.900000+00:00",
            "course": 310.23,
            "speed": 1.8,
            "depth": 17.6
          },
          {
            "time": "1900-12-12T09:53:43.900000+00:00",
            "course": 310.1,
            "speed": 1.82,
            "depth": 17.6
          },
          {
            "time": "1900-12-12T09:53:51.900000+00:00",
            "course": 309.97,
            "speed": 1.82,
            "depth": 17.6
          },
          {
            "time": "1900-12-12T09:53:59.900000+00:00",
            "course": 309.86,
            "speed": 1.82,
            "depth": 17.6
          },
          {
            "time": "1900-12-12T09:54:07.900000+00:00",
            "course": 309.78,
            "speed": 1.81,
            "depth": 17.6
          },
          {
            "time": "1900-12-12T09:54:15.900000+00:00",
            "course": 309.73,
            "speed": 1.81,
            "depth": 17.6
          },
          {
            "time": "1900-12-12T09:54:23.900000+00:00",
            "course": 309.72,
            "speed": 1.78,
            "depth": 17.6
          },
          {
            "time": "1900-12-12T09:54:31.900000+00:00",
            "course": 309.68,
            "speed": 1.78,
            "depth": 17.6
          },
          {
            "time": "1900-12-12T09:54:39.900000+00:00",
            "course": 309.65,
            "speed": 1.78,
            "depth": 17.6
          },
          {
            "time": "1900-12-12T09:54:47.900000+00:00",
            "course": 309.66,
            "speed": 1.78,
            "depth": 17.6
          },
          {
            "time": "1900-12-12T09:54:55.900000+00:00",
            "course": 309.68,
            "speed": 1.78,
            "depth": 17.6
          },
          {
            "time": "1900-12-12T09:55:03.900000+00:00",
            "course": 309.68,
            "speed": 1.78,
            "depth": 17.6
          },
          {
            "time": "1900-12-12T09:55:11.900000+00:00",
            "course": 309.63,
            "speed": 1.78,
            "depth": 17.6
          },
          {
            "time": "1900-12-12T09:55:19.900000+00:00",
            "course": 309.61,
            "speed": 1.76,
            "depth": 17.6
          },
          {
            "time": "1900-12-12T09:55:27.900000+00:00",
            "course": 309.64,
            "speed": 1.76,
            "depth": 17.6
          },
          {
            "time": "1900-12-12T09:55:35.900000+00:00",
            "course": 309.66,
            "speed": 1.76,
            "depth": 17.6
          },
          {
            "time": "1900-12-12T09:55:43.900000+00:00",
            "course": 309.67,
            "speed": 1.76,
            "depth": 17.6
          },
          {
            "time": "1900-12-12T09:55:51.900000+00:00",
            "course": 309.72,
            "speed": 1.76,
            "depth": 17.6
          },
          {
            "time": "1900-12-12T09:55:59.900000+00:00",
            "course": 309.76,
            "speed": 1.76,
            "depth": 17.6
          },
          {
            "time": "1900-12-12T09:56:07.900000+00:00",
            "course": 309.82,
            "speed": 1.76,
            "depth": 17.6
          },
          {
            "time": "1900-12-12T09:56:15.900000+00:00",
            "course": 309.93,
            "speed": 1.76,
            "depth": 17.6
          },
          {
            "time": "1900-12-12T09:56:23.910000+00:00",
            "course": 310.03,
            "speed": 1.76,
            "depth": 17.6
          },
          {
            "time": "1900-12-12T09:56:31.910000+00:00",
            "course": 310.11,
            "speed": 1.76,
            "depth": 17.6
          },
          {
            "time": "1900-12-12T09:56:39.910000+00:00",
            "course": 310.2,
            "speed": 1.76,
            "depth": 17.6
          },
          {
            "time": "1900-12-12T09:56:47.910000+00:00",
            "course": 310.26,
            "speed": 1.76,
            "depth": 17.6
          },
          {
            "time": "1900-12-12T09:56:55.900000+00:00",
            "course": 310.34,
            "speed": 1.76,
            "depth": 17.6
          },
          {
            "time": "1900-12-12T09:57:03.900000+00:00",
            "course": 310.46,
            "speed": 1.76,
            "depth": 17.6
          },
          {
            "time": "1900-12-12T09:57:11.910000+00:00",
            "course": 310.52,
            "speed": 1.76,
            "depth": 17.6
          },
          {
            "time": "1900-12-12T09:57:19.910000+00:00",
            "course": 310.49,
            "speed": 1.76,
            "depth": 17.6
          },
          {
            "time": "1900-12-12T09:57:27.910000+00:00",
            "course": 310.53,
            "speed": 1.76,
            "depth": 17.6
          },
          {
            "time": "1900-12-12T09:57:35.900000+00:00",
            "course": 310.61,
            "speed": 1.76,
            "depth": 17.6
          },
          {
            "time": "1900-12-12T09:57:43.900000+00:00",
            "course": 310.62,
            "speed": 1.76,
            "depth": 17.6
          },
          {
            "time": "1900-12-12T09:57:51.900000+00:00",
            "course": 310.6,
            "speed": 1.76,
            "depth": 17.6
          },
          {
            "time": "1900-12-12T09:57:59.900000+00:00",
            "course": 310.55,
            "speed": 1.76,
            "depth": 17.6
          },
          {
            "time": "1900-12-12T09:58:07.910000+00:00",
            "course": 310.49,
            "speed": 1.76,
            "depth": 17.6
          },
          {
            "time": "1900-12-12T09:58:15.900000+00:00",
            "course": 310.5,
            "speed": 1.78,
            "depth": 17.6
          },
          {
            "time": "1900-12-12T09:58:23.900000+00:00",
            "course": 310.47,
            "speed": 1.78,
            "depth": 17.6
          },
          {
            "time": "1900-12-12T09:58:31.900000+00:00",
            "course": 310.46,
            "speed": 1.78,
            "depth": 17.6
          },
          {
            "time": "1900-12-12T09:58:39.900000+00:00",
            "course": 310.51,
            "speed": 1.78,
            "depth": 17.6
          },
          {
            "time": "1900-12-12T09:58:47.900000+00:00",
            "course": 310.55,
            "speed": 1.78,
            "depth": 17.6
          },
          {
            "time": "1900-12-12T09:58:55.900000+00:00",
            "course": 310.61,
            "speed": 1.78,
            "depth": 17.6
          },
          {
            "time": "1900-12-12T09:59:03.910000+00:00",
            "course": 310.66,
            "speed": 1.78,
            "depth": 17.6
          },
          {
            "time": "1900-12-12T09:59:11.910000+00:00",
            "course": 310.76,
            "speed": 1.78,
            "depth": 17.6
          },
          {
            "time": "1900-12-12T09:59:19.910000+00:00",
            "course": 310.92,
            "speed": 1.82,
            "depth": 17.6
          },
          {
            "time": "1900-12-12T09:59:27.910000+00:00",
            "course": 311.03,
            "speed": 1.82,
            "depth": 17.6
          },
          {
            "time": "1900-12-12T09:59:35.910000+00:00",
            "course": 311.07,
            "speed": 1.82,
            "depth": 17.6
          },
          {
            "time": "1900-12-12T09:59:43.910000+00:00",
            "course": 311.09,
            "speed": 1.81,
            "depth": 17.6
          },
          {
            "time": "1900-12-12T09:59:51.910000+00:00",
            "course": 311.11,
            "speed": 1.81,
            "depth": 17.6
          },
          {
            "time": "1900-12-12T09:59:59.910000+00:00",
            "course": 311.17,
            "speed": 1.81,
            "depth": 17.6
          },
          {
            "time": "1900-12-12T10:00:07.910000+00:00",
            "course": 311.2,
            "speed": 1.81,
            "depth": 17.6
          }
        ],
        "style": {
          "line": {
            "color": "#0000FF"
          },
          "point": {
            "shape": "circle",
            "radius": 3.0,
            "fill_color": "#0000FF",
            "color": "#0000FF"
          }
        },
        "default_position_style": {
          "show_symbol": false,
          "symbol": "circle",
          "show_label": false
        },
        "symbol_interval": "PT10M",
        "label_interval": "PT30M",
        "provenance": [
          {
            "activity_id": "7b2f4cc6-ed71-47c6-adf0-43b77d1c3fe2",
            "timestamp": "2026-03-21T10:15:01.923331Z",
            "was_generated_by": {
              "tool": "rep-parser",
              "tool_version": "1.0.0",
              "parameters": []
            },
            "used": [],
            "generated": [
              "e0ed3e72-3e25-4144-aa65-30b7ddef6523"
            ],
            "execution_duration": "PT0S"
          }
        ]
      }
    },
    {
      "type": "Feature",
      "id": "db743624-4ce7-4d6d-b950-00bbd3b633b3",
      "geometry": null,
      "properties": {
        "kind": "SENSOR_CONTACT",
        "parent_track": "OWNSHIP",
        "time": "1900-12-12T06:38:38+00:00",
        "bearing": 213.0,
        "sensor_name": "ARRAY",
        "label": "Label",
        "provenance": [
          {
            "activity_id": "296cbefb-3ab6-450e-8985-355d9f24887e",
            "timestamp": "2026-03-21T10:15:01.935001Z",
            "was_generated_by": {
              "tool": "dsf-parser",
              "tool_version": "1.0.0",
              "parameters": []
            },
            "used": [],
            "generated": [
              "db743624-4ce7-4d6d-b950-00bbd3b633b3"
            ],
            "execution_duration": "PT0S"
          }
        ]
      }
    },
    {
      "type": "Feature",
      "id": "a1e4e5e9-e07f-4948-84b1-7ed29ecef380",
      "geometry": null,
      "properties": {
        "kind": "SENSOR_CONTACT",
        "parent_track": "OWNSHIP",
        "time": "1900-12-12T06:38:56+00:00",
        "bearing": 216.4,
        "sensor_name": "ARRAY",
        "label": "Label",
        "provenance": [
          {
            "activity_id": "296cbefb-3ab6-450e-8985-355d9f24887e",
            "timestamp": "2026-03-21T10:15:01.935001Z",
            "was_generated_by": {
              "tool": "dsf-parser",
              "tool_version": "1.0.0",
              "parameters": []
            },
            "used": [],
            "generated": [
              "a1e4e5e9-e07f-4948-84b1-7ed29ecef380"
            ],
            "execution_duration": "PT0S"
          }
        ]
      }
    },
    {
      "type": "Feature",
      "id": "beb7c35e-0c07-4fb9-ab54-e0f1befaa726",
      "geometry": null,
      "properties": {
        "kind": "SENSOR_CONTACT",
        "parent_track": "OWNSHIP",
        "time": "1900-12-12T06:39:12+00:00",
        "bearing": 219.7,
        "sensor_name": "ARRAY",
        "label": "Label",
        "provenance": [
          {
            "activity_id": "296cbefb-3ab6-450e-8985-355d9f24887e",
            "timestamp": "2026-03-21T10:15:01.935001Z",
            "was_generated_by": {
              "tool": "dsf-parser",
              "tool_version": "1.0.0",
              "parameters": []
            },
            "used": [],
            "generated": [
              "beb7c35e-0c07-4fb9-ab54-e0f1befaa726"
            ],
            "execution_duration": "PT0S"
          }
        ]
      }
    },
    {
      "type": "Feature",
      "id": "8ed2ebfd-3603-45c1-9563-af85f73ec044",
      "geometry": null,
      "properties": {
        "kind": "SENSOR_CONTACT",
        "parent_track": "OWNSHIP",
        "time": "1900-12-12T06:39:26+00:00",
        "bearing": 222.7,
        "sensor_name": "ARRAY",
        "label": "Label",
        "provenance": [
          {
            "activity_id": "296cbefb-3ab6-450e-8985-355d9f24887e",
            "timestamp": "2026-03-21T10:15:01.935001Z",
            "was_generated_by": {
              "tool": "dsf-parser",
              "tool_version": "1.0.0",
              "parameters": []
            },
            "used": [],
            "generated": [
              "8ed2ebfd-3603-45c1-9563-af85f73ec044"
            ],
            "execution_duration": "PT0S"
          }
        ]
      }
    },
    {
      "type": "Feature",
      "id": "1d3ecdd1-301a-4866-8bfa-3135d2a4fffc",
      "geometry": null,
      "properties": {
        "kind": "SENSOR_CONTACT",
        "parent_track": "OWNSHIP",
        "time": "1900-12-12T06:39:40+00:00",
        "bearing": 226.0,
        "sensor_name": "ARRAY",
        "label": "Label",
        "provenance": [
          {
            "activity_id": "296cbefb-3ab6-450e-8985-355d9f24887e",
            "timestamp": "2026-03-21T10:15:01.935001Z",
            "was_generated_by": {
              "tool": "dsf-parser",
              "tool_version": "1.0.0",
              "parameters": []
            },
            "used": [],
            "generated": [
              "1d3ecdd1-301a-4866-8bfa-3135d2a4fffc"
            ],
            "execution_duration": "PT0S"
          }
        ]
      }
    },
    {
      "type": "Feature",
      "id": "861b9ca2-fa58-40d8-9973-b524b7140f9f",
      "geometry": null,
      "properties": {
        "kind": "SENSOR_CONTACT",
        "parent_track": "OWNSHIP",
        "time": "1900-12-12T06:40:00+00:00",
        "bearing": 230.0,
        "sensor_name": "ARRAY",
        "label": "Label",
        "provenance": [
          {
            "activity_id": "296cbefb-3ab6-450e-8985-355d9f24887e",
            "timestamp": "2026-03-21T10:15:01.935001Z",
            "was_generated_by": {
              "tool": "dsf-parser",
              "tool_version": "1.0.0",
              "parameters": []
            },
            "used": [],
            "generated": [
              "861b9ca2-fa58-40d8-9973-b524b7140f9f"
            ],
            "execution_duration": "PT0S"
          }
        ]
      }
    },
    {
      "type": "Feature",
      "id": "e1a66ae7-1aa9-4e5b-8068-2398ca63599c",
      "geometry": null,
      "properties": {
        "kind": "SENSOR_CONTACT",
        "parent_track": "OWNSHIP",
        "time": "1900-12-12T06:40:16+00:00",
        "bearing": 234.1,
        "sensor_name": "ARRAY",
        "label": "Label",
        "provenance": [
          {
            "activity_id": "296cbefb-3ab6-450e-8985-355d9f24887e",
            "timestamp": "2026-03-21T10:15:01.935001Z",
            "was_generated_by": {
              "tool": "dsf-parser",
              "tool_version": "1.0.0",
              "parameters": []
            },
            "used": [],
            "generated": [
              "e1a66ae7-1aa9-4e5b-8068-2398ca63599c"
            ],
            "execution_duration": "PT0S"
          }
        ]
      }
    },
    {
      "type": "Feature",
      "id": "ecfc055a-eb53-41a6-9b15-ba8fa318d1ac",
      "geometry": null,
      "properties": {
        "kind": "SENSOR_CONTACT",
        "parent_track": "OWNSHIP",
        "time": "1900-12-12T06:40:28+00:00",
        "bearing": 237.4,
        "sensor_name": "ARRAY",
        "label": "Label",
        "provenance": [
          {
            "activity_id": "296cbefb-3ab6-450e-8985-355d9f24887e",
            "timestamp": "2026-03-21T10:15:01.935001Z",
            "was_generated_by": {
              "tool": "dsf-parser",
              "tool_version": "1.0.0",
              "parameters": []
            },
            "used": [],
            "generated": [
              "ecfc055a-eb53-41a6-9b15-ba8fa318d1ac"
            ],
            "execution_duration": "PT0S"
          }
        ]
      }
    },
    {
      "type": "Feature",
      "id": "4ceb6efb-559c-40f3-816a-266b853ae91f",
      "geometry": null,
      "properties": {
        "kind": "SENSOR_CONTACT",
        "parent_track": "OWNSHIP",
        "time": "1900-12-12T06:40:44+00:00",
        "bearing": 242.1,
        "sensor_name": "ARRAY",
        "label": "Label",
        "provenance": [
          {
            "activity_id": "296cbefb-3ab6-450e-8985-355d9f24887e",
            "timestamp": "2026-03-21T10:15:01.935001Z",
            "was_generated_by": {
              "tool": "dsf-parser",
              "tool_version": "1.0.0",
              "parameters": []
            },
            "used": [],
            "generated": [
              "4ceb6efb-559c-40f3-816a-266b853ae91f"
            ],
            "execution_duration": "PT0S"
          }
        ]
      }
    },
    {
      "type": "Feature",
      "id": "5b38bc61-1de0-4170-81b6-37ae233a2e45",
      "geometry": null,
      "properties": {
        "kind": "SENSOR_CONTACT",
        "parent_track": "OWNSHIP",
        "time": "1900-12-12T06:40:58+00:00",
        "bearing": 245.1,
        "sensor_name": "ARRAY",
        "label": "Label",
        "provenance": [
          {
            "activity_id": "296cbefb-3ab6-450e-8985-355d9f24887e",
            "timestamp": "2026-03-21T10:15:01.935001Z",
            "was_generated_by": {
              "tool": "dsf-parser",
              "tool_version": "1.0.0",
              "parameters": []
            },
            "used": [],
            "generated": [
              "5b38bc61-1de0-4170-81b6-37ae233a2e45"
            ],
            "execution_duration": "PT0S"
          }
        ]
      }
    },
    {
      "type": "Feature",
      "id": "c1a065d4-52aa-457f-b804-6bbdd979877e",
      "geometry": null,
      "properties": {
        "kind": "SENSOR_CONTACT",
        "parent_track": "OWNSHIP",
        "time": "1900-12-12T06:41:16+00:00",
        "bearing": 248.7,
        "sensor_name": "ARRAY",
        "label": "Label",
        "provenance": [
          {
            "activity_id": "296cbefb-3ab6-450e-8985-355d9f24887e",
            "timestamp": "2026-03-21T10:15:01.935001Z",
            "was_generated_by": {
              "tool": "dsf-parser",
              "tool_version": "1.0.0",
              "parameters": []
            },
            "used": [],
            "generated": [
              "c1a065d4-52aa-457f-b804-6bbdd979877e"
            ],
            "execution_duration": "PT0S"
          }
        ]
      }
    },
    {
      "type": "Feature",
      "id": "c1eef791-df50-4afa-b1a9-c2629c1303d4",
      "geometry": null,
      "properties": {
        "kind": "SENSOR_CONTACT",
        "parent_track": "OWNSHIP",
        "time": "1900-12-12T06:41:30+00:00",
        "bearing": 252.7,
        "sensor_name": "ARRAY",
        "label": "Label",
        "provenance": [
          {
            "activity_id": "296cbefb-3ab6-450e-8985-355d9f24887e",
            "timestamp": "2026-03-21T10:15:01.935001Z",
            "was_generated_by": {
              "tool": "dsf-parser",
              "tool_version": "1.0.0",
              "parameters": []
            },
            "used": [],
            "generated": [
              "c1eef791-df50-4afa-b1a9-c2629c1303d4"
            ],
            "execution_duration": "PT0S"
          }
        ]
      }
    },
    {
      "type": "Feature",
      "id": "79b7c806-6cc3-45c5-a610-c28de07f6388",
      "geometry": null,
      "properties": {
        "kind": "SENSOR_CONTACT",
        "parent_track": "OWNSHIP",
        "time": "1900-12-12T06:41:44+00:00",
        "bearing": 256.4,
        "sensor_name": "ARRAY",
        "label": "Label",
        "provenance": [
          {
            "activity_id": "296cbefb-3ab6-450e-8985-355d9f24887e",
            "timestamp": "2026-03-21T10:15:01.935001Z",
            "was_generated_by": {
              "tool": "dsf-parser",
              "tool_version": "1.0.0",
              "parameters": []
            },
            "used": [],
            "generated": [
              "79b7c806-6cc3-45c5-a610-c28de07f6388"
            ],
            "execution_duration": "PT0S"
          }
        ]
      }
    },
    {
      "type": "Feature",
      "id": "a2134bb7-0dc0-4151-b217-8ec31fb03dce",
      "geometry": null,
      "properties": {
        "kind": "SENSOR_CONTACT",
        "parent_track": "OWNSHIP",
        "time": "1900-12-12T06:41:58+00:00",
        "bearing": 260.4,
        "sensor_name": "ARRAY",
        "label": "Label",
        "provenance": [
          {
            "activity_id": "296cbefb-3ab6-450e-8985-355d9f24887e",
            "timestamp": "2026-03-21T10:15:01.935001Z",
            "was_generated_by": {
              "tool": "dsf-parser",
              "tool_version": "1.0.0",
              "parameters": []
            },
            "used": [],
            "generated": [
              "a2134bb7-0dc0-4151-b217-8ec31fb03dce"
            ],
            "execution_duration": "PT0S"
          }
        ]
      }
    },
    {
      "type": "Feature",
      "id": "6c2e4ead-ebcb-4c67-9c94-5ea8f9ac4ba1",
      "geometry": null,
      "properties": {
        "kind": "SENSOR_CONTACT",
        "parent_track": "OWNSHIP",
        "time": "1900-12-12T06:42:08+00:00",
        "bearing": 264.4,
        "sensor_name": "ARRAY",
        "label": "Label",
        "provenance": [
          {
            "activity_id": "296cbefb-3ab6-450e-8985-355d9f24887e",
            "timestamp": "2026-03-21T10:15:01.935001Z",
            "was_generated_by": {
              "tool": "dsf-parser",
              "tool_version": "1.0.0",
              "parameters": []
            },
            "used": [],
            "generated": [
              "6c2e4ead-ebcb-4c67-9c94-5ea8f9ac4ba1"
            ],
            "execution_duration": "PT0S"
          }
        ]
      }
    },
    {
      "type": "Feature",
      "id": "a3a2bbe5-67d4-4a87-bcbc-0043f048a7c7",
      "geometry": null,
      "properties": {
        "kind": "SENSOR_CONTACT",
        "parent_track": "OWNSHIP",
        "time": "1900-12-12T06:42:26+00:00",
        "bearing": 268.7,
        "sensor_name": "ARRAY",
        "label": "Label",
        "provenance": [
          {
            "activity_id": "296cbefb-3ab6-450e-8985-355d9f24887e",
            "timestamp": "2026-03-21T10:15:01.935001Z",
            "was_generated_by": {
              "tool": "dsf-parser",
              "tool_version": "1.0.0",
              "parameters": []
            },
            "used": [],
            "generated": [
              "a3a2bbe5-67d4-4a87-bcbc-0043f048a7c7"
            ],
            "execution_duration": "PT0S"
          }
        ]
      }
    },
    {
      "type": "Feature",
      "id": "43dfd707-ee41-4089-9d71-b049a282d5ee",
      "geometry": null,
      "properties": {
        "kind": "SENSOR_CONTACT",
        "parent_track": "OWNSHIP",
        "time": "1900-12-12T06:42:42+00:00",
        "bearing": 272.1,
        "sensor_name": "ARRAY",
        "label": "Label",
        "provenance": [
          {
            "activity_id": "296cbefb-3ab6-450e-8985-355d9f24887e",
            "timestamp": "2026-03-21T10:15:01.935001Z",
            "was_generated_by": {
              "tool": "dsf-parser",
              "tool_version": "1.0.0",
              "parameters": []
            },
            "used": [],
            "generated": [
              "43dfd707-ee41-4089-9d71-b049a282d5ee"
            ],
            "execution_duration": "PT0S"
          }
        ]
      }
    },
    {
      "type": "Feature",
      "id": "9012cc96-5506-461c-8b78-052ee72df141",
      "geometry": null,
      "properties": {
        "kind": "SENSOR_CONTACT",
        "parent_track": "OWNSHIP",
        "time": "1900-12-12T06:42:56+00:00",
        "bearing": 275.8,
        "sensor_name": "ARRAY",
        "label": "Label",
        "provenance": [
          {
            "activity_id": "296cbefb-3ab6-450e-8985-355d9f24887e",
            "timestamp": "2026-03-21T10:15:01.935001Z",
            "was_generated_by": {
              "tool": "dsf-parser",
              "tool_version": "1.0.0",
              "parameters": []
            },
            "used": [],
            "generated": [
              "9012cc96-5506-461c-8b78-052ee72df141"
            ],
            "execution_duration": "PT0S"
          }
        ]
      }
    },
    {
      "type": "Feature",
      "id": "36423ab9-0d05-4477-beab-a0ef4613c15a",
      "geometry": null,
      "properties": {
        "kind": "SENSOR_CONTACT",
        "parent_track": "OWNSHIP",
        "time": "1900-12-12T06:43:10+00:00",
        "bearing": 279.4,
        "sensor_name": "ARRAY",
        "label": "Label",
        "provenance": [
          {
            "activity_id": "296cbefb-3ab6-450e-8985-355d9f24887e",
            "timestamp": "2026-03-21T10:15:01.935001Z",
            "was_generated_by": {
              "tool": "dsf-parser",
              "tool_version": "1.0.0",
              "parameters": []
            },
            "used": [],
            "generated": [
              "36423ab9-0d05-4477-beab-a0ef4613c15a"
            ],
            "execution_duration": "PT0S"
          }
        ]
      }
    },
    {
      "type": "Feature",
      "id": "f19c8c96-b286-4169-b715-42f298735bb7",
      "geometry": null,
      "properties": {
        "kind": "SENSOR_CONTACT",
        "parent_track": "OWNSHIP",
        "time": "1900-12-12T06:43:32+00:00",
        "bearing": 283.1,
        "sensor_name": "ARRAY",
        "label": "Label",
        "provenance": [
          {
            "activity_id": "296cbefb-3ab6-450e-8985-355d9f24887e",
            "timestamp": "2026-03-21T10:15:01.935001Z",
            "was_generated_by": {
              "tool": "dsf-parser",
              "tool_version": "1.0.0",
              "parameters": []
            },
            "used": [],
            "generated": [
              "f19c8c96-b286-4169-b715-42f298735bb7"
            ],
            "execution_duration": "PT0S"
          }
        ]
      }
    },
    {
      "type": "Feature",
      "id": "0d1af439-3070-4265-a0bb-51ba15745530",
      "geometry": null,
      "properties": {
        "kind": "SENSOR_CONTACT",
        "parent_track": "OWNSHIP",
        "time": "1900-12-12T06:43:50+00:00",
        "bearing": 287.4,
        "sensor_name": "ARRAY",
        "label": "Label",
        "provenance": [
          {
            "activity_id": "296cbefb-3ab6-450e-8985-355d9f24887e",
            "timestamp": "2026-03-21T10:15:01.935001Z",
            "was_generated_by": {
              "tool": "dsf-parser",
              "tool_version": "1.0.0",
              "parameters": []
            },
            "used": [],
            "generated": [
              "0d1af439-3070-4265-a0bb-51ba15745530"
            ],
            "execution_duration": "PT0S"
          }
        ]
      }
    },
    {
      "type": "Feature",
      "id": "e6a19a51-60dd-49c5-96cb-031327703275",
      "geometry": null,
      "properties": {
        "kind": "SENSOR_CONTACT",
        "parent_track": "OWNSHIP",
        "time": "1900-12-12T06:44:10+00:00",
        "bearing": 291.1,
        "sensor_name": "ARRAY",
        "label": "Label",
        "provenance": [
          {
            "activity_id": "296cbefb-3ab6-450e-8985-355d9f24887e",
            "timestamp": "2026-03-21T10:15:01.935001Z",
            "was_generated_by": {
              "tool": "dsf-parser",
              "tool_version": "1.0.0",
              "parameters": []
            },
            "used": [],
            "generated": [
              "e6a19a51-60dd-49c5-96cb-031327703275"
            ],
            "execution_duration": "PT0S"
          }
        ]
      }
    },
    {
      "type": "Feature",
      "id": "8c4dde5c-5099-49e7-a709-808ec341300d",
      "geometry": null,
      "properties": {
        "kind": "SENSOR_CONTACT",
        "parent_track": "OWNSHIP",
        "time": "1900-12-12T06:44:36+00:00",
        "bearing": 294.4,
        "sensor_name": "ARRAY",
        "label": "Label",
        "provenance": [
          {
            "activity_id": "296cbefb-3ab6-450e-8985-355d9f24887e",
            "timestamp": "2026-03-21T10:15:01.935001Z",
            "was_generated_by": {
              "tool": "dsf-parser",
              "tool_version": "1.0.0",
              "parameters": []
            },
            "used": [],
            "generated": [
              "8c4dde5c-5099-49e7-a709-808ec341300d"
            ],
            "execution_duration": "PT0S"
          }
        ]
      }
    },
    {
      "type": "Feature",
      "id": "7d1aa484-0d74-42a3-a557-edad575ec0a6",
      "geometry": null,
      "properties": {
        "kind": "SENSOR_CONTACT",
        "parent_track": "OWNSHIP",
        "time": "1900-12-12T06:45:02+00:00",
        "bearing": 299.4,
        "sensor_name": "ARRAY",
        "label": "Label",
        "provenance": [
          {
            "activity_id": "296cbefb-3ab6-450e-8985-355d9f24887e",
            "timestamp": "2026-03-21T10:15:01.935001Z",
            "was_generated_by": {
              "tool": "dsf-parser",
              "tool_version": "1.0.0",
              "parameters": []
            },
            "used": [],
            "generated": [
              "7d1aa484-0d74-42a3-a557-edad575ec0a6"
            ],
            "execution_duration": "PT0S"
          }
        ]
      }
    },
    {
      "type": "Feature",
      "id": "504ff019-4a46-43ea-89a0-9cfc6d150bb5",
      "geometry": null,
      "properties": {
        "kind": "SENSOR_CONTACT",
        "parent_track": "OWNSHIP",
        "time": "1900-12-12T06:45:28+00:00",
        "bearing": 303.4,
        "sensor_name": "ARRAY",
        "label": "Label",
        "provenance": [
          {
            "activity_id": "296cbefb-3ab6-450e-8985-355d9f24887e",
            "timestamp": "2026-03-21T10:15:01.935001Z",
            "was_generated_by": {
              "tool": "dsf-parser",
              "tool_version": "1.0.0",
              "parameters": []
            },
            "used": [],
            "generated": [
              "504ff019-4a46-43ea-89a0-9cfc6d150bb5"
            ],
            "execution_duration": "PT0S"
          }
        ]
      }
    },
    {
      "type": "Feature",
      "id": "125d3276-1d0a-42cc-b4fb-d877158ae5ed",
      "geometry": null,
      "properties": {
        "kind": "SENSOR_CONTACT",
        "parent_track": "OWNSHIP",
        "time": "1900-12-12T06:45:54+00:00",
        "bearing": 307.1,
        "sensor_name": "ARRAY",
        "label": "Label",
        "provenance": [
          {
            "activity_id": "296cbefb-3ab6-450e-8985-355d9f24887e",
            "timestamp": "2026-03-21T10:15:01.935001Z",
            "was_generated_by": {
              "tool": "dsf-parser",
              "tool_version": "1.0.0",
              "parameters": []
            },
            "used": [],
            "generated": [
              "125d3276-1d0a-42cc-b4fb-d877158ae5ed"
            ],
            "execution_duration": "PT0S"
          }
        ]
      }
    },
    {
      "type": "Feature",
      "id": "1ca03be7-6601-4293-ad23-8f0441111708",
      "geometry": null,
      "properties": {
        "kind": "SENSOR_CONTACT",
        "parent_track": "OWNSHIP",
        "time": "1900-12-12T06:46:30+00:00",
        "bearing": 309.8,
        "sensor_name": "ARRAY",
        "label": "Label",
        "provenance": [
          {
            "activity_id": "296cbefb-3ab6-450e-8985-355d9f24887e",
            "timestamp": "2026-03-21T10:15:01.935001Z",
            "was_generated_by": {
              "tool": "dsf-parser",
              "tool_version": "1.0.0",
              "parameters": []
            },
            "used": [],
            "generated": [
              "1ca03be7-6601-4293-ad23-8f0441111708"
            ],
            "execution_duration": "PT0S"
          }
        ]
      }
    },
    {
      "type": "Feature",
      "id": "04edcea3-fa97-49c6-8ec5-7319dd1548ff",
      "geometry": null,
      "properties": {
        "kind": "SENSOR_CONTACT",
        "parent_track": "OWNSHIP",
        "time": "1900-12-12T06:47:02+00:00",
        "bearing": 312.8,
        "sensor_name": "ARRAY",
        "label": "Label",
        "provenance": [
          {
            "activity_id": "296cbefb-3ab6-450e-8985-355d9f24887e",
            "timestamp": "2026-03-21T10:15:01.935001Z",
            "was_generated_by": {
              "tool": "dsf-parser",
              "tool_version": "1.0.0",
              "parameters": []
            },
            "used": [],
            "generated": [
              "04edcea3-fa97-49c6-8ec5-7319dd1548ff"
            ],
            "execution_duration": "PT0S"
          }
        ]
      }
    },
    {
      "type": "Feature",
      "id": "1cff412b-be80-477c-85bc-803a097b98f9",
      "geometry": null,
      "properties": {
        "kind": "SENSOR_CONTACT",
        "parent_track": "OWNSHIP",
        "time": "1900-12-12T06:47:30+00:00",
        "bearing": 314.5,
        "sensor_name": "ARRAY",
        "label": "Label",
        "provenance": [
          {
            "activity_id": "296cbefb-3ab6-450e-8985-355d9f24887e",
            "timestamp": "2026-03-21T10:15:01.935001Z",
            "was_generated_by": {
              "tool": "dsf-parser",
              "tool_version": "1.0.0",
              "parameters": []
            },
            "used": [],
            "generated": [
              "1cff412b-be80-477c-85bc-803a097b98f9"
            ],
            "execution_duration": "PT0S"
          }
        ]
      }
    },
    {
      "type": "Feature",
      "id": "3cc1c6be-295a-4fa1-bccb-73cb2ae5d997",
      "geometry": null,
      "properties": {
        "kind": "SENSOR_CONTACT",
        "parent_track": "OWNSHIP",
        "time": "1900-12-12T06:48:02+00:00",
        "bearing": 316.1,
        "sensor_name": "ARRAY",
        "label": "Label",
        "provenance": [
          {
            "activity_id": "296cbefb-3ab6-450e-8985-355d9f24887e",
            "timestamp": "2026-03-21T10:15:01.935001Z",
            "was_generated_by": {
              "tool": "dsf-parser",
              "tool_version": "1.0.0",
              "parameters": []
            },
            "used": [],
            "generated": [
              "3cc1c6be-295a-4fa1-bccb-73cb2ae5d997"
            ],
            "execution_duration": "PT0S"
          }
        ]
      }
    },
    {
      "type": "Feature",
      "id": "a0b6565c-19d2-469c-8ce3-0d09d0a262fc",
      "geometry": null,
      "properties": {
        "kind": "SENSOR_CONTACT",
        "parent_track": "OWNSHIP",
        "time": "1900-12-12T06:48:30+00:00",
        "bearing": 317.8,
        "sensor_name": "ARRAY",
        "label": "Label",
        "provenance": [
          {
            "activity_id": "296cbefb-3ab6-450e-8985-355d9f24887e",
            "timestamp": "2026-03-21T10:15:01.935001Z",
            "was_generated_by": {
              "tool": "dsf-parser",
              "tool_version": "1.0.0",
              "parameters": []
            },
            "used": [],
            "generated": [
              "a0b6565c-19d2-469c-8ce3-0d09d0a262fc"
            ],
            "execution_duration": "PT0S"
          }
        ]
      }
    },
    {
      "type": "Feature",
      "id": "80a1c165-aa7c-4185-991c-1957642d79a5",
      "geometry": null,
      "properties": {
        "kind": "SENSOR_CONTACT",
        "parent_track": "OWNSHIP",
        "time": "1900-12-12T06:49:02+00:00",
        "bearing": 319.8,
        "sensor_name": "ARRAY",
        "label": "Label",
        "provenance": [
          {
            "activity_id": "296cbefb-3ab6-450e-8985-355d9f24887e",
            "timestamp": "2026-03-21T10:15:01.935001Z",
            "was_generated_by": {
              "tool": "dsf-parser",
              "tool_version": "1.0.0",
              "parameters": []
            },
            "used": [],
            "generated": [
              "80a1c165-aa7c-4185-991c-1957642d79a5"
            ],
            "execution_duration": "PT0S"
          }
        ]
      }
    },
    {
      "type": "Feature",
      "id": "f8a3616b-883c-4a8a-abfb-6aa1c98140d7",
      "geometry": null,
      "properties": {
        "kind": "SENSOR_CONTACT",
        "parent_track": "OWNSHIP",
        "time": "1900-12-12T06:49:36+00:00",
        "bearing": 321.1,
        "sensor_name": "ARRAY",
        "label": "Label",
        "provenance": [
          {
            "activity_id": "296cbefb-3ab6-450e-8985-355d9f24887e",
            "timestamp": "2026-03-21T10:15:01.935001Z",
            "was_generated_by": {
              "tool": "dsf-parser",
              "tool_version": "1.0.0",
              "parameters": []
            },
            "used": [],
            "generated": [
              "f8a3616b-883c-4a8a-abfb-6aa1c98140d7"
            ],
            "execution_duration": "PT0S"
          }
        ]
      }
    },
    {
      "type": "Feature",
      "id": "10c247cb-b536-4f74-8a58-5598fc163bb6",
      "geometry": null,
      "properties": {
        "kind": "SENSOR_CONTACT",
        "parent_track": "OWNSHIP",
        "time": "1900-12-12T06:50:10+00:00",
        "bearing": 322.1,
        "sensor_name": "ARRAY",
        "label": "Label",
        "provenance": [
          {
            "activity_id": "296cbefb-3ab6-450e-8985-355d9f24887e",
            "timestamp": "2026-03-21T10:15:01.935001Z",
            "was_generated_by": {
              "tool": "dsf-parser",
              "tool_version": "1.0.0",
              "parameters": []
            },
            "used": [],
            "generated": [
              "10c247cb-b536-4f74-8a58-5598fc163bb6"
            ],
            "execution_duration": "PT0S"
          }
        ]
      }
    },
    {
      "type": "Feature",
      "id": "ba7a22eb-5af7-4876-9fbd-ea27607c09bf",
      "geometry": null,
      "properties": {
        "kind": "SENSOR_CONTACT",
        "parent_track": "OWNSHIP",
        "time": "1900-12-12T06:50:46+00:00",
        "bearing": 323.1,
        "sensor_name": "ARRAY",
        "label": "Label",
        "provenance": [
          {
            "activity_id": "296cbefb-3ab6-450e-8985-355d9f24887e",
            "timestamp": "2026-03-21T10:15:01.935001Z",
            "was_generated_by": {
              "tool": "dsf-parser",
              "tool_version": "1.0.0",
              "parameters": []
            },
            "used": [],
            "generated": [
              "ba7a22eb-5af7-4876-9fbd-ea27607c09bf"
            ],
            "execution_duration": "PT0S"
          }
        ]
      }
    },
    {
      "type": "Feature",
      "id": "bd0acc3d-c554-41bb-b8e3-81fa7f2ddf16",
      "geometry": null,
      "properties": {
        "kind": "SENSOR_CONTACT",
        "parent_track": "OWNSHIP",
        "time": "1900-12-12T06:51:22+00:00",
        "bearing": 323.5,
        "sensor_name": "ARRAY",
        "label": "Label",
        "provenance": [
          {
            "activity_id": "296cbefb-3ab6-450e-8985-355d9f24887e",
            "timestamp": "2026-03-21T10:15:01.935001Z",
            "was_generated_by": {
              "tool": "dsf-parser",
              "tool_version": "1.0.0",
              "parameters": []
            },
            "used": [],
            "generated": [
              "bd0acc3d-c554-41bb-b8e3-81fa7f2ddf16"
            ],
            "execution_duration": "PT0S"
          }
        ]
      }
    },
    {
      "type": "Feature",
      "id": "9e7dd220-dd02-4caf-8a6e-2d2346ffc417",
      "geometry": null,
      "properties": {
        "kind": "SENSOR_CONTACT",
        "parent_track": "OWNSHIP",
        "time": "1900-12-12T06:52:08+00:00",
        "bearing": 323.8,
        "sensor_name": "ARRAY",
        "label": "Label",
        "provenance": [
          {
            "activity_id": "296cbefb-3ab6-450e-8985-355d9f24887e",
            "timestamp": "2026-03-21T10:15:01.935001Z",
            "was_generated_by": {
              "tool": "dsf-parser",
              "tool_version": "1.0.0",
              "parameters": []
            },
            "used": [],
            "generated": [
              "9e7dd220-dd02-4caf-8a6e-2d2346ffc417"
            ],
            "execution_duration": "PT0S"
          }
        ]
      }
    },
    {
      "type": "Feature",
      "id": "c19bfd7c-367c-492f-bde2-c4082411e223",
      "geometry": null,
      "properties": {
        "kind": "SENSOR_CONTACT",
        "parent_track": "OWNSHIP",
        "time": "1900-12-12T06:52:38+00:00",
        "bearing": 324.5,
        "sensor_name": "ARRAY",
        "label": "Label",
        "provenance": [
          {
            "activity_id": "296cbefb-3ab6-450e-8985-355d9f24887e",
            "timestamp": "2026-03-21T10:15:01.935001Z",
            "was_generated_by": {
              "tool": "dsf-parser",
              "tool_version": "1.0.0",
              "parameters": []
            },
            "used": [],
            "generated": [
              "c19bfd7c-367c-492f-bde2-c4082411e223"
            ],
            "execution_duration": "PT0S"
          }
        ]
      }
    },
    {
      "type": "Feature",
      "id": "48aac534-0b46-4f3e-9354-fe5bedc762e7",
      "geometry": null,
      "properties": {
        "kind": "SENSOR_CONTACT",
        "parent_track": "OWNSHIP",
        "time": "1900-12-12T06:53:14+00:00",
        "bearing": 325.1,
        "sensor_name": "ARRAY",
        "label": "Label",
        "provenance": [
          {
            "activity_id": "296cbefb-3ab6-450e-8985-355d9f24887e",
            "timestamp": "2026-03-21T10:15:01.935001Z",
            "was_generated_by": {
              "tool": "dsf-parser",
              "tool_version": "1.0.0",
              "parameters": []
            },
            "used": [],
            "generated": [
              "48aac534-0b46-4f3e-9354-fe5bedc762e7"
            ],
            "execution_duration": "PT0S"
          }
        ]
      }
    },
    {
      "type": "Feature",
      "id": "49521092-c539-4700-954e-6dbe44bc1643",
      "geometry": null,
      "properties": {
        "kind": "SENSOR_CONTACT",
        "parent_track": "OWNSHIP",
        "time": "1900-12-12T06:53:46+00:00",
        "bearing": 325.8,
        "sensor_name": "ARRAY",
        "label": "Label",
        "provenance": [
          {
            "activity_id": "296cbefb-3ab6-450e-8985-355d9f24887e",
            "timestamp": "2026-03-21T10:15:01.935001Z",
            "was_generated_by": {
              "tool": "dsf-parser",
              "tool_version": "1.0.0",
              "parameters": []
            },
            "used": [],
            "generated": [
              "49521092-c539-4700-954e-6dbe44bc1643"
            ],
            "execution_duration": "PT0S"
          }
        ]
      }
    },
    {
      "type": "Feature",
      "id": "8164af6d-95da-49c8-a761-16e5d3452507",
      "geometry": null,
      "properties": {
        "kind": "SENSOR_CONTACT",
        "parent_track": "OWNSHIP",
        "time": "1900-12-12T06:54:22+00:00",
        "bearing": 326.5,
        "sensor_name": "ARRAY",
        "label": "Label",
        "provenance": [
          {
            "activity_id": "296cbefb-3ab6-450e-8985-355d9f24887e",
            "timestamp": "2026-03-21T10:15:01.935001Z",
            "was_generated_by": {
              "tool": "dsf-parser",
              "tool_version": "1.0.0",
              "parameters": []
            },
            "used": [],
            "generated": [
              "8164af6d-95da-49c8-a761-16e5d3452507"
            ],
            "execution_duration": "PT0S"
          }
        ]
      }
    },
    {
      "type": "Feature",
      "id": "cd375fde-9ab0-40d7-9776-aeb52295627d",
      "geometry": null,
      "properties": {
        "kind": "SENSOR_CONTACT",
        "parent_track": "OWNSHIP",
        "time": "1900-12-12T06:55:00+00:00",
        "bearing": 327.1,
        "sensor_name": "ARRAY",
        "label": "Label",
        "provenance": [
          {
            "activity_id": "296cbefb-3ab6-450e-8985-355d9f24887e",
            "timestamp": "2026-03-21T10:15:01.935001Z",
            "was_generated_by": {
              "tool": "dsf-parser",
              "tool_version": "1.0.0",
              "parameters": []
            },
            "used": [],
            "generated": [
              "cd375fde-9ab0-40d7-9776-aeb52295627d"
            ],
            "execution_duration": "PT0S"
          }
        ]
      }
    },
    {
      "type": "Feature",
      "id": "a3aa1507-eddc-4dfe-8fdd-f3f1cc91b716",
      "geometry": null,
      "properties": {
        "kind": "SENSOR_CONTACT",
        "parent_track": "OWNSHIP",
        "time": "1900-12-12T06:55:38+00:00",
        "bearing": 327.8,
        "sensor_name": "ARRAY",
        "label": "Label",
        "provenance": [
          {
            "activity_id": "296cbefb-3ab6-450e-8985-355d9f24887e",
            "timestamp": "2026-03-21T10:15:01.935001Z",
            "was_generated_by": {
              "tool": "dsf-parser",
              "tool_version": "1.0.0",
              "parameters": []
            },
            "used": [],
            "generated": [
              "a3aa1507-eddc-4dfe-8fdd-f3f1cc91b716"
            ],
            "execution_duration": "PT0S"
          }
        ]
      }
    },
    {
      "type": "Feature",
      "id": "728cf7d9-02df-4f82-8e97-21cba2415ccd",
      "geometry": null,
      "properties": {
        "kind": "SENSOR_CONTACT",
        "parent_track": "OWNSHIP",
        "time": "1900-12-12T06:56:14+00:00",
        "bearing": 328.1,
        "sensor_name": "ARRAY",
        "label": "Label",
        "provenance": [
          {
            "activity_id": "296cbefb-3ab6-450e-8985-355d9f24887e",
            "timestamp": "2026-03-21T10:15:01.935001Z",
            "was_generated_by": {
              "tool": "dsf-parser",
              "tool_version": "1.0.0",
              "parameters": []
            },
            "used": [],
            "generated": [
              "728cf7d9-02df-4f82-8e97-21cba2415ccd"
            ],
            "execution_duration": "PT0S"
          }
        ]
      }
    },
    {
      "type": "Feature",
      "id": "a0b238ee-b085-4148-a24b-120ac6385e2e",
      "geometry": null,
      "properties": {
        "kind": "SENSOR_CONTACT",
        "parent_track": "OWNSHIP",
        "time": "1900-12-12T06:56:50+00:00",
        "bearing": 328.8,
        "sensor_name": "ARRAY",
        "label": "Label",
        "provenance": [
          {
            "activity_id": "296cbefb-3ab6-450e-8985-355d9f24887e",
            "timestamp": "2026-03-21T10:15:01.935001Z",
            "was_generated_by": {
              "tool": "dsf-parser",
              "tool_version": "1.0.0",
              "parameters": []
            },
            "used": [],
            "generated": [
              "a0b238ee-b085-4148-a24b-120ac6385e2e"
            ],
            "execution_duration": "PT0S"
          }
        ]
      }
    },
    {
      "type": "Feature",
      "id": "d4f30016-7915-4895-b587-bc5107938f96",
      "geometry": null,
      "properties": {
        "kind": "SENSOR_CONTACT",
        "parent_track": "OWNSHIP",
        "time": "1900-12-12T06:57:24+00:00",
        "bearing": 329.1,
        "sensor_name": "ARRAY",
        "label": "Label",
        "provenance": [
          {
            "activity_id": "296cbefb-3ab6-450e-8985-355d9f24887e",
            "timestamp": "2026-03-21T10:15:01.935001Z",
            "was_generated_by": {
              "tool": "dsf-parser",
              "tool_version": "1.0.0",
              "parameters": []
            },
            "used": [],
            "generated": [
              "d4f30016-7915-4895-b587-bc5107938f96"
            ],
            "execution_duration": "PT0S"
          }
        ]
      }
    },
    {
      "type": "Feature",
      "id": "8ecf56aa-10a9-4d9d-8d1c-ef28f9aa5200",
      "geometry": null,
      "properties": {
        "kind": "SENSOR_CONTACT",
        "parent_track": "OWNSHIP",
        "time": "1900-12-12T06:58:10+00:00",
        "bearing": 330.1,
        "sensor_name": "ARRAY",
        "label": "Label",
        "provenance": [
          {
            "activity_id": "296cbefb-3ab6-450e-8985-355d9f24887e",
            "timestamp": "2026-03-21T10:15:01.935001Z",
            "was_generated_by": {
              "tool": "dsf-parser",
              "tool_version": "1.0.0",
              "parameters": []
            },
            "used": [],
            "generated": [
              "8ecf56aa-10a9-4d9d-8d1c-ef28f9aa5200"
            ],
            "execution_duration": "PT0S"
          }
        ]
      }
    },
    {
      "type": "Feature",
      "id": "f1c28b0b-8471-48c9-bb60-65cc0f3cec40",
      "geometry": null,
      "properties": {
        "kind": "SENSOR_CONTACT",
        "parent_track": "OWNSHIP",
        "time": "1900-12-12T06:58:52+00:00",
        "bearing": 331.5,
        "sensor_name": "ARRAY",
        "label": "Label",
        "provenance": [
          {
            "activity_id": "296cbefb-3ab6-450e-8985-355d9f24887e",
            "timestamp": "2026-03-21T10:15:01.935001Z",
            "was_generated_by": {
              "tool": "dsf-parser",
              "tool_version": "1.0.0",
              "parameters": []
            },
            "used": [],
            "generated": [
              "f1c28b0b-8471-48c9-bb60-65cc0f3cec40"
            ],
            "execution_duration": "PT0S"
          }
        ]
      }
    },
    {
      "type": "Feature",
      "id": "3fca77cc-7e55-4d06-ac09-35060c3abb3a",
      "geometry": null,
      "properties": {
        "kind": "SENSOR_CONTACT",
        "parent_track": "OWNSHIP",
        "time": "1900-12-12T06:59:36+00:00",
        "bearing": 332.1,
        "sensor_name": "ARRAY",
        "label": "Label",
        "provenance": [
          {
            "activity_id": "296cbefb-3ab6-450e-8985-355d9f24887e",
            "timestamp": "2026-03-21T10:15:01.935001Z",
            "was_generated_by": {
              "tool": "dsf-parser",
              "tool_version": "1.0.0",
              "parameters": []
            },
            "used": [],
            "generated": [
              "3fca77cc-7e55-4d06-ac09-35060c3abb3a"
            ],
            "execution_duration": "PT0S"
          }
        ]
      }
    },
    {
      "type": "Feature",
      "id": "9a5e7d8b-5a27-4343-b6ce-7cf180d55f3e",
      "geometry": null,
      "properties": {
        "kind": "SENSOR_CONTACT",
        "parent_track": "OWNSHIP",
        "time": "1900-12-12T07:00:14+00:00",
        "bearing": 332.8,
        "sensor_name": "ARRAY",
        "label": "Label",
        "provenance": [
          {
            "activity_id": "296cbefb-3ab6-450e-8985-355d9f24887e",
            "timestamp": "2026-03-21T10:15:01.935001Z",
            "was_generated_by": {
              "tool": "dsf-parser",
              "tool_version": "1.0.0",
              "parameters": []
            },
            "used": [],
            "generated": [
              "9a5e7d8b-5a27-4343-b6ce-7cf180d55f3e"
            ],
            "execution_duration": "PT0S"
          }
        ]
      }
    },
    {
      "type": "Feature",
      "id": "b41f99eb-a7c2-4e8d-9adf-beb20a1b9925",
      "geometry": null,
      "properties": {
        "kind": "SENSOR_CONTACT",
        "parent_track": "OWNSHIP",
        "time": "1900-12-12T07:00:52+00:00",
        "bearing": 334.5,
        "sensor_name": "ARRAY",
        "label": "Label",
        "provenance": [
          {
            "activity_id": "296cbefb-3ab6-450e-8985-355d9f24887e",
            "timestamp": "2026-03-21T10:15:01.935001Z",
            "was_generated_by": {
              "tool": "dsf-parser",
              "tool_version": "1.0.0",
              "parameters": []
            },
            "used": [],
            "generated": [
              "b41f99eb-a7c2-4e8d-9adf-beb20a1b9925"
            ],
            "execution_duration": "PT0S"
          }
        ]
      }
    },
    {
      "type": "Feature",
      "id": "e87aba1d-4750-482a-8fa9-1134bec6b6ef",
      "geometry": null,
      "properties": {
        "kind": "SENSOR_CONTACT",
        "parent_track": "OWNSHIP",
        "time": "1900-12-12T07:01:30+00:00",
        "bearing": 335.1,
        "sensor_name": "ARRAY",
        "label": "Label",
        "provenance": [
          {
            "activity_id": "296cbefb-3ab6-450e-8985-355d9f24887e",
            "timestamp": "2026-03-21T10:15:01.935001Z",
            "was_generated_by": {
              "tool": "dsf-parser",
              "tool_version": "1.0.0",
              "parameters": []
            },
            "used": [],
            "generated": [
              "e87aba1d-4750-482a-8fa9-1134bec6b6ef"
            ],
            "execution_duration": "PT0S"
          }
        ]
      }
    },
    {
      "type": "Feature",
      "id": "c87d22de-6013-4b34-a295-c4aa76e3d1fe",
      "geometry": null,
      "properties": {
        "kind": "SENSOR_CONTACT",
        "parent_track": "OWNSHIP",
        "time": "1900-12-12T07:02:02+00:00",
        "bearing": 336.1,
        "sensor_name": "ARRAY",
        "label": "Label",
        "provenance": [
          {
            "activity_id": "296cbefb-3ab6-450e-8985-355d9f24887e",
            "timestamp": "2026-03-21T10:15:01.935001Z",
            "was_generated_by": {
              "tool": "dsf-parser",
              "tool_version": "1.0.0",
              "parameters": []
            },
            "used": [],
            "generated": [
              "c87d22de-6013-4b34-a295-c4aa76e3d1fe"
            ],
            "execution_duration": "PT0S"
          }
        ]
      }
    },
    {
      "type": "Feature",
      "id": "37a8a574-a0e9-4254-b24d-921d6aa0607a",
      "geometry": null,
      "properties": {
        "kind": "SENSOR_CONTACT",
        "parent_track": "OWNSHIP",
        "time": "1900-12-12T07:02:24+00:00",
        "bearing": 336.1,
        "sensor_name": "ARRAY",
        "label": "Label",
        "provenance": [
          {
            "activity_id": "296cbefb-3ab6-450e-8985-355d9f24887e",
            "timestamp": "2026-03-21T10:15:01.935001Z",
            "was_generated_by": {
              "tool": "dsf-parser",
              "tool_version": "1.0.0",
              "parameters": []
            },
            "used": [],
            "generated": [
              "37a8a574-a0e9-4254-b24d-921d6aa0607a"
            ],
            "execution_duration": "PT0S"
          }
        ]
      }
    },
    {
      "type": "Feature",
      "id": "a9079313-e68f-4cd3-90cb-af349635d4d1",
      "geometry": null,
      "properties": {
        "kind": "SENSOR_CONTACT",
        "parent_track": "OWNSHIP",
        "time": "1900-12-12T07:02:54+00:00",
        "bearing": 333.8,
        "sensor_name": "ARRAY",
        "label": "Label",
        "provenance": [
          {
            "activity_id": "296cbefb-3ab6-450e-8985-355d9f24887e",
            "timestamp": "2026-03-21T10:15:01.935001Z",
            "was_generated_by": {
              "tool": "dsf-parser",
              "tool_version": "1.0.0",
              "parameters": []
            },
            "used": [],
            "generated": [
              "a9079313-e68f-4cd3-90cb-af349635d4d1"
            ],
            "execution_duration": "PT0S"
          }
        ]
      }
    },
    {
      "type": "Feature",
      "id": "5987054a-4602-486c-900c-02990d9689c7",
      "geometry": null,
      "properties": {
        "kind": "SENSOR_CONTACT",
        "parent_track": "OWNSHIP",
        "time": "1900-12-12T07:03:24+00:00",
        "bearing": 331.5,
        "sensor_name": "ARRAY",
        "label": "Label",
        "provenance": [
          {
            "activity_id": "296cbefb-3ab6-450e-8985-355d9f24887e",
            "timestamp": "2026-03-21T10:15:01.935001Z",
            "was_generated_by": {
              "tool": "dsf-parser",
              "tool_version": "1.0.0",
              "parameters": []
            },
            "used": [],
            "generated": [
              "5987054a-4602-486c-900c-02990d9689c7"
            ],
            "execution_duration": "PT0S"
          }
        ]
      }
    },
    {
      "type": "Feature",
      "id": "975e846e-473e-48e2-8a2b-c388ff5f8470",
      "geometry": null,
      "properties": {
        "kind": "SENSOR_CONTACT",
        "parent_track": "OWNSHIP",
        "time": "1900-12-12T07:03:52+00:00",
        "bearing": 330.5,
        "sensor_name": "ARRAY",
        "label": "Label",
        "provenance": [
          {
            "activity_id": "296cbefb-3ab6-450e-8985-355d9f24887e",
            "timestamp": "2026-03-21T10:15:01.935001Z",
            "was_generated_by": {
              "tool": "dsf-parser",
              "tool_version": "1.0.0",
              "parameters": []
            },
            "used": [],
            "generated": [
              "975e846e-473e-48e2-8a2b-c388ff5f8470"
            ],
            "execution_duration": "PT0S"
          }
        ]
      }
    },
    {
      "type": "Feature",
      "id": "3746abea-f0ea-459f-865d-22ace8c2f224",
      "geometry": null,
      "properties": {
        "kind": "SENSOR_CONTACT",
        "parent_track": "OWNSHIP",
        "time": "1900-12-12T07:04:18+00:00",
        "bearing": 328.5,
        "sensor_name": "ARRAY",
        "label": "Label",
        "provenance": [
          {
            "activity_id": "296cbefb-3ab6-450e-8985-355d9f24887e",
            "timestamp": "2026-03-21T10:15:01.935001Z",
            "was_generated_by": {
              "tool": "dsf-parser",
              "tool_version": "1.0.0",
              "parameters": []
            },
            "used": [],
            "generated": [
              "3746abea-f0ea-459f-865d-22ace8c2f224"
            ],
            "execution_duration": "PT0S"
          }
        ]
      }
    },
    {
      "type": "Feature",
      "id": "d7422288-3bdc-4cca-81c2-f6f941dc2dbc",
      "geometry": null,
      "properties": {
        "kind": "SENSOR_CONTACT",
        "parent_track": "OWNSHIP",
        "time": "1900-12-12T07:04:40+00:00",
        "bearing": 327.5,
        "sensor_name": "ARRAY",
        "label": "Label",
        "provenance": [
          {
            "activity_id": "296cbefb-3ab6-450e-8985-355d9f24887e",
            "timestamp": "2026-03-21T10:15:01.935001Z",
            "was_generated_by": {
              "tool": "dsf-parser",
              "tool_version": "1.0.0",
              "parameters": []
            },
            "used": [],
            "generated": [
              "d7422288-3bdc-4cca-81c2-f6f941dc2dbc"
            ],
            "execution_duration": "PT0S"
          }
        ]
      }
    },
    {
      "type": "Feature",
      "id": "01fdf743-baa8-4370-8e85-4f26eb81d3ba",
      "geometry": null,
      "properties": {
        "kind": "SENSOR_CONTACT",
        "parent_track": "OWNSHIP",
        "time": "1900-12-12T07:05:08+00:00",
        "bearing": 328.5,
        "sensor_name": "ARRAY",
        "label": "Label",
        "provenance": [
          {
            "activity_id": "296cbefb-3ab6-450e-8985-355d9f24887e",
            "timestamp": "2026-03-21T10:15:01.935001Z",
            "was_generated_by": {
              "tool": "dsf-parser",
              "tool_version": "1.0.0",
              "parameters": []
            },
            "used": [],
            "generated": [
              "01fdf743-baa8-4370-8e85-4f26eb81d3ba"
            ],
            "execution_duration": "PT0S"
          }
        ]
      }
    },
    {
      "type": "Feature",
      "id": "70d69ab2-571d-401d-bf65-3328b1ea0e75",
      "geometry": null,
      "properties": {
        "kind": "SENSOR_CONTACT",
        "parent_track": "OWNSHIP",
        "time": "1900-12-12T07:05:42+00:00",
        "bearing": 328.5,
        "sensor_name": "ARRAY",
        "label": "Label",
        "provenance": [
          {
            "activity_id": "296cbefb-3ab6-450e-8985-355d9f24887e",
            "timestamp": "2026-03-21T10:15:01.935001Z",
            "was_generated_by": {
              "tool": "dsf-parser",
              "tool_version": "1.0.0",
              "parameters": []
            },
            "used": [],
            "generated": [
              "70d69ab2-571d-401d-bf65-3328b1ea0e75"
            ],
            "execution_duration": "PT0S"
          }
        ]
      }
    },
    {
      "type": "Feature",
      "id": "e14a3ea2-40f3-4fa7-b915-2234908ba7b9",
      "geometry": null,
      "properties": {
        "kind": "SENSOR_CONTACT",
        "parent_track": "OWNSHIP",
        "time": "1900-12-12T07:06:10+00:00",
        "bearing": 328.8,
        "sensor_name": "ARRAY",
        "label": "Label",
        "provenance": [
          {
            "activity_id": "296cbefb-3ab6-450e-8985-355d9f24887e",
            "timestamp": "2026-03-21T10:15:01.935001Z",
            "was_generated_by": {
              "tool": "dsf-parser",
              "tool_version": "1.0.0",
              "parameters": []
            },
            "used": [],
            "generated": [
              "e14a3ea2-40f3-4fa7-b915-2234908ba7b9"
            ],
            "execution_duration": "PT0S"
          }
        ]
      }
    },
    {
      "type": "Feature",
      "id": "1114a25a-432d-49ad-8872-7a2829700d91",
      "geometry": null,
      "properties": {
        "kind": "SENSOR_CONTACT",
        "parent_track": "OWNSHIP",
        "time": "1900-12-12T07:06:36+00:00",
        "bearing": 328.8,
        "sensor_name": "ARRAY",
        "label": "Label",
        "provenance": [
          {
            "activity_id": "296cbefb-3ab6-450e-8985-355d9f24887e",
            "timestamp": "2026-03-21T10:15:01.935001Z",
            "was_generated_by": {
              "tool": "dsf-parser",
              "tool_version": "1.0.0",
              "parameters": []
            },
            "used": [],
            "generated": [
              "1114a25a-432d-49ad-8872-7a2829700d91"
            ],
            "execution_duration": "PT0S"
          }
        ]
      }
    },
    {
      "type": "Feature",
      "id": "262c0f40-7824-4f16-98ff-d95e5e8efef6",
      "geometry": null,
      "properties": {
        "kind": "SENSOR_CONTACT",
        "parent_track": "OWNSHIP",
        "time": "1900-12-12T07:07:08+00:00",
        "bearing": 329.1,
        "sensor_name": "ARRAY",
        "label": "Label",
        "provenance": [
          {
            "activity_id": "296cbefb-3ab6-450e-8985-355d9f24887e",
            "timestamp": "2026-03-21T10:15:01.935001Z",
            "was_generated_by": {
              "tool": "dsf-parser",
              "tool_version": "1.0.0",
              "parameters": []
            },
            "used": [],
            "generated": [
              "262c0f40-7824-4f16-98ff-d95e5e8efef6"
            ],
            "execution_duration": "PT0S"
          }
        ]
      }
    },
    {
      "type": "Feature",
      "id": "0e17db1a-3086-4b02-adc7-eeede505b904",
      "geometry": null,
      "properties": {
        "kind": "SENSOR_CONTACT",
        "parent_track": "OWNSHIP",
        "time": "1900-12-12T07:07:42+00:00",
        "bearing": 329.5,
        "sensor_name": "ARRAY",
        "label": "Label",
        "provenance": [
          {
            "activity_id": "296cbefb-3ab6-450e-8985-355d9f24887e",
            "timestamp": "2026-03-21T10:15:01.935001Z",
            "was_generated_by": {
              "tool": "dsf-parser",
              "tool_version": "1.0.0",
              "parameters": []
            },
            "used": [],
            "generated": [
              "0e17db1a-3086-4b02-adc7-eeede505b904"
            ],
            "execution_duration": "PT0S"
          }
        ]
      }
    },
    {
      "type": "Feature",
      "id": "efd225aa-b2c4-41a8-ae0c-001065eecc8e",
      "geometry": null,
      "properties": {
        "kind": "SENSOR_CONTACT",
        "parent_track": "OWNSHIP",
        "time": "1900-12-12T07:08:12+00:00",
        "bearing": 330.1,
        "sensor_name": "ARRAY",
        "label": "Label",
        "provenance": [
          {
            "activity_id": "296cbefb-3ab6-450e-8985-355d9f24887e",
            "timestamp": "2026-03-21T10:15:01.935001Z",
            "was_generated_by": {
              "tool": "dsf-parser",
              "tool_version": "1.0.0",
              "parameters": []
            },
            "used": [],
            "generated": [
              "efd225aa-b2c4-41a8-ae0c-001065eecc8e"
            ],
            "execution_duration": "PT0S"
          }
        ]
      }
    },
    {
      "type": "Feature",
      "id": "8e7b2a6f-1210-429f-8e25-e7fbbbafe049",
      "geometry": null,
      "properties": {
        "kind": "SENSOR_CONTACT",
        "parent_track": "OWNSHIP",
        "time": "1900-12-12T07:08:46+00:00",
        "bearing": 331.1,
        "sensor_name": "ARRAY",
        "label": "Label",
        "provenance": [
          {
            "activity_id": "296cbefb-3ab6-450e-8985-355d9f24887e",
            "timestamp": "2026-03-21T10:15:01.935001Z",
            "was_generated_by": {
              "tool": "dsf-parser",
              "tool_version": "1.0.0",
              "parameters": []
            },
            "used": [],
            "generated": [
              "8e7b2a6f-1210-429f-8e25-e7fbbbafe049"
            ],
            "execution_duration": "PT0S"
          }
        ]
      }
    },
    {
      "type": "Feature",
      "id": "25c004ab-a42a-4818-a6dc-44d3c409604c",
      "geometry": null,
      "properties": {
        "kind": "SENSOR_CONTACT",
        "parent_track": "OWNSHIP",
        "time": "1900-12-12T07:09:24+00:00",
        "bearing": 331.8,
        "sensor_name": "ARRAY",
        "label": "Label",
        "provenance": [
          {
            "activity_id": "296cbefb-3ab6-450e-8985-355d9f24887e",
            "timestamp": "2026-03-21T10:15:01.935001Z",
            "was_generated_by": {
              "tool": "dsf-parser",
              "tool_version": "1.0.0",
              "parameters": []
            },
            "used": [],
            "generated": [
              "25c004ab-a42a-4818-a6dc-44d3c409604c"
            ],
            "execution_duration": "PT0S"
          }
        ]
      }
    },
    {
      "type": "Feature",
      "id": "28cf4461-4748-4533-97cb-e1cb4c5ebdca",
      "geometry": null,
      "properties": {
        "kind": "SENSOR_CONTACT",
        "parent_track": "OWNSHIP",
        "time": "1900-12-12T07:09:58+00:00",
        "bearing": 332.5,
        "sensor_name": "ARRAY",
        "label": "Label",
        "provenance": [
          {
            "activity_id": "296cbefb-3ab6-450e-8985-355d9f24887e",
            "timestamp": "2026-03-21T10:15:01.935001Z",
            "was_generated_by": {
              "tool": "dsf-parser",
              "tool_version": "1.0.0",
              "parameters": []
            },
            "used": [],
            "generated": [
              "28cf4461-4748-4533-97cb-e1cb4c5ebdca"
            ],
            "execution_duration": "PT0S"
          }
        ]
      }
    },
    {
      "type": "Feature",
      "id": "1a34cc61-0a7b-4e4b-9374-624f4b48e0e4",
      "geometry": null,
      "properties": {
        "kind": "SENSOR_CONTACT",
        "parent_track": "OWNSHIP",
        "time": "1900-12-12T07:10:30+00:00",
        "bearing": 332.1,
        "sensor_name": "ARRAY",
        "label": "Label",
        "provenance": [
          {
            "activity_id": "296cbefb-3ab6-450e-8985-355d9f24887e",
            "timestamp": "2026-03-21T10:15:01.935001Z",
            "was_generated_by": {
              "tool": "dsf-parser",
              "tool_version": "1.0.0",
              "parameters": []
            },
            "used": [],
            "generated": [
              "1a34cc61-0a7b-4e4b-9374-624f4b48e0e4"
            ],
            "execution_duration": "PT0S"
          }
        ]
      }
    },
    {
      "type": "Feature",
      "id": "12d1fe99-f815-4065-9300-536da82b99a6",
      "geometry": null,
      "properties": {
        "kind": "SENSOR_CONTACT",
        "parent_track": "OWNSHIP",
        "time": "1900-12-12T07:11:00+00:00",
        "bearing": 333.5,
        "sensor_name": "ARRAY",
        "label": "Label",
        "provenance": [
          {
            "activity_id": "296cbefb-3ab6-450e-8985-355d9f24887e",
            "timestamp": "2026-03-21T10:15:01.935001Z",
            "was_generated_by": {
              "tool": "dsf-parser",
              "tool_version": "1.0.0",
              "parameters": []
            },
            "used": [],
            "generated": [
              "12d1fe99-f815-4065-9300-536da82b99a6"
            ],
            "execution_duration": "PT0S"
          }
        ]
      }
    },
    {
      "type": "Feature",
      "id": "fe35457d-f383-40f1-aecf-8dbdb485ae0c",
      "geometry": null,
      "properties": {
        "kind": "SENSOR_CONTACT",
        "parent_track": "OWNSHIP",
        "time": "1900-12-12T07:11:40+00:00",
        "bearing": 334.5,
        "sensor_name": "ARRAY",
        "label": "Label",
        "provenance": [
          {
            "activity_id": "296cbefb-3ab6-450e-8985-355d9f24887e",
            "timestamp": "2026-03-21T10:15:01.935001Z",
            "was_generated_by": {
              "tool": "dsf-parser",
              "tool_version": "1.0.0",
              "parameters": []
            },
            "used": [],
            "generated": [
              "fe35457d-f383-40f1-aecf-8dbdb485ae0c"
            ],
            "execution_duration": "PT0S"
          }
        ]
      }
    },
    {
      "type": "Feature",
      "id": "fb1efaaf-eecd-4abb-a93b-1a8a5e1addf6",
      "geometry": null,
      "properties": {
        "kind": "SENSOR_CONTACT",
        "parent_track": "OWNSHIP",
        "time": "1900-12-12T07:12:12+00:00",
        "bearing": 335.1,
        "sensor_name": "ARRAY",
        "label": "Label",
        "provenance": [
          {
            "activity_id": "296cbefb-3ab6-450e-8985-355d9f24887e",
            "timestamp": "2026-03-21T10:15:01.935001Z",
            "was_generated_by": {
              "tool": "dsf-parser",
              "tool_version": "1.0.0",
              "parameters": []
            },
            "used": [],
            "generated": [
              "fb1efaaf-eecd-4abb-a93b-1a8a5e1addf6"
            ],
            "execution_duration": "PT0S"
          }
        ]
      }
    },
    {
      "type": "Feature",
      "id": "f9b8e417-68e8-419d-9565-e27707de8cdc",
      "geometry": null,
      "properties": {
        "kind": "SENSOR_CONTACT",
        "parent_track": "OWNSHIP",
        "time": "1900-12-12T07:12:48+00:00",
        "bearing": 335.8,
        "sensor_name": "ARRAY",
        "label": "Label",
        "provenance": [
          {
            "activity_id": "296cbefb-3ab6-450e-8985-355d9f24887e",
            "timestamp": "2026-03-21T10:15:01.935001Z",
            "was_generated_by": {
              "tool": "dsf-parser",
              "tool_version": "1.0.0",
              "parameters": []
            },
            "used": [],
            "generated": [
              "f9b8e417-68e8-419d-9565-e27707de8cdc"
            ],
            "execution_duration": "PT0S"
          }
        ]
      }
    },
    {
      "type": "Feature",
      "id": "3c27378d-0af5-4ceb-93d3-0d3816bbb412",
      "geometry": null,
      "properties": {
        "kind": "SENSOR_CONTACT",
        "parent_track": "OWNSHIP",
        "time": "1900-12-12T07:13:20+00:00",
        "bearing": 336.5,
        "sensor_name": "ARRAY",
        "label": "Label",
        "provenance": [
          {
            "activity_id": "296cbefb-3ab6-450e-8985-355d9f24887e",
            "timestamp": "2026-03-21T10:15:01.935001Z",
            "was_generated_by": {
              "tool": "dsf-parser",
              "tool_version": "1.0.0",
              "parameters": []
            },
            "used": [],
            "generated": [
              "3c27378d-0af5-4ceb-93d3-0d3816bbb412"
            ],
            "execution_duration": "PT0S"
          }
        ]
      }
    },
    {
      "type": "Feature",
      "id": "b2e32fdf-ba88-4bb2-b047-7d54423e2d08",
      "geometry": null,
      "properties": {
        "kind": "SENSOR_CONTACT",
        "parent_track": "OWNSHIP",
        "time": "1900-12-12T07:13:56+00:00",
        "bearing": 337.1,
        "sensor_name": "ARRAY",
        "label": "Label",
        "provenance": [
          {
            "activity_id": "296cbefb-3ab6-450e-8985-355d9f24887e",
            "timestamp": "2026-03-21T10:15:01.935001Z",
            "was_generated_by": {
              "tool": "dsf-parser",
              "tool_version": "1.0.0",
              "parameters": []
            },
            "used": [],
            "generated": [
              "b2e32fdf-ba88-4bb2-b047-7d54423e2d08"
            ],
            "execution_duration": "PT0S"
          }
        ]
      }
    },
    {
      "type": "Feature",
      "id": "b602455a-fcad-48d4-9921-deb7b317a472",
      "geometry": null,
      "properties": {
        "kind": "SENSOR_CONTACT",
        "parent_track": "OWNSHIP",
        "time": "1900-12-12T07:14:32+00:00",
        "bearing": 338.1,
        "sensor_name": "ARRAY",
        "label": "Label",
        "provenance": [
          {
            "activity_id": "296cbefb-3ab6-450e-8985-355d9f24887e",
            "timestamp": "2026-03-21T10:15:01.935001Z",
            "was_generated_by": {
              "tool": "dsf-parser",
              "tool_version": "1.0.0",
              "parameters": []
            },
            "used": [],
            "generated": [
              "b602455a-fcad-48d4-9921-deb7b317a472"
            ],
            "execution_duration": "PT0S"
          }
        ]
      }
    },
    {
      "type": "Feature",
      "id": "347d3574-3f05-477c-b898-23a9034fb254",
      "geometry": null,
      "properties": {
        "kind": "SENSOR_CONTACT",
        "parent_track": "OWNSHIP",
        "time": "1900-12-12T07:15:04+00:00",
        "bearing": 339.1,
        "sensor_name": "ARRAY",
        "label": "Label",
        "provenance": [
          {
            "activity_id": "296cbefb-3ab6-450e-8985-355d9f24887e",
            "timestamp": "2026-03-21T10:15:01.935001Z",
            "was_generated_by": {
              "tool": "dsf-parser",
              "tool_version": "1.0.0",
              "parameters": []
            },
            "used": [],
            "generated": [
              "347d3574-3f05-477c-b898-23a9034fb254"
            ],
            "execution_duration": "PT0S"
          }
        ]
      }
    },
    {
      "type": "Feature",
      "id": "c20e840a-f6d8-4e6e-9167-7489d172dea1",
      "geometry": null,
      "properties": {
        "kind": "SENSOR_CONTACT",
        "parent_track": "OWNSHIP",
        "time": "1900-12-12T07:15:38+00:00",
        "bearing": 340.1,
        "sensor_name": "ARRAY",
        "label": "Label",
        "provenance": [
          {
            "activity_id": "296cbefb-3ab6-450e-8985-355d9f24887e",
            "timestamp": "2026-03-21T10:15:01.935001Z",
            "was_generated_by": {
              "tool": "dsf-parser",
              "tool_version": "1.0.0",
              "parameters": []
            },
            "used": [],
            "generated": [
              "c20e840a-f6d8-4e6e-9167-7489d172dea1"
            ],
            "execution_duration": "PT0S"
          }
        ]
      }
    },
    {
      "type": "Feature",
      "id": "011a7fd2-cd94-4e9d-84df-ed2a851e5ee4",
      "geometry": null,
      "properties": {
        "kind": "SENSOR_CONTACT",
        "parent_track": "OWNSHIP",
        "time": "1900-12-12T07:16:04+00:00",
        "bearing": 340.5,
        "sensor_name": "ARRAY",
        "label": "Label",
        "provenance": [
          {
            "activity_id": "296cbefb-3ab6-450e-8985-355d9f24887e",
            "timestamp": "2026-03-21T10:15:01.935001Z",
            "was_generated_by": {
              "tool": "dsf-parser",
              "tool_version": "1.0.0",
              "parameters": []
            },
            "used": [],
            "generated": [
              "011a7fd2-cd94-4e9d-84df-ed2a851e5ee4"
            ],
            "execution_duration": "PT0S"
          }
        ]
      }
    },
    {
      "type": "Feature",
      "id": "8257d63a-7695-47c1-bbba-f37156036635",
      "geometry": null,
      "properties": {
        "kind": "SENSOR_CONTACT",
        "parent_track": "OWNSHIP",
        "time": "1900-12-12T07:16:34+00:00",
        "bearing": 341.1,
        "sensor_name": "ARRAY",
        "label": "Label",
        "provenance": [
          {
            "activity_id": "296cbefb-3ab6-450e-8985-355d9f24887e",
            "timestamp": "2026-03-21T10:15:01.935001Z",
            "was_generated_by": {
              "tool": "dsf-parser",
              "tool_version": "1.0.0",
              "parameters": []
            },
            "used": [],
            "generated": [
              "8257d63a-7695-47c1-bbba-f37156036635"
            ],
            "execution_duration": "PT0S"
          }
        ]
      }
    },
    {
      "type": "Feature",
      "id": "231fa40d-570b-4cbb-84db-c2f2f760a0a7",
      "geometry": null,
      "properties": {
        "kind": "SENSOR_CONTACT",
        "parent_track": "OWNSHIP",
        "time": "1900-12-12T07:16:56+00:00",
        "bearing": 341.8,
        "sensor_name": "ARRAY",
        "label": "Label",
        "provenance": [
          {
            "activity_id": "296cbefb-3ab6-450e-8985-355d9f24887e",
            "timestamp": "2026-03-21T10:15:01.935001Z",
            "was_generated_by": {
              "tool": "dsf-parser",
              "tool_version": "1.0.0",
              "parameters": []
            },
            "used": [],
            "generated": [
              "231fa40d-570b-4cbb-84db-c2f2f760a0a7"
            ],
            "execution_duration": "PT0S"
          }
        ]
      }
    },
    {
      "type": "Feature",
      "id": "6d05cd2a-a78f-4975-8c65-2d73e3838c14",
      "geometry": null,
      "properties": {
        "kind": "SENSOR_CONTACT",
        "parent_track": "OWNSHIP",
        "time": "1900-12-12T07:17:22+00:00",
        "bearing": 342.5,
        "sensor_name": "ARRAY",
        "label": "Label",
        "provenance": [
          {
            "activity_id": "296cbefb-3ab6-450e-8985-355d9f24887e",
            "timestamp": "2026-03-21T10:15:01.935001Z",
            "was_generated_by": {
              "tool": "dsf-parser",
              "tool_version": "1.0.0",
              "parameters": []
            },
            "used": [],
            "generated": [
              "6d05cd2a-a78f-4975-8c65-2d73e3838c14"
            ],
            "execution_duration": "PT0S"
          }
        ]
      }
    },
    {
      "type": "Feature",
      "id": "29b01249-0304-4b9c-a439-f3b1a7593a73",
      "geometry": null,
      "properties": {
        "kind": "SENSOR_CONTACT",
        "parent_track": "OWNSHIP",
        "time": "1900-12-12T07:17:52+00:00",
        "bearing": 343.2,
        "sensor_name": "ARRAY",
        "label": "Label",
        "provenance": [
          {
            "activity_id": "296cbefb-3ab6-450e-8985-355d9f24887e",
            "timestamp": "2026-03-21T10:15:01.935001Z",
            "was_generated_by": {
              "tool": "dsf-parser",
              "tool_version": "1.0.0",
              "parameters": []
            },
            "used": [],
            "generated": [
              "29b01249-0304-4b9c-a439-f3b1a7593a73"
            ],
            "execution_duration": "PT0S"
          }
        ]
      }
    },
    {
      "type": "Feature",
      "id": "a1547606-9cf6-486d-9992-8364c831d817",
      "geometry": null,
      "properties": {
        "kind": "SENSOR_CONTACT",
        "parent_track": "OWNSHIP",
        "time": "1900-12-12T07:18:24+00:00",
        "bearing": 344.5,
        "sensor_name": "ARRAY",
        "label": "Label",
        "provenance": [
          {
            "activity_id": "296cbefb-3ab6-450e-8985-355d9f24887e",
            "timestamp": "2026-03-21T10:15:01.935001Z",
            "was_generated_by": {
              "tool": "dsf-parser",
              "tool_version": "1.0.0",
              "parameters": []
            },
            "used": [],
            "generated": [
              "a1547606-9cf6-486d-9992-8364c831d817"
            ],
            "execution_duration": "PT0S"
          }
        ]
      }
    },
    {
      "type": "Feature",
      "id": "322f67da-8d48-4582-9a42-8924b5ab9cb6",
      "geometry": null,
      "properties": {
        "kind": "SENSOR_CONTACT",
        "parent_track": "OWNSHIP",
        "time": "1900-12-12T07:18:52+00:00",
        "bearing": 344.8,
        "sensor_name": "ARRAY",
        "label": "Label",
        "provenance": [
          {
            "activity_id": "296cbefb-3ab6-450e-8985-355d9f24887e",
            "timestamp": "2026-03-21T10:15:01.935001Z",
            "was_generated_by": {
              "tool": "dsf-parser",
              "tool_version": "1.0.0",
              "parameters": []
            },
            "used": [],
            "generated": [
              "322f67da-8d48-4582-9a42-8924b5ab9cb6"
            ],
            "execution_duration": "PT0S"
          }
        ]
      }
    },
    {
      "type": "Feature",
      "id": "f0b0e2c0-695f-42db-8437-2df5cb2603de",
      "geometry": null,
      "properties": {
        "kind": "SENSOR_CONTACT",
        "parent_track": "OWNSHIP",
        "time": "1900-12-12T07:19:24+00:00",
        "bearing": 345.5,
        "sensor_name": "ARRAY",
        "label": "Label",
        "provenance": [
          {
            "activity_id": "296cbefb-3ab6-450e-8985-355d9f24887e",
            "timestamp": "2026-03-21T10:15:01.935001Z",
            "was_generated_by": {
              "tool": "dsf-parser",
              "tool_version": "1.0.0",
              "parameters": []
            },
            "used": [],
            "generated": [
              "f0b0e2c0-695f-42db-8437-2df5cb2603de"
            ],
            "execution_duration": "PT0S"
          }
        ]
      }
    },
    {
      "type": "Feature",
      "id": "ce1f71e2-89b2-4800-b50d-7dcdec7b378a",
      "geometry": null,
      "properties": {
        "kind": "SENSOR_CONTACT",
        "parent_track": "OWNSHIP",
        "time": "1900-12-12T07:19:54+00:00",
        "bearing": 346.2,
        "sensor_name": "ARRAY",
        "label": "Label",
        "provenance": [
          {
            "activity_id": "296cbefb-3ab6-450e-8985-355d9f24887e",
            "timestamp": "2026-03-21T10:15:01.935001Z",
            "was_generated_by": {
              "tool": "dsf-parser",
              "tool_version": "1.0.0",
              "parameters": []
            },
            "used": [],
            "generated": [
              "ce1f71e2-89b2-4800-b50d-7dcdec7b378a"
            ],
            "execution_duration": "PT0S"
          }
        ]
      }
    },
    {
      "type": "Feature",
      "id": "918e5d86-99b4-462d-a0c4-4d3434375977",
      "geometry": null,
      "properties": {
        "kind": "SENSOR_CONTACT",
        "parent_track": "OWNSHIP",
        "time": "1900-12-12T07:20:28+00:00",
        "bearing": 346.8,
        "sensor_name": "ARRAY",
        "label": "Label",
        "provenance": [
          {
            "activity_id": "296cbefb-3ab6-450e-8985-355d9f24887e",
            "timestamp": "2026-03-21T10:15:01.935001Z",
            "was_generated_by": {
              "tool": "dsf-parser",
              "tool_version": "1.0.0",
              "parameters": []
            },
            "used": [],
            "generated": [
              "918e5d86-99b4-462d-a0c4-4d3434375977"
            ],
            "execution_duration": "PT0S"
          }
        ]
      }
    },
    {
      "type": "Feature",
      "id": "2861dbc1-62b5-4025-96c1-803ca5876ed3",
      "geometry": null,
      "properties": {
        "kind": "SENSOR_CONTACT",
        "parent_track": "OWNSHIP",
        "time": "1900-12-12T07:21:06+00:00",
        "bearing": 347.8,
        "sensor_name": "ARRAY",
        "label": "Label",
        "provenance": [
          {
            "activity_id": "296cbefb-3ab6-450e-8985-355d9f24887e",
            "timestamp": "2026-03-21T10:15:01.935001Z",
            "was_generated_by": {
              "tool": "dsf-parser",
              "tool_version": "1.0.0",
              "parameters": []
            },
            "used": [],
            "generated": [
              "2861dbc1-62b5-4025-96c1-803ca5876ed3"
            ],
            "execution_duration": "PT0S"
          }
        ]
      }
    },
    {
      "type": "Feature",
      "id": "ec1aa494-bf27-4ac3-883a-dd03cd294fa2",
      "geometry": null,
      "properties": {
        "kind": "SENSOR_CONTACT",
        "parent_track": "OWNSHIP",
        "time": "1900-12-12T07:21:38+00:00",
        "bearing": 348.5,
        "sensor_name": "ARRAY",
        "label": "Label",
        "provenance": [
          {
            "activity_id": "296cbefb-3ab6-450e-8985-355d9f24887e",
            "timestamp": "2026-03-21T10:15:01.935001Z",
            "was_generated_by": {
              "tool": "dsf-parser",
              "tool_version": "1.0.0",
              "parameters": []
            },
            "used": [],
            "generated": [
              "ec1aa494-bf27-4ac3-883a-dd03cd294fa2"
            ],
            "execution_duration": "PT0S"
          }
        ]
      }
    },
    {
      "type": "Feature",
      "id": "228c7a10-3bea-4331-9a27-50cdd79f7aa8",
      "geometry": null,
      "properties": {
        "kind": "SENSOR_CONTACT",
        "parent_track": "OWNSHIP",
        "time": "1900-12-12T07:22:16+00:00",
        "bearing": 349.8,
        "sensor_name": "ARRAY",
        "label": "Label",
        "provenance": [
          {
            "activity_id": "296cbefb-3ab6-450e-8985-355d9f24887e",
            "timestamp": "2026-03-21T10:15:01.935001Z",
            "was_generated_by": {
              "tool": "dsf-parser",
              "tool_version": "1.0.0",
              "parameters": []
            },
            "used": [],
            "generated": [
              "228c7a10-3bea-4331-9a27-50cdd79f7aa8"
            ],
            "execution_duration": "PT0S"
          }
        ]
      }
    },
    {
      "type": "Feature",
      "id": "6629aa83-b6f8-4e56-be24-83cc277f1d80",
      "geometry": null,
      "properties": {
        "kind": "SENSOR_CONTACT",
        "parent_track": "OWNSHIP",
        "time": "1900-12-12T07:22:48+00:00",
        "bearing": 350.2,
        "sensor_name": "ARRAY",
        "label": "Label",
        "provenance": [
          {
            "activity_id": "296cbefb-3ab6-450e-8985-355d9f24887e",
            "timestamp": "2026-03-21T10:15:01.935001Z",
            "was_generated_by": {
              "tool": "dsf-parser",
              "tool_version": "1.0.0",
              "parameters": []
            },
            "used": [],
            "generated": [
              "6629aa83-b6f8-4e56-be24-83cc277f1d80"
            ],
            "execution_duration": "PT0S"
          }
        ]
      }
    },
    {
      "type": "Feature",
      "id": "13b0b478-2694-4caf-a30e-6b63bf07159c",
      "geometry": null,
      "properties": {
        "kind": "SENSOR_CONTACT",
        "parent_track": "OWNSHIP",
        "time": "1900-12-12T07:23:24+00:00",
        "bearing": 351.5,
        "sensor_name": "ARRAY",
        "label": "Label",
        "provenance": [
          {
            "activity_id": "296cbefb-3ab6-450e-8985-355d9f24887e",
            "timestamp": "2026-03-21T10:15:01.935001Z",
            "was_generated_by": {
              "tool": "dsf-parser",
              "tool_version": "1.0.0",
              "parameters": []
            },
            "used": [],
            "generated": [
              "13b0b478-2694-4caf-a30e-6b63bf07159c"
            ],
            "execution_duration": "PT0S"
          }
        ]
      }
    },
    {
      "type": "Feature",
      "id": "ccaf6d63-fad2-4b39-b6b2-b16cd7c74046",
      "geometry": null,
      "properties": {
        "kind": "SENSOR_CONTACT",
        "parent_track": "OWNSHIP",
        "time": "1900-12-12T07:23:58+00:00",
        "bearing": 352.5,
        "sensor_name": "ARRAY",
        "label": "Label",
        "provenance": [
          {
            "activity_id": "296cbefb-3ab6-450e-8985-355d9f24887e",
            "timestamp": "2026-03-21T10:15:01.935001Z",
            "was_generated_by": {
              "tool": "dsf-parser",
              "tool_version": "1.0.0",
              "parameters": []
            },
            "used": [],
            "generated": [
              "ccaf6d63-fad2-4b39-b6b2-b16cd7c74046"
            ],
            "execution_duration": "PT0S"
          }
        ]
      }
    },
    {
      "type": "Feature",
      "id": "9a954fa1-3046-442f-a0e6-cf38d33cfa96",
      "geometry": null,
      "properties": {
        "kind": "SENSOR_CONTACT",
        "parent_track": "OWNSHIP",
        "time": "1900-12-12T07:24:36+00:00",
        "bearing": 353.5,
        "sensor_name": "ARRAY",
        "label": "Label",
        "provenance": [
          {
            "activity_id": "296cbefb-3ab6-450e-8985-355d9f24887e",
            "timestamp": "2026-03-21T10:15:01.935001Z",
            "was_generated_by": {
              "tool": "dsf-parser",
              "tool_version": "1.0.0",
              "parameters": []
            },
            "used": [],
            "generated": [
              "9a954fa1-3046-442f-a0e6-cf38d33cfa96"
            ],
            "execution_duration": "PT0S"
          }
        ]
      }
    },
    {
      "type": "Feature",
      "id": "eafb0a09-4695-481d-ac5e-64377d87cd75",
      "geometry": null,
      "properties": {
        "kind": "SENSOR_CONTACT",
        "parent_track": "OWNSHIP",
        "time": "1900-12-12T07:25:08+00:00",
        "bearing": 354.5,
        "sensor_name": "ARRAY",
        "label": "Label",
        "provenance": [
          {
            "activity_id": "296cbefb-3ab6-450e-8985-355d9f24887e",
            "timestamp": "2026-03-21T10:15:01.935001Z",
            "was_generated_by": {
              "tool": "dsf-parser",
              "tool_version": "1.0.0",
              "parameters": []
            },
            "used": [],
            "generated": [
              "eafb0a09-4695-481d-ac5e-64377d87cd75"
            ],
            "execution_duration": "PT0S"
          }
        ]
      }
    },
    {
      "type": "Feature",
      "id": "1c4d753f-e5a9-46bb-bce3-d03722f3105b",
      "geometry": null,
      "properties": {
        "kind": "SENSOR_CONTACT",
        "parent_track": "OWNSHIP",
        "time": "1900-12-12T07:25:40+00:00",
        "bearing": 355.2,
        "sensor_name": "ARRAY",
        "label": "Label",
        "provenance": [
          {
            "activity_id": "296cbefb-3ab6-450e-8985-355d9f24887e",
            "timestamp": "2026-03-21T10:15:01.935001Z",
            "was_generated_by": {
              "tool": "dsf-parser",
              "tool_version": "1.0.0",
              "parameters": []
            },
            "used": [],
            "generated": [
              "1c4d753f-e5a9-46bb-bce3-d03722f3105b"
            ],
            "execution_duration": "PT0S"
          }
        ]
      }
    },
    {
      "type": "Feature",
      "id": "5ad29b02-8852-431a-ab0c-48bf9b46a4e4",
      "geometry": null,
      "properties": {
        "kind": "SENSOR_CONTACT",
        "parent_track": "OWNSHIP",
        "time": "1900-12-12T07:26:10+00:00",
        "bearing": 356.5,
        "sensor_name": "ARRAY",
        "label": "Label",
        "provenance": [
          {
            "activity_id": "296cbefb-3ab6-450e-8985-355d9f24887e",
            "timestamp": "2026-03-21T10:15:01.935001Z",
            "was_generated_by": {
              "tool": "dsf-parser",
              "tool_version": "1.0.0",
              "parameters": []
            },
            "used": [],
            "generated": [
              "5ad29b02-8852-431a-ab0c-48bf9b46a4e4"
            ],
            "execution_duration": "PT0S"
          }
        ]
      }
    },
    {
      "type": "Feature",
      "id": "fe4b69e3-fdcf-4850-bfe6-03bd99c080e2",
      "geometry": null,
      "properties": {
        "kind": "SENSOR_CONTACT",
        "parent_track": "OWNSHIP",
        "time": "1900-12-12T07:26:44+00:00",
        "bearing": 356.8,
        "sensor_name": "ARRAY",
        "label": "Label",
        "provenance": [
          {
            "activity_id": "296cbefb-3ab6-450e-8985-355d9f24887e",
            "timestamp": "2026-03-21T10:15:01.935001Z",
            "was_generated_by": {
              "tool": "dsf-parser",
              "tool_version": "1.0.0",
              "parameters": []
            },
            "used": [],
            "generated": [
              "fe4b69e3-fdcf-4850-bfe6-03bd99c080e2"
            ],
            "execution_duration": "PT0S"
          }
        ]
      }
    },
    {
      "type": "Feature",
      "id": "ed5711de-8f69-4889-8475-47c565038f2e",
      "geometry": null,
      "properties": {
        "kind": "SENSOR_CONTACT",
        "parent_track": "OWNSHIP",
        "time": "1900-12-12T07:27:20+00:00",
        "bearing": 357.8,
        "sensor_name": "ARRAY",
        "label": "Label",
        "provenance": [
          {
            "activity_id": "296cbefb-3ab6-450e-8985-355d9f24887e",
            "timestamp": "2026-03-21T10:15:01.935001Z",
            "was_generated_by": {
              "tool": "dsf-parser",
              "tool_version": "1.0.0",
              "parameters": []
            },
            "used": [],
            "generated": [
              "ed5711de-8f69-4889-8475-47c565038f2e"
            ],
            "execution_duration": "PT0S"
          }
        ]
      }
    },
    {
      "type": "Feature",
      "id": "6cfc9d6b-c01a-48f1-920f-8757f361301a",
      "geometry": null,
      "properties": {
        "kind": "SENSOR_CONTACT",
        "parent_track": "OWNSHIP",
        "time": "1900-12-12T07:27:50+00:00",
        "bearing": 358.5,
        "sensor_name": "ARRAY",
        "label": "Label",
        "provenance": [
          {
            "activity_id": "296cbefb-3ab6-450e-8985-355d9f24887e",
            "timestamp": "2026-03-21T10:15:01.935001Z",
            "was_generated_by": {
              "tool": "dsf-parser",
              "tool_version": "1.0.0",
              "parameters": []
            },
            "used": [],
            "generated": [
              "6cfc9d6b-c01a-48f1-920f-8757f361301a"
            ],
            "execution_duration": "PT0S"
          }
        ]
      }
    },
    {
      "type": "Feature",
      "id": "febc9ec2-bc00-4791-a56a-9bb7bff6d1a1",
      "geometry": null,
      "properties": {
        "kind": "SENSOR_CONTACT",
        "parent_track": "OWNSHIP",
        "time": "1900-12-12T07:28:18+00:00",
        "bearing": 359.2,
        "sensor_name": "ARRAY",
        "label": "Label",
        "provenance": [
          {
            "activity_id": "296cbefb-3ab6-450e-8985-355d9f24887e",
            "timestamp": "2026-03-21T10:15:01.935001Z",
            "was_generated_by": {
              "tool": "dsf-parser",
              "tool_version": "1.0.0",
              "parameters": []
            },
            "used": [],
            "generated": [
              "febc9ec2-bc00-4791-a56a-9bb7bff6d1a1"
            ],
            "execution_duration": "PT0S"
          }
        ]
      }
    },
    {
      "type": "Feature",
      "id": "011e83ff-0b62-42a3-a7f9-5c118ff05a83",
      "geometry": null,
      "properties": {
        "kind": "SENSOR_CONTACT",
        "parent_track": "OWNSHIP",
        "time": "1900-12-12T07:28:50+00:00",
        "bearing": 359.8,
        "sensor_name": "ARRAY",
        "label": "Label",
        "provenance": [
          {
            "activity_id": "296cbefb-3ab6-450e-8985-355d9f24887e",
            "timestamp": "2026-03-21T10:15:01.935001Z",
            "was_generated_by": {
              "tool": "dsf-parser",
              "tool_version": "1.0.0",
              "parameters": []
            },
            "used": [],
            "generated": [
              "011e83ff-0b62-42a3-a7f9-5c118ff05a83"
            ],
            "execution_duration": "PT0S"
          }
        ]
      }
    },
    {
      "type": "Feature",
      "id": "38be0978-d5a4-45b7-92ed-61a236078e89",
      "geometry": null,
      "properties": {
        "kind": "SENSOR_CONTACT",
        "parent_track": "OWNSHIP",
        "time": "1900-12-12T07:29:16+00:00",
        "bearing": 1.2,
        "sensor_name": "ARRAY",
        "label": "Label",
        "provenance": [
          {
            "activity_id": "296cbefb-3ab6-450e-8985-355d9f24887e",
            "timestamp": "2026-03-21T10:15:01.935001Z",
            "was_generated_by": {
              "tool": "dsf-parser",
              "tool_version": "1.0.0",
              "parameters": []
            },
            "used": [],
            "generated": [
              "38be0978-d5a4-45b7-92ed-61a236078e89"
            ],
            "execution_duration": "PT0S"
          }
        ]
      }
    },
    {
      "type": "Feature",
      "id": "0b5fe312-4f4c-438e-9cb8-c20defbcff6d",
      "geometry": null,
      "properties": {
        "kind": "SENSOR_CONTACT",
        "parent_track": "OWNSHIP",
        "time": "1900-12-12T07:29:44+00:00",
        "bearing": 1.5,
        "sensor_name": "ARRAY",
        "label": "Label",
        "provenance": [
          {
            "activity_id": "296cbefb-3ab6-450e-8985-355d9f24887e",
            "timestamp": "2026-03-21T10:15:01.935001Z",
            "was_generated_by": {
              "tool": "dsf-parser",
              "tool_version": "1.0.0",
              "parameters": []
            },
            "used": [],
            "generated": [
              "0b5fe312-4f4c-438e-9cb8-c20defbcff6d"
            ],
            "execution_duration": "PT0S"
          }
        ]
      }
    },
    {
      "type": "Feature",
      "id": "3b981f8b-d333-4494-baf4-de2689ab0477",
      "geometry": null,
      "properties": {
        "kind": "SENSOR_CONTACT",
        "parent_track": "OWNSHIP",
        "time": "1900-12-12T07:30:08+00:00",
        "bearing": 2.2,
        "sensor_name": "ARRAY",
        "label": "Label",
        "provenance": [
          {
            "activity_id": "296cbefb-3ab6-450e-8985-355d9f24887e",
            "timestamp": "2026-03-21T10:15:01.935001Z",
            "was_generated_by": {
              "tool": "dsf-parser",
              "tool_version": "1.0.0",
              "parameters": []
            },
            "used": [],
            "generated": [
              "3b981f8b-d333-4494-baf4-de2689ab0477"
            ],
            "execution_duration": "PT0S"
          }
        ]
      }
    },
    {
      "type": "Feature",
      "id": "0db9b137-b165-41f6-bf1c-380c7732f243",
      "geometry": null,
      "properties": {
        "kind": "SENSOR_CONTACT",
        "parent_track": "OWNSHIP",
        "time": "1900-12-12T07:30:32+00:00",
        "bearing": 4.2,
        "sensor_name": "ARRAY",
        "label": "Label",
        "provenance": [
          {
            "activity_id": "296cbefb-3ab6-450e-8985-355d9f24887e",
            "timestamp": "2026-03-21T10:15:01.935001Z",
            "was_generated_by": {
              "tool": "dsf-parser",
              "tool_version": "1.0.0",
              "parameters": []
            },
            "used": [],
            "generated": [
              "0db9b137-b165-41f6-bf1c-380c7732f243"
            ],
            "execution_duration": "PT0S"
          }
        ]
      }
    },
    {
      "type": "Feature",
      "id": "5c8e2ec3-a363-40c0-a1a0-8969411b2e62",
      "geometry": null,
      "properties": {
        "kind": "SENSOR_CONTACT",
        "parent_track": "OWNSHIP",
        "time": "1900-12-12T07:30:58+00:00",
        "bearing": 4.8,
        "sensor_name": "ARRAY",
        "label": "Label",
        "provenance": [
          {
            "activity_id": "296cbefb-3ab6-450e-8985-355d9f24887e",
            "timestamp": "2026-03-21T10:15:01.935001Z",
            "was_generated_by": {
              "tool": "dsf-parser",
              "tool_version": "1.0.0",
              "parameters": []
            },
            "used": [],
            "generated": [
              "5c8e2ec3-a363-40c0-a1a0-8969411b2e62"
            ],
            "execution_duration": "PT0S"
          }
        ]
      }
    },
    {
      "type": "Feature",
      "id": "5147280c-bd1f-4f4f-b3bc-2f646f2320c9",
      "geometry": null,
      "properties": {
        "kind": "SENSOR_CONTACT",
        "parent_track": "OWNSHIP",
        "time": "1900-12-12T07:31:30+00:00",
        "bearing": 5.8,
        "sensor_name": "ARRAY",
        "label": "Label",
        "provenance": [
          {
            "activity_id": "296cbefb-3ab6-450e-8985-355d9f24887e",
            "timestamp": "2026-03-21T10:15:01.935001Z",
            "was_generated_by": {
              "tool": "dsf-parser",
              "tool_version": "1.0.0",
              "parameters": []
            },
            "used": [],
            "generated": [
              "5147280c-bd1f-4f4f-b3bc-2f646f2320c9"
            ],
            "execution_duration": "PT0S"
          }
        ]
      }
    },
    {
      "type": "Feature",
      "id": "6a56ed3c-95fc-444c-b88e-f51fbb00f667",
      "geometry": null,
      "properties": {
        "kind": "SENSOR_CONTACT",
        "parent_track": "OWNSHIP",
        "time": "1900-12-12T07:32:00+00:00",
        "bearing": 6.8,
        "sensor_name": "ARRAY",
        "label": "Label",
        "provenance": [
          {
            "activity_id": "296cbefb-3ab6-450e-8985-355d9f24887e",
            "timestamp": "2026-03-21T10:15:01.935001Z",
            "was_generated_by": {
              "tool": "dsf-parser",
              "tool_version": "1.0.0",
              "parameters": []
            },
            "used": [],
            "generated": [
              "6a56ed3c-95fc-444c-b88e-f51fbb00f667"
            ],
            "execution_duration": "PT0S"
          }
        ]
      }
    },
    {
      "type": "Feature",
      "id": "547db7c5-b620-4df5-bbb0-d08e7ab7eb94",
      "geometry": null,
      "properties": {
        "kind": "SENSOR_CONTACT",
        "parent_track": "OWNSHIP",
        "time": "1900-12-12T07:32:32+00:00",
        "bearing": 7.8,
        "sensor_name": "ARRAY",
        "label": "Label",
        "provenance": [
          {
            "activity_id": "296cbefb-3ab6-450e-8985-355d9f24887e",
            "timestamp": "2026-03-21T10:15:01.935001Z",
            "was_generated_by": {
              "tool": "dsf-parser",
              "tool_version": "1.0.0",
              "parameters": []
            },
            "used": [],
            "generated": [
              "547db7c5-b620-4df5-bbb0-d08e7ab7eb94"
            ],
            "execution_duration": "PT0S"
          }
        ]
      }
    },
    {
      "type": "Feature",
      "id": "5734857c-88d7-41b3-8d8d-19d42e9a78e2",
      "geometry": null,
      "properties": {
        "kind": "SENSOR_CONTACT",
        "parent_track": "OWNSHIP",
        "time": "1900-12-12T07:33:12+00:00",
        "bearing": 8.8,
        "sensor_name": "ARRAY",
        "label": "Label",
        "provenance": [
          {
            "activity_id": "296cbefb-3ab6-450e-8985-355d9f24887e",
            "timestamp": "2026-03-21T10:15:01.935001Z",
            "was_generated_by": {
              "tool": "dsf-parser",
              "tool_version": "1.0.0",
              "parameters": []
            },
            "used": [],
            "generated": [
              "5734857c-88d7-41b3-8d8d-19d42e9a78e2"
            ],
            "execution_duration": "PT0S"
          }
        ]
      }
    },
    {
      "type": "Feature",
      "id": "63b229ce-f38d-44bf-a00e-28a64ffeee17",
      "geometry": null,
      "properties": {
        "kind": "SENSOR_CONTACT",
        "parent_track": "OWNSHIP",
        "time": "1900-12-12T07:33:48+00:00",
        "bearing": 10.2,
        "sensor_name": "ARRAY",
        "label": "Label",
        "provenance": [
          {
            "activity_id": "296cbefb-3ab6-450e-8985-355d9f24887e",
            "timestamp": "2026-03-21T10:15:01.935001Z",
            "was_generated_by": {
              "tool": "dsf-parser",
              "tool_version": "1.0.0",
              "parameters": []
            },
            "used": [],
            "generated": [
              "63b229ce-f38d-44bf-a00e-28a64ffeee17"
            ],
            "execution_duration": "PT0S"
          }
        ]
      }
    },
    {
      "type": "Feature",
      "id": "906ce9ae-a3ae-4f3f-9fa7-a637529cfacc",
      "geometry": null,
      "properties": {
        "kind": "SENSOR_CONTACT",
        "parent_track": "OWNSHIP",
        "time": "1900-12-12T07:34:22+00:00",
        "bearing": 10.5,
        "sensor_name": "ARRAY",
        "label": "Label",
        "provenance": [
          {
            "activity_id": "296cbefb-3ab6-450e-8985-355d9f24887e",
            "timestamp": "2026-03-21T10:15:01.935001Z",
            "was_generated_by": {
              "tool": "dsf-parser",
              "tool_version": "1.0.0",
              "parameters": []
            },
            "used": [],
            "generated": [
              "906ce9ae-a3ae-4f3f-9fa7-a637529cfacc"
            ],
            "execution_duration": "PT0S"
          }
        ]
      }
    },
    {
      "type": "Feature",
      "id": "52703d24-c542-45f3-90f0-d083de7fe569",
      "geometry": null,
      "properties": {
        "kind": "SENSOR_CONTACT",
        "parent_track": "OWNSHIP",
        "time": "1900-12-12T07:35:00+00:00",
        "bearing": 11.5,
        "sensor_name": "ARRAY",
        "label": "Label",
        "provenance": [
          {
            "activity_id": "296cbefb-3ab6-450e-8985-355d9f24887e",
            "timestamp": "2026-03-21T10:15:01.935001Z",
            "was_generated_by": {
              "tool": "dsf-parser",
              "tool_version": "1.0.0",
              "parameters": []
            },
            "used": [],
            "generated": [
              "52703d24-c542-45f3-90f0-d083de7fe569"
            ],
            "execution_duration": "PT0S"
          }
        ]
      }
    },
    {
      "type": "Feature",
      "id": "bc316089-06da-4b11-8813-8a4a668837be",
      "geometry": null,
      "properties": {
        "kind": "SENSOR_CONTACT",
        "parent_track": "OWNSHIP",
        "time": "1900-12-12T07:35:36+00:00",
        "bearing": 12.5,
        "sensor_name": "ARRAY",
        "label": "Label",
        "provenance": [
          {
            "activity_id": "296cbefb-3ab6-450e-8985-355d9f24887e",
            "timestamp": "2026-03-21T10:15:01.935001Z",
            "was_generated_by": {
              "tool": "dsf-parser",
              "tool_version": "1.0.0",
              "parameters": []
            },
            "used": [],
            "generated": [
              "bc316089-06da-4b11-8813-8a4a668837be"
            ],
            "execution_duration": "PT0S"
          }
        ]
      }
    },
    {
      "type": "Feature",
      "id": "b2f48ad3-17f4-49fc-a98b-5a1dbf5dc451",
      "geometry": null,
      "properties": {
        "kind": "SENSOR_CONTACT",
        "parent_track": "OWNSHIP",
        "time": "1900-12-12T07:36:06+00:00",
        "bearing": 13.2,
        "sensor_name": "ARRAY",
        "label": "Label",
        "provenance": [
          {
            "activity_id": "296cbefb-3ab6-450e-8985-355d9f24887e",
            "timestamp": "2026-03-21T10:15:01.935001Z",
            "was_generated_by": {
              "tool": "dsf-parser",
              "tool_version": "1.0.0",
              "parameters": []
            },
            "used": [],
            "generated": [
              "b2f48ad3-17f4-49fc-a98b-5a1dbf5dc451"
            ],
            "execution_duration": "PT0S"
          }
        ]
      }
    },
    {
      "type": "Feature",
      "id": "9f3c0e93-6ad5-4040-b25c-8a3a61293276",
      "geometry": null,
      "properties": {
        "kind": "SENSOR_CONTACT",
        "parent_track": "OWNSHIP",
        "time": "1900-12-12T07:36:36+00:00",
        "bearing": 14.5,
        "sensor_name": "ARRAY",
        "label": "Label",
        "provenance": [
          {
            "activity_id": "296cbefb-3ab6-450e-8985-355d9f24887e",
            "timestamp": "2026-03-21T10:15:01.935001Z",
            "was_generated_by": {
              "tool": "dsf-parser",
              "tool_version": "1.0.0",
              "parameters": []
            },
            "used": [],
            "generated": [
              "9f3c0e93-6ad5-4040-b25c-8a3a61293276"
            ],
            "execution_duration": "PT0S"
          }
        ]
      }
    },
    {
      "type": "Feature",
      "id": "33bd1b67-98b9-4f8c-a3b5-538bb3adc48b",
      "geometry": null,
      "properties": {
        "kind": "SENSOR_CONTACT",
        "parent_track": "OWNSHIP",
        "time": "1900-12-12T07:37:06+00:00",
        "bearing": 14.8,
        "sensor_name": "ARRAY",
        "label": "Label",
        "provenance": [
          {
            "activity_id": "296cbefb-3ab6-450e-8985-355d9f24887e",
            "timestamp": "2026-03-21T10:15:01.935001Z",
            "was_generated_by": {
              "tool": "dsf-parser",
              "tool_version": "1.0.0",
              "parameters": []
            },
            "used": [],
            "generated": [
              "33bd1b67-98b9-4f8c-a3b5-538bb3adc48b"
            ],
            "execution_duration": "PT0S"
          }
        ]
      }
    },
    {
      "type": "Feature",
      "id": "251f36d6-cd32-40a3-b9fb-4d618de38d4c",
      "geometry": null,
      "properties": {
        "kind": "SENSOR_CONTACT",
        "parent_track": "OWNSHIP",
        "time": "1900-12-12T07:37:40+00:00",
        "bearing": 16.5,
        "sensor_name": "ARRAY",
        "label": "Label",
        "provenance": [
          {
            "activity_id": "296cbefb-3ab6-450e-8985-355d9f24887e",
            "timestamp": "2026-03-21T10:15:01.935001Z",
            "was_generated_by": {
              "tool": "dsf-parser",
              "tool_version": "1.0.0",
              "parameters": []
            },
            "used": [],
            "generated": [
              "251f36d6-cd32-40a3-b9fb-4d618de38d4c"
            ],
            "execution_duration": "PT0S"
          }
        ]
      }
    },
    {
      "type": "Feature",
      "id": "a3bda0b2-5279-4b07-b878-991afe4cd6de",
      "geometry": null,
      "properties": {
        "kind": "SENSOR_CONTACT",
        "parent_track": "OWNSHIP",
        "time": "1900-12-12T07:38:08+00:00",
        "bearing": 17.5,
        "sensor_name": "ARRAY",
        "label": "Label",
        "provenance": [
          {
            "activity_id": "296cbefb-3ab6-450e-8985-355d9f24887e",
            "timestamp": "2026-03-21T10:15:01.935001Z",
            "was_generated_by": {
              "tool": "dsf-parser",
              "tool_version": "1.0.0",
              "parameters": []
            },
            "used": [],
            "generated": [
              "a3bda0b2-5279-4b07-b878-991afe4cd6de"
            ],
            "execution_duration": "PT0S"
          }
        ]
      }
    },
    {
      "type": "Feature",
      "id": "ea3cc033-dab9-4512-a906-34e937abef52",
      "geometry": null,
      "properties": {
        "kind": "SENSOR_CONTACT",
        "parent_track": "OWNSHIP",
        "time": "1900-12-12T07:38:44+00:00",
        "bearing": 18.5,
        "sensor_name": "ARRAY",
        "label": "Label",
        "provenance": [
          {
            "activity_id": "296cbefb-3ab6-450e-8985-355d9f24887e",
            "timestamp": "2026-03-21T10:15:01.935001Z",
            "was_generated_by": {
              "tool": "dsf-parser",
              "tool_version": "1.0.0",
              "parameters": []
            },
            "used": [],
            "generated": [
              "ea3cc033-dab9-4512-a906-34e937abef52"
            ],
            "execution_duration": "PT0S"
          }
        ]
      }
    },
    {
      "type": "Feature",
      "id": "e43cceda-ea7a-42a1-88b3-da8d68723557",
      "geometry": null,
      "properties": {
        "kind": "SENSOR_CONTACT",
        "parent_track": "OWNSHIP",
        "time": "1900-12-12T07:39:20+00:00",
        "bearing": 19.9,
        "sensor_name": "ARRAY",
        "label": "Label",
        "provenance": [
          {
            "activity_id": "296cbefb-3ab6-450e-8985-355d9f24887e",
            "timestamp": "2026-03-21T10:15:01.935001Z",
            "was_generated_by": {
              "tool": "dsf-parser",
              "tool_version": "1.0.0",
              "parameters": []
            },
            "used": [],
            "generated": [
              "e43cceda-ea7a-42a1-88b3-da8d68723557"
            ],
            "execution_duration": "PT0S"
          }
        ]
      }
    },
    {
      "type": "Feature",
      "id": "7802e7a0-cf56-46bf-bf22-d1def741d382",
      "geometry": null,
      "properties": {
        "kind": "SENSOR_CONTACT",
        "parent_track": "OWNSHIP",
        "time": "1900-12-12T07:39:54+00:00",
        "bearing": 21.2,
        "sensor_name": "ARRAY",
        "label": "Label",
        "provenance": [
          {
            "activity_id": "296cbefb-3ab6-450e-8985-355d9f24887e",
            "timestamp": "2026-03-21T10:15:01.935001Z",
            "was_generated_by": {
              "tool": "dsf-parser",
              "tool_version": "1.0.0",
              "parameters": []
            },
            "used": [],
            "generated": [
              "7802e7a0-cf56-46bf-bf22-d1def741d382"
            ],
            "execution_duration": "PT0S"
          }
        ]
      }
    },
    {
      "type": "Feature",
      "id": "1c264b32-39fc-4940-99df-5f4ad46b6080",
      "geometry": null,
      "properties": {
        "kind": "SENSOR_CONTACT",
        "parent_track": "OWNSHIP",
        "time": "1900-12-12T07:40:28+00:00",
        "bearing": 21.9,
        "sensor_name": "ARRAY",
        "label": "Label",
        "provenance": [
          {
            "activity_id": "296cbefb-3ab6-450e-8985-355d9f24887e",
            "timestamp": "2026-03-21T10:15:01.935001Z",
            "was_generated_by": {
              "tool": "dsf-parser",
              "tool_version": "1.0.0",
              "parameters": []
            },
            "used": [],
            "generated": [
              "1c264b32-39fc-4940-99df-5f4ad46b6080"
            ],
            "execution_duration": "PT0S"
          }
        ]
      }
    },
    {
      "type": "Feature",
      "id": "23b17ae2-f62c-498d-ab42-3a6dd286a2f3",
      "geometry": null,
      "properties": {
        "kind": "SENSOR_CONTACT",
        "parent_track": "OWNSHIP",
        "time": "1900-12-12T07:41:04+00:00",
        "bearing": 22.9,
        "sensor_name": "ARRAY",
        "label": "Label",
        "provenance": [
          {
            "activity_id": "296cbefb-3ab6-450e-8985-355d9f24887e",
            "timestamp": "2026-03-21T10:15:01.935001Z",
            "was_generated_by": {
              "tool": "dsf-parser",
              "tool_version": "1.0.0",
              "parameters": []
            },
            "used": [],
            "generated": [
              "23b17ae2-f62c-498d-ab42-3a6dd286a2f3"
            ],
            "execution_duration": "PT0S"
          }
        ]
      }
    },
    {
      "type": "Feature",
      "id": "d05939f1-9f38-4f0d-b1c6-85d6eb8e2383",
      "geometry": null,
      "properties": {
        "kind": "SENSOR_CONTACT",
        "parent_track": "OWNSHIP",
        "time": "1900-12-12T07:41:36+00:00",
        "bearing": 23.2,
        "sensor_name": "ARRAY",
        "label": "Label",
        "provenance": [
          {
            "activity_id": "296cbefb-3ab6-450e-8985-355d9f24887e",
            "timestamp": "2026-03-21T10:15:01.935001Z",
            "was_generated_by": {
              "tool": "dsf-parser",
              "tool_version": "1.0.0",
              "parameters": []
            },
            "used": [],
            "generated": [
              "d05939f1-9f38-4f0d-b1c6-85d6eb8e2383"
            ],
            "execution_duration": "PT0S"
          }
        ]
      }
    },
    {
      "type": "Feature",
      "id": "47bb21f0-4d43-48fd-b493-f4b0c6c9ca0c",
      "geometry": null,
      "properties": {
        "kind": "SENSOR_CONTACT",
        "parent_track": "OWNSHIP",
        "time": "1900-12-12T07:42:06+00:00",
        "bearing": 24.5,
        "sensor_name": "ARRAY",
        "label": "Label",
        "provenance": [
          {
            "activity_id": "296cbefb-3ab6-450e-8985-355d9f24887e",
            "timestamp": "2026-03-21T10:15:01.935001Z",
            "was_generated_by": {
              "tool": "dsf-parser",
              "tool_version": "1.0.0",
              "parameters": []
            },
            "used": [],
            "generated": [
              "47bb21f0-4d43-48fd-b493-f4b0c6c9ca0c"
            ],
            "execution_duration": "PT0S"
          }
        ]
      }
    },
    {
      "type": "Feature",
      "id": "9bd36aba-024f-4545-ae5b-3732ef0fa6ab",
      "geometry": null,
      "properties": {
        "kind": "SENSOR_CONTACT",
        "parent_track": "OWNSHIP",
        "time": "1900-12-12T07:42:44+00:00",
        "bearing": 25.5,
        "sensor_name": "ARRAY",
        "label": "Label",
        "provenance": [
          {
            "activity_id": "296cbefb-3ab6-450e-8985-355d9f24887e",
            "timestamp": "2026-03-21T10:15:01.935001Z",
            "was_generated_by": {
              "tool": "dsf-parser",
              "tool_version": "1.0.0",
              "parameters": []
            },
            "used": [],
            "generated": [
              "9bd36aba-024f-4545-ae5b-3732ef0fa6ab"
            ],
            "execution_duration": "PT0S"
          }
        ]
      }
    },
    {
      "type": "Feature",
      "id": "45283e05-ca73-4421-a966-d43ab994a4a8",
      "geometry": null,
      "properties": {
        "kind": "SENSOR_CONTACT",
        "parent_track": "OWNSHIP",
        "time": "1900-12-12T07:43:22+00:00",
        "bearing": 26.5,
        "sensor_name": "ARRAY",
        "label": "Label",
        "provenance": [
          {
            "activity_id": "296cbefb-3ab6-450e-8985-355d9f24887e",
            "timestamp": "2026-03-21T10:15:01.935001Z",
            "was_generated_by": {
              "tool": "dsf-parser",
              "tool_version": "1.0.0",
              "parameters": []
            },
            "used": [],
            "generated": [
              "45283e05-ca73-4421-a966-d43ab994a4a8"
            ],
            "execution_duration": "PT0S"
          }
        ]
      }
    },
    {
      "type": "Feature",
      "id": "431f96e5-e366-43bb-96db-a908d50ee18d",
      "geometry": null,
      "properties": {
        "kind": "SENSOR_CONTACT",
        "parent_track": "OWNSHIP",
        "time": "1900-12-12T07:44:00+00:00",
        "bearing": 26.9,
        "sensor_name": "ARRAY",
        "label": "Label",
        "provenance": [
          {
            "activity_id": "296cbefb-3ab6-450e-8985-355d9f24887e",
            "timestamp": "2026-03-21T10:15:01.935001Z",
            "was_generated_by": {
              "tool": "dsf-parser",
              "tool_version": "1.0.0",
              "parameters": []
            },
            "used": [],
            "generated": [
              "431f96e5-e366-43bb-96db-a908d50ee18d"
            ],
            "execution_duration": "PT0S"
          }
        ]
      }
    },
    {
      "type": "Feature",
      "id": "ac2e8521-ef6c-4f59-a927-be37b7795e13",
      "geometry": null,
      "properties": {
        "kind": "SENSOR_CONTACT",
        "parent_track": "OWNSHIP",
        "time": "1900-12-12T07:44:32+00:00",
        "bearing": 27.5,
        "sensor_name": "ARRAY",
        "label": "Label",
        "provenance": [
          {
            "activity_id": "296cbefb-3ab6-450e-8985-355d9f24887e",
            "timestamp": "2026-03-21T10:15:01.935001Z",
            "was_generated_by": {
              "tool": "dsf-parser",
              "tool_version": "1.0.0",
              "parameters": []
            },
            "used": [],
            "generated": [
              "ac2e8521-ef6c-4f59-a927-be37b7795e13"
            ],
            "execution_duration": "PT0S"
          }
        ]
      }
    },
    {
      "type": "Feature",
      "id": "a4b94c04-1a3d-49e8-9518-8849b7a32112",
      "geometry": null,
      "properties": {
        "kind": "SENSOR_CONTACT",
        "parent_track": "OWNSHIP",
        "time": "1900-12-12T07:45:08+00:00",
        "bearing": 28.2,
        "sensor_name": "ARRAY",
        "label": "Label",
        "provenance": [
          {
            "activity_id": "296cbefb-3ab6-450e-8985-355d9f24887e",
            "timestamp": "2026-03-21T10:15:01.935001Z",
            "was_generated_by": {
              "tool": "dsf-parser",
              "tool_version": "1.0.0",
              "parameters": []
            },
            "used": [],
            "generated": [
              "a4b94c04-1a3d-49e8-9518-8849b7a32112"
            ],
            "execution_duration": "PT0S"
          }
        ]
      }
    },
    {
      "type": "Feature",
      "id": "26c84087-0dee-4d06-895a-f2ee3d757884",
      "geometry": null,
      "properties": {
        "kind": "SENSOR_CONTACT",
        "parent_track": "OWNSHIP",
        "time": "1900-12-12T07:45:44+00:00",
        "bearing": 28.5,
        "sensor_name": "ARRAY",
        "label": "Label",
        "provenance": [
          {
            "activity_id": "296cbefb-3ab6-450e-8985-355d9f24887e",
            "timestamp": "2026-03-21T10:15:01.935001Z",
            "was_generated_by": {
              "tool": "dsf-parser",
              "tool_version": "1.0.0",
              "parameters": []
            },
            "used": [],
            "generated": [
              "26c84087-0dee-4d06-895a-f2ee3d757884"
            ],
            "execution_duration": "PT0S"
          }
        ]
      }
    },
    {
      "type": "Feature",
      "id": "cafd3b34-59de-4384-8056-1c0a57f2f15a",
      "geometry": null,
      "properties": {
        "kind": "SENSOR_CONTACT",
        "parent_track": "OWNSHIP",
        "time": "1900-12-12T07:46:18+00:00",
        "bearing": 29.2,
        "sensor_name": "ARRAY",
        "label": "Label",
        "provenance": [
          {
            "activity_id": "296cbefb-3ab6-450e-8985-355d9f24887e",
            "timestamp": "2026-03-21T10:15:01.935001Z",
            "was_generated_by": {
              "tool": "dsf-parser",
              "tool_version": "1.0.0",
              "parameters": []
            },
            "used": [],
            "generated": [
              "cafd3b34-59de-4384-8056-1c0a57f2f15a"
            ],
            "execution_duration": "PT0S"
          }
        ]
      }
    },
    {
      "type": "Feature",
      "id": "ed0ab142-0dbc-4ba0-b93e-5f744df484c9",
      "geometry": null,
      "properties": {
        "kind": "SENSOR_CONTACT",
        "parent_track": "OWNSHIP",
        "time": "1900-12-12T07:46:56+00:00",
        "bearing": 29.5,
        "sensor_name": "ARRAY",
        "label": "Label",
        "provenance": [
          {
            "activity_id": "296cbefb-3ab6-450e-8985-355d9f24887e",
            "timestamp": "2026-03-21T10:15:01.935001Z",
            "was_generated_by": {
              "tool": "dsf-parser",
              "tool_version": "1.0.0",
              "parameters": []
            },
            "used": [],
            "generated": [
              "ed0ab142-0dbc-4ba0-b93e-5f744df484c9"
            ],
            "execution_duration": "PT0S"
          }
        ]
      }
    },
    {
      "type": "Feature",
      "id": "56a9f6a7-c419-4ac8-926f-51fce956035e",
      "geometry": null,
      "properties": {
        "kind": "SENSOR_CONTACT",
        "parent_track": "OWNSHIP",
        "time": "1900-12-12T07:47:38+00:00",
        "bearing": 29.9,
        "sensor_name": "ARRAY",
        "label": "Label",
        "provenance": [
          {
            "activity_id": "296cbefb-3ab6-450e-8985-355d9f24887e",
            "timestamp": "2026-03-21T10:15:01.935001Z",
            "was_generated_by": {
              "tool": "dsf-parser",
              "tool_version": "1.0.0",
              "parameters": []
            },
            "used": [],
            "generated": [
              "56a9f6a7-c419-4ac8-926f-51fce956035e"
            ],
            "execution_duration": "PT0S"
          }
        ]
      }
    },
    {
      "type": "Feature",
      "id": "35433ec7-1c32-47d0-b235-2228c5d8148f",
      "geometry": null,
      "properties": {
        "kind": "SENSOR_CONTACT",
        "parent_track": "OWNSHIP",
        "time": "1900-12-12T07:48:12+00:00",
        "bearing": 30.2,
        "sensor_name": "ARRAY",
        "label": "Label",
        "provenance": [
          {
            "activity_id": "296cbefb-3ab6-450e-8985-355d9f24887e",
            "timestamp": "2026-03-21T10:15:01.935001Z",
            "was_generated_by": {
              "tool": "dsf-parser",
              "tool_version": "1.0.0",
              "parameters": []
            },
            "used": [],
            "generated": [
              "35433ec7-1c32-47d0-b235-2228c5d8148f"
            ],
            "execution_duration": "PT0S"
          }
        ]
      }
    },
    {
      "type": "Feature",
      "id": "3666c29c-637b-4e98-9cbb-e0ad8d931952",
      "geometry": null,
      "properties": {
        "kind": "SENSOR_CONTACT",
        "parent_track": "OWNSHIP",
        "time": "1900-12-12T07:48:52+00:00",
        "bearing": 30.9,
        "sensor_name": "ARRAY",
        "label": "Label",
        "provenance": [
          {
            "activity_id": "296cbefb-3ab6-450e-8985-355d9f24887e",
            "timestamp": "2026-03-21T10:15:01.935001Z",
            "was_generated_by": {
              "tool": "dsf-parser",
              "tool_version": "1.0.0",
              "parameters": []
            },
            "used": [],
            "generated": [
              "3666c29c-637b-4e98-9cbb-e0ad8d931952"
            ],
            "execution_duration": "PT0S"
          }
        ]
      }
    },
    {
      "type": "Feature",
      "id": "55d5c21d-c4d8-4c6c-9b4d-dfeb11eb0e02",
      "geometry": null,
      "properties": {
        "kind": "SENSOR_CONTACT",
        "parent_track": "OWNSHIP",
        "time": "1900-12-12T07:49:32+00:00",
        "bearing": 31.5,
        "sensor_name": "ARRAY",
        "label": "Label",
        "provenance": [
          {
            "activity_id": "296cbefb-3ab6-450e-8985-355d9f24887e",
            "timestamp": "2026-03-21T10:15:01.935001Z",
            "was_generated_by": {
              "tool": "dsf-parser",
              "tool_version": "1.0.0",
              "parameters": []
            },
            "used": [],
            "generated": [
              "55d5c21d-c4d8-4c6c-9b4d-dfeb11eb0e02"
            ],
            "execution_duration": "PT0S"
          }
        ]
      }
    },
    {
      "type": "Feature",
      "id": "2ead6880-aa18-4505-8e8e-8246ba0f2610",
      "geometry": null,
      "properties": {
        "kind": "SENSOR_CONTACT",
        "parent_track": "OWNSHIP",
        "time": "1900-12-12T07:50:06+00:00",
        "bearing": 31.9,
        "sensor_name": "ARRAY",
        "label": "Label",
        "provenance": [
          {
            "activity_id": "296cbefb-3ab6-450e-8985-355d9f24887e",
            "timestamp": "2026-03-21T10:15:01.935001Z",
            "was_generated_by": {
              "tool": "dsf-parser",
              "tool_version": "1.0.0",
              "parameters": []
            },
            "used": [],
            "generated": [
              "2ead6880-aa18-4505-8e8e-8246ba0f2610"
            ],
            "execution_duration": "PT0S"
          }
        ]
      }
    },
    {
      "type": "Feature",
      "id": "e992bc21-afca-40f8-9161-3bbc6beb8139",
      "geometry": null,
      "properties": {
        "kind": "SENSOR_CONTACT",
        "parent_track": "OWNSHIP",
        "time": "1900-12-12T07:50:42+00:00",
        "bearing": 32.5,
        "sensor_name": "ARRAY",
        "label": "Label",
        "provenance": [
          {
            "activity_id": "296cbefb-3ab6-450e-8985-355d9f24887e",
            "timestamp": "2026-03-21T10:15:01.935001Z",
            "was_generated_by": {
              "tool": "dsf-parser",
              "tool_version": "1.0.0",
              "parameters": []
            },
            "used": [],
            "generated": [
              "e992bc21-afca-40f8-9161-3bbc6beb8139"
            ],
            "execution_duration": "PT0S"
          }
        ]
      }
    },
    {
      "type": "Feature",
      "id": "da4c1e99-3a5e-425f-accd-b366d3c851af",
      "geometry": null,
      "properties": {
        "kind": "SENSOR_CONTACT",
        "parent_track": "OWNSHIP",
        "time": "1900-12-12T07:51:18+00:00",
        "bearing": 32.5,
        "sensor_name": "ARRAY",
        "label": "Label",
        "provenance": [
          {
            "activity_id": "296cbefb-3ab6-450e-8985-355d9f24887e",
            "timestamp": "2026-03-21T10:15:01.935001Z",
            "was_generated_by": {
              "tool": "dsf-parser",
              "tool_version": "1.0.0",
              "parameters": []
            },
            "used": [],
            "generated": [
              "da4c1e99-3a5e-425f-accd-b366d3c851af"
            ],
            "execution_duration": "PT0S"
          }
        ]
      }
    },
    {
      "type": "Feature",
      "id": "585d07be-fde2-4f9e-ab37-22811c1f1614",
      "geometry": null,
      "properties": {
        "kind": "SENSOR_CONTACT",
        "parent_track": "OWNSHIP",
        "time": "1900-12-12T07:51:56+00:00",
        "bearing": 32.9,
        "sensor_name": "ARRAY",
        "label": "Label",
        "provenance": [
          {
            "activity_id": "296cbefb-3ab6-450e-8985-355d9f24887e",
            "timestamp": "2026-03-21T10:15:01.935001Z",
            "was_generated_by": {
              "tool": "dsf-parser",
              "tool_version": "1.0.0",
              "parameters": []
            },
            "used": [],
            "generated": [
              "585d07be-fde2-4f9e-ab37-22811c1f1614"
            ],
            "execution_duration": "PT0S"
          }
        ]
      }
    },
    {
      "type": "Feature",
      "id": "2b7bc04e-3c06-4e91-a9a6-9f8352f3f1f2",
      "geometry": null,
      "properties": {
        "kind": "SENSOR_CONTACT",
        "parent_track": "OWNSHIP",
        "time": "1900-12-12T07:52:38+00:00",
        "bearing": 32.9,
        "sensor_name": "ARRAY",
        "label": "Label",
        "provenance": [
          {
            "activity_id": "296cbefb-3ab6-450e-8985-355d9f24887e",
            "timestamp": "2026-03-21T10:15:01.935001Z",
            "was_generated_by": {
              "tool": "dsf-parser",
              "tool_version": "1.0.0",
              "parameters": []
            },
            "used": [],
            "generated": [
              "2b7bc04e-3c06-4e91-a9a6-9f8352f3f1f2"
            ],
            "execution_duration": "PT0S"
          }
        ]
      }
    },
    {
      "type": "Feature",
      "id": "393d6719-fc9b-45c7-9676-5c23ab29f8db",
      "geometry": null,
      "properties": {
        "kind": "SENSOR_CONTACT",
        "parent_track": "OWNSHIP",
        "time": "1900-12-12T07:53:22+00:00",
        "bearing": 32.9,
        "sensor_name": "ARRAY",
        "label": "Label",
        "provenance": [
          {
            "activity_id": "296cbefb-3ab6-450e-8985-355d9f24887e",
            "timestamp": "2026-03-21T10:15:01.935001Z",
            "was_generated_by": {
              "tool": "dsf-parser",
              "tool_version": "1.0.0",
              "parameters": []
            },
            "used": [],
            "generated": [
              "393d6719-fc9b-45c7-9676-5c23ab29f8db"
            ],
            "execution_duration": "PT0S"
          }
        ]
      }
    },
    {
      "type": "Feature",
      "id": "462686c1-4700-4628-bac7-212b3aeae7d2",
      "geometry": null,
      "properties": {
        "kind": "SENSOR_CONTACT",
        "parent_track": "OWNSHIP",
        "time": "1900-12-12T07:53:50+00:00",
        "bearing": 32.9,
        "sensor_name": "ARRAY",
        "label": "Label",
        "provenance": [
          {
            "activity_id": "296cbefb-3ab6-450e-8985-355d9f24887e",
            "timestamp": "2026-03-21T10:15:01.935001Z",
            "was_generated_by": {
              "tool": "dsf-parser",
              "tool_version": "1.0.0",
              "parameters": []
            },
            "used": [],
            "generated": [
              "462686c1-4700-4628-bac7-212b3aeae7d2"
            ],
            "execution_duration": "PT0S"
          }
        ]
      }
    },
    {
      "type": "Feature",
      "id": "93ae2bd2-28a1-48a6-8c54-ff782a96d396",
      "geometry": null,
      "properties": {
        "kind": "SENSOR_CONTACT",
        "parent_track": "OWNSHIP",
        "time": "1900-12-12T07:54:20+00:00",
        "bearing": 33.2,
        "sensor_name": "ARRAY",
        "label": "Label",
        "provenance": [
          {
            "activity_id": "296cbefb-3ab6-450e-8985-355d9f24887e",
            "timestamp": "2026-03-21T10:15:01.935001Z",
            "was_generated_by": {
              "tool": "dsf-parser",
              "tool_version": "1.0.0",
              "parameters": []
            },
            "used": [],
            "generated": [
              "93ae2bd2-28a1-48a6-8c54-ff782a96d396"
            ],
            "execution_duration": "PT0S"
          }
        ]
      }
    },
    {
      "type": "Feature",
      "id": "dcd5214e-1776-4341-8a9f-54f9030f66a7",
      "geometry": null,
      "properties": {
        "kind": "SENSOR_CONTACT",
        "parent_track": "OWNSHIP",
        "time": "1900-12-12T07:54:52+00:00",
        "bearing": 33.2,
        "sensor_name": "ARRAY",
        "label": "Label",
        "provenance": [
          {
            "activity_id": "296cbefb-3ab6-450e-8985-355d9f24887e",
            "timestamp": "2026-03-21T10:15:01.935001Z",
            "was_generated_by": {
              "tool": "dsf-parser",
              "tool_version": "1.0.0",
              "parameters": []
            },
            "used": [],
            "generated": [
              "dcd5214e-1776-4341-8a9f-54f9030f66a7"
            ],
            "execution_duration": "PT0S"
          }
        ]
      }
    },
    {
      "type": "Feature",
      "id": "79569867-33f5-4024-9cdf-6f357806d142",
      "geometry": null,
      "properties": {
        "kind": "SENSOR_CONTACT",
        "parent_track": "OWNSHIP",
        "time": "1900-12-12T07:55:28+00:00",
        "bearing": 32.9,
        "sensor_name": "ARRAY",
        "label": "Label",
        "provenance": [
          {
            "activity_id": "296cbefb-3ab6-450e-8985-355d9f24887e",
            "timestamp": "2026-03-21T10:15:01.935001Z",
            "was_generated_by": {
              "tool": "dsf-parser",
              "tool_version": "1.0.0",
              "parameters": []
            },
            "used": [],
            "generated": [
              "79569867-33f5-4024-9cdf-6f357806d142"
            ],
            "execution_duration": "PT0S"
          }
        ]
      }
    },
    {
      "type": "Feature",
      "id": "971e2aa6-651f-4ba9-9ebd-b562446efdf8",
      "geometry": null,
      "properties": {
        "kind": "SENSOR_CONTACT",
        "parent_track": "OWNSHIP",
        "time": "1900-12-12T07:56:02+00:00",
        "bearing": 31.9,
        "sensor_name": "ARRAY",
        "label": "Label",
        "provenance": [
          {
            "activity_id": "296cbefb-3ab6-450e-8985-355d9f24887e",
            "timestamp": "2026-03-21T10:15:01.935001Z",
            "was_generated_by": {
              "tool": "dsf-parser",
              "tool_version": "1.0.0",
              "parameters": []
            },
            "used": [],
            "generated": [
              "971e2aa6-651f-4ba9-9ebd-b562446efdf8"
            ],
            "execution_duration": "PT0S"
          }
        ]
      }
    },
    {
      "type": "Feature",
      "id": "5fe4693b-4c9a-4b5b-9315-58025c605abf",
      "geometry": null,
      "properties": {
        "kind": "SENSOR_CONTACT",
        "parent_track": "OWNSHIP",
        "time": "1900-12-12T07:56:26+00:00",
        "bearing": 30.2,
        "sensor_name": "ARRAY",
        "label": "Label",
        "provenance": [
          {
            "activity_id": "296cbefb-3ab6-450e-8985-355d9f24887e",
            "timestamp": "2026-03-21T10:15:01.935001Z",
            "was_generated_by": {
              "tool": "dsf-parser",
              "tool_version": "1.0.0",
              "parameters": []
            },
            "used": [],
            "generated": [
              "5fe4693b-4c9a-4b5b-9315-58025c605abf"
            ],
            "execution_duration": "PT0S"
          }
        ]
      }
    },
    {
      "type": "Feature",
      "id": "1b60c2dd-4709-4041-ad5e-19b771d4b401",
      "geometry": null,
      "properties": {
        "kind": "SENSOR_CONTACT",
        "parent_track": "OWNSHIP",
        "time": "1900-12-12T07:56:48+00:00",
        "bearing": 27.5,
        "sensor_name": "ARRAY",
        "label": "Label",
        "provenance": [
          {
            "activity_id": "296cbefb-3ab6-450e-8985-355d9f24887e",
            "timestamp": "2026-03-21T10:15:01.935001Z",
            "was_generated_by": {
              "tool": "dsf-parser",
              "tool_version": "1.0.0",
              "parameters": []
            },
            "used": [],
            "generated": [
              "1b60c2dd-4709-4041-ad5e-19b771d4b401"
            ],
            "execution_duration": "PT0S"
          }
        ]
      }
    },
    {
      "type": "Feature",
      "id": "dc0bb603-dd68-4ad7-a871-876ab0661fde",
      "geometry": null,
      "properties": {
        "kind": "SENSOR_CONTACT",
        "parent_track": "OWNSHIP",
        "time": "1900-12-12T07:57:14+00:00",
        "bearing": 23.9,
        "sensor_name": "ARRAY",
        "label": "Label",
        "provenance": [
          {
            "activity_id": "296cbefb-3ab6-450e-8985-355d9f24887e",
            "timestamp": "2026-03-21T10:15:01.935001Z",
            "was_generated_by": {
              "tool": "dsf-parser",
              "tool_version": "1.0.0",
              "parameters": []
            },
            "used": [],
            "generated": [
              "dc0bb603-dd68-4ad7-a871-876ab0661fde"
            ],
            "execution_duration": "PT0S"
          }
        ]
      }
    },
    {
      "type": "Feature",
      "id": "32c6e08d-a658-41b7-b976-112afcdc0d28",
      "geometry": null,
      "properties": {
        "kind": "SENSOR_CONTACT",
        "parent_track": "OWNSHIP",
        "time": "1900-12-12T07:57:36+00:00",
        "bearing": 20.2,
        "sensor_name": "ARRAY",
        "label": "Label",
        "provenance": [
          {
            "activity_id": "296cbefb-3ab6-450e-8985-355d9f24887e",
            "timestamp": "2026-03-21T10:15:01.935001Z",
            "was_generated_by": {
              "tool": "dsf-parser",
              "tool_version": "1.0.0",
              "parameters": []
            },
            "used": [],
            "generated": [
              "32c6e08d-a658-41b7-b976-112afcdc0d28"
            ],
            "execution_duration": "PT0S"
          }
        ]
      }
    },
    {
      "type": "Feature",
      "id": "2003aaaf-02d0-40b1-b9c3-f68f7a8ad4ef",
      "geometry": null,
      "properties": {
        "kind": "SENSOR_CONTACT",
        "parent_track": "OWNSHIP",
        "time": "1900-12-12T07:57:58+00:00",
        "bearing": 14.8,
        "sensor_name": "ARRAY",
        "label": "Label",
        "provenance": [
          {
            "activity_id": "296cbefb-3ab6-450e-8985-355d9f24887e",
            "timestamp": "2026-03-21T10:15:01.935001Z",
            "was_generated_by": {
              "tool": "dsf-parser",
              "tool_version": "1.0.0",
              "parameters": []
            },
            "used": [],
            "generated": [
              "2003aaaf-02d0-40b1-b9c3-f68f7a8ad4ef"
            ],
            "execution_duration": "PT0S"
          }
        ]
      }
    },
    {
      "type": "Feature",
      "id": "89c08c83-294b-4d7e-80fa-9fd95cc6345c",
      "geometry": null,
      "properties": {
        "kind": "SENSOR_CONTACT",
        "parent_track": "OWNSHIP",
        "time": "1900-12-12T07:58:20+00:00",
        "bearing": 8.8,
        "sensor_name": "ARRAY",
        "label": "Label",
        "provenance": [
          {
            "activity_id": "296cbefb-3ab6-450e-8985-355d9f24887e",
            "timestamp": "2026-03-21T10:15:01.935001Z",
            "was_generated_by": {
              "tool": "dsf-parser",
              "tool_version": "1.0.0",
              "parameters": []
            },
            "used": [],
            "generated": [
              "89c08c83-294b-4d7e-80fa-9fd95cc6345c"
            ],
            "execution_duration": "PT0S"
          }
        ]
      }
    },
    {
      "type": "Feature",
      "id": "29521f94-58d5-46ed-8d59-93bfbf9f5fd1",
      "geometry": null,
      "properties": {
        "kind": "SENSOR_CONTACT",
        "parent_track": "OWNSHIP",
        "time": "1900-12-12T07:58:40+00:00",
        "bearing": 3.2,
        "sensor_name": "ARRAY",
        "label": "Label",
        "provenance": [
          {
            "activity_id": "296cbefb-3ab6-450e-8985-355d9f24887e",
            "timestamp": "2026-03-21T10:15:01.935001Z",
            "was_generated_by": {
              "tool": "dsf-parser",
              "tool_version": "1.0.0",
              "parameters": []
            },
            "used": [],
            "generated": [
              "29521f94-58d5-46ed-8d59-93bfbf9f5fd1"
            ],
            "execution_duration": "PT0S"
          }
        ]
      }
    },
    {
      "type": "Feature",
      "id": "0cc1a3e8-5ff0-4427-96e6-742d4ebf60cf",
      "geometry": null,
      "properties": {
        "kind": "SENSOR_CONTACT",
        "parent_track": "OWNSHIP",
        "time": "1900-12-12T07:59:00+00:00",
        "bearing": 356.2,
        "sensor_name": "ARRAY",
        "label": "Label",
        "provenance": [
          {
            "activity_id": "296cbefb-3ab6-450e-8985-355d9f24887e",
            "timestamp": "2026-03-21T10:15:01.935001Z",
            "was_generated_by": {
              "tool": "dsf-parser",
              "tool_version": "1.0.0",
              "parameters": []
            },
            "used": [],
            "generated": [
              "0cc1a3e8-5ff0-4427-96e6-742d4ebf60cf"
            ],
            "execution_duration": "PT0S"
          }
        ]
      }
    },
    {
      "type": "Feature",
      "id": "86a67d95-b830-4be7-8c8a-617d59cb2323",
      "geometry": null,
      "properties": {
        "kind": "SENSOR_CONTACT",
        "parent_track": "OWNSHIP",
        "time": "1900-12-12T07:59:20+00:00",
        "bearing": 350.5,
        "sensor_name": "ARRAY",
        "label": "Label",
        "provenance": [
          {
            "activity_id": "296cbefb-3ab6-450e-8985-355d9f24887e",
            "timestamp": "2026-03-21T10:15:01.935001Z",
            "was_generated_by": {
              "tool": "dsf-parser",
              "tool_version": "1.0.0",
              "parameters": []
            },
            "used": [],
            "generated": [
              "86a67d95-b830-4be7-8c8a-617d59cb2323"
            ],
            "execution_duration": "PT0S"
          }
        ]
      }
    },
    {
      "type": "Feature",
      "id": "c598e634-3c41-4bfd-89d6-8ede69074206",
      "geometry": null,
      "properties": {
        "kind": "SENSOR_CONTACT",
        "parent_track": "OWNSHIP",
        "time": "1900-12-12T07:59:30+00:00",
        "bearing": 345.2,
        "sensor_name": "ARRAY",
        "label": "Label",
        "provenance": [
          {
            "activity_id": "296cbefb-3ab6-450e-8985-355d9f24887e",
            "timestamp": "2026-03-21T10:15:01.935001Z",
            "was_generated_by": {
              "tool": "dsf-parser",
              "tool_version": "1.0.0",
              "parameters": []
            },
            "used": [],
            "generated": [
              "c598e634-3c41-4bfd-89d6-8ede69074206"
            ],
            "execution_duration": "PT0S"
          }
        ]
      }
    },
    {
      "type": "Feature",
      "id": "fd650fba-eece-47c4-bd43-ad31a1c4fbbc",
      "geometry": null,
      "properties": {
        "kind": "SENSOR_CONTACT",
        "parent_track": "OWNSHIP",
        "time": "1900-12-12T07:59:42+00:00",
        "bearing": 340.5,
        "sensor_name": "ARRAY",
        "label": "Label",
        "provenance": [
          {
            "activity_id": "296cbefb-3ab6-450e-8985-355d9f24887e",
            "timestamp": "2026-03-21T10:15:01.935001Z",
            "was_generated_by": {
              "tool": "dsf-parser",
              "tool_version": "1.0.0",
              "parameters": []
            },
            "used": [],
            "generated": [
              "fd650fba-eece-47c4-bd43-ad31a1c4fbbc"
            ],
            "execution_duration": "PT0S"
          }
        ]
      }
    },
    {
      "type": "Feature",
      "id": "73db8933-9879-480b-a8b1-a2a2adef3fe4",
      "geometry": null,
      "properties": {
        "kind": "SENSOR_CONTACT",
        "parent_track": "OWNSHIP",
        "time": "1900-12-12T07:59:58+00:00",
        "bearing": 335.1,
        "sensor_name": "ARRAY",
        "label": "Label",
        "provenance": [
          {
            "activity_id": "296cbefb-3ab6-450e-8985-355d9f24887e",
            "timestamp": "2026-03-21T10:15:01.935001Z",
            "was_generated_by": {
              "tool": "dsf-parser",
              "tool_version": "1.0.0",
              "parameters": []
            },
            "used": [],
            "generated": [
              "73db8933-9879-480b-a8b1-a2a2adef3fe4"
            ],
            "execution_duration": "PT0S"
          }
        ]
      }
    },
    {
      "type": "Feature",
      "id": "4ab0a5c6-9aa9-425b-a2e2-68a57a917ebb",
      "geometry": null,
      "properties": {
        "kind": "SENSOR_CONTACT",
        "parent_track": "OWNSHIP",
        "time": "1900-12-12T08:00:18+00:00",
        "bearing": 328.8,
        "sensor_name": "ARRAY",
        "label": "Label",
        "provenance": [
          {
            "activity_id": "296cbefb-3ab6-450e-8985-355d9f24887e",
            "timestamp": "2026-03-21T10:15:01.935001Z",
            "was_generated_by": {
              "tool": "dsf-parser",
              "tool_version": "1.0.0",
              "parameters": []
            },
            "used": [],
            "generated": [
              "4ab0a5c6-9aa9-425b-a2e2-68a57a917ebb"
            ],
            "execution_duration": "PT0S"
          }
        ]
      }
    },
    {
      "type": "Feature",
      "id": "0dbd50f4-1bab-4cc9-b853-0b2fc37439e8",
      "geometry": null,
      "properties": {
        "kind": "SENSOR_CONTACT",
        "parent_track": "OWNSHIP",
        "time": "1900-12-12T08:00:34+00:00",
        "bearing": 323.8,
        "sensor_name": "ARRAY",
        "label": "Label",
        "provenance": [
          {
            "activity_id": "296cbefb-3ab6-450e-8985-355d9f24887e",
            "timestamp": "2026-03-21T10:15:01.935001Z",
            "was_generated_by": {
              "tool": "dsf-parser",
              "tool_version": "1.0.0",
              "parameters": []
            },
            "used": [],
            "generated": [
              "0dbd50f4-1bab-4cc9-b853-0b2fc37439e8"
            ],
            "execution_duration": "PT0S"
          }
        ]
      }
    },
    {
      "type": "Feature",
      "id": "13ecfa51-e337-4e08-b3ba-ef6c77c973a9",
      "geometry": null,
      "properties": {
        "kind": "SENSOR_CONTACT",
        "parent_track": "OWNSHIP",
        "time": "1900-12-12T08:00:50+00:00",
        "bearing": 319.8,
        "sensor_name": "ARRAY",
        "label": "Label",
        "provenance": [
          {
            "activity_id": "296cbefb-3ab6-450e-8985-355d9f24887e",
            "timestamp": "2026-03-21T10:15:01.935001Z",
            "was_generated_by": {
              "tool": "dsf-parser",
              "tool_version": "1.0.0",
              "parameters": []
            },
            "used": [],
            "generated": [
              "13ecfa51-e337-4e08-b3ba-ef6c77c973a9"
            ],
            "execution_duration": "PT0S"
          }
        ]
      }
    },
    {
      "type": "Feature",
      "id": "1bd658cf-1a13-41f2-a1af-f217d02f5bfe",
      "geometry": null,
      "properties": {
        "kind": "SENSOR_CONTACT",
        "parent_track": "OWNSHIP",
        "time": "1900-12-12T08:01:10+00:00",
        "bearing": 313.5,
        "sensor_name": "ARRAY",
        "label": "Label",
        "provenance": [
          {
            "activity_id": "296cbefb-3ab6-450e-8985-355d9f24887e",
            "timestamp": "2026-03-21T10:15:01.935001Z",
            "was_generated_by": {
              "tool": "dsf-parser",
              "tool_version": "1.0.0",
              "parameters": []
            },
            "used": [],
            "generated": [
              "1bd658cf-1a13-41f2-a1af-f217d02f5bfe"
            ],
            "execution_duration": "PT0S"
          }
        ]
      }
    },
    {
      "type": "Feature",
      "id": "b89bdf74-8a7b-4c61-9f20-89edf1e9a2c8",
      "geometry": null,
      "properties": {
        "kind": "SENSOR_CONTACT",
        "parent_track": "OWNSHIP",
        "time": "1900-12-12T08:01:30+00:00",
        "bearing": 308.5,
        "sensor_name": "ARRAY",
        "label": "Label",
        "provenance": [
          {
            "activity_id": "296cbefb-3ab6-450e-8985-355d9f24887e",
            "timestamp": "2026-03-21T10:15:01.935001Z",
            "was_generated_by": {
              "tool": "dsf-parser",
              "tool_version": "1.0.0",
              "parameters": []
            },
            "used": [],
            "generated": [
              "b89bdf74-8a7b-4c61-9f20-89edf1e9a2c8"
            ],
            "execution_duration": "PT0S"
          }
        ]
      }
    },
    {
      "type": "Feature",
      "id": "0fd419f8-9a63-478a-9c96-f1456f2b6e92",
      "geometry": null,
      "properties": {
        "kind": "SENSOR_CONTACT",
        "parent_track": "OWNSHIP",
        "time": "1900-12-12T08:01:50+00:00",
        "bearing": 304.4,
        "sensor_name": "ARRAY",
        "label": "Label",
        "provenance": [
          {
            "activity_id": "296cbefb-3ab6-450e-8985-355d9f24887e",
            "timestamp": "2026-03-21T10:15:01.935001Z",
            "was_generated_by": {
              "tool": "dsf-parser",
              "tool_version": "1.0.0",
              "parameters": []
            },
            "used": [],
            "generated": [
              "0fd419f8-9a63-478a-9c96-f1456f2b6e92"
            ],
            "execution_duration": "PT0S"
          }
        ]
      }
    },
    {
      "type": "Feature",
      "id": "1c1e1997-213c-40ec-8c98-c1108b806f73",
      "geometry": null,
      "properties": {
        "kind": "SENSOR_CONTACT",
        "parent_track": "OWNSHIP",
        "time": "1900-12-12T08:02:12+00:00",
        "bearing": 299.4,
        "sensor_name": "ARRAY",
        "label": "Label",
        "provenance": [
          {
            "activity_id": "296cbefb-3ab6-450e-8985-355d9f24887e",
            "timestamp": "2026-03-21T10:15:01.935001Z",
            "was_generated_by": {
              "tool": "dsf-parser",
              "tool_version": "1.0.0",
              "parameters": []
            },
            "used": [],
            "generated": [
              "1c1e1997-213c-40ec-8c98-c1108b806f73"
            ],
            "execution_duration": "PT0S"
          }
        ]
      }
    },
    {
      "type": "Feature",
      "id": "5f7e4eb4-acb6-4a97-8c92-282026f949e9",
      "geometry": null,
      "properties": {
        "kind": "SENSOR_CONTACT",
        "parent_track": "OWNSHIP",
        "time": "1900-12-12T08:02:38+00:00",
        "bearing": 293.4,
        "sensor_name": "ARRAY",
        "label": "Label",
        "provenance": [
          {
            "activity_id": "296cbefb-3ab6-450e-8985-355d9f24887e",
            "timestamp": "2026-03-21T10:15:01.935001Z",
            "was_generated_by": {
              "tool": "dsf-parser",
              "tool_version": "1.0.0",
              "parameters": []
            },
            "used": [],
            "generated": [
              "5f7e4eb4-acb6-4a97-8c92-282026f949e9"
            ],
            "execution_duration": "PT0S"
          }
        ]
      }
    },
    {
      "type": "Feature",
      "id": "0458bc42-bc22-4af0-b17e-80cafe6528ef",
      "geometry": null,
      "properties": {
        "kind": "SENSOR_CONTACT",
        "parent_track": "OWNSHIP",
        "time": "1900-12-12T08:03:06+00:00",
        "bearing": 287.1,
        "sensor_name": "ARRAY",
        "label": "Label",
        "provenance": [
          {
            "activity_id": "296cbefb-3ab6-450e-8985-355d9f24887e",
            "timestamp": "2026-03-21T10:15:01.935001Z",
            "was_generated_by": {
              "tool": "dsf-parser",
              "tool_version": "1.0.0",
              "parameters": []
            },
            "used": [],
            "generated": [
              "0458bc42-bc22-4af0-b17e-80cafe6528ef"
            ],
            "execution_duration": "PT0S"
          }
        ]
      }
    },
    {
      "type": "Feature",
      "id": "a444a6fc-cfad-4ca9-bf0c-0f5b6359097a",
      "geometry": null,
      "properties": {
        "kind": "SENSOR_CONTACT",
        "parent_track": "OWNSHIP",
        "time": "1900-12-12T08:03:28+00:00",
        "bearing": 282.1,
        "sensor_name": "ARRAY",
        "label": "Label",
        "provenance": [
          {
            "activity_id": "296cbefb-3ab6-450e-8985-355d9f24887e",
            "timestamp": "2026-03-21T10:15:01.935001Z",
            "was_generated_by": {
              "tool": "dsf-parser",
              "tool_version": "1.0.0",
              "parameters": []
            },
            "used": [],
            "generated": [
              "a444a6fc-cfad-4ca9-bf0c-0f5b6359097a"
            ],
            "execution_duration": "PT0S"
          }
        ]
      }
    },
    {
      "type": "Feature",
      "id": "81621d96-0b3f-43cb-9c4c-18840cd51117",
      "geometry": null,
      "properties": {
        "kind": "SENSOR_CONTACT",
        "parent_track": "OWNSHIP",
        "time": "1900-12-12T08:03:50+00:00",
        "bearing": 277.1,
        "sensor_name": "ARRAY",
        "label": "Label",
        "provenance": [
          {
            "activity_id": "296cbefb-3ab6-450e-8985-355d9f24887e",
            "timestamp": "2026-03-21T10:15:01.935001Z",
            "was_generated_by": {
              "tool": "dsf-parser",
              "tool_version": "1.0.0",
              "parameters": []
            },
            "used": [],
            "generated": [
              "81621d96-0b3f-43cb-9c4c-18840cd51117"
            ],
            "execution_duration": "PT0S"
          }
        ]
      }
    },
    {
      "type": "Feature",
      "id": "587fe9f5-0fd2-461c-8287-cdde6584f2f4",
      "geometry": null,
      "properties": {
        "kind": "SENSOR_CONTACT",
        "parent_track": "OWNSHIP",
        "time": "1900-12-12T08:04:16+00:00",
        "bearing": 272.1,
        "sensor_name": "ARRAY",
        "label": "Label",
        "provenance": [
          {
            "activity_id": "296cbefb-3ab6-450e-8985-355d9f24887e",
            "timestamp": "2026-03-21T10:15:01.935001Z",
            "was_generated_by": {
              "tool": "dsf-parser",
              "tool_version": "1.0.0",
              "parameters": []
            },
            "used": [],
            "generated": [
              "587fe9f5-0fd2-461c-8287-cdde6584f2f4"
            ],
            "execution_duration": "PT0S"
          }
        ]
      }
    },
    {
      "type": "Feature",
      "id": "25a4fa91-1318-48c0-9ad6-ab2bbf3bde84",
      "geometry": null,
      "properties": {
        "kind": "SENSOR_CONTACT",
        "parent_track": "OWNSHIP",
        "time": "1900-12-12T08:04:36+00:00",
        "bearing": 268.1,
        "sensor_name": "ARRAY",
        "label": "Label",
        "provenance": [
          {
            "activity_id": "296cbefb-3ab6-450e-8985-355d9f24887e",
            "timestamp": "2026-03-21T10:15:01.935001Z",
            "was_generated_by": {
              "tool": "dsf-parser",
              "tool_version": "1.0.0",
              "parameters": []
            },
            "used": [],
            "generated": [
              "25a4fa91-1318-48c0-9ad6-ab2bbf3bde84"
            ],
            "execution_duration": "PT0S"
          }
        ]
      }
    },
    {
      "type": "Feature",
      "id": "d2be1021-3fec-4e3e-9c8b-449d9550bad2",
      "geometry": null,
      "properties": {
        "kind": "SENSOR_CONTACT",
        "parent_track": "OWNSHIP",
        "time": "1900-12-12T08:05:06+00:00",
        "bearing": 263.1,
        "sensor_name": "ARRAY",
        "label": "Label",
        "provenance": [
          {
            "activity_id": "296cbefb-3ab6-450e-8985-355d9f24887e",
            "timestamp": "2026-03-21T10:15:01.935001Z",
            "was_generated_by": {
              "tool": "dsf-parser",
              "tool_version": "1.0.0",
              "parameters": []
            },
            "used": [],
            "generated": [
              "d2be1021-3fec-4e3e-9c8b-449d9550bad2"
            ],
            "execution_duration": "PT0S"
          }
        ]
      }
    },
    {
      "type": "Feature",
      "id": "69177327-c290-41ad-847e-51d9cc21b906",
      "geometry": null,
      "properties": {
        "kind": "SENSOR_CONTACT",
        "parent_track": "OWNSHIP",
        "time": "1900-12-12T08:05:28+00:00",
        "bearing": 258.4,
        "sensor_name": "ARRAY",
        "label": "Label",
        "provenance": [
          {
            "activity_id": "296cbefb-3ab6-450e-8985-355d9f24887e",
            "timestamp": "2026-03-21T10:15:01.935001Z",
            "was_generated_by": {
              "tool": "dsf-parser",
              "tool_version": "1.0.0",
              "parameters": []
            },
            "used": [],
            "generated": [
              "69177327-c290-41ad-847e-51d9cc21b906"
            ],
            "execution_duration": "PT0S"
          }
        ]
      }
    },
    {
      "type": "Feature",
      "id": "04119f59-0508-411e-ace4-2b15bf6dd86d",
      "geometry": null,
      "properties": {
        "kind": "SENSOR_CONTACT",
        "parent_track": "OWNSHIP",
        "time": "1900-12-12T08:05:56+00:00",
        "bearing": 255.1,
        "sensor_name": "ARRAY",
        "label": "Label",
        "provenance": [
          {
            "activity_id": "296cbefb-3ab6-450e-8985-355d9f24887e",
            "timestamp": "2026-03-21T10:15:01.935001Z",
            "was_generated_by": {
              "tool": "dsf-parser",
              "tool_version": "1.0.0",
              "parameters": []
            },
            "used": [],
            "generated": [
              "04119f59-0508-411e-ace4-2b15bf6dd86d"
            ],
            "execution_duration": "PT0S"
          }
        ]
      }
    },
    {
      "type": "Feature",
      "id": "03ac5b2f-a3ea-46c8-9585-7e267ed98b52",
      "geometry": null,
      "properties": {
        "kind": "SENSOR_CONTACT",
        "parent_track": "OWNSHIP",
        "time": "1900-12-12T08:06:22+00:00",
        "bearing": 252.1,
        "sensor_name": "ARRAY",
        "label": "Label",
        "provenance": [
          {
            "activity_id": "296cbefb-3ab6-450e-8985-355d9f24887e",
            "timestamp": "2026-03-21T10:15:01.935001Z",
            "was_generated_by": {
              "tool": "dsf-parser",
              "tool_version": "1.0.0",
              "parameters": []
            },
            "used": [],
            "generated": [
              "03ac5b2f-a3ea-46c8-9585-7e267ed98b52"
            ],
            "execution_duration": "PT0S"
          }
        ]
      }
    },
    {
      "type": "Feature",
      "id": "602d11e1-0882-41a2-a570-0dc96683d0fa",
      "geometry": null,
      "properties": {
        "kind": "SENSOR_CONTACT",
        "parent_track": "OWNSHIP",
        "time": "1900-12-12T08:06:52+00:00",
        "bearing": 248.4,
        "sensor_name": "ARRAY",
        "label": "Label",
        "provenance": [
          {
            "activity_id": "296cbefb-3ab6-450e-8985-355d9f24887e",
            "timestamp": "2026-03-21T10:15:01.935001Z",
            "was_generated_by": {
              "tool": "dsf-parser",
              "tool_version": "1.0.0",
              "parameters": []
            },
            "used": [],
            "generated": [
              "602d11e1-0882-41a2-a570-0dc96683d0fa"
            ],
            "execution_duration": "PT0S"
          }
        ]
      }
    },
    {
      "type": "Feature",
      "id": "620dd3fa-ebca-41de-bcca-1fe704feffed",
      "geometry": null,
      "properties": {
        "kind": "SENSOR_CONTACT",
        "parent_track": "OWNSHIP",
        "time": "1900-12-12T08:07:22+00:00",
        "bearing": 245.1,
        "sensor_name": "ARRAY",
        "label": "Label",
        "provenance": [
          {
            "activity_id": "296cbefb-3ab6-450e-8985-355d9f24887e",
            "timestamp": "2026-03-21T10:15:01.935001Z",
            "was_generated_by": {
              "tool": "dsf-parser",
              "tool_version": "1.0.0",
              "parameters": []
            },
            "used": [],
            "generated": [
              "620dd3fa-ebca-41de-bcca-1fe704feffed"
            ],
            "execution_duration": "PT0S"
          }
        ]
      }
    },
    {
      "type": "Feature",
      "id": "d42334ab-573b-497f-80b1-a6c0135551b4",
      "geometry": null,
      "properties": {
        "kind": "SENSOR_CONTACT",
        "parent_track": "OWNSHIP",
        "time": "1900-12-12T08:07:56+00:00",
        "bearing": 242.4,
        "sensor_name": "ARRAY",
        "label": "Label",
        "provenance": [
          {
            "activity_id": "296cbefb-3ab6-450e-8985-355d9f24887e",
            "timestamp": "2026-03-21T10:15:01.935001Z",
            "was_generated_by": {
              "tool": "dsf-parser",
              "tool_version": "1.0.0",
              "parameters": []
            },
            "used": [],
            "generated": [
              "d42334ab-573b-497f-80b1-a6c0135551b4"
            ],
            "execution_duration": "PT0S"
          }
        ]
      }
    },
    {
      "type": "Feature",
      "id": "907059c2-f613-47f1-adb9-9f05c82097d8",
      "geometry": null,
      "properties": {
        "kind": "SENSOR_CONTACT",
        "parent_track": "OWNSHIP",
        "time": "1900-12-12T08:08:28+00:00",
        "bearing": 239.7,
        "sensor_name": "ARRAY",
        "label": "Label",
        "provenance": [
          {
            "activity_id": "296cbefb-3ab6-450e-8985-355d9f24887e",
            "timestamp": "2026-03-21T10:15:01.935001Z",
            "was_generated_by": {
              "tool": "dsf-parser",
              "tool_version": "1.0.0",
              "parameters": []
            },
            "used": [],
            "generated": [
              "907059c2-f613-47f1-adb9-9f05c82097d8"
            ],
            "execution_duration": "PT0S"
          }
        ]
      }
    },
    {
      "type": "Feature",
      "id": "d85606a3-40dc-4dad-b005-446ed30f6b0e",
      "geometry": null,
      "properties": {
        "kind": "SENSOR_CONTACT",
        "parent_track": "OWNSHIP",
        "time": "1900-12-12T08:08:54+00:00",
        "bearing": 237.7,
        "sensor_name": "ARRAY",
        "label": "Label",
        "provenance": [
          {
            "activity_id": "296cbefb-3ab6-450e-8985-355d9f24887e",
            "timestamp": "2026-03-21T10:15:01.935001Z",
            "was_generated_by": {
              "tool": "dsf-parser",
              "tool_version": "1.0.0",
              "parameters": []
            },
            "used": [],
            "generated": [
              "d85606a3-40dc-4dad-b005-446ed30f6b0e"
            ],
            "execution_duration": "PT0S"
          }
        ]
      }
    },
    {
      "type": "Feature",
      "id": "0f6d2c27-ec14-48d3-b703-316539a160cf",
      "geometry": null,
      "properties": {
        "kind": "SENSOR_CONTACT",
        "parent_track": "OWNSHIP",
        "time": "1900-12-12T08:09:22+00:00",
        "bearing": 236.7,
        "sensor_name": "ARRAY",
        "label": "Label",
        "provenance": [
          {
            "activity_id": "296cbefb-3ab6-450e-8985-355d9f24887e",
            "timestamp": "2026-03-21T10:15:01.935001Z",
            "was_generated_by": {
              "tool": "dsf-parser",
              "tool_version": "1.0.0",
              "parameters": []
            },
            "used": [],
            "generated": [
              "0f6d2c27-ec14-48d3-b703-316539a160cf"
            ],
            "execution_duration": "PT0S"
          }
        ]
      }
    },
    {
      "type": "Feature",
      "id": "f8423f02-e864-4a75-8d02-4c6c9bbb76cf",
      "geometry": null,
      "properties": {
        "kind": "SENSOR_CONTACT",
        "parent_track": "OWNSHIP",
        "time": "1900-12-12T08:09:54+00:00",
        "bearing": 236.7,
        "sensor_name": "ARRAY",
        "label": "Label",
        "provenance": [
          {
            "activity_id": "296cbefb-3ab6-450e-8985-355d9f24887e",
            "timestamp": "2026-03-21T10:15:01.935001Z",
            "was_generated_by": {
              "tool": "dsf-parser",
              "tool_version": "1.0.0",
              "parameters": []
            },
            "used": [],
            "generated": [
              "f8423f02-e864-4a75-8d02-4c6c9bbb76cf"
            ],
            "execution_duration": "PT0S"
          }
        ]
      }
    },
    {
      "type": "Feature",
      "id": "82bb9087-27da-4a8f-86c0-f187ebc255bd",
      "geometry": null,
      "properties": {
        "kind": "SENSOR_CONTACT",
        "parent_track": "OWNSHIP",
        "time": "1900-12-12T08:10:32+00:00",
        "bearing": 236.7,
        "sensor_name": "ARRAY",
        "label": "Label",
        "provenance": [
          {
            "activity_id": "296cbefb-3ab6-450e-8985-355d9f24887e",
            "timestamp": "2026-03-21T10:15:01.935001Z",
            "was_generated_by": {
              "tool": "dsf-parser",
              "tool_version": "1.0.0",
              "parameters": []
            },
            "used": [],
            "generated": [
              "82bb9087-27da-4a8f-86c0-f187ebc255bd"
            ],
            "execution_duration": "PT0S"
          }
        ]
      }
    },
    {
      "type": "Feature",
      "id": "2f75db8f-9b6a-4dac-b30e-5fcea2fb7f73",
      "geometry": null,
      "properties": {
        "kind": "SENSOR_CONTACT",
        "parent_track": "OWNSHIP",
        "time": "1900-12-12T08:11:14+00:00",
        "bearing": 236.7,
        "sensor_name": "ARRAY",
        "label": "Label",
        "provenance": [
          {
            "activity_id": "296cbefb-3ab6-450e-8985-355d9f24887e",
            "timestamp": "2026-03-21T10:15:01.935001Z",
            "was_generated_by": {
              "tool": "dsf-parser",
              "tool_version": "1.0.0",
              "parameters": []
            },
            "used": [],
            "generated": [
              "2f75db8f-9b6a-4dac-b30e-5fcea2fb7f73"
            ],
            "execution_duration": "PT0S"
          }
        ]
      }
    },
    {
      "type": "Feature",
      "id": "916dd35d-e030-422f-b8db-c9a19e5408a4",
      "geometry": null,
      "properties": {
        "kind": "SENSOR_CONTACT",
        "parent_track": "OWNSHIP",
        "time": "1900-12-12T08:11:50+00:00",
        "bearing": 237.7,
        "sensor_name": "ARRAY",
        "label": "Label",
        "provenance": [
          {
            "activity_id": "296cbefb-3ab6-450e-8985-355d9f24887e",
            "timestamp": "2026-03-21T10:15:01.935001Z",
            "was_generated_by": {
              "tool": "dsf-parser",
              "tool_version": "1.0.0",
              "parameters": []
            },
            "used": [],
            "generated": [
              "916dd35d-e030-422f-b8db-c9a19e5408a4"
            ],
            "execution_duration": "PT0S"
          }
        ]
      }
    },
    {
      "type": "Feature",
      "id": "bce6848b-19df-49b9-a434-28b30e2c7f74",
      "geometry": null,
      "properties": {
        "kind": "SENSOR_CONTACT",
        "parent_track": "OWNSHIP",
        "time": "1900-12-12T08:12:32+00:00",
        "bearing": 239.1,
        "sensor_name": "ARRAY",
        "label": "Label",
        "provenance": [
          {
            "activity_id": "296cbefb-3ab6-450e-8985-355d9f24887e",
            "timestamp": "2026-03-21T10:15:01.935001Z",
            "was_generated_by": {
              "tool": "dsf-parser",
              "tool_version": "1.0.0",
              "parameters": []
            },
            "used": [],
            "generated": [
              "bce6848b-19df-49b9-a434-28b30e2c7f74"
            ],
            "execution_duration": "PT0S"
          }
        ]
      }
    },
    {
      "type": "Feature",
      "id": "b7ecd7b8-0c48-45e5-a1b7-8e0fe1491303",
      "geometry": null,
      "properties": {
        "kind": "SENSOR_CONTACT",
        "parent_track": "OWNSHIP",
        "time": "1900-12-12T08:13:18+00:00",
        "bearing": 241.1,
        "sensor_name": "ARRAY",
        "label": "Label",
        "provenance": [
          {
            "activity_id": "296cbefb-3ab6-450e-8985-355d9f24887e",
            "timestamp": "2026-03-21T10:15:01.935001Z",
            "was_generated_by": {
              "tool": "dsf-parser",
              "tool_version": "1.0.0",
              "parameters": []
            },
            "used": [],
            "generated": [
              "b7ecd7b8-0c48-45e5-a1b7-8e0fe1491303"
            ],
            "execution_duration": "PT0S"
          }
        ]
      }
    },
    {
      "type": "Feature",
      "id": "80a51a30-5d1a-4849-86b5-4cd8ad14cc42",
      "geometry": null,
      "properties": {
        "kind": "SENSOR_CONTACT",
        "parent_track": "OWNSHIP",
        "time": "1900-12-12T08:13:58+00:00",
        "bearing": 241.7,
        "sensor_name": "ARRAY",
        "label": "Label",
        "provenance": [
          {
            "activity_id": "296cbefb-3ab6-450e-8985-355d9f24887e",
            "timestamp": "2026-03-21T10:15:01.935001Z",
            "was_generated_by": {
              "tool": "dsf-parser",
              "tool_version": "1.0.0",
              "parameters": []
            },
            "used": [],
            "generated": [
              "80a51a30-5d1a-4849-86b5-4cd8ad14cc42"
            ],
            "execution_duration": "PT0S"
          }
        ]
      }
    },
    {
      "type": "Feature",
      "id": "293cc737-2120-4004-ba77-1386e1dd80ad",
      "geometry": null,
      "properties": {
        "kind": "SENSOR_CONTACT",
        "parent_track": "OWNSHIP",
        "time": "1900-12-12T08:14:34+00:00",
        "bearing": 243.1,
        "sensor_name": "ARRAY",
        "label": "Label",
        "provenance": [
          {
            "activity_id": "296cbefb-3ab6-450e-8985-355d9f24887e",
            "timestamp": "2026-03-21T10:15:01.935001Z",
            "was_generated_by": {
              "tool": "dsf-parser",
              "tool_version": "1.0.0",
              "parameters": []
            },
            "used": [],
            "generated": [
              "293cc737-2120-4004-ba77-1386e1dd80ad"
            ],
            "execution_duration": "PT0S"
          }
        ]
      }
    },
    {
      "type": "Feature",
      "id": "b8e59591-1d00-4d84-b05a-dc374c5cb158",
      "geometry": null,
      "properties": {
        "kind": "SENSOR_CONTACT",
        "parent_track": "OWNSHIP",
        "time": "1900-12-12T08:15:18+00:00",
        "bearing": 243.7,
        "sensor_name": "ARRAY",
        "label": "Label",
        "provenance": [
          {
            "activity_id": "296cbefb-3ab6-450e-8985-355d9f24887e",
            "timestamp": "2026-03-21T10:15:01.935001Z",
            "was_generated_by": {
              "tool": "dsf-parser",
              "tool_version": "1.0.0",
              "parameters": []
            },
            "used": [],
            "generated": [
              "b8e59591-1d00-4d84-b05a-dc374c5cb158"
            ],
            "execution_duration": "PT0S"
          }
        ]
      }
    },
    {
      "type": "Feature",
      "id": "7f1faffa-5e8f-4c6f-be54-29ea4e77ad48",
      "geometry": null,
      "properties": {
        "kind": "SENSOR_CONTACT",
        "parent_track": "OWNSHIP",
        "time": "1900-12-12T08:16:00+00:00",
        "bearing": 244.7,
        "sensor_name": "ARRAY",
        "label": "Label",
        "provenance": [
          {
            "activity_id": "296cbefb-3ab6-450e-8985-355d9f24887e",
            "timestamp": "2026-03-21T10:15:01.935001Z",
            "was_generated_by": {
              "tool": "dsf-parser",
              "tool_version": "1.0.0",
              "parameters": []
            },
            "used": [],
            "generated": [
              "7f1faffa-5e8f-4c6f-be54-29ea4e77ad48"
            ],
            "execution_duration": "PT0S"
          }
        ]
      }
    },
    {
      "type": "Feature",
      "id": "d3b5f390-dc1c-4166-b314-120ca1d16433",
      "geometry": null,
      "properties": {
        "kind": "SENSOR_CONTACT",
        "parent_track": "OWNSHIP",
        "time": "1900-12-12T08:16:40+00:00",
        "bearing": 245.7,
        "sensor_name": "ARRAY",
        "label": "Label",
        "provenance": [
          {
            "activity_id": "296cbefb-3ab6-450e-8985-355d9f24887e",
            "timestamp": "2026-03-21T10:15:01.935001Z",
            "was_generated_by": {
              "tool": "dsf-parser",
              "tool_version": "1.0.0",
              "parameters": []
            },
            "used": [],
            "generated": [
              "d3b5f390-dc1c-4166-b314-120ca1d16433"
            ],
            "execution_duration": "PT0S"
          }
        ]
      }
    },
    {
      "type": "Feature",
      "id": "8c2fbd38-99ca-4489-84eb-79c06b5fcebb",
      "geometry": null,
      "properties": {
        "kind": "SENSOR_CONTACT",
        "parent_track": "OWNSHIP",
        "time": "1900-12-12T08:17:16+00:00",
        "bearing": 246.7,
        "sensor_name": "ARRAY",
        "label": "Label",
        "provenance": [
          {
            "activity_id": "296cbefb-3ab6-450e-8985-355d9f24887e",
            "timestamp": "2026-03-21T10:15:01.935001Z",
            "was_generated_by": {
              "tool": "dsf-parser",
              "tool_version": "1.0.0",
              "parameters": []
            },
            "used": [],
            "generated": [
              "8c2fbd38-99ca-4489-84eb-79c06b5fcebb"
            ],
            "execution_duration": "PT0S"
          }
        ]
      }
    },
    {
      "type": "Feature",
      "id": "0f158c74-45c3-46b1-be35-403dc8d7393c",
      "geometry": null,
      "properties": {
        "kind": "SENSOR_CONTACT",
        "parent_track": "OWNSHIP",
        "time": "1900-12-12T08:17:56+00:00",
        "bearing": 248.1,
        "sensor_name": "ARRAY",
        "label": "Label",
        "provenance": [
          {
            "activity_id": "296cbefb-3ab6-450e-8985-355d9f24887e",
            "timestamp": "2026-03-21T10:15:01.935001Z",
            "was_generated_by": {
              "tool": "dsf-parser",
              "tool_version": "1.0.0",
              "parameters": []
            },
            "used": [],
            "generated": [
              "0f158c74-45c3-46b1-be35-403dc8d7393c"
            ],
            "execution_duration": "PT0S"
          }
        ]
      }
    },
    {
      "type": "Feature",
      "id": "139fd732-2596-49e0-993a-33c49dd154e3",
      "geometry": null,
      "properties": {
        "kind": "SENSOR_CONTACT",
        "parent_track": "OWNSHIP",
        "time": "1900-12-12T08:18:38+00:00",
        "bearing": 249.1,
        "sensor_name": "ARRAY",
        "label": "Label",
        "provenance": [
          {
            "activity_id": "296cbefb-3ab6-450e-8985-355d9f24887e",
            "timestamp": "2026-03-21T10:15:01.935001Z",
            "was_generated_by": {
              "tool": "dsf-parser",
              "tool_version": "1.0.0",
              "parameters": []
            },
            "used": [],
            "generated": [
              "139fd732-2596-49e0-993a-33c49dd154e3"
            ],
            "execution_duration": "PT0S"
          }
        ]
      }
    },
    {
      "type": "Feature",
      "id": "9fef55d1-3926-4ce6-96e1-74e1b197c93b",
      "geometry": null,
      "properties": {
        "kind": "SENSOR_CONTACT",
        "parent_track": "OWNSHIP",
        "time": "1900-12-12T08:19:24+00:00",
        "bearing": 249.7,
        "sensor_name": "ARRAY",
        "label": "Label",
        "provenance": [
          {
            "activity_id": "296cbefb-3ab6-450e-8985-355d9f24887e",
            "timestamp": "2026-03-21T10:15:01.935001Z",
            "was_generated_by": {
              "tool": "dsf-parser",
              "tool_version": "1.0.0",
              "parameters": []
            },
            "used": [],
            "generated": [
              "9fef55d1-3926-4ce6-96e1-74e1b197c93b"
            ],
            "execution_duration": "PT0S"
          }
        ]
      }
    },
    {
      "type": "Feature",
      "id": "a6415e68-643a-4e42-9b57-82c076a432d4",
      "geometry": null,
      "properties": {
        "kind": "SENSOR_CONTACT",
        "parent_track": "OWNSHIP",
        "time": "1900-12-12T08:20:08+00:00",
        "bearing": 250.7,
        "sensor_name": "ARRAY",
        "label": "Label",
        "provenance": [
          {
            "activity_id": "296cbefb-3ab6-450e-8985-355d9f24887e",
            "timestamp": "2026-03-21T10:15:01.935001Z",
            "was_generated_by": {
              "tool": "dsf-parser",
              "tool_version": "1.0.0",
              "parameters": []
            },
            "used": [],
            "generated": [
              "a6415e68-643a-4e42-9b57-82c076a432d4"
            ],
            "execution_duration": "PT0S"
          }
        ]
      }
    },
    {
      "type": "Feature",
      "id": "8969d4fa-131e-40d2-9137-d8451a2ff477",
      "geometry": null,
      "properties": {
        "kind": "SENSOR_CONTACT",
        "parent_track": "OWNSHIP",
        "time": "1900-12-12T08:20:46+00:00",
        "bearing": 251.4,
        "sensor_name": "ARRAY",
        "label": "Label",
        "provenance": [
          {
            "activity_id": "296cbefb-3ab6-450e-8985-355d9f24887e",
            "timestamp": "2026-03-21T10:15:01.935001Z",
            "was_generated_by": {
              "tool": "dsf-parser",
              "tool_version": "1.0.0",
              "parameters": []
            },
            "used": [],
            "generated": [
              "8969d4fa-131e-40d2-9137-d8451a2ff477"
            ],
            "execution_duration": "PT0S"
          }
        ]
      }
    },
    {
      "type": "Feature",
      "id": "3c7bf7e5-0ab2-409d-bb76-a2f0b43e922d",
      "geometry": null,
      "properties": {
        "kind": "SENSOR_CONTACT",
        "parent_track": "OWNSHIP",
        "time": "1900-12-12T08:21:44+00:00",
        "bearing": 252.4,
        "sensor_name": "ARRAY",
        "label": "Label",
        "provenance": [
          {
            "activity_id": "296cbefb-3ab6-450e-8985-355d9f24887e",
            "timestamp": "2026-03-21T10:15:01.935001Z",
            "was_generated_by": {
              "tool": "dsf-parser",
              "tool_version": "1.0.0",
              "parameters": []
            },
            "used": [],
            "generated": [
              "3c7bf7e5-0ab2-409d-bb76-a2f0b43e922d"
            ],
            "execution_duration": "PT0S"
          }
        ]
      }
    },
    {
      "type": "Feature",
      "id": "ad28ba47-48a8-429f-b4fa-6be4d954877b",
      "geometry": null,
      "properties": {
        "kind": "SENSOR_CONTACT",
        "parent_track": "OWNSHIP",
        "time": "1900-12-12T08:22:20+00:00",
        "bearing": 253.4,
        "sensor_name": "ARRAY",
        "label": "Label",
        "provenance": [
          {
            "activity_id": "296cbefb-3ab6-450e-8985-355d9f24887e",
            "timestamp": "2026-03-21T10:15:01.935001Z",
            "was_generated_by": {
              "tool": "dsf-parser",
              "tool_version": "1.0.0",
              "parameters": []
            },
            "used": [],
            "generated": [
              "ad28ba47-48a8-429f-b4fa-6be4d954877b"
            ],
            "execution_duration": "PT0S"
          }
        ]
      }
    },
    {
      "type": "Feature",
      "id": "f803499e-9c9d-4230-b712-dd8af646766f",
      "geometry": null,
      "properties": {
        "kind": "SENSOR_CONTACT",
        "parent_track": "OWNSHIP",
        "time": "1900-12-12T08:23:02+00:00",
        "bearing": 254.4,
        "sensor_name": "ARRAY",
        "label": "Label",
        "provenance": [
          {
            "activity_id": "296cbefb-3ab6-450e-8985-355d9f24887e",
            "timestamp": "2026-03-21T10:15:01.935001Z",
            "was_generated_by": {
              "tool": "dsf-parser",
              "tool_version": "1.0.0",
              "parameters": []
            },
            "used": [],
            "generated": [
              "f803499e-9c9d-4230-b712-dd8af646766f"
            ],
            "execution_duration": "PT0S"
          }
        ]
      }
    },
    {
      "type": "Feature",
      "id": "5c8a6330-ed91-425d-be43-83609f9a3745",
      "geometry": null,
      "properties": {
        "kind": "SENSOR_CONTACT",
        "parent_track": "OWNSHIP",
        "time": "1900-12-12T08:23:38+00:00",
        "bearing": 255.1,
        "sensor_name": "ARRAY",
        "label": "Label",
        "provenance": [
          {
            "activity_id": "296cbefb-3ab6-450e-8985-355d9f24887e",
            "timestamp": "2026-03-21T10:15:01.935001Z",
            "was_generated_by": {
              "tool": "dsf-parser",
              "tool_version": "1.0.0",
              "parameters": []
            },
            "used": [],
            "generated": [
              "5c8a6330-ed91-425d-be43-83609f9a3745"
            ],
            "execution_duration": "PT0S"
          }
        ]
      }
    },
    {
      "type": "Feature",
      "id": "2f9002b3-645c-424f-acbc-4a2aa2c9c499",
      "geometry": null,
      "properties": {
        "kind": "SENSOR_CONTACT",
        "parent_track": "OWNSHIP",
        "time": "1900-12-12T08:24:12+00:00",
        "bearing": 255.7,
        "sensor_name": "ARRAY",
        "label": "Label",
        "provenance": [
          {
            "activity_id": "296cbefb-3ab6-450e-8985-355d9f24887e",
            "timestamp": "2026-03-21T10:15:01.935001Z",
            "was_generated_by": {
              "tool": "dsf-parser",
              "tool_version": "1.0.0",
              "parameters": []
            },
            "used": [],
            "generated": [
              "2f9002b3-645c-424f-acbc-4a2aa2c9c499"
            ],
            "execution_duration": "PT0S"
          }
        ]
      }
    },
    {
      "type": "Feature",
      "id": "93aa43ea-1e7f-465a-b427-a0905470a956",
      "geometry": null,
      "properties": {
        "kind": "SENSOR_CONTACT",
        "parent_track": "OWNSHIP",
        "time": "1900-12-12T08:24:48+00:00",
        "bearing": 256.4,
        "sensor_name": "ARRAY",
        "label": "Label",
        "provenance": [
          {
            "activity_id": "296cbefb-3ab6-450e-8985-355d9f24887e",
            "timestamp": "2026-03-21T10:15:01.935001Z",
            "was_generated_by": {
              "tool": "dsf-parser",
              "tool_version": "1.0.0",
              "parameters": []
            },
            "used": [],
            "generated": [
              "93aa43ea-1e7f-465a-b427-a0905470a956"
            ],
            "execution_duration": "PT0S"
          }
        ]
      }
    },
    {
      "type": "Feature",
      "id": "30c0b0f3-2027-4c87-b131-2773b2daac37",
      "geometry": null,
      "properties": {
        "kind": "SENSOR_CONTACT",
        "parent_track": "OWNSHIP",
        "time": "1900-12-12T08:25:26+00:00",
        "bearing": 257.7,
        "sensor_name": "ARRAY",
        "label": "Label",
        "provenance": [
          {
            "activity_id": "296cbefb-3ab6-450e-8985-355d9f24887e",
            "timestamp": "2026-03-21T10:15:01.935001Z",
            "was_generated_by": {
              "tool": "dsf-parser",
              "tool_version": "1.0.0",
              "parameters": []
            },
            "used": [],
            "generated": [
              "30c0b0f3-2027-4c87-b131-2773b2daac37"
            ],
            "execution_duration": "PT0S"
          }
        ]
      }
    },
    {
      "type": "Feature",
      "id": "8899691c-01cf-449c-adc7-52bc638f7f7b",
      "geometry": null,
      "properties": {
        "kind": "SENSOR_CONTACT",
        "parent_track": "OWNSHIP",
        "time": "1900-12-12T08:26:06+00:00",
        "bearing": 259.1,
        "sensor_name": "ARRAY",
        "label": "Label",
        "provenance": [
          {
            "activity_id": "296cbefb-3ab6-450e-8985-355d9f24887e",
            "timestamp": "2026-03-21T10:15:01.935001Z",
            "was_generated_by": {
              "tool": "dsf-parser",
              "tool_version": "1.0.0",
              "parameters": []
            },
            "used": [],
            "generated": [
              "8899691c-01cf-449c-adc7-52bc638f7f7b"
            ],
            "execution_duration": "PT0S"
          }
        ]
      }
    },
    {
      "type": "Feature",
      "id": "a431c3fa-9a73-49c3-a135-5c0b1aff3031",
      "geometry": null,
      "properties": {
        "kind": "SENSOR_CONTACT",
        "parent_track": "OWNSHIP",
        "time": "1900-12-12T08:26:46+00:00",
        "bearing": 260.1,
        "sensor_name": "ARRAY",
        "label": "Label",
        "provenance": [
          {
            "activity_id": "296cbefb-3ab6-450e-8985-355d9f24887e",
            "timestamp": "2026-03-21T10:15:01.935001Z",
            "was_generated_by": {
              "tool": "dsf-parser",
              "tool_version": "1.0.0",
              "parameters": []
            },
            "used": [],
            "generated": [
              "a431c3fa-9a73-49c3-a135-5c0b1aff3031"
            ],
            "execution_duration": "PT0S"
          }
        ]
      }
    },
    {
      "type": "Feature",
      "id": "8966a2f0-3294-432b-a03c-ab5eee0a4dfa",
      "geometry": null,
      "properties": {
        "kind": "SENSOR_CONTACT",
        "parent_track": "OWNSHIP",
        "time": "1900-12-12T08:27:32+00:00",
        "bearing": 262.1,
        "sensor_name": "ARRAY",
        "label": "Label",
        "provenance": [
          {
            "activity_id": "296cbefb-3ab6-450e-8985-355d9f24887e",
            "timestamp": "2026-03-21T10:15:01.935001Z",
            "was_generated_by": {
              "tool": "dsf-parser",
              "tool_version": "1.0.0",
              "parameters": []
            },
            "used": [],
            "generated": [
              "8966a2f0-3294-432b-a03c-ab5eee0a4dfa"
            ],
            "execution_duration": "PT0S"
          }
        ]
      }
    },
    {
      "type": "Feature",
      "id": "aab985b6-630f-4ba0-a2eb-867cf7fa28c2",
      "geometry": null,
      "properties": {
        "kind": "SENSOR_CONTACT",
        "parent_track": "OWNSHIP",
        "time": "1900-12-12T08:28:14+00:00",
        "bearing": 263.4,
        "sensor_name": "ARRAY",
        "label": "Label",
        "provenance": [
          {
            "activity_id": "296cbefb-3ab6-450e-8985-355d9f24887e",
            "timestamp": "2026-03-21T10:15:01.935001Z",
            "was_generated_by": {
              "tool": "dsf-parser",
              "tool_version": "1.0.0",
              "parameters": []
            },
            "used": [],
            "generated": [
              "aab985b6-630f-4ba0-a2eb-867cf7fa28c2"
            ],
            "execution_duration": "PT0S"
          }
        ]
      }
    },
    {
      "type": "Feature",
      "id": "1a047e41-a102-412a-9484-718e8e15be20",
      "geometry": null,
      "properties": {
        "kind": "SENSOR_CONTACT",
        "parent_track": "OWNSHIP",
        "time": "1900-12-12T08:28:58+00:00",
        "bearing": 264.7,
        "sensor_name": "ARRAY",
        "label": "Label",
        "provenance": [
          {
            "activity_id": "296cbefb-3ab6-450e-8985-355d9f24887e",
            "timestamp": "2026-03-21T10:15:01.935001Z",
            "was_generated_by": {
              "tool": "dsf-parser",
              "tool_version": "1.0.0",
              "parameters": []
            },
            "used": [],
            "generated": [
              "1a047e41-a102-412a-9484-718e8e15be20"
            ],
            "execution_duration": "PT0S"
          }
        ]
      }
    },
    {
      "type": "Feature",
      "id": "97dfd7c9-4da6-4a76-9448-a7fff73ba800",
      "geometry": null,
      "properties": {
        "kind": "SENSOR_CONTACT",
        "parent_track": "OWNSHIP",
        "time": "1900-12-12T08:29:42+00:00",
        "bearing": 267.1,
        "sensor_name": "ARRAY",
        "label": "Label",
        "provenance": [
          {
            "activity_id": "296cbefb-3ab6-450e-8985-355d9f24887e",
            "timestamp": "2026-03-21T10:15:01.935001Z",
            "was_generated_by": {
              "tool": "dsf-parser",
              "tool_version": "1.0.0",
              "parameters": []
            },
            "used": [],
            "generated": [
              "97dfd7c9-4da6-4a76-9448-a7fff73ba800"
            ],
            "execution_duration": "PT0S"
          }
        ]
      }
    },
    {
      "type": "Feature",
      "id": "e20bcf7c-09d9-4648-9901-d08742b7bbb0",
      "geometry": null,
      "properties": {
        "kind": "SENSOR_CONTACT",
        "parent_track": "OWNSHIP",
        "time": "1900-12-12T08:30:30+00:00",
        "bearing": 268.1,
        "sensor_name": "ARRAY",
        "label": "Label",
        "provenance": [
          {
            "activity_id": "296cbefb-3ab6-450e-8985-355d9f24887e",
            "timestamp": "2026-03-21T10:15:01.935001Z",
            "was_generated_by": {
              "tool": "dsf-parser",
              "tool_version": "1.0.0",
              "parameters": []
            },
            "used": [],
            "generated": [
              "e20bcf7c-09d9-4648-9901-d08742b7bbb0"
            ],
            "execution_duration": "PT0S"
          }
        ]
      }
    }
  ]
}