{
  "type": "FeatureCollection",
  "features": [
    {
      "type": "Feature",
      "id": "4ad706cb-feea-41dd-8250-522777405c9a",
      "geometry": {
        "type": "LineString",
        "coordinates": [
          [
            0.02385,
            60.3945139
          ],
          [
            0.0302278,
            60.3934222
          ],
          [
            0.0366028,
            60.3923333
          ],
          [
            0.0429806,
            60.3912444
          ],
          [
            0.0493556,
            60.3901528
          ],
          [
            0.0557306,
            60.3890639
          ],
          [
            0.0621056,
            60.387975
          ],
          [
            0.0684806,
            60.3868833
          ],
          [
            0.0748556,
            60.3857944
          ],
          [
            0.0812306,
            60.3847056
          ],
          [
            0.0876056,
            60.3836139
          ],
          [
            0.0939806,
            60.382525
          ],
          [
            0.1003528,
            60.3814361
          ],
          [
            0.1067278,
            60.3803472
          ],
          [
            0.1131,
            60.3792556
          ],
          [
            0.119475,
            60.3781667
          ],
          [
            0.1258472,
            60.3770778
          ],
          [
            0.1322194,
            60.3759861
          ],
          [
            0.1385944,
            60.3748972
          ],
          [
            0.1449667,
            60.3738083
          ],
          [
            0.1513389,
            60.3727167
          ],
          [
            0.1577889,
            60.3731333
          ],
          [
            0.1609917,
            60.3759333
          ],
          [
            0.1583917,
            60.3788806
          ],
          [
            0.1520556,
            60.3798056
          ],
          [
            0.145325,
            60.3800111
          ],
          [
            0.1385917,
            60.3802139
          ],
          [
            0.1318611,
            60.3804194
          ],
          [
            0.1251278,
            60.3806222
          ],
          [
            0.1183972,
            60.380825
          ],
          [
            0.1116667,
            60.3810306
          ],
          [
            0.1060333,
            60.3826389
          ],
          [
            0.10525,
            60.3858306
          ],
          [
            0.1099417,
            60.3880583
          ],
          [
            0.1166444,
            60.3883833
          ],
          [
            0.123375,
            60.3886056
          ],
          [
            0.1301056,
            60.3888278
          ],
          [
            0.1368361,
            60.38905
          ],
          [
            0.1435667,
            60.3892722
          ],
          [
            0.1503,
            60.3894944
          ],
          [
            0.1570306,
            60.3897167
          ],
          [
            0.1637611,
            60.3899389
          ],
          [
            0.1704917,
            60.3901611
          ],
          [
            0.177225,
            60.3903833
          ],
          [
            0.1839556,
            60.3906056
          ],
          [
            0.1906861,
            60.3908278
          ],
          [
            0.1974194,
            60.39105
          ],
          [
            0.20415,
            60.3912722
          ],
          [
            0.2108833,
            60.3914972
          ],
          [
            0.2176139,
            60.3917194
          ],
          [
            0.2243444,
            60.3919417
          ],
          [
            0.2310778,
            60.3921639
          ],
          [
            0.2378083,
            60.3923861
          ],
          [
            0.2438139,
            60.3911444
          ],
          [
            0.2465,
            60.3881111
          ],
          [
            0.2487222,
            60.3849639
          ],
          [
            0.2509444,
            60.3818167
          ],
          [
            0.2531667,
            60.3786694
          ],
          [
            0.2553889,
            60.3755222
          ],
          [
            0.2576111,
            60.372375
          ],
          [
            0.2598333,
            60.3692278
          ],
          [
            0.2620556,
            60.3660806
          ],
          [
            0.2642778,
            60.3629333
          ],
          [
            0.2664972,
            60.3597861
          ],
          [
            0.2687194,
            60.3566389
          ],
          [
            0.2709389,
            60.3534917
          ],
          [
            0.2731611,
            60.3503444
          ],
          [
            0.2753806,
            60.3471972
          ],
          [
            0.2776,
            60.34405
          ],
          [
            0.2798194,
            60.3409028
          ],
          [
            0.2820389,
            60.3377556
          ],
          [
            0.2842583,
            60.3346083
          ],
          [
            0.2864778,
            60.3314611
          ],
          [
            0.2886972,
            60.3283139
          ],
          [
            0.2909167,
            60.3251667
          ],
          [
            0.2931333,
            60.3220194
          ],
          [
            0.2953528,
            60.3188722
          ],
          [
            0.2975722,
            60.315725
          ],
          [
            0.2997889,
            60.3125778
          ],
          [
            0.3020056,
            60.3094306
          ],
          [
            0.304225,
            60.3062833
          ],
          [
            0.3064417,
            60.3031361
          ],
          [
            0.3086583,
            60.2999889
          ],
          [
            0.310875,
            60.2968417
          ],
          [
            0.3130917,
            60.2936944
          ],
          [
            0.3153083,
            60.2905472
          ],
          [
            0.317525,
            60.2874
          ],
          [
            0.3197417,
            60.2842528
          ],
          [
            0.3219556,
            60.2811056
          ],
          [
            0.3241722,
            60.2779583
          ],
          [
            0.3263889,
            60.2748111
          ],
          [
            0.3286028,
            60.2716639
          ],
          [
            0.3308167,
            60.2685167
          ],
          [
            0.3330333,
            60.2653722
          ],
          [
            0.3352472,
            60.262225
          ],
          [
            0.3374611,
            60.2590778
          ],
          [
            0.339675,
            60.2559306
          ],
          [
            0.3418889,
            60.2527833
          ],
          [
            0.3441028,
            60.2496361
          ],
          [
            0.3463167,
            60.2464889
          ],
          [
            0.3485306,
            60.2433417
          ],
          [
            0.3507417,
            60.2401944
          ],
          [
            0.3529556,
            60.2370472
          ],
          [
            0.3551667,
            60.2339
          ],
          [
            0.3573806,
            60.2307528
          ],
          [
            0.3595917,
            60.2276056
          ],
          [
            0.3618056,
            60.2244583
          ],
          [
            0.3640167,
            60.2213111
          ],
          [
            0.3662278,
            60.2181639
          ],
          [
            0.3684389,
            60.2150167
          ],
          [
            0.37065,
            60.2118694
          ],
          [
            0.3728611,
            60.2087222
          ],
          [
            0.3750722,
            60.205575
          ],
          [
            0.3772833,
            60.2024278
          ]
        ]
      },
      "properties": {
        "kind": "TRACK",
        "platform_id": "SUBJECT",
        "platform_name": "SUBJECT",
        "track_type": "CONTACT",
        "start_time": "2010-01-12T12:08:00+00:00",
        "end_time": "2010-01-12T15:54:00+00:00",
        "positions": [
          {
            "time": "2010-01-12T12:08:00+00:00",
            "course": 109.08,
            "speed": 6.0,
            "depth": 0.0
          },
          {
            "time": "2010-01-12T12:10:00+00:00",
            "course": 109.08,
            "speed": 6.0,
            "depth": 0.0
          },
          {
            "time": "2010-01-12T12:12:00+00:00",
            "course": 109.08,
            "speed": 6.0,
            "depth": 0.0
          },
          {
            "time": "2010-01-12T12:14:00+00:00",
            "course": 109.08,
            "speed": 6.0,
            "depth": 0.0
          },
          {
            "time": "2010-01-12T12:16:00+00:00",
            "course": 109.08,
            "speed": 6.0,
            "depth": 0.0
          },
          {
            "time": "2010-01-12T12:18:00+00:00",
            "course": 109.08,
            "speed": 6.0,
            "depth": 0.0
          },
          {
            "time": "2010-01-12T12:20:00+00:00",
            "course": 109.08,
            "speed": 6.0,
            "depth": 0.0
          },
          {
            "time": "2010-01-12T12:22:00+00:00",
            "course": 109.08,
            "speed": 6.0,
            "depth": 0.0
          },
          {
            "time": "2010-01-12T12:24:00+00:00",
            "course": 109.08,
            "speed": 6.0,
            "depth": 0.0
          },
          {
            "time": "2010-01-12T12:26:00+00:00",
            "course": 109.08,
            "speed": 6.0,
            "depth": 0.0
          },
          {
            "time": "2010-01-12T12:28:00+00:00",
            "course": 109.08,
            "speed": 6.0,
            "depth": 0.0
          },
          {
            "time": "2010-01-12T12:30:00+00:00",
            "course": 109.08,
            "speed": 6.0,
            "depth": 0.0
          },
          {
            "time": "2010-01-12T12:32:00+00:00",
            "course": 109.08,
            "speed": 6.0,
            "depth": 0.0
          },
          {
            "time": "2010-01-12T12:34:00+00:00",
            "course": 109.08,
            "speed": 6.0,
            "depth": 0.0
          },
          {
            "time": "2010-01-12T12:36:00+00:00",
            "course": 109.08,
            "speed": 6.0,
            "depth": 0.0
          },
          {
            "time": "2010-01-12T12:38:00+00:00",
            "course": 109.08,
            "speed": 6.0,
            "depth": 0.0
          },
          {
            "time": "2010-01-12T12:40:00+00:00",
            "course": 109.08,
            "speed": 6.0,
            "depth": 0.0
          },
          {
            "time": "2010-01-12T12:42:00+00:00",
            "course": 109.08,
            "speed": 6.0,
            "depth": 0.0
          },
          {
            "time": "2010-01-12T12:44:00+00:00",
            "course": 109.08,
            "speed": 6.0,
            "depth": 0.0
          },
          {
            "time": "2010-01-12T12:46:00+00:00",
            "course": 109.08,
            "speed": 6.0,
            "depth": 0.0
          },
          {
            "time": "2010-01-12T12:48:00+00:00",
            "course": 109.08,
            "speed": 6.0,
            "depth": 0.0
          },
          {
            "time": "2010-01-12T12:50:00+00:00",
            "course": 56.03,
            "speed": 6.0,
            "depth": 0.0
          },
          {
            "time": "2010-01-12T12:52:00+00:00",
            "course": 2.97,
            "speed": 6.0,
            "depth": 0.0
          },
          {
            "time": "2010-01-12T12:54:00+00:00",
            "course": 309.92,
            "speed": 6.0,
            "depth": 0.0
          },
          {
            "time": "2010-01-12T12:56:00+00:00",
            "course": 275.06,
            "speed": 6.0,
            "depth": 0.0
          },
          {
            "time": "2010-01-12T12:58:00+00:00",
            "course": 273.51,
            "speed": 6.0,
            "depth": 0.0
          },
          {
            "time": "2010-01-12T13:00:00+00:00",
            "course": 273.51,
            "speed": 6.0,
            "depth": 0.0
          },
          {
            "time": "2010-01-12T13:02:00+00:00",
            "course": 273.51,
            "speed": 6.0,
            "depth": 0.0
          },
          {
            "time": "2010-01-12T13:04:00+00:00",
            "course": 273.51,
            "speed": 6.0,
            "depth": 0.0
          },
          {
            "time": "2010-01-12T13:06:00+00:00",
            "course": 273.51,
            "speed": 6.0,
            "depth": 0.0
          },
          {
            "time": "2010-01-12T13:08:00+00:00",
            "course": 273.51,
            "speed": 6.0,
            "depth": 0.0
          },
          {
            "time": "2010-01-12T13:10:00+00:00",
            "course": 326.56,
            "speed": 6.0,
            "depth": 0.0
          },
          {
            "time": "2010-01-12T13:12:00+00:00",
            "course": 19.62,
            "speed": 6.0,
            "depth": 0.0
          },
          {
            "time": "2010-01-12T13:14:00+00:00",
            "course": 72.67,
            "speed": 6.0,
            "depth": 0.0
          },
          {
            "time": "2010-01-12T13:16:00+00:00",
            "course": 86.09,
            "speed": 6.0,
            "depth": 0.0
          },
          {
            "time": "2010-01-12T13:18:00+00:00",
            "course": 86.18,
            "speed": 6.0,
            "depth": 0.0
          },
          {
            "time": "2010-01-12T13:20:00+00:00",
            "course": 86.18,
            "speed": 6.0,
            "depth": 0.0
          },
          {
            "time": "2010-01-12T13:22:00+00:00",
            "course": 86.18,
            "speed": 6.0,
            "depth": 0.0
          },
          {
            "time": "2010-01-12T13:24:00+00:00",
            "course": 86.18,
            "speed": 6.0,
            "depth": 0.0
          },
          {
            "time": "2010-01-12T13:26:00+00:00",
            "course": 86.18,
            "speed": 6.0,
            "depth": 0.0
          },
          {
            "time": "2010-01-12T13:28:00+00:00",
            "course": 86.18,
            "speed": 6.0,
            "depth": 0.0
          },
          {
            "time": "2010-01-12T13:30:00+00:00",
            "course": 86.18,
            "speed": 6.0,
            "depth": 0.0
          },
          {
            "time": "2010-01-12T13:32:00+00:00",
            "course": 86.18,
            "speed": 6.0,
            "depth": 0.0
          },
          {
            "time": "2010-01-12T13:34:00+00:00",
            "course": 86.18,
            "speed": 6.0,
            "depth": 0.0
          },
          {
            "time": "2010-01-12T13:36:00+00:00",
            "course": 86.18,
            "speed": 6.0,
            "depth": 0.0
          },
          {
            "time": "2010-01-12T13:38:00+00:00",
            "course": 86.18,
            "speed": 6.0,
            "depth": 0.0
          },
          {
            "time": "2010-01-12T13:40:00+00:00",
            "course": 86.18,
            "speed": 6.0,
            "depth": 0.0
          },
          {
            "time": "2010-01-12T13:42:00+00:00",
            "course": 86.18,
            "speed": 6.0,
            "depth": 0.0
          },
          {
            "time": "2010-01-12T13:44:00+00:00",
            "course": 86.18,
            "speed": 6.0,
            "depth": 0.0
          },
          {
            "time": "2010-01-12T13:46:00+00:00",
            "course": 86.18,
            "speed": 6.0,
            "depth": 0.0
          },
          {
            "time": "2010-01-12T13:48:00+00:00",
            "course": 86.18,
            "speed": 6.0,
            "depth": 0.0
          },
          {
            "time": "2010-01-12T13:50:00+00:00",
            "course": 86.18,
            "speed": 6.0,
            "depth": 0.0
          },
          {
            "time": "2010-01-12T13:52:00+00:00",
            "course": 86.18,
            "speed": 6.0,
            "depth": 0.0
          },
          {
            "time": "2010-01-12T13:54:00+00:00",
            "course": 139.23,
            "speed": 6.0,
            "depth": 0.0
          },
          {
            "time": "2010-01-12T13:56:00+00:00",
            "course": 160.69,
            "speed": 6.0,
            "depth": 0.0
          },
          {
            "time": "2010-01-12T13:58:00+00:00",
            "course": 160.76,
            "speed": 6.0,
            "depth": 0.0
          },
          {
            "time": "2010-01-12T14:00:00+00:00",
            "course": 160.76,
            "speed": 6.0,
            "depth": 0.0
          },
          {
            "time": "2010-01-12T14:02:00+00:00",
            "course": 160.76,
            "speed": 6.0,
            "depth": 0.0
          },
          {
            "time": "2010-01-12T14:04:00+00:00",
            "course": 160.76,
            "speed": 6.0,
            "depth": 0.0
          },
          {
            "time": "2010-01-12T14:06:00+00:00",
            "course": 160.76,
            "speed": 6.0,
            "depth": 0.0
          },
          {
            "time": "2010-01-12T14:08:00+00:00",
            "course": 160.76,
            "speed": 6.0,
            "depth": 0.0
          },
          {
            "time": "2010-01-12T14:10:00+00:00",
            "course": 160.76,
            "speed": 6.0,
            "depth": 0.0
          },
          {
            "time": "2010-01-12T14:12:00+00:00",
            "course": 160.76,
            "speed": 6.0,
            "depth": 0.0
          },
          {
            "time": "2010-01-12T14:14:00+00:00",
            "course": 160.76,
            "speed": 6.0,
            "depth": 0.0
          },
          {
            "time": "2010-01-12T14:16:00+00:00",
            "course": 160.76,
            "speed": 6.0,
            "depth": 0.0
          },
          {
            "time": "2010-01-12T14:18:00+00:00",
            "course": 160.76,
            "speed": 6.0,
            "depth": 0.0
          },
          {
            "time": "2010-01-12T14:20:00+00:00",
            "course": 160.76,
            "speed": 6.0,
            "depth": 0.0
          },
          {
            "time": "2010-01-12T14:22:00+00:00",
            "course": 160.76,
            "speed": 6.0,
            "depth": 0.0
          },
          {
            "time": "2010-01-12T14:24:00+00:00",
            "course": 160.76,
            "speed": 6.0,
            "depth": 0.0
          },
          {
            "time": "2010-01-12T14:26:00+00:00",
            "course": 160.76,
            "speed": 6.0,
            "depth": 0.0
          },
          {
            "time": "2010-01-12T14:28:00+00:00",
            "course": 160.76,
            "speed": 6.0,
            "depth": 0.0
          },
          {
            "time": "2010-01-12T14:30:00+00:00",
            "course": 160.76,
            "speed": 6.0,
            "depth": 0.0
          },
          {
            "time": "2010-01-12T14:32:00+00:00",
            "course": 160.76,
            "speed": 6.0,
            "depth": 0.0
          },
          {
            "time": "2010-01-12T14:34:00+00:00",
            "course": 160.76,
            "speed": 6.0,
            "depth": 0.0
          },
          {
            "time": "2010-01-12T14:36:00+00:00",
            "course": 160.76,
            "speed": 6.0,
            "depth": 0.0
          },
          {
            "time": "2010-01-12T14:38:00+00:00",
            "course": 160.76,
            "speed": 6.0,
            "depth": 0.0
          },
          {
            "time": "2010-01-12T14:40:00+00:00",
            "course": 160.76,
            "speed": 6.0,
            "depth": 0.0
          },
          {
            "time": "2010-01-12T14:42:00+00:00",
            "course": 160.76,
            "speed": 6.0,
            "depth": 0.0
          },
          {
            "time": "2010-01-12T14:44:00+00:00",
            "course": 160.76,
            "speed": 6.0,
            "depth": 0.0
          },
          {
            "time": "2010-01-12T14:46:00+00:00",
            "course": 160.76,
            "speed": 6.0,
            "depth": 0.0
          },
          {
            "time": "2010-01-12T14:48:00+00:00",
            "course": 160.76,
            "speed": 6.0,
            "depth": 0.0
          },
          {
            "time": "2010-01-12T14:50:00+00:00",
            "course": 160.76,
            "speed": 6.0,
            "depth": 0.0
          },
          {
            "time": "2010-01-12T14:52:00+00:00",
            "course": 160.76,
            "speed": 6.0,
            "depth": 0.0
          },
          {
            "time": "2010-01-12T14:54:00+00:00",
            "course": 160.76,
            "speed": 6.0,
            "depth": 0.0
          },
          {
            "time": "2010-01-12T14:56:00+00:00",
            "course": 160.76,
            "speed": 6.0,
            "depth": 0.0
          },
          {
            "time": "2010-01-12T14:58:00+00:00",
            "course": 160.76,
            "speed": 6.0,
            "depth": 0.0
          },
          {
            "time": "2010-01-12T15:00:00+00:00",
            "course": 160.76,
            "speed": 6.0,
            "depth": 0.0
          },
          {
            "time": "2010-01-12T15:02:00+00:00",
            "course": 160.76,
            "speed": 6.0,
            "depth": 0.0
          },
          {
            "time": "2010-01-12T15:04:00+00:00",
            "course": 160.76,
            "speed": 6.0,
            "depth": 0.0
          },
          {
            "time": "2010-01-12T15:06:00+00:00",
            "course": 160.76,
            "speed": 6.0,
            "depth": 0.0
          },
          {
            "time": "2010-01-12T15:08:00+00:00",
            "course": 160.76,
            "speed": 6.0,
            "depth": 0.0
          },
          {
            "time": "2010-01-12T15:10:00+00:00",
            "course": 160.76,
            "speed": 6.0,
            "depth": 0.0
          },
          {
            "time": "2010-01-12T15:12:00+00:00",
            "course": 160.76,
            "speed": 6.0,
            "depth": 0.0
          },
          {
            "time": "2010-01-12T15:14:00+00:00",
            "course": 160.76,
            "speed": 6.0,
            "depth": 0.0
          },
          {
            "time": "2010-01-12T15:16:00+00:00",
            "course": 160.76,
            "speed": 6.0,
            "depth": 0.0
          },
          {
            "time": "2010-01-12T15:18:00+00:00",
            "course": 160.76,
            "speed": 6.0,
            "depth": 0.0
          },
          {
            "time": "2010-01-12T15:20:00+00:00",
            "course": 160.76,
            "speed": 6.0,
            "depth": 0.0
          },
          {
            "time": "2010-01-12T15:22:00+00:00",
            "course": 160.76,
            "speed": 6.0,
            "depth": 0.0
          },
          {
            "time": "2010-01-12T15:24:00+00:00",
            "course": 160.76,
            "speed": 6.0,
            "depth": 0.0
          },
          {
            "time": "2010-01-12T15:26:00+00:00",
            "course": 160.76,
            "speed": 6.0,
            "depth": 0.0
          },
          {
            "time": "2010-01-12T15:28:00+00:00",
            "course": 160.76,
            "speed": 6.0,
            "depth": 0.0
          },
          {
            "time": "2010-01-12T15:30:00+00:00",
            "course": 160.76,
            "speed": 6.0,
            "depth": 0.0
          },
          {
            "time": "2010-01-12T15:32:00+00:00",
            "course": 160.76,
            "speed": 6.0,
            "depth": 0.0
          },
          {
            "time": "2010-01-12T15:34:00+00:00",
            "course": 160.76,
            "speed": 6.0,
            "depth": 0.0
          },
          {
            "time": "2010-01-12T15:36:00+00:00",
            "course": 160.76,
            "speed": 6.0,
            "depth": 0.0
          },
          {
            "time": "2010-01-12T15:38:00+00:00",
            "course": 160.76,
            "speed": 6.0,
            "depth": 0.0
          },
          {
            "time": "2010-01-12T15:40:00+00:00",
            "course": 160.76,
            "speed": 6.0,
            "depth": 0.0
          },
          {
            "time": "2010-01-12T15:42:00+00:00",
            "course": 160.76,
            "speed": 6.0,
            "depth": 0.0
          },
          {
            "time": "2010-01-12T15:44:00+00:00",
            "course": 160.76,
            "speed": 6.0,
            "depth": 0.0
          },
          {
            "time": "2010-01-12T15:46:00+00:00",
            "course": 160.76,
            "speed": 6.0,
            "depth": 0.0
          },
          {
            "time": "2010-01-12T15:48:00+00:00",
            "course": 160.76,
            "speed": 6.0,
            "depth": 0.0
          },
          {
            "time": "2010-01-12T15:50:00+00:00",
            "course": 160.76,
            "speed": 6.0,
            "depth": 0.0
          },
          {
            "time": "2010-01-12T15:52:00+00:00",
            "course": 160.76,
            "speed": 6.0,
            "depth": 0.0
          },
          {
            "time": "2010-01-12T15:54:00+00:00",
            "course": 160.76,
            "speed": 6.0,
            "depth": 0.0
          }
        ],
        "style": {
          "line": {
            "color": "#808080"
          },
          "point": {
            "shape": "circle",
            "radius": 3.0,
            "fill_color": "#808080",
            "color": "#808080"
          }
        },
        "default_position_style": {
          "show_symbol": false,
          "symbol": "circle",
          "show_label": false
        },
        "symbol_interval": "PT10M",
        "label_interval": "PT30M",
        "provenance": [
          {
            "activity_id": "bd6cb9ad-6b9d-4f06-bc76-816ff65218b5",
            "timestamp": "2026-03-21T10:15:01.419842Z",
            "was_generated_by": {
              "tool": "rep-parser",
              "tool_version": "1.0.0",
              "parameters": []
            },
            "used": [],
            "generated": [
              "4ad706cb-feea-41dd-8250-522777405c9a"
            ],
            "execution_duration": "PT0S"
          }
        ]
      }
    },
    {
      "type": "Feature",
      "id": "0794c7ae-6611-48a2-a656-8b0ff76eab67",
      "geometry": {
        "type": "LineString",
        "coordinates": [
          [
            0.5999111,
            60.4822278
          ],
          [
            0.5999361,
            60.4777833
          ],
          [
            0.5999611,
            60.4733389
          ],
          [
            0.5999861,
            60.4688944
          ],
          [
            0.5965028,
            60.4649306
          ],
          [
            0.5882389,
            60.4634722
          ],
          [
            0.5792361,
            60.4637111
          ],
          [
            0.5702361,
            60.4639722
          ],
          [
            0.5612361,
            60.4642306
          ],
          [
            0.5522361,
            60.4644889
          ],
          [
            0.5440139,
            60.4629944
          ],
          [
            0.5406472,
            60.4590056
          ],
          [
            0.5422722,
            60.4546389
          ],
          [
            0.5441194,
            60.4502889
          ],
          [
            0.5459639,
            60.4459389
          ],
          [
            0.5478111,
            60.4415889
          ],
          [
            0.5496556,
            60.4372389
          ],
          [
            0.5515,
            60.4328889
          ],
          [
            0.5497167,
            60.4286611
          ],
          [
            0.5422194,
            60.4264306
          ],
          [
            0.5332194,
            60.4263028
          ],
          [
            0.5242167,
            60.4262139
          ],
          [
            0.5152139,
            60.4261222
          ],
          [
            0.5062111,
            60.4260333
          ],
          [
            0.4972083,
            60.4259417
          ],
          [
            0.4882056,
            60.4258528
          ],
          [
            0.4792,
            60.4257611
          ],
          [
            0.4701972,
            60.4256722
          ],
          [
            0.4622472,
            60.4238639
          ],
          [
            0.4588917,
            60.4198
          ],
          [
            0.4568833,
            60.4154667
          ],
          [
            0.4548778,
            60.4111361
          ],
          [
            0.4528722,
            60.4068028
          ],
          [
            0.4508667,
            60.4024694
          ],
          [
            0.4488611,
            60.3981361
          ],
          [
            0.4448083,
            60.3941889
          ],
          [
            0.4402444,
            60.3903583
          ],
          [
            0.4356833,
            60.3865278
          ],
          [
            0.4311222,
            60.3826972
          ],
          [
            0.4265611,
            60.3788667
          ],
          [
            0.4220028,
            60.3750361
          ],
          [
            0.4174417,
            60.3712056
          ],
          [
            0.4163944,
            60.3669167
          ],
          [
            0.4201694,
            60.3628889
          ],
          [
            0.4241083,
            60.3588917
          ],
          [
            0.4280444,
            60.3548972
          ],
          [
            0.4319806,
            60.3509028
          ],
          [
            0.4323472,
            60.3465861
          ],
          [
            0.427625,
            60.3428139
          ],
          [
            0.4226611,
            60.3391083
          ],
          [
            0.4177,
            60.3354056
          ],
          [
            0.4127389,
            60.3317
          ],
          [
            0.4077778,
            60.3279944
          ],
          [
            0.4028194,
            60.3242917
          ],
          [
            0.3978611,
            60.3205861
          ],
          [
            0.3929,
            60.3168806
          ],
          [
            0.3879417,
            60.3131778
          ],
          [
            0.3864361,
            60.3089222
          ],
          [
            0.3899361,
            60.3048361
          ],
          [
            0.3936389,
            60.3007861
          ],
          [
            0.3973417,
            60.2967389
          ],
          [
            0.4010444,
            60.2926917
          ],
          [
            0.4047444,
            60.2886417
          ],
          [
            0.4084472,
            60.2845944
          ],
          [
            0.4085667,
            60.280275
          ],
          [
            0.4033917,
            60.2766611
          ],
          [
            0.3978,
            60.2731861
          ],
          [
            0.3922083,
            60.2697139
          ],
          [
            0.38995,
            60.2655417
          ],
          [
            0.3945806,
            60.2618833
          ],
          [
            0.4021167,
            60.2594806
          ],
          [
            0.4096611,
            60.2570833
          ],
          [
            0.4172028,
            60.2546833
          ],
          [
            0.4247444,
            60.2522861
          ],
          [
            0.4322861,
            60.2498889
          ],
          [
            0.439825,
            60.2474889
          ],
          [
            0.4473667,
            60.2450917
          ],
          [
            0.4549056,
            60.2426944
          ],
          [
            0.4624444,
            60.2402944
          ],
          [
            0.4710389,
            60.2396139
          ],
          [
            0.4779222,
            60.2422694
          ],
          [
            0.4824472,
            60.2461028
          ],
          [
            0.4869583,
            60.2499417
          ],
          [
            0.4914694,
            60.2537833
          ],
          [
            0.4959806,
            60.2576222
          ],
          [
            0.5004944,
            60.2614611
          ],
          [
            0.5050056,
            60.2653
          ],
          [
            0.5060167,
            60.2695917
          ],
          [
            0.5003583,
            60.2728778
          ],
          [
            0.4919083,
            60.2743556
          ],
          [
            0.4834222,
            60.2757861
          ],
          [
            0.4749361,
            60.2772194
          ],
          [
            0.46645,
            60.27865
          ],
          [
            0.4579639,
            60.2800833
          ],
          [
            0.4494778,
            60.2815139
          ],
          [
            0.4409889,
            60.2829472
          ],
          [
            0.4325028,
            60.2843778
          ],
          [
            0.4240139,
            60.2858111
          ],
          [
            0.415525,
            60.2872417
          ],
          [
            0.4070361,
            60.288675
          ],
          [
            0.3985472,
            60.2901056
          ],
          [
            0.3900583,
            60.2915389
          ],
          [
            0.3815694,
            60.2929694
          ],
          [
            0.3730778,
            60.2944028
          ],
          [
            0.3645861,
            60.2958361
          ],
          [
            0.3560972,
            60.2972667
          ],
          [
            0.3476056,
            60.2987
          ],
          [
            0.3391139,
            60.3001306
          ],
          [
            0.3306194,
            60.3015639
          ],
          [
            0.3221278,
            60.3029944
          ],
          [
            0.3136361,
            60.3044278
          ],
          [
            0.3051417,
            60.3058583
          ],
          [
            0.2966472,
            60.3072917
          ],
          [
            0.2881556,
            60.3087222
          ]
        ]
      },
      "properties": {
        "kind": "TRACK",
        "platform_id": "SENSOR",
        "platform_name": "SENSOR",
        "track_type": "CONTACT",
        "start_time": "2010-01-12T12:08:00+00:00",
        "end_time": "2010-01-12T15:54:00+00:00",
        "positions": [
          {
            "time": "2010-01-12T12:08:00+00:00",
            "course": 179.84,
            "speed": 8.0,
            "depth": 0.0
          },
          {
            "time": "2010-01-12T12:10:00+00:00",
            "course": 179.84,
            "speed": 8.0,
            "depth": 0.0
          },
          {
            "time": "2010-01-12T12:12:00+00:00",
            "course": 179.84,
            "speed": 8.0,
            "depth": 0.0
          },
          {
            "time": "2010-01-12T12:14:00+00:00",
            "course": 179.84,
            "speed": 8.0,
            "depth": 0.0
          },
          {
            "time": "2010-01-12T12:16:00+00:00",
            "course": 227.0,
            "speed": 8.0,
            "depth": 0.0
          },
          {
            "time": "2010-01-12T12:18:00+00:00",
            "course": 269.06,
            "speed": 8.0,
            "depth": 0.0
          },
          {
            "time": "2010-01-12T12:20:00+00:00",
            "course": 273.29,
            "speed": 8.0,
            "depth": 0.0
          },
          {
            "time": "2010-01-12T12:22:00+00:00",
            "course": 273.34,
            "speed": 8.0,
            "depth": 0.0
          },
          {
            "time": "2010-01-12T12:24:00+00:00",
            "course": 273.34,
            "speed": 8.0,
            "depth": 0.0
          },
          {
            "time": "2010-01-12T12:26:00+00:00",
            "course": 273.34,
            "speed": 8.0,
            "depth": 0.0
          },
          {
            "time": "2010-01-12T12:28:00+00:00",
            "course": 226.18,
            "speed": 8.0,
            "depth": 0.0
          },
          {
            "time": "2010-01-12T12:30:00+00:00",
            "course": 179.02,
            "speed": 8.0,
            "depth": 0.0
          },
          {
            "time": "2010-01-12T12:32:00+00:00",
            "course": 168.4,
            "speed": 8.0,
            "depth": 0.0
          },
          {
            "time": "2010-01-12T12:34:00+00:00",
            "course": 168.18,
            "speed": 8.0,
            "depth": 0.0
          },
          {
            "time": "2010-01-12T12:36:00+00:00",
            "course": 168.18,
            "speed": 8.0,
            "depth": 0.0
          },
          {
            "time": "2010-01-12T12:38:00+00:00",
            "course": 168.18,
            "speed": 8.0,
            "depth": 0.0
          },
          {
            "time": "2010-01-12T12:40:00+00:00",
            "course": 168.18,
            "speed": 8.0,
            "depth": 0.0
          },
          {
            "time": "2010-01-12T12:42:00+00:00",
            "course": 168.18,
            "speed": 8.0,
            "depth": 0.0
          },
          {
            "time": "2010-01-12T12:44:00+00:00",
            "course": 215.34,
            "speed": 8.0,
            "depth": 0.0
          },
          {
            "time": "2010-01-12T12:46:00+00:00",
            "course": 262.5,
            "speed": 8.0,
            "depth": 0.0
          },
          {
            "time": "2010-01-12T12:48:00+00:00",
            "course": 268.78,
            "speed": 8.0,
            "depth": 0.0
          },
          {
            "time": "2010-01-12T12:50:00+00:00",
            "course": 268.84,
            "speed": 8.0,
            "depth": 0.0
          },
          {
            "time": "2010-01-12T12:52:00+00:00",
            "course": 268.84,
            "speed": 8.0,
            "depth": 0.0
          },
          {
            "time": "2010-01-12T12:54:00+00:00",
            "course": 268.84,
            "speed": 8.0,
            "depth": 0.0
          },
          {
            "time": "2010-01-12T12:56:00+00:00",
            "course": 268.84,
            "speed": 8.0,
            "depth": 0.0
          },
          {
            "time": "2010-01-12T12:58:00+00:00",
            "course": 268.84,
            "speed": 8.0,
            "depth": 0.0
          },
          {
            "time": "2010-01-12T13:00:00+00:00",
            "course": 268.84,
            "speed": 8.0,
            "depth": 0.0
          },
          {
            "time": "2010-01-12T13:02:00+00:00",
            "course": 268.84,
            "speed": 8.0,
            "depth": 0.0
          },
          {
            "time": "2010-01-12T13:04:00+00:00",
            "course": 221.68,
            "speed": 8.0,
            "depth": 0.0
          },
          {
            "time": "2010-01-12T13:06:00+00:00",
            "course": 194.21,
            "speed": 8.0,
            "depth": 0.0
          },
          {
            "time": "2010-01-12T13:08:00+00:00",
            "course": 192.88,
            "speed": 8.0,
            "depth": 0.0
          },
          {
            "time": "2010-01-12T13:10:00+00:00",
            "course": 192.87,
            "speed": 8.0,
            "depth": 0.0
          },
          {
            "time": "2010-01-12T13:12:00+00:00",
            "course": 192.87,
            "speed": 8.0,
            "depth": 0.0
          },
          {
            "time": "2010-01-12T13:14:00+00:00",
            "course": 192.87,
            "speed": 8.0,
            "depth": 0.0
          },
          {
            "time": "2010-01-12T13:16:00+00:00",
            "course": 192.87,
            "speed": 8.0,
            "depth": 0.0
          },
          {
            "time": "2010-01-12T13:18:00+00:00",
            "course": 210.0,
            "speed": 8.0,
            "depth": 0.0
          },
          {
            "time": "2010-01-12T13:20:00+00:00",
            "course": 210.47,
            "speed": 8.0,
            "depth": 0.0
          },
          {
            "time": "2010-01-12T13:22:00+00:00",
            "course": 210.47,
            "speed": 8.0,
            "depth": 0.0
          },
          {
            "time": "2010-01-12T13:24:00+00:00",
            "course": 210.47,
            "speed": 8.0,
            "depth": 0.0
          },
          {
            "time": "2010-01-12T13:26:00+00:00",
            "course": 210.47,
            "speed": 8.0,
            "depth": 0.0
          },
          {
            "time": "2010-01-12T13:28:00+00:00",
            "course": 210.47,
            "speed": 8.0,
            "depth": 0.0
          },
          {
            "time": "2010-01-12T13:30:00+00:00",
            "course": 210.47,
            "speed": 8.0,
            "depth": 0.0
          },
          {
            "time": "2010-01-12T13:32:00+00:00",
            "course": 163.31,
            "speed": 8.0,
            "depth": 0.0
          },
          {
            "time": "2010-01-12T13:34:00+00:00",
            "course": 154.27,
            "speed": 8.0,
            "depth": 0.0
          },
          {
            "time": "2010-01-12T13:36:00+00:00",
            "course": 154.02,
            "speed": 8.0,
            "depth": 0.0
          },
          {
            "time": "2010-01-12T13:38:00+00:00",
            "course": 154.02,
            "speed": 8.0,
            "depth": 0.0
          },
          {
            "time": "2010-01-12T13:40:00+00:00",
            "course": 154.02,
            "speed": 8.0,
            "depth": 0.0
          },
          {
            "time": "2010-01-12T13:42:00+00:00",
            "course": 201.18,
            "speed": 8.0,
            "depth": 0.0
          },
          {
            "time": "2010-01-12T13:44:00+00:00",
            "course": 213.34,
            "speed": 8.0,
            "depth": 0.0
          },
          {
            "time": "2010-01-12T13:46:00+00:00",
            "course": 213.54,
            "speed": 8.0,
            "depth": 0.0
          },
          {
            "time": "2010-01-12T13:48:00+00:00",
            "course": 213.54,
            "speed": 8.0,
            "depth": 0.0
          },
          {
            "time": "2010-01-12T13:50:00+00:00",
            "course": 213.54,
            "speed": 8.0,
            "depth": 0.0
          },
          {
            "time": "2010-01-12T13:52:00+00:00",
            "course": 213.54,
            "speed": 8.0,
            "depth": 0.0
          },
          {
            "time": "2010-01-12T13:54:00+00:00",
            "course": 213.54,
            "speed": 8.0,
            "depth": 0.0
          },
          {
            "time": "2010-01-12T13:56:00+00:00",
            "course": 213.54,
            "speed": 8.0,
            "depth": 0.0
          },
          {
            "time": "2010-01-12T13:58:00+00:00",
            "course": 213.54,
            "speed": 8.0,
            "depth": 0.0
          },
          {
            "time": "2010-01-12T14:00:00+00:00",
            "course": 213.54,
            "speed": 8.0,
            "depth": 0.0
          },
          {
            "time": "2010-01-12T14:02:00+00:00",
            "course": 166.38,
            "speed": 8.0,
            "depth": 0.0
          },
          {
            "time": "2010-01-12T14:04:00+00:00",
            "course": 155.83,
            "speed": 8.0,
            "depth": 0.0
          },
          {
            "time": "2010-01-12T14:06:00+00:00",
            "course": 155.62,
            "speed": 8.0,
            "depth": 0.0
          },
          {
            "time": "2010-01-12T14:08:00+00:00",
            "course": 155.62,
            "speed": 8.0,
            "depth": 0.0
          },
          {
            "time": "2010-01-12T14:10:00+00:00",
            "course": 155.62,
            "speed": 8.0,
            "depth": 0.0
          },
          {
            "time": "2010-01-12T14:12:00+00:00",
            "course": 155.62,
            "speed": 8.0,
            "depth": 0.0
          },
          {
            "time": "2010-01-12T14:14:00+00:00",
            "course": 155.62,
            "speed": 8.0,
            "depth": 0.0
          },
          {
            "time": "2010-01-12T14:16:00+00:00",
            "course": 202.78,
            "speed": 8.0,
            "depth": 0.0
          },
          {
            "time": "2010-01-12T14:18:00+00:00",
            "course": 217.73,
            "speed": 8.0,
            "depth": 0.0
          },
          {
            "time": "2010-01-12T14:20:00+00:00",
            "course": 218.61,
            "speed": 8.0,
            "depth": 0.0
          },
          {
            "time": "2010-01-12T14:22:00+00:00",
            "course": 218.61,
            "speed": 8.0,
            "depth": 0.0
          },
          {
            "time": "2010-01-12T14:24:00+00:00",
            "course": 171.45,
            "speed": 8.0,
            "depth": 0.0
          },
          {
            "time": "2010-01-12T14:26:00+00:00",
            "course": 125.01,
            "speed": 8.0,
            "depth": 0.0
          },
          {
            "time": "2010-01-12T14:28:00+00:00",
            "course": 122.66,
            "speed": 8.0,
            "depth": 0.0
          },
          {
            "time": "2010-01-12T14:30:00+00:00",
            "course": 122.66,
            "speed": 8.0,
            "depth": 0.0
          },
          {
            "time": "2010-01-12T14:32:00+00:00",
            "course": 122.66,
            "speed": 8.0,
            "depth": 0.0
          },
          {
            "time": "2010-01-12T14:34:00+00:00",
            "course": 122.66,
            "speed": 8.0,
            "depth": 0.0
          },
          {
            "time": "2010-01-12T14:36:00+00:00",
            "course": 122.66,
            "speed": 8.0,
            "depth": 0.0
          },
          {
            "time": "2010-01-12T14:38:00+00:00",
            "course": 122.66,
            "speed": 8.0,
            "depth": 0.0
          },
          {
            "time": "2010-01-12T14:40:00+00:00",
            "course": 122.66,
            "speed": 8.0,
            "depth": 0.0
          },
          {
            "time": "2010-01-12T14:42:00+00:00",
            "course": 122.66,
            "speed": 8.0,
            "depth": 0.0
          },
          {
            "time": "2010-01-12T14:44:00+00:00",
            "course": 122.66,
            "speed": 8.0,
            "depth": 0.0
          },
          {
            "time": "2010-01-12T14:46:00+00:00",
            "course": 75.5,
            "speed": 8.0,
            "depth": 0.0
          },
          {
            "time": "2010-01-12T14:48:00+00:00",
            "course": 33.21,
            "speed": 8.0,
            "depth": 0.0
          },
          {
            "time": "2010-01-12T14:50:00+00:00",
            "course": 30.26,
            "speed": 8.0,
            "depth": 0.0
          },
          {
            "time": "2010-01-12T14:52:00+00:00",
            "course": 30.24,
            "speed": 8.0,
            "depth": 0.0
          },
          {
            "time": "2010-01-12T14:54:00+00:00",
            "course": 30.24,
            "speed": 8.0,
            "depth": 0.0
          },
          {
            "time": "2010-01-12T14:56:00+00:00",
            "course": 30.24,
            "speed": 8.0,
            "depth": 0.0
          },
          {
            "time": "2010-01-12T14:58:00+00:00",
            "course": 30.24,
            "speed": 8.0,
            "depth": 0.0
          },
          {
            "time": "2010-01-12T15:00:00+00:00",
            "course": 30.24,
            "speed": 8.0,
            "depth": 0.0
          },
          {
            "time": "2010-01-12T15:02:00+00:00",
            "course": 343.08,
            "speed": 8.0,
            "depth": 0.0
          },
          {
            "time": "2010-01-12T15:04:00+00:00",
            "course": 295.92,
            "speed": 8.0,
            "depth": 0.0
          },
          {
            "time": "2010-01-12T15:06:00+00:00",
            "course": 288.89,
            "speed": 8.0,
            "depth": 0.0
          },
          {
            "time": "2010-01-12T15:08:00+00:00",
            "course": 288.8,
            "speed": 8.0,
            "depth": 0.0
          },
          {
            "time": "2010-01-12T15:10:00+00:00",
            "course": 288.8,
            "speed": 8.0,
            "depth": 0.0
          },
          {
            "time": "2010-01-12T15:12:00+00:00",
            "course": 288.8,
            "speed": 8.0,
            "depth": 0.0
          },
          {
            "time": "2010-01-12T15:14:00+00:00",
            "course": 288.8,
            "speed": 8.0,
            "depth": 0.0
          },
          {
            "time": "2010-01-12T15:16:00+00:00",
            "course": 288.8,
            "speed": 8.0,
            "depth": 0.0
          },
          {
            "time": "2010-01-12T15:18:00+00:00",
            "course": 288.8,
            "speed": 8.0,
            "depth": 0.0
          },
          {
            "time": "2010-01-12T15:20:00+00:00",
            "course": 288.8,
            "speed": 8.0,
            "depth": 0.0
          },
          {
            "time": "2010-01-12T15:22:00+00:00",
            "course": 288.8,
            "speed": 8.0,
            "depth": 0.0
          },
          {
            "time": "2010-01-12T15:24:00+00:00",
            "course": 288.8,
            "speed": 8.0,
            "depth": 0.0
          },
          {
            "time": "2010-01-12T15:26:00+00:00",
            "course": 288.8,
            "speed": 8.0,
            "depth": 0.0
          },
          {
            "time": "2010-01-12T15:28:00+00:00",
            "course": 288.8,
            "speed": 8.0,
            "depth": 0.0
          },
          {
            "time": "2010-01-12T15:30:00+00:00",
            "course": 288.8,
            "speed": 8.0,
            "depth": 0.0
          },
          {
            "time": "2010-01-12T15:32:00+00:00",
            "course": 288.8,
            "speed": 8.0,
            "depth": 0.0
          },
          {
            "time": "2010-01-12T15:34:00+00:00",
            "course": 288.8,
            "speed": 8.0,
            "depth": 0.0
          },
          {
            "time": "2010-01-12T15:36:00+00:00",
            "course": 288.8,
            "speed": 8.0,
            "depth": 0.0
          },
          {
            "time": "2010-01-12T15:38:00+00:00",
            "course": 288.8,
            "speed": 8.0,
            "depth": 0.0
          },
          {
            "time": "2010-01-12T15:40:00+00:00",
            "course": 288.8,
            "speed": 8.0,
            "depth": 0.0
          },
          {
            "time": "2010-01-12T15:42:00+00:00",
            "course": 288.8,
            "speed": 8.0,
            "depth": 0.0
          },
          {
            "time": "2010-01-12T15:44:00+00:00",
            "course": 288.8,
            "speed": 8.0,
            "depth": 0.0
          },
          {
            "time": "2010-01-12T15:46:00+00:00",
            "course": 288.8,
            "speed": 8.0,
            "depth": 0.0
          },
          {
            "time": "2010-01-12T15:48:00+00:00",
            "course": 288.8,
            "speed": 8.0,
            "depth": 0.0
          },
          {
            "time": "2010-01-12T15:50:00+00:00",
            "course": 288.8,
            "speed": 8.0,
            "depth": 0.0
          },
          {
            "time": "2010-01-12T15:52:00+00:00",
            "course": 288.8,
            "speed": 8.0,
            "depth": 0.0
          },
          {
            "time": "2010-01-12T15:54:00+00:00",
            "course": 288.8,
            "speed": 8.0,
            "depth": 0.0
          }
        ],
        "style": {
          "line": {
            "color": "#808080"
          },
          "point": {
            "shape": "circle",
            "radius": 3.0,
            "fill_color": "#808080",
            "color": "#808080"
          }
        },
        "default_position_style": {
          "show_symbol": false,
          "symbol": "circle",
          "show_label": false
        },
        "symbol_interval": "PT10M",
        "label_interval": "PT30M",
        "provenance": [
          {
            "activity_id": "bd6cb9ad-6b9d-4f06-bc76-816ff65218b5",
            "timestamp": "2026-03-21T10:15:01.419842Z",
            "was_generated_by": {
              "tool": "rep-parser",
              "tool_version": "1.0.0",
              "parameters": []
            },
            "used": [],
            "generated": [
              "0794c7ae-6611-48a2-a656-8b0ff76eab67"
            ],
            "execution_duration": "PT0S"
          }
        ]
      }
    },
    {
      "type": "Feature",
      "id": "f0327d41-aadd-4e98-9434-cd6441b17872",
      "geometry": null,
      "properties": {
        "kind": "SENSOR_CONTACT",
        "parent_track": "SENSOR",
        "sensor_name": "BB",
        "bearing": 251.33,
        "time": "2010-01-12T12:00:00+00:00",
        "label": "SUBJECT held on BB",
        "ambiguous_bearing": 128.67,
        "provenance": [
          {
            "activity_id": "bd6cb9ad-6b9d-4f06-bc76-816ff65218b5",
            "timestamp": "2026-03-21T10:15:01.419842Z",
            "was_generated_by": {
              "tool": "rep-parser",
              "tool_version": "1.0.0",
              "parameters": []
            },
            "used": [],
            "generated": [
              "f0327d41-aadd-4e98-9434-cd6441b17872"
            ],
            "execution_duration": "PT0S"
          }
        ]
      }
    },
    {
      "type": "Feature",
      "id": "c19a8492-1e30-4ca1-9bec-4e5139b8d53f",
      "geometry": null,
      "properties": {
        "kind": "SENSOR_CONTACT",
        "parent_track": "SENSOR",
        "sensor_name": "BB",
        "bearing": 251.58,
        "time": "2010-01-12T12:02:00+00:00",
        "label": "SUBJECT held on BB",
        "ambiguous_bearing": 108.42,
        "provenance": [
          {
            "activity_id": "bd6cb9ad-6b9d-4f06-bc76-816ff65218b5",
            "timestamp": "2026-03-21T10:15:01.419842Z",
            "was_generated_by": {
              "tool": "rep-parser",
              "tool_version": "1.0.0",
              "parameters": []
            },
            "used": [],
            "generated": [
              "c19a8492-1e30-4ca1-9bec-4e5139b8d53f"
            ],
            "execution_duration": "PT0S"
          }
        ]
      }
    },
    {
      "type": "Feature",
      "id": "85efc7e6-9af7-4152-8346-82ff85ce5e15",
      "geometry": null,
      "properties": {
        "kind": "SENSOR_CONTACT",
        "parent_track": "SENSOR",
        "sensor_name": "BB",
        "bearing": 251.99,
        "time": "2010-01-12T12:04:00+00:00",
        "label": "SUBJECT held on BB",
        "ambiguous_bearing": 107.69,
        "provenance": [
          {
            "activity_id": "bd6cb9ad-6b9d-4f06-bc76-816ff65218b5",
            "timestamp": "2026-03-21T10:15:01.419842Z",
            "was_generated_by": {
              "tool": "rep-parser",
              "tool_version": "1.0.0",
              "parameters": []
            },
            "used": [],
            "generated": [
              "85efc7e6-9af7-4152-8346-82ff85ce5e15"
            ],
            "execution_duration": "PT0S"
          }
        ]
      }
    },
    {
      "type": "Feature",
      "id": "b639955d-f2a4-40f8-b180-7b637f8ebc25",
      "geometry": null,
      "properties": {
        "kind": "SENSOR_CONTACT",
        "parent_track": "SENSOR",
        "sensor_name": "BB",
        "bearing": 252.41,
        "time": "2010-01-12T12:06:00+00:00",
        "label": "SUBJECT held on BB",
        "ambiguous_bearing": 107.26,
        "provenance": [
          {
            "activity_id": "bd6cb9ad-6b9d-4f06-bc76-816ff65218b5",
            "timestamp": "2026-03-21T10:15:01.419842Z",
            "was_generated_by": {
              "tool": "rep-parser",
              "tool_version": "1.0.0",
              "parameters": []
            },
            "used": [],
            "generated": [
              "b639955d-f2a4-40f8-b180-7b637f8ebc25"
            ],
            "execution_duration": "PT0S"
          }
        ]
      }
    },
    {
      "type": "Feature",
      "id": "5bf60285-759e-4c32-a845-48edf8f120db",
      "geometry": null,
      "properties": {
        "kind": "SENSOR_CONTACT",
        "parent_track": "SENSOR",
        "sensor_name": "BB",
        "bearing": 252.85,
        "time": "2010-01-12T12:08:00+00:00",
        "label": "SUBJECT held on BB",
        "ambiguous_bearing": 106.83,
        "provenance": [
          {
            "activity_id": "bd6cb9ad-6b9d-4f06-bc76-816ff65218b5",
            "timestamp": "2026-03-21T10:15:01.419842Z",
            "was_generated_by": {
              "tool": "rep-parser",
              "tool_version": "1.0.0",
              "parameters": []
            },
            "used": [],
            "generated": [
              "5bf60285-759e-4c32-a845-48edf8f120db"
            ],
            "execution_duration": "PT0S"
          }
        ]
      }
    },
    {
      "type": "Feature",
      "id": "963cbe4d-1bf8-4ff8-a8a7-c4fc6ab85345",
      "geometry": null,
      "properties": {
        "kind": "SENSOR_CONTACT",
        "parent_track": "SENSOR",
        "sensor_name": "BB",
        "bearing": 253.29,
        "time": "2010-01-12T12:10:00+00:00",
        "label": "SUBJECT held on BB",
        "ambiguous_bearing": 106.38,
        "provenance": [
          {
            "activity_id": "bd6cb9ad-6b9d-4f06-bc76-816ff65218b5",
            "timestamp": "2026-03-21T10:15:01.419842Z",
            "was_generated_by": {
              "tool": "rep-parser",
              "tool_version": "1.0.0",
              "parameters": []
            },
            "used": [],
            "generated": [
              "963cbe4d-1bf8-4ff8-a8a7-c4fc6ab85345"
            ],
            "execution_duration": "PT0S"
          }
        ]
      }
    },
    {
      "type": "Feature",
      "id": "05771e9b-74a2-435a-955c-286c00a1b150",
      "geometry": null,
      "properties": {
        "kind": "SENSOR_CONTACT",
        "parent_track": "SENSOR",
        "sensor_name": "BB",
        "bearing": 253.75,
        "time": "2010-01-12T12:12:00+00:00",
        "label": "SUBJECT held on BB",
        "ambiguous_bearing": 105.92,
        "provenance": [
          {
            "activity_id": "bd6cb9ad-6b9d-4f06-bc76-816ff65218b5",
            "timestamp": "2026-03-21T10:15:01.419842Z",
            "was_generated_by": {
              "tool": "rep-parser",
              "tool_version": "1.0.0",
              "parameters": []
            },
            "used": [],
            "generated": [
              "05771e9b-74a2-435a-955c-286c00a1b150"
            ],
            "execution_duration": "PT0S"
          }
        ]
      }
    },
    {
      "type": "Feature",
      "id": "72f5e85c-3684-4e74-977c-741aba5eda2d",
      "geometry": null,
      "properties": {
        "kind": "SENSOR_CONTACT",
        "parent_track": "SENSOR",
        "sensor_name": "BB",
        "bearing": 254.23,
        "time": "2010-01-12T12:14:00+00:00",
        "label": "SUBJECT held on BB",
        "ambiguous_bearing": 105.45,
        "provenance": [
          {
            "activity_id": "bd6cb9ad-6b9d-4f06-bc76-816ff65218b5",
            "timestamp": "2026-03-21T10:15:01.419842Z",
            "was_generated_by": {
              "tool": "rep-parser",
              "tool_version": "1.0.0",
              "parameters": []
            },
            "used": [],
            "generated": [
              "72f5e85c-3684-4e74-977c-741aba5eda2d"
            ],
            "execution_duration": "PT0S"
          }
        ]
      }
    },
    {
      "type": "Feature",
      "id": "dea47eca-6344-4dbe-89d6-b363af8afeee",
      "geometry": null,
      "properties": {
        "kind": "SENSOR_CONTACT",
        "parent_track": "SENSOR",
        "sensor_name": "BB",
        "bearing": 254.52,
        "time": "2010-01-12T12:16:00+00:00",
        "label": "SUBJECT held on BB",
        "ambiguous_bearing": 199.47,
        "provenance": [
          {
            "activity_id": "bd6cb9ad-6b9d-4f06-bc76-816ff65218b5",
            "timestamp": "2026-03-21T10:15:01.419842Z",
            "was_generated_by": {
              "tool": "rep-parser",
              "tool_version": "1.0.0",
              "parameters": []
            },
            "used": [],
            "generated": [
              "dea47eca-6344-4dbe-89d6-b363af8afeee"
            ],
            "execution_duration": "PT0S"
          }
        ]
      }
    },
    {
      "type": "Feature",
      "id": "b7033c1e-df4e-4e15-a0ed-62cf9bdf9761",
      "geometry": null,
      "properties": {
        "kind": "SENSOR_CONTACT",
        "parent_track": "SENSOR",
        "sensor_name": "BB",
        "bearing": 254.19,
        "time": "2010-01-12T12:18:00+00:00",
        "label": "SUBJECT held on BB",
        "ambiguous_bearing": 283.92,
        "provenance": [
          {
            "activity_id": "bd6cb9ad-6b9d-4f06-bc76-816ff65218b5",
            "timestamp": "2026-03-21T10:15:01.419842Z",
            "was_generated_by": {
              "tool": "rep-parser",
              "tool_version": "1.0.0",
              "parameters": []
            },
            "used": [],
            "generated": [
              "b7033c1e-df4e-4e15-a0ed-62cf9bdf9761"
            ],
            "execution_duration": "PT0S"
          }
        ]
      }
    },
    {
      "type": "Feature",
      "id": "a3eacdbc-e9ca-4c1b-8709-1127441ff20d",
      "geometry": null,
      "properties": {
        "kind": "SENSOR_CONTACT",
        "parent_track": "SENSOR",
        "sensor_name": "BB",
        "bearing": 253.47,
        "time": "2010-01-12T12:20:00+00:00",
        "label": "SUBJECT held on BB",
        "ambiguous_bearing": 293.1,
        "provenance": [
          {
            "activity_id": "bd6cb9ad-6b9d-4f06-bc76-816ff65218b5",
            "timestamp": "2026-03-21T10:15:01.419842Z",
            "was_generated_by": {
              "tool": "rep-parser",
              "tool_version": "1.0.0",
              "parameters": []
            },
            "used": [],
            "generated": [
              "a3eacdbc-e9ca-4c1b-8709-1127441ff20d"
            ],
            "execution_duration": "PT0S"
          }
        ]
      }
    },
    {
      "type": "Feature",
      "id": "3e53d449-ae33-4bef-9f94-b98d5d0a370e",
      "geometry": null,
      "properties": {
        "kind": "SENSOR_CONTACT",
        "parent_track": "SENSOR",
        "sensor_name": "BB",
        "bearing": 252.71,
        "time": "2010-01-12T12:22:00+00:00",
        "label": "SUBJECT held on BB",
        "ambiguous_bearing": 293.98,
        "provenance": [
          {
            "activity_id": "bd6cb9ad-6b9d-4f06-bc76-816ff65218b5",
            "timestamp": "2026-03-21T10:15:01.419842Z",
            "was_generated_by": {
              "tool": "rep-parser",
              "tool_version": "1.0.0",
              "parameters": []
            },
            "used": [],
            "generated": [
              "3e53d449-ae33-4bef-9f94-b98d5d0a370e"
            ],
            "execution_duration": "PT0S"
          }
        ]
      }
    },
    {
      "type": "Feature",
      "id": "7131da1e-e22e-49de-9363-ce01e9e34c9a",
      "geometry": null,
      "properties": {
        "kind": "SENSOR_CONTACT",
        "parent_track": "SENSOR",
        "sensor_name": "BB",
        "bearing": 251.91,
        "time": "2010-01-12T12:24:00+00:00",
        "label": "SUBJECT held on BB",
        "ambiguous_bearing": 294.78,
        "provenance": [
          {
            "activity_id": "bd6cb9ad-6b9d-4f06-bc76-816ff65218b5",
            "timestamp": "2026-03-21T10:15:01.419842Z",
            "was_generated_by": {
              "tool": "rep-parser",
              "tool_version": "1.0.0",
              "parameters": []
            },
            "used": [],
            "generated": [
              "7131da1e-e22e-49de-9363-ce01e9e34c9a"
            ],
            "execution_duration": "PT0S"
          }
        ]
      }
    },
    {
      "type": "Feature",
      "id": "155bea40-47d2-489d-ae1f-3a4718657622",
      "geometry": null,
      "properties": {
        "kind": "SENSOR_CONTACT",
        "parent_track": "SENSOR",
        "sensor_name": "BB",
        "bearing": 251.06,
        "time": "2010-01-12T12:26:00+00:00",
        "label": "SUBJECT held on BB",
        "ambiguous_bearing": 295.63,
        "provenance": [
          {
            "activity_id": "bd6cb9ad-6b9d-4f06-bc76-816ff65218b5",
            "timestamp": "2026-03-21T10:15:01.419842Z",
            "was_generated_by": {
              "tool": "rep-parser",
              "tool_version": "1.0.0",
              "parameters": []
            },
            "used": [],
            "generated": [
              "155bea40-47d2-489d-ae1f-3a4718657622"
            ],
            "execution_duration": "PT0S"
          }
        ]
      }
    },
    {
      "type": "Feature",
      "id": "9045d399-3cc5-4d2f-a238-04f81dbe74e4",
      "geometry": null,
      "properties": {
        "kind": "SENSOR_CONTACT",
        "parent_track": "SENSOR",
        "sensor_name": "BB",
        "bearing": 250.59,
        "time": "2010-01-12T12:28:00+00:00",
        "label": "SUBJECT held on BB",
        "ambiguous_bearing": 201.78,
        "provenance": [
          {
            "activity_id": "bd6cb9ad-6b9d-4f06-bc76-816ff65218b5",
            "timestamp": "2026-03-21T10:15:01.419842Z",
            "was_generated_by": {
              "tool": "rep-parser",
              "tool_version": "1.0.0",
              "parameters": []
            },
            "used": [],
            "generated": [
              "9045d399-3cc5-4d2f-a238-04f81dbe74e4"
            ],
            "execution_duration": "PT0S"
          }
        ]
      }
    },
    {
      "type": "Feature",
      "id": "2a42cbc0-a009-4714-85a3-62195fddfc28",
      "geometry": null,
      "properties": {
        "kind": "SENSOR_CONTACT",
        "parent_track": "SENSOR",
        "sensor_name": "BB",
        "bearing": 250.87,
        "time": "2010-01-12T12:30:00+00:00",
        "label": "SUBJECT held on BB",
        "ambiguous_bearing": 107.17,
        "provenance": [
          {
            "activity_id": "bd6cb9ad-6b9d-4f06-bc76-816ff65218b5",
            "timestamp": "2026-03-21T10:15:01.419842Z",
            "was_generated_by": {
              "tool": "rep-parser",
              "tool_version": "1.0.0",
              "parameters": []
            },
            "used": [],
            "generated": [
              "2a42cbc0-a009-4714-85a3-62195fddfc28"
            ],
            "execution_duration": "PT0S"
          }
        ]
      }
    },
    {
      "type": "Feature",
      "id": "67861ae6-3d68-4996-b5ba-be53e3b3afae",
      "geometry": null,
      "properties": {
        "kind": "SENSOR_CONTACT",
        "parent_track": "SENSOR",
        "sensor_name": "BB",
        "bearing": 251.45,
        "time": "2010-01-12T12:32:00+00:00",
        "label": "SUBJECT held on BB",
        "ambiguous_bearing": 85.35,
        "provenance": [
          {
            "activity_id": "bd6cb9ad-6b9d-4f06-bc76-816ff65218b5",
            "timestamp": "2026-03-21T10:15:01.419842Z",
            "was_generated_by": {
              "tool": "rep-parser",
              "tool_version": "1.0.0",
              "parameters": []
            },
            "used": [],
            "generated": [
              "67861ae6-3d68-4996-b5ba-be53e3b3afae"
            ],
            "execution_duration": "PT0S"
          }
        ]
      }
    },
    {
      "type": "Feature",
      "id": "69215b32-c39a-4244-a457-6b354bac4fda",
      "geometry": null,
      "properties": {
        "kind": "SENSOR_CONTACT",
        "parent_track": "SENSOR",
        "sensor_name": "BB",
        "bearing": 252.05,
        "time": "2010-01-12T12:34:00+00:00",
        "label": "SUBJECT held on BB",
        "ambiguous_bearing": 84.31,
        "provenance": [
          {
            "activity_id": "bd6cb9ad-6b9d-4f06-bc76-816ff65218b5",
            "timestamp": "2026-03-21T10:15:01.419842Z",
            "was_generated_by": {
              "tool": "rep-parser",
              "tool_version": "1.0.0",
              "parameters": []
            },
            "used": [],
            "generated": [
              "69215b32-c39a-4244-a457-6b354bac4fda"
            ],
            "execution_duration": "PT0S"
          }
        ]
      }
    },
    {
      "type": "Feature",
      "id": "f5b966f3-34e2-483a-8f81-c0ee7cae2a1e",
      "geometry": null,
      "properties": {
        "kind": "SENSOR_CONTACT",
        "parent_track": "SENSOR",
        "sensor_name": "BB",
        "bearing": 252.67,
        "time": "2010-01-12T12:36:00+00:00",
        "label": "SUBJECT held on BB",
        "ambiguous_bearing": 83.69,
        "provenance": [
          {
            "activity_id": "bd6cb9ad-6b9d-4f06-bc76-816ff65218b5",
            "timestamp": "2026-03-21T10:15:01.419842Z",
            "was_generated_by": {
              "tool": "rep-parser",
              "tool_version": "1.0.0",
              "parameters": []
            },
            "used": [],
            "generated": [
              "f5b966f3-34e2-483a-8f81-c0ee7cae2a1e"
            ],
            "execution_duration": "PT0S"
          }
        ]
      }
    },
    {
      "type": "Feature",
      "id": "6cdb6580-63e1-4380-839e-50973ed7fa1d",
      "geometry": null,
      "properties": {
        "kind": "SENSOR_CONTACT",
        "parent_track": "SENSOR",
        "sensor_name": "BB",
        "bearing": 253.31,
        "time": "2010-01-12T12:38:00+00:00",
        "label": "SUBJECT held on BB",
        "ambiguous_bearing": 83.05,
        "provenance": [
          {
            "activity_id": "bd6cb9ad-6b9d-4f06-bc76-816ff65218b5",
            "timestamp": "2026-03-21T10:15:01.419842Z",
            "was_generated_by": {
              "tool": "rep-parser",
              "tool_version": "1.0.0",
              "parameters": []
            },
            "used": [],
            "generated": [
              "6cdb6580-63e1-4380-839e-50973ed7fa1d"
            ],
            "execution_duration": "PT0S"
          }
        ]
      }
    },
    {
      "type": "Feature",
      "id": "c960cb4d-9713-4088-b687-961aa3d5174f",
      "geometry": null,
      "properties": {
        "kind": "SENSOR_CONTACT",
        "parent_track": "SENSOR",
        "sensor_name": "BB",
        "bearing": 253.96,
        "time": "2010-01-12T12:40:00+00:00",
        "label": "SUBJECT held on BB",
        "ambiguous_bearing": 82.4,
        "provenance": [
          {
            "activity_id": "bd6cb9ad-6b9d-4f06-bc76-816ff65218b5",
            "timestamp": "2026-03-21T10:15:01.419842Z",
            "was_generated_by": {
              "tool": "rep-parser",
              "tool_version": "1.0.0",
              "parameters": []
            },
            "used": [],
            "generated": [
              "c960cb4d-9713-4088-b687-961aa3d5174f"
            ],
            "execution_duration": "PT0S"
          }
        ]
      }
    },
    {
      "type": "Feature",
      "id": "74a2ce64-ae05-4c6d-836e-972592fdcae4",
      "geometry": null,
      "properties": {
        "kind": "SENSOR_CONTACT",
        "parent_track": "SENSOR",
        "sensor_name": "BB",
        "bearing": 254.63,
        "time": "2010-01-12T12:42:00+00:00",
        "label": "SUBJECT held on BB",
        "ambiguous_bearing": 81.72,
        "provenance": [
          {
            "activity_id": "bd6cb9ad-6b9d-4f06-bc76-816ff65218b5",
            "timestamp": "2026-03-21T10:15:01.419842Z",
            "was_generated_by": {
              "tool": "rep-parser",
              "tool_version": "1.0.0",
              "parameters": []
            },
            "used": [],
            "generated": [
              "74a2ce64-ae05-4c6d-836e-972592fdcae4"
            ],
            "execution_duration": "PT0S"
          }
        ]
      }
    },
    {
      "type": "Feature",
      "id": "08636a19-9a99-4b10-ac2b-eab50e2dc3f1",
      "geometry": null,
      "properties": {
        "kind": "SENSOR_CONTACT",
        "parent_track": "SENSOR",
        "sensor_name": "BB",
        "bearing": 255.17,
        "time": "2010-01-12T12:44:00+00:00",
        "label": "SUBJECT held on BB",
        "ambiguous_bearing": 175.51,
        "provenance": [
          {
            "activity_id": "bd6cb9ad-6b9d-4f06-bc76-816ff65218b5",
            "timestamp": "2026-03-21T10:15:01.419842Z",
            "was_generated_by": {
              "tool": "rep-parser",
              "tool_version": "1.0.0",
              "parameters": []
            },
            "used": [],
            "generated": [
              "08636a19-9a99-4b10-ac2b-eab50e2dc3f1"
            ],
            "execution_duration": "PT0S"
          }
        ]
      }
    },
    {
      "type": "Feature",
      "id": "46cce9c8-95f1-4293-86b8-6a2c2fd2ed8a",
      "geometry": null,
      "properties": {
        "kind": "SENSOR_CONTACT",
        "parent_track": "SENSOR",
        "sensor_name": "BB",
        "bearing": 254.99,
        "time": "2010-01-12T12:46:00+00:00",
        "label": "SUBJECT held on BB",
        "ambiguous_bearing": 270.01,
        "provenance": [
          {
            "activity_id": "bd6cb9ad-6b9d-4f06-bc76-816ff65218b5",
            "timestamp": "2026-03-21T10:15:01.419842Z",
            "was_generated_by": {
              "tool": "rep-parser",
              "tool_version": "1.0.0",
              "parameters": []
            },
            "used": [],
            "generated": [
              "46cce9c8-95f1-4293-86b8-6a2c2fd2ed8a"
            ],
            "execution_duration": "PT0S"
          }
        ]
      }
    },
    {
      "type": "Feature",
      "id": "0b4b2ca8-7753-4d9d-b50a-c49e440df585",
      "geometry": null,
      "properties": {
        "kind": "SENSOR_CONTACT",
        "parent_track": "SENSOR",
        "sensor_name": "BB",
        "bearing": 254.14,
        "time": "2010-01-12T12:48:00+00:00",
        "label": "SUBJECT held on BB",
        "ambiguous_bearing": 283.42,
        "provenance": [
          {
            "activity_id": "bd6cb9ad-6b9d-4f06-bc76-816ff65218b5",
            "timestamp": "2026-03-21T10:15:01.419842Z",
            "was_generated_by": {
              "tool": "rep-parser",
              "tool_version": "1.0.0",
              "parameters": []
            },
            "used": [],
            "generated": [
              "0b4b2ca8-7753-4d9d-b50a-c49e440df585"
            ],
            "execution_duration": "PT0S"
          }
        ]
      }
    },
    {
      "type": "Feature",
      "id": "c0e71dcc-b7ab-4a1f-9564-214d84823f04",
      "geometry": null,
      "properties": {
        "kind": "SENSOR_CONTACT",
        "parent_track": "SENSOR",
        "sensor_name": "BB",
        "bearing": 253.66,
        "time": "2010-01-12T12:50:00+00:00",
        "label": "SUBJECT held on BB",
        "ambiguous_bearing": 284.02,
        "provenance": [
          {
            "activity_id": "bd6cb9ad-6b9d-4f06-bc76-816ff65218b5",
            "timestamp": "2026-03-21T10:15:01.419842Z",
            "was_generated_by": {
              "tool": "rep-parser",
              "tool_version": "1.0.0",
              "parameters": []
            },
            "used": [],
            "generated": [
              "c0e71dcc-b7ab-4a1f-9564-214d84823f04"
            ],
            "execution_duration": "PT0S"
          }
        ]
      }
    },
    {
      "type": "Feature",
      "id": "349f002c-0a50-4dd0-b95f-b10a75bf4d47",
      "geometry": null,
      "properties": {
        "kind": "SENSOR_CONTACT",
        "parent_track": "SENSOR",
        "sensor_name": "BB",
        "bearing": 253.99,
        "time": "2010-01-12T12:52:00+00:00",
        "label": "SUBJECT held on BB",
        "ambiguous_bearing": 283.68,
        "provenance": [
          {
            "activity_id": "bd6cb9ad-6b9d-4f06-bc76-816ff65218b5",
            "timestamp": "2026-03-21T10:15:01.419842Z",
            "was_generated_by": {
              "tool": "rep-parser",
              "tool_version": "1.0.0",
              "parameters": []
            },
            "used": [],
            "generated": [
              "349f002c-0a50-4dd0-b95f-b10a75bf4d47"
            ],
            "execution_duration": "PT0S"
          }
        ]
      }
    },
    {
      "type": "Feature",
      "id": "1a8b21cc-d6e9-40b9-9ed2-9cc45ec261ad",
      "geometry": null,
      "properties": {
        "kind": "SENSOR_CONTACT",
        "parent_track": "SENSOR",
        "sensor_name": "BB",
        "bearing": 254.65,
        "time": "2010-01-12T12:54:00+00:00",
        "label": "SUBJECT held on BB",
        "ambiguous_bearing": 283.03,
        "provenance": [
          {
            "activity_id": "bd6cb9ad-6b9d-4f06-bc76-816ff65218b5",
            "timestamp": "2026-03-21T10:15:01.419842Z",
            "was_generated_by": {
              "tool": "rep-parser",
              "tool_version": "1.0.0",
              "parameters": []
            },
            "used": [],
            "generated": [
              "1a8b21cc-d6e9-40b9-9ed2-9cc45ec261ad"
            ],
            "execution_duration": "PT0S"
          }
        ]
      }
    },
    {
      "type": "Feature",
      "id": "07e6294b-2e63-47dd-b9c1-1ad7b546550f",
      "geometry": null,
      "properties": {
        "kind": "SENSOR_CONTACT",
        "parent_track": "SENSOR",
        "sensor_name": "BB",
        "bearing": 254.86,
        "time": "2010-01-12T12:56:00+00:00",
        "label": "SUBJECT held on BB",
        "ambiguous_bearing": 282.82,
        "provenance": [
          {
            "activity_id": "bd6cb9ad-6b9d-4f06-bc76-816ff65218b5",
            "timestamp": "2026-03-21T10:15:01.419842Z",
            "was_generated_by": {
              "tool": "rep-parser",
              "tool_version": "1.0.0",
              "parameters": []
            },
            "used": [],
            "generated": [
              "07e6294b-2e63-47dd-b9c1-1ad7b546550f"
            ],
            "execution_duration": "PT0S"
          }
        ]
      }
    },
    {
      "type": "Feature",
      "id": "1e44b5df-8a7c-46f7-832d-a16f16ff771e",
      "geometry": null,
      "properties": {
        "kind": "SENSOR_CONTACT",
        "parent_track": "SENSOR",
        "sensor_name": "BB",
        "bearing": 254.85,
        "time": "2010-01-12T12:58:00+00:00",
        "label": "SUBJECT held on BB",
        "ambiguous_bearing": 282.82,
        "provenance": [
          {
            "activity_id": "bd6cb9ad-6b9d-4f06-bc76-816ff65218b5",
            "timestamp": "2026-03-21T10:15:01.419842Z",
            "was_generated_by": {
              "tool": "rep-parser",
              "tool_version": "1.0.0",
              "parameters": []
            },
            "used": [],
            "generated": [
              "1e44b5df-8a7c-46f7-832d-a16f16ff771e"
            ],
            "execution_duration": "PT0S"
          }
        ]
      }
    },
    {
      "type": "Feature",
      "id": "0255be09-35c2-4f43-92b7-7809260703be",
      "geometry": null,
      "properties": {
        "kind": "SENSOR_CONTACT",
        "parent_track": "SENSOR",
        "sensor_name": "BB",
        "bearing": 254.85,
        "time": "2010-01-12T13:00:00+00:00",
        "label": "SUBJECT held on BB",
        "ambiguous_bearing": 282.83,
        "provenance": [
          {
            "activity_id": "bd6cb9ad-6b9d-4f06-bc76-816ff65218b5",
            "timestamp": "2026-03-21T10:15:01.419842Z",
            "was_generated_by": {
              "tool": "rep-parser",
              "tool_version": "1.0.0",
              "parameters": []
            },
            "used": [],
            "generated": [
              "0255be09-35c2-4f43-92b7-7809260703be"
            ],
            "execution_duration": "PT0S"
          }
        ]
      }
    },
    {
      "type": "Feature",
      "id": "f85ab291-da3c-4001-ba12-8e4344cda84e",
      "geometry": null,
      "properties": {
        "kind": "SENSOR_CONTACT",
        "parent_track": "SENSOR",
        "sensor_name": "BB",
        "bearing": 254.85,
        "time": "2010-01-12T13:02:00+00:00",
        "label": "SUBJECT held on BB",
        "ambiguous_bearing": 282.83,
        "provenance": [
          {
            "activity_id": "bd6cb9ad-6b9d-4f06-bc76-816ff65218b5",
            "timestamp": "2026-03-21T10:15:01.419842Z",
            "was_generated_by": {
              "tool": "rep-parser",
              "tool_version": "1.0.0",
              "parameters": []
            },
            "used": [],
            "generated": [
              "f85ab291-da3c-4001-ba12-8e4344cda84e"
            ],
            "execution_duration": "PT0S"
          }
        ]
      }
    },
    {
      "type": "Feature",
      "id": "b339b884-73ca-4848-a9d7-cc4809edf082",
      "geometry": null,
      "properties": {
        "kind": "SENSOR_CONTACT",
        "parent_track": "SENSOR",
        "sensor_name": "BB",
        "bearing": 255.44,
        "time": "2010-01-12T13:04:00+00:00",
        "label": "SUBJECT held on BB",
        "ambiguous_bearing": 187.91,
        "provenance": [
          {
            "activity_id": "bd6cb9ad-6b9d-4f06-bc76-816ff65218b5",
            "timestamp": "2026-03-21T10:15:01.419842Z",
            "was_generated_by": {
              "tool": "rep-parser",
              "tool_version": "1.0.0",
              "parameters": []
            },
            "used": [],
            "generated": [
              "b339b884-73ca-4848-a9d7-cc4809edf082"
            ],
            "execution_duration": "PT0S"
          }
        ]
      }
    },
    {
      "type": "Feature",
      "id": "573b29df-b5a1-49a6-90cc-adff631251c8",
      "geometry": null,
      "properties": {
        "kind": "SENSOR_CONTACT",
        "parent_track": "SENSOR",
        "sensor_name": "BB",
        "bearing": 256.95,
        "time": "2010-01-12T13:06:00+00:00",
        "label": "SUBJECT held on BB",
        "ambiguous_bearing": 131.47,
        "provenance": [
          {
            "activity_id": "bd6cb9ad-6b9d-4f06-bc76-816ff65218b5",
            "timestamp": "2026-03-21T10:15:01.419842Z",
            "was_generated_by": {
              "tool": "rep-parser",
              "tool_version": "1.0.0",
              "parameters": []
            },
            "used": [],
            "generated": [
              "573b29df-b5a1-49a6-90cc-adff631251c8"
            ],
            "execution_duration": "PT0S"
          }
        ]
      }
    },
    {
      "type": "Feature",
      "id": "4b0f2356-446f-4261-89a6-4c6510d19131",
      "geometry": null,
      "properties": {
        "kind": "SENSOR_CONTACT",
        "parent_track": "SENSOR",
        "sensor_name": "BB",
        "bearing": 258.58,
        "time": "2010-01-12T13:08:00+00:00",
        "label": "SUBJECT held on BB",
        "ambiguous_bearing": 127.17,
        "provenance": [
          {
            "activity_id": "bd6cb9ad-6b9d-4f06-bc76-816ff65218b5",
            "timestamp": "2026-03-21T10:15:01.419842Z",
            "was_generated_by": {
              "tool": "rep-parser",
              "tool_version": "1.0.0",
              "parameters": []
            },
            "used": [],
            "generated": [
              "4b0f2356-446f-4261-89a6-4c6510d19131"
            ],
            "execution_duration": "PT0S"
          }
        ]
      }
    },
    {
      "type": "Feature",
      "id": "c3283826-4cce-47d3-92af-123dc9b63744",
      "geometry": null,
      "properties": {
        "kind": "SENSOR_CONTACT",
        "parent_track": "SENSOR",
        "sensor_name": "BB",
        "bearing": 260.61,
        "time": "2010-01-12T13:10:00+00:00",
        "label": "SUBJECT held on BB",
        "ambiguous_bearing": 125.14,
        "provenance": [
          {
            "activity_id": "bd6cb9ad-6b9d-4f06-bc76-816ff65218b5",
            "timestamp": "2026-03-21T10:15:01.419842Z",
            "was_generated_by": {
              "tool": "rep-parser",
              "tool_version": "1.0.0",
              "parameters": []
            },
            "used": [],
            "generated": [
              "c3283826-4cce-47d3-92af-123dc9b63744"
            ],
            "execution_duration": "PT0S"
          }
        ]
      }
    },
    {
      "type": "Feature",
      "id": "559d22ab-e0a9-4a9c-a972-88259427f3a7",
      "geometry": null,
      "properties": {
        "kind": "SENSOR_CONTACT",
        "parent_track": "SENSOR",
        "sensor_name": "BB",
        "bearing": 263.04,
        "time": "2010-01-12T13:12:00+00:00",
        "label": "SUBJECT held on BB",
        "ambiguous_bearing": 122.71,
        "provenance": [
          {
            "activity_id": "bd6cb9ad-6b9d-4f06-bc76-816ff65218b5",
            "timestamp": "2026-03-21T10:15:01.419842Z",
            "was_generated_by": {
              "tool": "rep-parser",
              "tool_version": "1.0.0",
              "parameters": []
            },
            "used": [],
            "generated": [
              "559d22ab-e0a9-4a9c-a972-88259427f3a7"
            ],
            "execution_duration": "PT0S"
          }
        ]
      }
    },
    {
      "type": "Feature",
      "id": "9801c1ca-c548-4252-8021-22fd634a1871",
      "geometry": null,
      "properties": {
        "kind": "SENSOR_CONTACT",
        "parent_track": "SENSOR",
        "sensor_name": "BB",
        "bearing": 265.11,
        "time": "2010-01-12T13:14:00+00:00",
        "label": "SUBJECT held on BB",
        "ambiguous_bearing": 120.64,
        "provenance": [
          {
            "activity_id": "bd6cb9ad-6b9d-4f06-bc76-816ff65218b5",
            "timestamp": "2026-03-21T10:15:01.419842Z",
            "was_generated_by": {
              "tool": "rep-parser",
              "tool_version": "1.0.0",
              "parameters": []
            },
            "used": [],
            "generated": [
              "9801c1ca-c548-4252-8021-22fd634a1871"
            ],
            "execution_duration": "PT0S"
          }
        ]
      }
    },
    {
      "type": "Feature",
      "id": "b3679e66-0e3f-40e7-8d3c-f8e88b7c7c5a",
      "geometry": null,
      "properties": {
        "kind": "SENSOR_CONTACT",
        "parent_track": "SENSOR",
        "sensor_name": "BB",
        "bearing": 266.6,
        "time": "2010-01-12T13:16:00+00:00",
        "label": "SUBJECT held on BB",
        "ambiguous_bearing": 119.15,
        "provenance": [
          {
            "activity_id": "bd6cb9ad-6b9d-4f06-bc76-816ff65218b5",
            "timestamp": "2026-03-21T10:15:01.419842Z",
            "was_generated_by": {
              "tool": "rep-parser",
              "tool_version": "1.0.0",
              "parameters": []
            },
            "used": [],
            "generated": [
              "b3679e66-0e3f-40e7-8d3c-f8e88b7c7c5a"
            ],
            "execution_duration": "PT0S"
          }
        ]
      }
    },
    {
      "type": "Feature",
      "id": "fff37a27-bfb2-43f5-99bb-fc140dd7cd11",
      "geometry": null,
      "properties": {
        "kind": "SENSOR_CONTACT",
        "parent_track": "SENSOR",
        "sensor_name": "BB",
        "bearing": 267.99,
        "time": "2010-01-12T13:18:00+00:00",
        "label": "SUBJECT held on BB",
        "ambiguous_bearing": 152.01,
        "provenance": [
          {
            "activity_id": "bd6cb9ad-6b9d-4f06-bc76-816ff65218b5",
            "timestamp": "2026-03-21T10:15:01.419842Z",
            "was_generated_by": {
              "tool": "rep-parser",
              "tool_version": "1.0.0",
              "parameters": []
            },
            "used": [],
            "generated": [
              "fff37a27-bfb2-43f5-99bb-fc140dd7cd11"
            ],
            "execution_duration": "PT0S"
          }
        ]
      }
    },
    {
      "type": "Feature",
      "id": "0925a3ef-fddf-416f-96d0-337998b320fd",
      "geometry": null,
      "properties": {
        "kind": "SENSOR_CONTACT",
        "parent_track": "SENSOR",
        "sensor_name": "BB",
        "bearing": 269.43,
        "time": "2010-01-12T13:20:00+00:00",
        "label": "SUBJECT held on BB",
        "ambiguous_bearing": 151.52,
        "provenance": [
          {
            "activity_id": "bd6cb9ad-6b9d-4f06-bc76-816ff65218b5",
            "timestamp": "2026-03-21T10:15:01.419842Z",
            "was_generated_by": {
              "tool": "rep-parser",
              "tool_version": "1.0.0",
              "parameters": []
            },
            "used": [],
            "generated": [
              "0925a3ef-fddf-416f-96d0-337998b320fd"
            ],
            "execution_duration": "PT0S"
          }
        ]
      }
    },
    {
      "type": "Feature",
      "id": "1da70c97-642e-4712-a7f4-033a2f91e5c6",
      "geometry": null,
      "properties": {
        "kind": "SENSOR_CONTACT",
        "parent_track": "SENSOR",
        "sensor_name": "BB",
        "bearing": 270.98,
        "time": "2010-01-12T13:22:00+00:00",
        "label": "SUBJECT held on BB",
        "ambiguous_bearing": 149.97,
        "provenance": [
          {
            "activity_id": "bd6cb9ad-6b9d-4f06-bc76-816ff65218b5",
            "timestamp": "2026-03-21T10:15:01.419842Z",
            "was_generated_by": {
              "tool": "rep-parser",
              "tool_version": "1.0.0",
              "parameters": []
            },
            "used": [],
            "generated": [
              "1da70c97-642e-4712-a7f4-033a2f91e5c6"
            ],
            "execution_duration": "PT0S"
          }
        ]
      }
    },
    {
      "type": "Feature",
      "id": "3618a22d-659f-48d1-9539-6fcc4698b8a2",
      "geometry": null,
      "properties": {
        "kind": "SENSOR_CONTACT",
        "parent_track": "SENSOR",
        "sensor_name": "BB",
        "bearing": 272.65,
        "time": "2010-01-12T13:24:00+00:00",
        "label": "SUBJECT held on BB",
        "ambiguous_bearing": 148.3,
        "provenance": [
          {
            "activity_id": "bd6cb9ad-6b9d-4f06-bc76-816ff65218b5",
            "timestamp": "2026-03-21T10:15:01.419842Z",
            "was_generated_by": {
              "tool": "rep-parser",
              "tool_version": "1.0.0",
              "parameters": []
            },
            "used": [],
            "generated": [
              "3618a22d-659f-48d1-9539-6fcc4698b8a2"
            ],
            "execution_duration": "PT0S"
          }
        ]
      }
    },
    {
      "type": "Feature",
      "id": "3203db5a-41dc-4c5e-94ad-d86afc83c047",
      "geometry": null,
      "properties": {
        "kind": "SENSOR_CONTACT",
        "parent_track": "SENSOR",
        "sensor_name": "BB",
        "bearing": 274.45,
        "time": "2010-01-12T13:26:00+00:00",
        "label": "SUBJECT held on BB",
        "ambiguous_bearing": 146.5,
        "provenance": [
          {
            "activity_id": "bd6cb9ad-6b9d-4f06-bc76-816ff65218b5",
            "timestamp": "2026-03-21T10:15:01.419842Z",
            "was_generated_by": {
              "tool": "rep-parser",
              "tool_version": "1.0.0",
              "parameters": []
            },
            "used": [],
            "generated": [
              "3203db5a-41dc-4c5e-94ad-d86afc83c047"
            ],
            "execution_duration": "PT0S"
          }
        ]
      }
    },
    {
      "type": "Feature",
      "id": "71824244-8353-4fea-943f-ced4cfb7309b",
      "geometry": null,
      "properties": {
        "kind": "SENSOR_CONTACT",
        "parent_track": "SENSOR",
        "sensor_name": "BB",
        "bearing": 276.4,
        "time": "2010-01-12T13:28:00+00:00",
        "label": "SUBJECT held on BB",
        "ambiguous_bearing": 144.55,
        "provenance": [
          {
            "activity_id": "bd6cb9ad-6b9d-4f06-bc76-816ff65218b5",
            "timestamp": "2026-03-21T10:15:01.419842Z",
            "was_generated_by": {
              "tool": "rep-parser",
              "tool_version": "1.0.0",
              "parameters": []
            },
            "used": [],
            "generated": [
              "71824244-8353-4fea-943f-ced4cfb7309b"
            ],
            "execution_duration": "PT0S"
          }
        ]
      }
    },
    {
      "type": "Feature",
      "id": "d3bda7e1-af7b-47cb-be85-835e6f7a63f3",
      "geometry": null,
      "properties": {
        "kind": "SENSOR_CONTACT",
        "parent_track": "SENSOR",
        "sensor_name": "BB",
        "bearing": 278.5,
        "time": "2010-01-12T13:30:00+00:00",
        "label": "SUBJECT held on BB",
        "ambiguous_bearing": 142.45,
        "provenance": [
          {
            "activity_id": "bd6cb9ad-6b9d-4f06-bc76-816ff65218b5",
            "timestamp": "2026-03-21T10:15:01.419842Z",
            "was_generated_by": {
              "tool": "rep-parser",
              "tool_version": "1.0.0",
              "parameters": []
            },
            "used": [],
            "generated": [
              "d3bda7e1-af7b-47cb-be85-835e6f7a63f3"
            ],
            "execution_duration": "PT0S"
          }
        ]
      }
    },
    {
      "type": "Feature",
      "id": "9d8da7ab-f88d-4430-846a-708ce8da096b",
      "geometry": null,
      "properties": {
        "kind": "SENSOR_CONTACT",
        "parent_track": "SENSOR",
        "sensor_name": "BB",
        "bearing": 280.83,
        "time": "2010-01-12T13:32:00+00:00",
        "label": "SUBJECT held on BB",
        "ambiguous_bearing": 45.8,
        "provenance": [
          {
            "activity_id": "bd6cb9ad-6b9d-4f06-bc76-816ff65218b5",
            "timestamp": "2026-03-21T10:15:01.419842Z",
            "was_generated_by": {
              "tool": "rep-parser",
              "tool_version": "1.0.0",
              "parameters": []
            },
            "used": [],
            "generated": [
              "9d8da7ab-f88d-4430-846a-708ce8da096b"
            ],
            "execution_duration": "PT0S"
          }
        ]
      }
    },
    {
      "type": "Feature",
      "id": "7803c67b-ca25-4c04-9592-c6ce83e3c976",
      "geometry": null,
      "properties": {
        "kind": "SENSOR_CONTACT",
        "parent_track": "SENSOR",
        "sensor_name": "BB",
        "bearing": 282.9,
        "time": "2010-01-12T13:34:00+00:00",
        "label": "SUBJECT held on BB",
        "ambiguous_bearing": 25.64,
        "provenance": [
          {
            "activity_id": "bd6cb9ad-6b9d-4f06-bc76-816ff65218b5",
            "timestamp": "2026-03-21T10:15:01.419842Z",
            "was_generated_by": {
              "tool": "rep-parser",
              "tool_version": "1.0.0",
              "parameters": []
            },
            "used": [],
            "generated": [
              "7803c67b-ca25-4c04-9592-c6ce83e3c976"
            ],
            "execution_duration": "PT0S"
          }
        ]
      }
    },
    {
      "type": "Feature",
      "id": "627be021-6d4a-4b25-9e38-bf6362221711",
      "geometry": null,
      "properties": {
        "kind": "SENSOR_CONTACT",
        "parent_track": "SENSOR",
        "sensor_name": "BB",
        "bearing": 284.96,
        "time": "2010-01-12T13:36:00+00:00",
        "label": "SUBJECT held on BB",
        "ambiguous_bearing": 23.07,
        "provenance": [
          {
            "activity_id": "bd6cb9ad-6b9d-4f06-bc76-816ff65218b5",
            "timestamp": "2026-03-21T10:15:01.419842Z",
            "was_generated_by": {
              "tool": "rep-parser",
              "tool_version": "1.0.0",
              "parameters": []
            },
            "used": [],
            "generated": [
              "627be021-6d4a-4b25-9e38-bf6362221711"
            ],
            "execution_duration": "PT0S"
          }
        ]
      }
    },
    {
      "type": "Feature",
      "id": "c4717187-56da-4c0f-b38d-ef72e4bd4bed",
      "geometry": null,
      "properties": {
        "kind": "SENSOR_CONTACT",
        "parent_track": "SENSOR",
        "sensor_name": "BB",
        "bearing": 287.03,
        "time": "2010-01-12T13:38:00+00:00",
        "label": "SUBJECT held on BB",
        "ambiguous_bearing": 21.01,
        "provenance": [
          {
            "activity_id": "bd6cb9ad-6b9d-4f06-bc76-816ff65218b5",
            "timestamp": "2026-03-21T10:15:01.419842Z",
            "was_generated_by": {
              "tool": "rep-parser",
              "tool_version": "1.0.0",
              "parameters": []
            },
            "used": [],
            "generated": [
              "c4717187-56da-4c0f-b38d-ef72e4bd4bed"
            ],
            "execution_duration": "PT0S"
          }
        ]
      }
    },
    {
      "type": "Feature",
      "id": "33d58ca2-f3b2-4831-ba55-5d113b48ef6e",
      "geometry": null,
      "properties": {
        "kind": "SENSOR_CONTACT",
        "parent_track": "SENSOR",
        "sensor_name": "BB",
        "bearing": 289.1,
        "time": "2010-01-12T13:40:00+00:00",
        "label": "SUBJECT held on BB",
        "ambiguous_bearing": 18.93,
        "provenance": [
          {
            "activity_id": "bd6cb9ad-6b9d-4f06-bc76-816ff65218b5",
            "timestamp": "2026-03-21T10:15:01.419842Z",
            "was_generated_by": {
              "tool": "rep-parser",
              "tool_version": "1.0.0",
              "parameters": []
            },
            "used": [],
            "generated": [
              "33d58ca2-f3b2-4831-ba55-5d113b48ef6e"
            ],
            "execution_duration": "PT0S"
          }
        ]
      }
    },
    {
      "type": "Feature",
      "id": "d124f982-d49e-4179-806a-11a9b5248821",
      "geometry": null,
      "properties": {
        "kind": "SENSOR_CONTACT",
        "parent_track": "SENSOR",
        "sensor_name": "BB",
        "bearing": 291.61,
        "time": "2010-01-12T13:42:00+00:00",
        "label": "SUBJECT held on BB",
        "ambiguous_bearing": 110.75,
        "provenance": [
          {
            "activity_id": "bd6cb9ad-6b9d-4f06-bc76-816ff65218b5",
            "timestamp": "2026-03-21T10:15:01.419842Z",
            "was_generated_by": {
              "tool": "rep-parser",
              "tool_version": "1.0.0",
              "parameters": []
            },
            "used": [],
            "generated": [
              "d124f982-d49e-4179-806a-11a9b5248821"
            ],
            "execution_duration": "PT0S"
          }
        ]
      }
    },
    {
      "type": "Feature",
      "id": "e1b9640b-f86d-4d33-9981-f534ecbe7c53",
      "geometry": null,
      "properties": {
        "kind": "SENSOR_CONTACT",
        "parent_track": "SENSOR",
        "sensor_name": "BB",
        "bearing": 294.43,
        "time": "2010-01-12T13:44:00+00:00",
        "label": "SUBJECT held on BB",
        "ambiguous_bearing": 132.25,
        "provenance": [
          {
            "activity_id": "bd6cb9ad-6b9d-4f06-bc76-816ff65218b5",
            "timestamp": "2026-03-21T10:15:01.419842Z",
            "was_generated_by": {
              "tool": "rep-parser",
              "tool_version": "1.0.0",
              "parameters": []
            },
            "used": [],
            "generated": [
              "e1b9640b-f86d-4d33-9981-f534ecbe7c53"
            ],
            "execution_duration": "PT0S"
          }
        ]
      }
    },
    {
      "type": "Feature",
      "id": "d7d87d28-53cd-406f-9c73-08530caa59f5",
      "geometry": null,
      "properties": {
        "kind": "SENSOR_CONTACT",
        "parent_track": "SENSOR",
        "sensor_name": "BB",
        "bearing": 297.42,
        "time": "2010-01-12T13:46:00+00:00",
        "label": "SUBJECT held on BB",
        "ambiguous_bearing": 129.65,
        "provenance": [
          {
            "activity_id": "bd6cb9ad-6b9d-4f06-bc76-816ff65218b5",
            "timestamp": "2026-03-21T10:15:01.419842Z",
            "was_generated_by": {
              "tool": "rep-parser",
              "tool_version": "1.0.0",
              "parameters": []
            },
            "used": [],
            "generated": [
              "d7d87d28-53cd-406f-9c73-08530caa59f5"
            ],
            "execution_duration": "PT0S"
          }
        ]
      }
    },
    {
      "type": "Feature",
      "id": "2303fca9-cccf-44b7-99cd-f6440b35cd3a",
      "geometry": null,
      "properties": {
        "kind": "SENSOR_CONTACT",
        "parent_track": "SENSOR",
        "sensor_name": "BB",
        "bearing": 300.6,
        "time": "2010-01-12T13:48:00+00:00",
        "label": "SUBJECT held on BB",
        "ambiguous_bearing": 126.48,
        "provenance": [
          {
            "activity_id": "bd6cb9ad-6b9d-4f06-bc76-816ff65218b5",
            "timestamp": "2026-03-21T10:15:01.419842Z",
            "was_generated_by": {
              "tool": "rep-parser",
              "tool_version": "1.0.0",
              "parameters": []
            },
            "used": [],
            "generated": [
              "2303fca9-cccf-44b7-99cd-f6440b35cd3a"
            ],
            "execution_duration": "PT0S"
          }
        ]
      }
    },
    {
      "type": "Feature",
      "id": "1273e268-7a69-4377-b10c-2010c54b8368",
      "geometry": null,
      "properties": {
        "kind": "SENSOR_CONTACT",
        "parent_track": "SENSOR",
        "sensor_name": "BB",
        "bearing": 303.94,
        "time": "2010-01-12T13:50:00+00:00",
        "label": "SUBJECT held on BB",
        "ambiguous_bearing": 123.13,
        "provenance": [
          {
            "activity_id": "bd6cb9ad-6b9d-4f06-bc76-816ff65218b5",
            "timestamp": "2026-03-21T10:15:01.419842Z",
            "was_generated_by": {
              "tool": "rep-parser",
              "tool_version": "1.0.0",
              "parameters": []
            },
            "used": [],
            "generated": [
              "1273e268-7a69-4377-b10c-2010c54b8368"
            ],
            "execution_duration": "PT0S"
          }
        ]
      }
    },
    {
      "type": "Feature",
      "id": "6e0f4707-7c97-42db-af9a-6a0ba779748d",
      "geometry": null,
      "properties": {
        "kind": "SENSOR_CONTACT",
        "parent_track": "SENSOR",
        "sensor_name": "BB",
        "bearing": 307.45,
        "time": "2010-01-12T13:52:00+00:00",
        "label": "SUBJECT held on BB",
        "ambiguous_bearing": 119.62,
        "provenance": [
          {
            "activity_id": "bd6cb9ad-6b9d-4f06-bc76-816ff65218b5",
            "timestamp": "2026-03-21T10:15:01.419842Z",
            "was_generated_by": {
              "tool": "rep-parser",
              "tool_version": "1.0.0",
              "parameters": []
            },
            "used": [],
            "generated": [
              "6e0f4707-7c97-42db-af9a-6a0ba779748d"
            ],
            "execution_duration": "PT0S"
          }
        ]
      }
    },
    {
      "type": "Feature",
      "id": "aa1e619d-ebe6-4720-83d0-df94a4321501",
      "geometry": null,
      "properties": {
        "kind": "SENSOR_CONTACT",
        "parent_track": "SENSOR",
        "sensor_name": "BB",
        "bearing": 310.37,
        "time": "2010-01-12T13:54:00+00:00",
        "label": "SUBJECT held on BB",
        "ambiguous_bearing": 116.71,
        "provenance": [
          {
            "activity_id": "bd6cb9ad-6b9d-4f06-bc76-816ff65218b5",
            "timestamp": "2026-03-21T10:15:01.419842Z",
            "was_generated_by": {
              "tool": "rep-parser",
              "tool_version": "1.0.0",
              "parameters": []
            },
            "used": [],
            "generated": [
              "aa1e619d-ebe6-4720-83d0-df94a4321501"
            ],
            "execution_duration": "PT0S"
          }
        ]
      }
    },
    {
      "type": "Feature",
      "id": "a4e6c70a-b1e7-46ee-8203-32374e9e47ce",
      "geometry": null,
      "properties": {
        "kind": "SENSOR_CONTACT",
        "parent_track": "SENSOR",
        "sensor_name": "BB",
        "bearing": 312.05,
        "time": "2010-01-12T13:56:00+00:00",
        "label": "SUBJECT held on BB",
        "ambiguous_bearing": 115.03,
        "provenance": [
          {
            "activity_id": "bd6cb9ad-6b9d-4f06-bc76-816ff65218b5",
            "timestamp": "2026-03-21T10:15:01.419842Z",
            "was_generated_by": {
              "tool": "rep-parser",
              "tool_version": "1.0.0",
              "parameters": []
            },
            "used": [],
            "generated": [
              "a4e6c70a-b1e7-46ee-8203-32374e9e47ce"
            ],
            "execution_duration": "PT0S"
          }
        ]
      }
    },
    {
      "type": "Feature",
      "id": "a543abe2-4b86-4f1a-be70-4c2223d34643",
      "geometry": null,
      "properties": {
        "kind": "SENSOR_CONTACT",
        "parent_track": "SENSOR",
        "sensor_name": "BB",
        "bearing": 313.67,
        "time": "2010-01-12T13:58:00+00:00",
        "label": "SUBJECT held on BB",
        "ambiguous_bearing": 113.41,
        "provenance": [
          {
            "activity_id": "bd6cb9ad-6b9d-4f06-bc76-816ff65218b5",
            "timestamp": "2026-03-21T10:15:01.419842Z",
            "was_generated_by": {
              "tool": "rep-parser",
              "tool_version": "1.0.0",
              "parameters": []
            },
            "used": [],
            "generated": [
              "a543abe2-4b86-4f1a-be70-4c2223d34643"
            ],
            "execution_duration": "PT0S"
          }
        ]
      }
    },
    {
      "type": "Feature",
      "id": "5f5c284c-e7f2-4e2b-a21d-eee6bff7640c",
      "geometry": null,
      "properties": {
        "kind": "SENSOR_CONTACT",
        "parent_track": "SENSOR",
        "sensor_name": "BB",
        "bearing": 315.36,
        "time": "2010-01-12T14:00:00+00:00",
        "label": "SUBJECT held on BB",
        "ambiguous_bearing": 111.71,
        "provenance": [
          {
            "activity_id": "bd6cb9ad-6b9d-4f06-bc76-816ff65218b5",
            "timestamp": "2026-03-21T10:15:01.419842Z",
            "was_generated_by": {
              "tool": "rep-parser",
              "tool_version": "1.0.0",
              "parameters": []
            },
            "used": [],
            "generated": [
              "5f5c284c-e7f2-4e2b-a21d-eee6bff7640c"
            ],
            "execution_duration": "PT0S"
          }
        ]
      }
    },
    {
      "type": "Feature",
      "id": "5795f25d-ffeb-4547-989d-bae57a58e0b2",
      "geometry": null,
      "properties": {
        "kind": "SENSOR_CONTACT",
        "parent_track": "SENSOR",
        "sensor_name": "BB",
        "bearing": 316.61,
        "time": "2010-01-12T14:02:00+00:00",
        "label": "SUBJECT held on BB",
        "ambiguous_bearing": 16.15,
        "provenance": [
          {
            "activity_id": "bd6cb9ad-6b9d-4f06-bc76-816ff65218b5",
            "timestamp": "2026-03-21T10:15:01.419842Z",
            "was_generated_by": {
              "tool": "rep-parser",
              "tool_version": "1.0.0",
              "parameters": []
            },
            "used": [],
            "generated": [
              "5795f25d-ffeb-4547-989d-bae57a58e0b2"
            ],
            "execution_duration": "PT0S"
          }
        ]
      }
    },
    {
      "type": "Feature",
      "id": "fedbc3d3-5a5b-46aa-a687-ebaff6988328",
      "geometry": null,
      "properties": {
        "kind": "SENSOR_CONTACT",
        "parent_track": "SENSOR",
        "sensor_name": "BB",
        "bearing": 316.71,
        "time": "2010-01-12T14:04:00+00:00",
        "label": "SUBJECT held on BB",
        "ambiguous_bearing": 354.94,
        "provenance": [
          {
            "activity_id": "bd6cb9ad-6b9d-4f06-bc76-816ff65218b5",
            "timestamp": "2026-03-21T10:15:01.419842Z",
            "was_generated_by": {
              "tool": "rep-parser",
              "tool_version": "1.0.0",
              "parameters": []
            },
            "used": [],
            "generated": [
              "fedbc3d3-5a5b-46aa-a687-ebaff6988328"
            ],
            "execution_duration": "PT0S"
          }
        ]
      }
    },
    {
      "type": "Feature",
      "id": "6ffbe020-79e3-4449-93b9-6c301a648c90",
      "geometry": null,
      "properties": {
        "kind": "SENSOR_CONTACT",
        "parent_track": "SENSOR",
        "sensor_name": "BB",
        "bearing": 316.76,
        "time": "2010-01-12T14:06:00+00:00",
        "label": "SUBJECT held on BB",
        "ambiguous_bearing": 354.48,
        "provenance": [
          {
            "activity_id": "bd6cb9ad-6b9d-4f06-bc76-816ff65218b5",
            "timestamp": "2026-03-21T10:15:01.419842Z",
            "was_generated_by": {
              "tool": "rep-parser",
              "tool_version": "1.0.0",
              "parameters": []
            },
            "used": [],
            "generated": [
              "6ffbe020-79e3-4449-93b9-6c301a648c90"
            ],
            "execution_duration": "PT0S"
          }
        ]
      }
    },
    {
      "type": "Feature",
      "id": "37be3279-9b32-4815-8650-5103cc9c1359",
      "geometry": null,
      "properties": {
        "kind": "SENSOR_CONTACT",
        "parent_track": "SENSOR",
        "sensor_name": "BB",
        "bearing": 316.8,
        "time": "2010-01-12T14:08:00+00:00",
        "label": "SUBJECT held on BB",
        "ambiguous_bearing": 354.44,
        "provenance": [
          {
            "activity_id": "bd6cb9ad-6b9d-4f06-bc76-816ff65218b5",
            "timestamp": "2026-03-21T10:15:01.419842Z",
            "was_generated_by": {
              "tool": "rep-parser",
              "tool_version": "1.0.0",
              "parameters": []
            },
            "used": [],
            "generated": [
              "37be3279-9b32-4815-8650-5103cc9c1359"
            ],
            "execution_duration": "PT0S"
          }
        ]
      }
    },
    {
      "type": "Feature",
      "id": "b7cb097a-9e6e-489c-9118-f478ff266f30",
      "geometry": null,
      "properties": {
        "kind": "SENSOR_CONTACT",
        "parent_track": "SENSOR",
        "sensor_name": "BB",
        "bearing": 316.85,
        "time": "2010-01-12T14:10:00+00:00",
        "label": "SUBJECT held on BB",
        "ambiguous_bearing": 354.39,
        "provenance": [
          {
            "activity_id": "bd6cb9ad-6b9d-4f06-bc76-816ff65218b5",
            "timestamp": "2026-03-21T10:15:01.419842Z",
            "was_generated_by": {
              "tool": "rep-parser",
              "tool_version": "1.0.0",
              "parameters": []
            },
            "used": [],
            "generated": [
              "b7cb097a-9e6e-489c-9118-f478ff266f30"
            ],
            "execution_duration": "PT0S"
          }
        ]
      }
    },
    {
      "type": "Feature",
      "id": "f37eab29-be10-45b0-a7b3-8611a7b85caa",
      "geometry": null,
      "properties": {
        "kind": "SENSOR_CONTACT",
        "parent_track": "SENSOR",
        "sensor_name": "BB",
        "bearing": 316.89,
        "time": "2010-01-12T14:12:00+00:00",
        "label": "SUBJECT held on BB",
        "ambiguous_bearing": 354.35,
        "provenance": [
          {
            "activity_id": "bd6cb9ad-6b9d-4f06-bc76-816ff65218b5",
            "timestamp": "2026-03-21T10:15:01.419842Z",
            "was_generated_by": {
              "tool": "rep-parser",
              "tool_version": "1.0.0",
              "parameters": []
            },
            "used": [],
            "generated": [
              "f37eab29-be10-45b0-a7b3-8611a7b85caa"
            ],
            "execution_duration": "PT0S"
          }
        ]
      }
    },
    {
      "type": "Feature",
      "id": "746d6777-8dd7-439e-8b59-1b23429d7898",
      "geometry": null,
      "properties": {
        "kind": "SENSOR_CONTACT",
        "parent_track": "SENSOR",
        "sensor_name": "BB",
        "bearing": 316.93,
        "time": "2010-01-12T14:14:00+00:00",
        "label": "SUBJECT held on BB",
        "ambiguous_bearing": 354.31,
        "provenance": [
          {
            "activity_id": "bd6cb9ad-6b9d-4f06-bc76-816ff65218b5",
            "timestamp": "2026-03-21T10:15:01.419842Z",
            "was_generated_by": {
              "tool": "rep-parser",
              "tool_version": "1.0.0",
              "parameters": []
            },
            "used": [],
            "generated": [
              "746d6777-8dd7-439e-8b59-1b23429d7898"
            ],
            "execution_duration": "PT0S"
          }
        ]
      }
    },
    {
      "type": "Feature",
      "id": "aeac058f-bb00-457c-977a-cb3c7eb98a31",
      "geometry": null,
      "properties": {
        "kind": "SENSOR_CONTACT",
        "parent_track": "SENSOR",
        "sensor_name": "BB",
        "bearing": 317.8,
        "time": "2010-01-12T14:16:00+00:00",
        "label": "SUBJECT held on BB",
        "ambiguous_bearing": 87.77,
        "provenance": [
          {
            "activity_id": "bd6cb9ad-6b9d-4f06-bc76-816ff65218b5",
            "timestamp": "2026-03-21T10:15:01.419842Z",
            "was_generated_by": {
              "tool": "rep-parser",
              "tool_version": "1.0.0",
              "parameters": []
            },
            "used": [],
            "generated": [
              "aeac058f-bb00-457c-977a-cb3c7eb98a31"
            ],
            "execution_duration": "PT0S"
          }
        ]
      }
    },
    {
      "type": "Feature",
      "id": "2c3e7313-1d15-4cd6-ba28-f0186fda3dd3",
      "geometry": null,
      "properties": {
        "kind": "SENSOR_CONTACT",
        "parent_track": "SENSOR",
        "sensor_name": "BB",
        "bearing": 319.51,
        "time": "2010-01-12T14:18:00+00:00",
        "label": "SUBJECT held on BB",
        "ambiguous_bearing": 115.96,
        "provenance": [
          {
            "activity_id": "bd6cb9ad-6b9d-4f06-bc76-816ff65218b5",
            "timestamp": "2026-03-21T10:15:01.419842Z",
            "was_generated_by": {
              "tool": "rep-parser",
              "tool_version": "1.0.0",
              "parameters": []
            },
            "used": [],
            "generated": [
              "2c3e7313-1d15-4cd6-ba28-f0186fda3dd3"
            ],
            "execution_duration": "PT0S"
          }
        ]
      }
    },
    {
      "type": "Feature",
      "id": "971e6a60-9ec8-4776-adcc-626091491082",
      "geometry": null,
      "properties": {
        "kind": "SENSOR_CONTACT",
        "parent_track": "SENSOR",
        "sensor_name": "BB",
        "bearing": 321.34,
        "time": "2010-01-12T14:20:00+00:00",
        "label": "SUBJECT held on BB",
        "ambiguous_bearing": 115.88,
        "provenance": [
          {
            "activity_id": "bd6cb9ad-6b9d-4f06-bc76-816ff65218b5",
            "timestamp": "2026-03-21T10:15:01.419842Z",
            "was_generated_by": {
              "tool": "rep-parser",
              "tool_version": "1.0.0",
              "parameters": []
            },
            "used": [],
            "generated": [
              "971e6a60-9ec8-4776-adcc-626091491082"
            ],
            "execution_duration": "PT0S"
          }
        ]
      }
    },
    {
      "type": "Feature",
      "id": "887be305-ac91-4a23-9f12-a2f8cfa01f96",
      "geometry": null,
      "properties": {
        "kind": "SENSOR_CONTACT",
        "parent_track": "SENSOR",
        "sensor_name": "BB",
        "bearing": 323.25,
        "time": "2010-01-12T14:22:00+00:00",
        "label": "SUBJECT held on BB",
        "ambiguous_bearing": 113.98,
        "provenance": [
          {
            "activity_id": "bd6cb9ad-6b9d-4f06-bc76-816ff65218b5",
            "timestamp": "2026-03-21T10:15:01.419842Z",
            "was_generated_by": {
              "tool": "rep-parser",
              "tool_version": "1.0.0",
              "parameters": []
            },
            "used": [],
            "generated": [
              "887be305-ac91-4a23-9f12-a2f8cfa01f96"
            ],
            "execution_duration": "PT0S"
          }
        ]
      }
    },
    {
      "type": "Feature",
      "id": "4767a5a1-d2a2-4746-8d48-6ac126b79b64",
      "geometry": null,
      "properties": {
        "kind": "SENSOR_CONTACT",
        "parent_track": "SENSOR",
        "sensor_name": "BB",
        "bearing": 324.67,
        "time": "2010-01-12T14:24:00+00:00",
        "label": "SUBJECT held on BB",
        "ambiguous_bearing": 18.24,
        "provenance": [
          {
            "activity_id": "bd6cb9ad-6b9d-4f06-bc76-816ff65218b5",
            "timestamp": "2026-03-21T10:15:01.419842Z",
            "was_generated_by": {
              "tool": "rep-parser",
              "tool_version": "1.0.0",
              "parameters": []
            },
            "used": [],
            "generated": [
              "4767a5a1-d2a2-4746-8d48-6ac126b79b64"
            ],
            "execution_duration": "PT0S"
          }
        ]
      }
    },
    {
      "type": "Feature",
      "id": "69bee0f7-9e5b-4f93-9aec-8357284d0f0d",
      "geometry": null,
      "properties": {
        "kind": "SENSOR_CONTACT",
        "parent_track": "SENSOR",
        "sensor_name": "BB",
        "bearing": 324.26,
        "time": "2010-01-12T14:26:00+00:00",
        "label": "SUBJECT held on BB",
        "ambiguous_bearing": 285.75,
        "provenance": [
          {
            "activity_id": "bd6cb9ad-6b9d-4f06-bc76-816ff65218b5",
            "timestamp": "2026-03-21T10:15:01.419842Z",
            "was_generated_by": {
              "tool": "rep-parser",
              "tool_version": "1.0.0",
              "parameters": []
            },
            "used": [],
            "generated": [
              "69bee0f7-9e5b-4f93-9aec-8357284d0f0d"
            ],
            "execution_duration": "PT0S"
          }
        ]
      }
    },
    {
      "type": "Feature",
      "id": "e826dad2-5a24-484a-a612-5a25abf2533b",
      "geometry": null,
      "properties": {
        "kind": "SENSOR_CONTACT",
        "parent_track": "SENSOR",
        "sensor_name": "BB",
        "bearing": 322.76,
        "time": "2010-01-12T14:28:00+00:00",
        "label": "SUBJECT held on BB",
        "ambiguous_bearing": 282.56,
        "provenance": [
          {
            "activity_id": "bd6cb9ad-6b9d-4f06-bc76-816ff65218b5",
            "timestamp": "2026-03-21T10:15:01.419842Z",
            "was_generated_by": {
              "tool": "rep-parser",
              "tool_version": "1.0.0",
              "parameters": []
            },
            "used": [],
            "generated": [
              "e826dad2-5a24-484a-a612-5a25abf2533b"
            ],
            "execution_duration": "PT0S"
          }
        ]
      }
    },
    {
      "type": "Feature",
      "id": "d57ba714-2513-4a6f-a98d-07af4a42f077",
      "geometry": null,
      "properties": {
        "kind": "SENSOR_CONTACT",
        "parent_track": "SENSOR",
        "sensor_name": "BB",
        "bearing": 321.29,
        "time": "2010-01-12T14:30:00+00:00",
        "label": "SUBJECT held on BB",
        "ambiguous_bearing": 284.03,
        "provenance": [
          {
            "activity_id": "bd6cb9ad-6b9d-4f06-bc76-816ff65218b5",
            "timestamp": "2026-03-21T10:15:01.419842Z",
            "was_generated_by": {
              "tool": "rep-parser",
              "tool_version": "1.0.0",
              "parameters": []
            },
            "used": [],
            "generated": [
              "d57ba714-2513-4a6f-a98d-07af4a42f077"
            ],
            "execution_duration": "PT0S"
          }
        ]
      }
    },
    {
      "type": "Feature",
      "id": "a045429c-c553-4549-bb66-362f64f42204",
      "geometry": null,
      "properties": {
        "kind": "SENSOR_CONTACT",
        "parent_track": "SENSOR",
        "sensor_name": "BB",
        "bearing": 319.84,
        "time": "2010-01-12T14:32:00+00:00",
        "label": "SUBJECT held on BB",
        "ambiguous_bearing": 285.47,
        "provenance": [
          {
            "activity_id": "bd6cb9ad-6b9d-4f06-bc76-816ff65218b5",
            "timestamp": "2026-03-21T10:15:01.419842Z",
            "was_generated_by": {
              "tool": "rep-parser",
              "tool_version": "1.0.0",
              "parameters": []
            },
            "used": [],
            "generated": [
              "a045429c-c553-4549-bb66-362f64f42204"
            ],
            "execution_duration": "PT0S"
          }
        ]
      }
    },
    {
      "type": "Feature",
      "id": "329e8d7e-14e3-428a-87ad-601f01f09f72",
      "geometry": null,
      "properties": {
        "kind": "SENSOR_CONTACT",
        "parent_track": "SENSOR",
        "sensor_name": "BB",
        "bearing": 318.43,
        "time": "2010-01-12T14:34:00+00:00",
        "label": "SUBJECT held on BB",
        "ambiguous_bearing": 286.88,
        "provenance": [
          {
            "activity_id": "bd6cb9ad-6b9d-4f06-bc76-816ff65218b5",
            "timestamp": "2026-03-21T10:15:01.419842Z",
            "was_generated_by": {
              "tool": "rep-parser",
              "tool_version": "1.0.0",
              "parameters": []
            },
            "used": [],
            "generated": [
              "329e8d7e-14e3-428a-87ad-601f01f09f72"
            ],
            "execution_duration": "PT0S"
          }
        ]
      }
    },
    {
      "type": "Feature",
      "id": "dc5913f8-5b21-443b-903a-fb39ce269c77",
      "geometry": null,
      "properties": {
        "kind": "SENSOR_CONTACT",
        "parent_track": "SENSOR",
        "sensor_name": "BB",
        "bearing": 317.05,
        "time": "2010-01-12T14:36:00+00:00",
        "label": "SUBJECT held on BB",
        "ambiguous_bearing": 288.26,
        "provenance": [
          {
            "activity_id": "bd6cb9ad-6b9d-4f06-bc76-816ff65218b5",
            "timestamp": "2026-03-21T10:15:01.419842Z",
            "was_generated_by": {
              "tool": "rep-parser",
              "tool_version": "1.0.0",
              "parameters": []
            },
            "used": [],
            "generated": [
              "dc5913f8-5b21-443b-903a-fb39ce269c77"
            ],
            "execution_duration": "PT0S"
          }
        ]
      }
    },
    {
      "type": "Feature",
      "id": "ea39c84e-2b53-4c7c-9749-e897004ccd65",
      "geometry": null,
      "properties": {
        "kind": "SENSOR_CONTACT",
        "parent_track": "SENSOR",
        "sensor_name": "BB",
        "bearing": 315.71,
        "time": "2010-01-12T14:38:00+00:00",
        "label": "SUBJECT held on BB",
        "ambiguous_bearing": 289.61,
        "provenance": [
          {
            "activity_id": "bd6cb9ad-6b9d-4f06-bc76-816ff65218b5",
            "timestamp": "2026-03-21T10:15:01.419842Z",
            "was_generated_by": {
              "tool": "rep-parser",
              "tool_version": "1.0.0",
              "parameters": []
            },
            "used": [],
            "generated": [
              "ea39c84e-2b53-4c7c-9749-e897004ccd65"
            ],
            "execution_duration": "PT0S"
          }
        ]
      }
    },
    {
      "type": "Feature",
      "id": "8479224a-9387-45e5-8296-9a973d82b8ae",
      "geometry": null,
      "properties": {
        "kind": "SENSOR_CONTACT",
        "parent_track": "SENSOR",
        "sensor_name": "BB",
        "bearing": 314.39,
        "time": "2010-01-12T14:40:00+00:00",
        "label": "SUBJECT held on BB",
        "ambiguous_bearing": 290.92,
        "provenance": [
          {
            "activity_id": "bd6cb9ad-6b9d-4f06-bc76-816ff65218b5",
            "timestamp": "2026-03-21T10:15:01.419842Z",
            "was_generated_by": {
              "tool": "rep-parser",
              "tool_version": "1.0.0",
              "parameters": []
            },
            "used": [],
            "generated": [
              "8479224a-9387-45e5-8296-9a973d82b8ae"
            ],
            "execution_duration": "PT0S"
          }
        ]
      }
    },
    {
      "type": "Feature",
      "id": "1420b392-f3eb-4147-9498-6739ddbb4597",
      "geometry": null,
      "properties": {
        "kind": "SENSOR_CONTACT",
        "parent_track": "SENSOR",
        "sensor_name": "BB",
        "bearing": 313.12,
        "time": "2010-01-12T14:42:00+00:00",
        "label": "SUBJECT held on BB",
        "ambiguous_bearing": 292.2,
        "provenance": [
          {
            "activity_id": "bd6cb9ad-6b9d-4f06-bc76-816ff65218b5",
            "timestamp": "2026-03-21T10:15:01.419842Z",
            "was_generated_by": {
              "tool": "rep-parser",
              "tool_version": "1.0.0",
              "parameters": []
            },
            "used": [],
            "generated": [
              "1420b392-f3eb-4147-9498-6739ddbb4597"
            ],
            "execution_duration": "PT0S"
          }
        ]
      }
    },
    {
      "type": "Feature",
      "id": "0a2a9ff3-b206-469b-b5ba-b813a8f2af3e",
      "geometry": null,
      "properties": {
        "kind": "SENSOR_CONTACT",
        "parent_track": "SENSOR",
        "sensor_name": "BB",
        "bearing": 311.87,
        "time": "2010-01-12T14:44:00+00:00",
        "label": "SUBJECT held on BB",
        "ambiguous_bearing": 293.44,
        "provenance": [
          {
            "activity_id": "bd6cb9ad-6b9d-4f06-bc76-816ff65218b5",
            "timestamp": "2026-03-21T10:15:01.419842Z",
            "was_generated_by": {
              "tool": "rep-parser",
              "tool_version": "1.0.0",
              "parameters": []
            },
            "used": [],
            "generated": [
              "0a2a9ff3-b206-469b-b5ba-b813a8f2af3e"
            ],
            "execution_duration": "PT0S"
          }
        ]
      }
    },
    {
      "type": "Feature",
      "id": "7243aa46-30f5-4517-9997-79e5b91d40c8",
      "geometry": null,
      "properties": {
        "kind": "SENSOR_CONTACT",
        "parent_track": "SENSOR",
        "sensor_name": "BB",
        "bearing": 309.79,
        "time": "2010-01-12T14:46:00+00:00",
        "label": "SUBJECT held on BB",
        "ambiguous_bearing": 201.2,
        "provenance": [
          {
            "activity_id": "bd6cb9ad-6b9d-4f06-bc76-816ff65218b5",
            "timestamp": "2026-03-21T10:15:01.419842Z",
            "was_generated_by": {
              "tool": "rep-parser",
              "tool_version": "1.0.0",
              "parameters": []
            },
            "used": [],
            "generated": [
              "7243aa46-30f5-4517-9997-79e5b91d40c8"
            ],
            "execution_duration": "PT0S"
          }
        ]
      }
    },
    {
      "type": "Feature",
      "id": "65a9c00f-28ab-48b2-a5bc-386d323ded53",
      "geometry": null,
      "properties": {
        "kind": "SENSOR_CONTACT",
        "parent_track": "SENSOR",
        "sensor_name": "BB",
        "bearing": 306.62,
        "time": "2010-01-12T14:48:00+00:00",
        "label": "SUBJECT held on BB",
        "ambiguous_bearing": 119.8,
        "provenance": [
          {
            "activity_id": "bd6cb9ad-6b9d-4f06-bc76-816ff65218b5",
            "timestamp": "2026-03-21T10:15:01.419842Z",
            "was_generated_by": {
              "tool": "rep-parser",
              "tool_version": "1.0.0",
              "parameters": []
            },
            "used": [],
            "generated": [
              "65a9c00f-28ab-48b2-a5bc-386d323ded53"
            ],
            "execution_duration": "PT0S"
          }
        ]
      }
    },
    {
      "type": "Feature",
      "id": "dd59e87b-551b-491d-b53b-92347b204fb9",
      "geometry": null,
      "properties": {
        "kind": "SENSOR_CONTACT",
        "parent_track": "SENSOR",
        "sensor_name": "BB",
        "bearing": 303.17,
        "time": "2010-01-12T14:50:00+00:00",
        "label": "SUBJECT held on BB",
        "ambiguous_bearing": 117.35,
        "provenance": [
          {
            "activity_id": "bd6cb9ad-6b9d-4f06-bc76-816ff65218b5",
            "timestamp": "2026-03-21T10:15:01.419842Z",
            "was_generated_by": {
              "tool": "rep-parser",
              "tool_version": "1.0.0",
              "parameters": []
            },
            "used": [],
            "generated": [
              "dd59e87b-551b-491d-b53b-92347b204fb9"
            ],
            "execution_duration": "PT0S"
          }
        ]
      }
    },
    {
      "type": "Feature",
      "id": "9522a0fb-fa49-416f-95a7-53af989bdc41",
      "geometry": null,
      "properties": {
        "kind": "SENSOR_CONTACT",
        "parent_track": "SENSOR",
        "sensor_name": "BB",
        "bearing": 299.51,
        "time": "2010-01-12T14:52:00+00:00",
        "label": "SUBJECT held on BB",
        "ambiguous_bearing": 120.97,
        "provenance": [
          {
            "activity_id": "bd6cb9ad-6b9d-4f06-bc76-816ff65218b5",
            "timestamp": "2026-03-21T10:15:01.419842Z",
            "was_generated_by": {
              "tool": "rep-parser",
              "tool_version": "1.0.0",
              "parameters": []
            },
            "used": [],
            "generated": [
              "9522a0fb-fa49-416f-95a7-53af989bdc41"
            ],
            "execution_duration": "PT0S"
          }
        ]
      }
    },
    {
      "type": "Feature",
      "id": "179dea83-0b8f-4ffc-9af5-9b5ff3169a86",
      "geometry": null,
      "properties": {
        "kind": "SENSOR_CONTACT",
        "parent_track": "SENSOR",
        "sensor_name": "BB",
        "bearing": 295.68,
        "time": "2010-01-12T14:54:00+00:00",
        "label": "SUBJECT held on BB",
        "ambiguous_bearing": 124.8,
        "provenance": [
          {
            "activity_id": "bd6cb9ad-6b9d-4f06-bc76-816ff65218b5",
            "timestamp": "2026-03-21T10:15:01.419842Z",
            "was_generated_by": {
              "tool": "rep-parser",
              "tool_version": "1.0.0",
              "parameters": []
            },
            "used": [],
            "generated": [
              "179dea83-0b8f-4ffc-9af5-9b5ff3169a86"
            ],
            "execution_duration": "PT0S"
          }
        ]
      }
    },
    {
      "type": "Feature",
      "id": "fa5251e3-0d0e-412b-a227-9af493e1b9de",
      "geometry": null,
      "properties": {
        "kind": "SENSOR_CONTACT",
        "parent_track": "SENSOR",
        "sensor_name": "BB",
        "bearing": 291.69,
        "time": "2010-01-12T14:56:00+00:00",
        "label": "SUBJECT held on BB",
        "ambiguous_bearing": 128.79,
        "provenance": [
          {
            "activity_id": "bd6cb9ad-6b9d-4f06-bc76-816ff65218b5",
            "timestamp": "2026-03-21T10:15:01.419842Z",
            "was_generated_by": {
              "tool": "rep-parser",
              "tool_version": "1.0.0",
              "parameters": []
            },
            "used": [],
            "generated": [
              "fa5251e3-0d0e-412b-a227-9af493e1b9de"
            ],
            "execution_duration": "PT0S"
          }
        ]
      }
    },
    {
      "type": "Feature",
      "id": "86600065-f88c-4816-bb7d-3143c6322d75",
      "geometry": null,
      "properties": {
        "kind": "SENSOR_CONTACT",
        "parent_track": "SENSOR",
        "sensor_name": "BB",
        "bearing": 287.58,
        "time": "2010-01-12T14:58:00+00:00",
        "label": "SUBJECT held on BB",
        "ambiguous_bearing": 132.91,
        "provenance": [
          {
            "activity_id": "bd6cb9ad-6b9d-4f06-bc76-816ff65218b5",
            "timestamp": "2026-03-21T10:15:01.419842Z",
            "was_generated_by": {
              "tool": "rep-parser",
              "tool_version": "1.0.0",
              "parameters": []
            },
            "used": [],
            "generated": [
              "86600065-f88c-4816-bb7d-3143c6322d75"
            ],
            "execution_duration": "PT0S"
          }
        ]
      }
    },
    {
      "type": "Feature",
      "id": "69bcc606-774a-41e0-8e62-7ae1ee0d044b",
      "geometry": null,
      "properties": {
        "kind": "SENSOR_CONTACT",
        "parent_track": "SENSOR",
        "sensor_name": "BB",
        "bearing": 283.37,
        "time": "2010-01-12T15:00:00+00:00",
        "label": "SUBJECT held on BB",
        "ambiguous_bearing": 137.11,
        "provenance": [
          {
            "activity_id": "bd6cb9ad-6b9d-4f06-bc76-816ff65218b5",
            "timestamp": "2026-03-21T10:15:01.419842Z",
            "was_generated_by": {
              "tool": "rep-parser",
              "tool_version": "1.0.0",
              "parameters": []
            },
            "used": [],
            "generated": [
              "69bcc606-774a-41e0-8e62-7ae1ee0d044b"
            ],
            "execution_duration": "PT0S"
          }
        ]
      }
    },
    {
      "type": "Feature",
      "id": "7c9cd0dc-56f0-4cf7-9670-391a002524e6",
      "geometry": null,
      "properties": {
        "kind": "SENSOR_CONTACT",
        "parent_track": "SENSOR",
        "sensor_name": "BB",
        "bearing": 279.02,
        "time": "2010-01-12T15:02:00+00:00",
        "label": "SUBJECT held on BB",
        "ambiguous_bearing": 47.14,
        "provenance": [
          {
            "activity_id": "bd6cb9ad-6b9d-4f06-bc76-816ff65218b5",
            "timestamp": "2026-03-21T10:15:01.419842Z",
            "was_generated_by": {
              "tool": "rep-parser",
              "tool_version": "1.0.0",
              "parameters": []
            },
            "used": [],
            "generated": [
              "7c9cd0dc-56f0-4cf7-9670-391a002524e6"
            ],
            "execution_duration": "PT0S"
          }
        ]
      }
    },
    {
      "type": "Feature",
      "id": "f8a34e70-3589-4d73-8359-a549bb239d68",
      "geometry": null,
      "properties": {
        "kind": "SENSOR_CONTACT",
        "parent_track": "SENSOR",
        "sensor_name": "BB",
        "bearing": 275.32,
        "time": "2010-01-12T15:04:00+00:00",
        "label": "SUBJECT held on BB",
        "ambiguous_bearing": 316.52,
        "provenance": [
          {
            "activity_id": "bd6cb9ad-6b9d-4f06-bc76-816ff65218b5",
            "timestamp": "2026-03-21T10:15:01.419842Z",
            "was_generated_by": {
              "tool": "rep-parser",
              "tool_version": "1.0.0",
              "parameters": []
            },
            "used": [],
            "generated": [
              "f8a34e70-3589-4d73-8359-a549bb239d68"
            ],
            "execution_duration": "PT0S"
          }
        ]
      }
    },
    {
      "type": "Feature",
      "id": "a89cb0a4-a1f1-4b35-a974-efd1ace9b375",
      "geometry": null,
      "properties": {
        "kind": "SENSOR_CONTACT",
        "parent_track": "SENSOR",
        "sensor_name": "BB",
        "bearing": 272.48,
        "time": "2010-01-12T15:06:00+00:00",
        "label": "SUBJECT held on BB",
        "ambiguous_bearing": 305.31,
        "provenance": [
          {
            "activity_id": "bd6cb9ad-6b9d-4f06-bc76-816ff65218b5",
            "timestamp": "2026-03-21T10:15:01.419842Z",
            "was_generated_by": {
              "tool": "rep-parser",
              "tool_version": "1.0.0",
              "parameters": []
            },
            "used": [],
            "generated": [
              "a89cb0a4-a1f1-4b35-a974-efd1ace9b375"
            ],
            "execution_duration": "PT0S"
          }
        ]
      }
    },
    {
      "type": "Feature",
      "id": "45c1a8d4-8eef-459f-b758-44599416d01d",
      "geometry": null,
      "properties": {
        "kind": "SENSOR_CONTACT",
        "parent_track": "SENSOR",
        "sensor_name": "BB",
        "bearing": 269.28,
        "time": "2010-01-12T15:08:00+00:00",
        "label": "SUBJECT held on BB",
        "ambiguous_bearing": 308.31,
        "provenance": [
          {
            "activity_id": "bd6cb9ad-6b9d-4f06-bc76-816ff65218b5",
            "timestamp": "2026-03-21T10:15:01.419842Z",
            "was_generated_by": {
              "tool": "rep-parser",
              "tool_version": "1.0.0",
              "parameters": []
            },
            "used": [],
            "generated": [
              "45c1a8d4-8eef-459f-b758-44599416d01d"
            ],
            "execution_duration": "PT0S"
          }
        ]
      }
    },
    {
      "type": "Feature",
      "id": "0040fe03-e732-44f4-9fd9-124174ae72b9",
      "geometry": null,
      "properties": {
        "kind": "SENSOR_CONTACT",
        "parent_track": "SENSOR",
        "sensor_name": "BB",
        "bearing": 265.62,
        "time": "2010-01-12T15:10:00+00:00",
        "label": "SUBJECT held on BB",
        "ambiguous_bearing": 311.97,
        "provenance": [
          {
            "activity_id": "bd6cb9ad-6b9d-4f06-bc76-816ff65218b5",
            "timestamp": "2026-03-21T10:15:01.419842Z",
            "was_generated_by": {
              "tool": "rep-parser",
              "tool_version": "1.0.0",
              "parameters": []
            },
            "used": [],
            "generated": [
              "0040fe03-e732-44f4-9fd9-124174ae72b9"
            ],
            "execution_duration": "PT0S"
          }
        ]
      }
    },
    {
      "type": "Feature",
      "id": "0eb338d8-8e81-4275-b3dc-861234c76421",
      "geometry": null,
      "properties": {
        "kind": "SENSOR_CONTACT",
        "parent_track": "SENSOR",
        "sensor_name": "BB",
        "bearing": 261.43,
        "time": "2010-01-12T15:12:00+00:00",
        "label": "SUBJECT held on BB",
        "ambiguous_bearing": 316.16,
        "provenance": [
          {
            "activity_id": "bd6cb9ad-6b9d-4f06-bc76-816ff65218b5",
            "timestamp": "2026-03-21T10:15:01.419842Z",
            "was_generated_by": {
              "tool": "rep-parser",
              "tool_version": "1.0.0",
              "parameters": []
            },
            "used": [],
            "generated": [
              "0eb338d8-8e81-4275-b3dc-861234c76421"
            ],
            "execution_duration": "PT0S"
          }
        ]
      }
    },
    {
      "type": "Feature",
      "id": "66a77e8e-4bae-4619-8939-602b27c147c8",
      "geometry": null,
      "properties": {
        "kind": "SENSOR_CONTACT",
        "parent_track": "SENSOR",
        "sensor_name": "BB",
        "bearing": 256.64,
        "time": "2010-01-12T15:14:00+00:00",
        "label": "SUBJECT held on BB",
        "ambiguous_bearing": 320.95,
        "provenance": [
          {
            "activity_id": "bd6cb9ad-6b9d-4f06-bc76-816ff65218b5",
            "timestamp": "2026-03-21T10:15:01.419842Z",
            "was_generated_by": {
              "tool": "rep-parser",
              "tool_version": "1.0.0",
              "parameters": []
            },
            "used": [],
            "generated": [
              "66a77e8e-4bae-4619-8939-602b27c147c8"
            ],
            "execution_duration": "PT0S"
          }
        ]
      }
    },
    {
      "type": "Feature",
      "id": "7101ea30-edd1-49f5-9887-ef65491bc490",
      "geometry": null,
      "properties": {
        "kind": "SENSOR_CONTACT",
        "parent_track": "SENSOR",
        "sensor_name": "BB",
        "bearing": 251.19,
        "time": "2010-01-12T15:16:00+00:00",
        "label": "SUBJECT held on BB",
        "ambiguous_bearing": 326.4,
        "provenance": [
          {
            "activity_id": "bd6cb9ad-6b9d-4f06-bc76-816ff65218b5",
            "timestamp": "2026-03-21T10:15:01.419842Z",
            "was_generated_by": {
              "tool": "rep-parser",
              "tool_version": "1.0.0",
              "parameters": []
            },
            "used": [],
            "generated": [
              "7101ea30-edd1-49f5-9887-ef65491bc490"
            ],
            "execution_duration": "PT0S"
          }
        ]
      }
    },
    {
      "type": "Feature",
      "id": "b21b5a26-cd21-4142-b581-8e7a877f788d",
      "geometry": null,
      "properties": {
        "kind": "SENSOR_CONTACT",
        "parent_track": "SENSOR",
        "sensor_name": "BB",
        "bearing": 245.06,
        "time": "2010-01-12T15:18:00+00:00",
        "label": "SUBJECT held on BB",
        "ambiguous_bearing": 332.53,
        "provenance": [
          {
            "activity_id": "bd6cb9ad-6b9d-4f06-bc76-816ff65218b5",
            "timestamp": "2026-03-21T10:15:01.419842Z",
            "was_generated_by": {
              "tool": "rep-parser",
              "tool_version": "1.0.0",
              "parameters": []
            },
            "used": [],
            "generated": [
              "b21b5a26-cd21-4142-b581-8e7a877f788d"
            ],
            "execution_duration": "PT0S"
          }
        ]
      }
    },
    {
      "type": "Feature",
      "id": "c72f2b0b-7f35-474f-baa0-a4b2d5d9dadc",
      "geometry": null,
      "properties": {
        "kind": "SENSOR_CONTACT",
        "parent_track": "SENSOR",
        "sensor_name": "BB",
        "bearing": 238.28,
        "time": "2010-01-12T15:20:00+00:00",
        "label": "SUBJECT held on BB",
        "ambiguous_bearing": 339.31,
        "provenance": [
          {
            "activity_id": "bd6cb9ad-6b9d-4f06-bc76-816ff65218b5",
            "timestamp": "2026-03-21T10:15:01.419842Z",
            "was_generated_by": {
              "tool": "rep-parser",
              "tool_version": "1.0.0",
              "parameters": []
            },
            "used": [],
            "generated": [
              "c72f2b0b-7f35-474f-baa0-a4b2d5d9dadc"
            ],
            "execution_duration": "PT0S"
          }
        ]
      }
    },
    {
      "type": "Feature",
      "id": "bf5978c6-b752-4a23-85a5-8318d4276af1",
      "geometry": null,
      "properties": {
        "kind": "SENSOR_CONTACT",
        "parent_track": "SENSOR",
        "sensor_name": "BB",
        "bearing": 230.96,
        "time": "2010-01-12T15:22:00+00:00",
        "label": "SUBJECT held on BB",
        "ambiguous_bearing": 346.63,
        "provenance": [
          {
            "activity_id": "bd6cb9ad-6b9d-4f06-bc76-816ff65218b5",
            "timestamp": "2026-03-21T10:15:01.419842Z",
            "was_generated_by": {
              "tool": "rep-parser",
              "tool_version": "1.0.0",
              "parameters": []
            },
            "used": [],
            "generated": [
              "bf5978c6-b752-4a23-85a5-8318d4276af1"
            ],
            "execution_duration": "PT0S"
          }
        ]
      }
    },
    {
      "type": "Feature",
      "id": "cea3cca4-7ee5-412f-944d-c15ea6f98b7c",
      "geometry": null,
      "properties": {
        "kind": "SENSOR_CONTACT",
        "parent_track": "SENSOR",
        "sensor_name": "BB",
        "bearing": 223.29,
        "time": "2010-01-12T15:24:00+00:00",
        "label": "SUBJECT held on BB",
        "ambiguous_bearing": 354.31,
        "provenance": [
          {
            "activity_id": "bd6cb9ad-6b9d-4f06-bc76-816ff65218b5",
            "timestamp": "2026-03-21T10:15:01.419842Z",
            "was_generated_by": {
              "tool": "rep-parser",
              "tool_version": "1.0.0",
              "parameters": []
            },
            "used": [],
            "generated": [
              "cea3cca4-7ee5-412f-944d-c15ea6f98b7c"
            ],
            "execution_duration": "PT0S"
          }
        ]
      }
    },
    {
      "type": "Feature",
      "id": "3ad3c1c3-1286-4cc5-affe-b982edc3a662",
      "geometry": null,
      "properties": {
        "kind": "SENSOR_CONTACT",
        "parent_track": "SENSOR",
        "sensor_name": "BB",
        "bearing": 215.52,
        "time": "2010-01-12T15:26:00+00:00",
        "label": "SUBJECT held on BB",
        "ambiguous_bearing": 2.07,
        "provenance": [
          {
            "activity_id": "bd6cb9ad-6b9d-4f06-bc76-816ff65218b5",
            "timestamp": "2026-03-21T10:15:01.419842Z",
            "was_generated_by": {
              "tool": "rep-parser",
              "tool_version": "1.0.0",
              "parameters": []
            },
            "used": [],
            "generated": [
              "3ad3c1c3-1286-4cc5-affe-b982edc3a662"
            ],
            "execution_duration": "PT0S"
          }
        ]
      }
    },
    {
      "type": "Feature",
      "id": "53ca21ba-5420-4c3d-9486-6d2491451d99",
      "geometry": null,
      "properties": {
        "kind": "SENSOR_CONTACT",
        "parent_track": "SENSOR",
        "sensor_name": "BB",
        "bearing": 207.94,
        "time": "2010-01-12T15:28:00+00:00",
        "label": "SUBJECT held on BB",
        "ambiguous_bearing": 9.65,
        "provenance": [
          {
            "activity_id": "bd6cb9ad-6b9d-4f06-bc76-816ff65218b5",
            "timestamp": "2026-03-21T10:15:01.419842Z",
            "was_generated_by": {
              "tool": "rep-parser",
              "tool_version": "1.0.0",
              "parameters": []
            },
            "used": [],
            "generated": [
              "53ca21ba-5420-4c3d-9486-6d2491451d99"
            ],
            "execution_duration": "PT0S"
          }
        ]
      }
    },
    {
      "type": "Feature",
      "id": "15d19577-4e2f-470b-bec6-081b31b1668b",
      "geometry": null,
      "properties": {
        "kind": "SENSOR_CONTACT",
        "parent_track": "SENSOR",
        "sensor_name": "BB",
        "bearing": 200.8,
        "time": "2010-01-12T15:30:00+00:00",
        "label": "SUBJECT held on BB",
        "ambiguous_bearing": 16.8,
        "provenance": [
          {
            "activity_id": "bd6cb9ad-6b9d-4f06-bc76-816ff65218b5",
            "timestamp": "2026-03-21T10:15:01.419842Z",
            "was_generated_by": {
              "tool": "rep-parser",
              "tool_version": "1.0.0",
              "parameters": []
            },
            "used": [],
            "generated": [
              "15d19577-4e2f-470b-bec6-081b31b1668b"
            ],
            "execution_duration": "PT0S"
          }
        ]
      }
    },
    {
      "type": "Feature",
      "id": "0328fe02-b5b6-4c48-9c0a-60d7db2ea2cf",
      "geometry": null,
      "properties": {
        "kind": "SENSOR_CONTACT",
        "parent_track": "SENSOR",
        "sensor_name": "BB",
        "bearing": 194.24,
        "time": "2010-01-12T15:32:00+00:00",
        "label": "SUBJECT held on BB",
        "ambiguous_bearing": 23.35,
        "provenance": [
          {
            "activity_id": "bd6cb9ad-6b9d-4f06-bc76-816ff65218b5",
            "timestamp": "2026-03-21T10:15:01.419842Z",
            "was_generated_by": {
              "tool": "rep-parser",
              "tool_version": "1.0.0",
              "parameters": []
            },
            "used": [],
            "generated": [
              "0328fe02-b5b6-4c48-9c0a-60d7db2ea2cf"
            ],
            "execution_duration": "PT0S"
          }
        ]
      }
    },
    {
      "type": "Feature",
      "id": "171dfb67-d4b6-43d2-9b7a-fb93b9b30d17",
      "geometry": null,
      "properties": {
        "kind": "SENSOR_CONTACT",
        "parent_track": "SENSOR",
        "sensor_name": "BB",
        "bearing": 188.35,
        "time": "2010-01-12T15:34:00+00:00",
        "label": "SUBJECT held on BB",
        "ambiguous_bearing": 29.24,
        "provenance": [
          {
            "activity_id": "bd6cb9ad-6b9d-4f06-bc76-816ff65218b5",
            "timestamp": "2026-03-21T10:15:01.419842Z",
            "was_generated_by": {
              "tool": "rep-parser",
              "tool_version": "1.0.0",
              "parameters": []
            },
            "used": [],
            "generated": [
              "171dfb67-d4b6-43d2-9b7a-fb93b9b30d17"
            ],
            "execution_duration": "PT0S"
          }
        ]
      }
    },
    {
      "type": "Feature",
      "id": "58f90924-1ef0-46a7-a7c7-b008a35e5d54",
      "geometry": null,
      "properties": {
        "kind": "SENSOR_CONTACT",
        "parent_track": "SENSOR",
        "sensor_name": "BB",
        "bearing": 183.14,
        "time": "2010-01-12T15:36:00+00:00",
        "label": "SUBJECT held on BB",
        "ambiguous_bearing": 34.45,
        "provenance": [
          {
            "activity_id": "bd6cb9ad-6b9d-4f06-bc76-816ff65218b5",
            "timestamp": "2026-03-21T10:15:01.419842Z",
            "was_generated_by": {
              "tool": "rep-parser",
              "tool_version": "1.0.0",
              "parameters": []
            },
            "used": [],
            "generated": [
              "58f90924-1ef0-46a7-a7c7-b008a35e5d54"
            ],
            "execution_duration": "PT0S"
          }
        ]
      }
    },
    {
      "type": "Feature",
      "id": "3264de7e-21d0-4ffe-9ba8-f46c226bd064",
      "geometry": null,
      "properties": {
        "kind": "SENSOR_CONTACT",
        "parent_track": "SENSOR",
        "sensor_name": "BB",
        "bearing": 178.57,
        "time": "2010-01-12T15:38:00+00:00",
        "label": "SUBJECT held on BB",
        "ambiguous_bearing": 39.02,
        "provenance": [
          {
            "activity_id": "bd6cb9ad-6b9d-4f06-bc76-816ff65218b5",
            "timestamp": "2026-03-21T10:15:01.419842Z",
            "was_generated_by": {
              "tool": "rep-parser",
              "tool_version": "1.0.0",
              "parameters": []
            },
            "used": [],
            "generated": [
              "3264de7e-21d0-4ffe-9ba8-f46c226bd064"
            ],
            "execution_duration": "PT0S"
          }
        ]
      }
    },
    {
      "type": "Feature",
      "id": "2fd3fca4-d124-4d6a-be9d-281181baea4c",
      "geometry": null,
      "properties": {
        "kind": "SENSOR_CONTACT",
        "parent_track": "SENSOR",
        "sensor_name": "BB",
        "bearing": 174.58,
        "time": "2010-01-12T15:40:00+00:00",
        "label": "SUBJECT held on BB",
        "ambiguous_bearing": 43.01,
        "provenance": [
          {
            "activity_id": "bd6cb9ad-6b9d-4f06-bc76-816ff65218b5",
            "timestamp": "2026-03-21T10:15:01.419842Z",
            "was_generated_by": {
              "tool": "rep-parser",
              "tool_version": "1.0.0",
              "parameters": []
            },
            "used": [],
            "generated": [
              "2fd3fca4-d124-4d6a-be9d-281181baea4c"
            ],
            "execution_duration": "PT0S"
          }
        ]
      }
    },
    {
      "type": "Feature",
      "id": "f8d588b5-cf62-4f03-90f9-e0ce9a699b90",
      "geometry": null,
      "properties": {
        "kind": "SENSOR_CONTACT",
        "parent_track": "SENSOR",
        "sensor_name": "BB",
        "bearing": 171.09,
        "time": "2010-01-12T15:42:00+00:00",
        "label": "SUBJECT held on BB",
        "ambiguous_bearing": 46.5,
        "provenance": [
          {
            "activity_id": "bd6cb9ad-6b9d-4f06-bc76-816ff65218b5",
            "timestamp": "2026-03-21T10:15:01.419842Z",
            "was_generated_by": {
              "tool": "rep-parser",
              "tool_version": "1.0.0",
              "parameters": []
            },
            "used": [],
            "generated": [
              "f8d588b5-cf62-4f03-90f9-e0ce9a699b90"
            ],
            "execution_duration": "PT0S"
          }
        ]
      }
    },
    {
      "type": "Feature",
      "id": "49078750-7b65-46ba-b6c9-dbe610f4ff56",
      "geometry": null,
      "properties": {
        "kind": "SENSOR_CONTACT",
        "parent_track": "SENSOR",
        "sensor_name": "BB",
        "bearing": 168.04,
        "time": "2010-01-12T15:44:00+00:00",
        "label": "SUBJECT held on BB",
        "ambiguous_bearing": 49.55,
        "provenance": [
          {
            "activity_id": "bd6cb9ad-6b9d-4f06-bc76-816ff65218b5",
            "timestamp": "2026-03-21T10:15:01.419842Z",
            "was_generated_by": {
              "tool": "rep-parser",
              "tool_version": "1.0.0",
              "parameters": []
            },
            "used": [],
            "generated": [
              "49078750-7b65-46ba-b6c9-dbe610f4ff56"
            ],
            "execution_duration": "PT0S"
          }
        ]
      }
    },
    {
      "type": "Feature",
      "id": "ca89ef6d-6ae9-4f07-a19c-ece0dd84c877",
      "geometry": null,
      "properties": {
        "kind": "SENSOR_CONTACT",
        "parent_track": "SENSOR",
        "sensor_name": "BB",
        "bearing": 165.37,
        "time": "2010-01-12T15:46:00+00:00",
        "label": "SUBJECT held on BB",
        "ambiguous_bearing": 52.23,
        "provenance": [
          {
            "activity_id": "bd6cb9ad-6b9d-4f06-bc76-816ff65218b5",
            "timestamp": "2026-03-21T10:15:01.419842Z",
            "was_generated_by": {
              "tool": "rep-parser",
              "tool_version": "1.0.0",
              "parameters": []
            },
            "used": [],
            "generated": [
              "ca89ef6d-6ae9-4f07-a19c-ece0dd84c877"
            ],
            "execution_duration": "PT0S"
          }
        ]
      }
    },
    {
      "type": "Feature",
      "id": "4d27897d-2f5e-4a13-924c-693c7f126d7f",
      "geometry": null,
      "properties": {
        "kind": "SENSOR_CONTACT",
        "parent_track": "SENSOR",
        "sensor_name": "BB",
        "bearing": 163.01,
        "time": "2010-01-12T15:48:00+00:00",
        "label": "SUBJECT held on BB",
        "ambiguous_bearing": 54.59,
        "provenance": [
          {
            "activity_id": "bd6cb9ad-6b9d-4f06-bc76-816ff65218b5",
            "timestamp": "2026-03-21T10:15:01.419842Z",
            "was_generated_by": {
              "tool": "rep-parser",
              "tool_version": "1.0.0",
              "parameters": []
            },
            "used": [],
            "generated": [
              "4d27897d-2f5e-4a13-924c-693c7f126d7f"
            ],
            "execution_duration": "PT0S"
          }
        ]
      }
    },
    {
      "type": "Feature",
      "id": "6448ebf1-c5e1-4bd3-bc0f-d26dcc115a0e",
      "geometry": null,
      "properties": {
        "kind": "SENSOR_CONTACT",
        "parent_track": "SENSOR",
        "sensor_name": "BB",
        "bearing": 160.92,
        "time": "2010-01-12T15:50:00+00:00",
        "label": "SUBJECT held on BB",
        "ambiguous_bearing": 56.67,
        "provenance": [
          {
            "activity_id": "bd6cb9ad-6b9d-4f06-bc76-816ff65218b5",
            "timestamp": "2026-03-21T10:15:01.419842Z",
            "was_generated_by": {
              "tool": "rep-parser",
              "tool_version": "1.0.0",
              "parameters": []
            },
            "used": [],
            "generated": [
              "6448ebf1-c5e1-4bd3-bc0f-d26dcc115a0e"
            ],
            "execution_duration": "PT0S"
          }
        ]
      }
    },
    {
      "type": "Feature",
      "id": "a01e54c9-b118-4412-be6d-f555d0075cfa",
      "geometry": null,
      "properties": {
        "kind": "SENSOR_CONTACT",
        "parent_track": "SENSOR",
        "sensor_name": "BB",
        "bearing": 159.07,
        "time": "2010-01-12T15:52:00+00:00",
        "label": "SUBJECT held on BB",
        "ambiguous_bearing": 58.53,
        "provenance": [
          {
            "activity_id": "bd6cb9ad-6b9d-4f06-bc76-816ff65218b5",
            "timestamp": "2026-03-21T10:15:01.419842Z",
            "was_generated_by": {
              "tool": "rep-parser",
              "tool_version": "1.0.0",
              "parameters": []
            },
            "used": [],
            "generated": [
              "a01e54c9-b118-4412-be6d-f555d0075cfa"
            ],
            "execution_duration": "PT0S"
          }
        ]
      }
    },
    {
      "type": "Feature",
      "id": "6007c828-f772-4794-bf1a-0251f11d30fc",
      "geometry": null,
      "properties": {
        "kind": "SENSOR_CONTACT",
        "parent_track": "SENSOR",
        "sensor_name": "BB",
        "bearing": 157.41,
        "time": "2010-01-12T15:54:00+00:00",
        "label": "SUBJECT held on BB",
        "ambiguous_bearing": 60.18,
        "provenance": [
          {
            "activity_id": "bd6cb9ad-6b9d-4f06-bc76-816ff65218b5",
            "timestamp": "2026-03-21T10:15:01.419842Z",
            "was_generated_by": {
              "tool": "rep-parser",
              "tool_version": "1.0.0",
              "parameters": []
            },
            "used": [],
            "generated": [
              "6007c828-f772-4794-bf1a-0251f11d30fc"
            ],
            "execution_duration": "PT0S"
          }
        ]
      }
    },
    {
      "type": "Feature",
      "id": "d800a48d-c3f5-4367-b352-5bccd9d587ac",
      "geometry": null,
      "properties": {
        "kind": "SENSOR_CONTACT",
        "parent_track": "SENSOR",
        "sensor_name": "BB",
        "bearing": 155.93,
        "time": "2010-01-12T15:56:00+00:00",
        "label": "SUBJECT held on BB",
        "ambiguous_bearing": 61.66,
        "provenance": [
          {
            "activity_id": "bd6cb9ad-6b9d-4f06-bc76-816ff65218b5",
            "timestamp": "2026-03-21T10:15:01.419842Z",
            "was_generated_by": {
              "tool": "rep-parser",
              "tool_version": "1.0.0",
              "parameters": []
            },
            "used": [],
            "generated": [
              "d800a48d-c3f5-4367-b352-5bccd9d587ac"
            ],
            "execution_duration": "PT0S"
          }
        ]
      }
    },
    {
      "type": "Feature",
      "id": "414d0c39-db70-4103-b920-7451deebee1a",
      "geometry": null,
      "properties": {
        "kind": "SENSOR_CONTACT",
        "parent_track": "SENSOR",
        "sensor_name": "BB",
        "bearing": 154.59,
        "time": "2010-01-12T15:58:00+00:00",
        "label": "SUBJECT held on BB",
        "ambiguous_bearing": 63.0,
        "provenance": [
          {
            "activity_id": "bd6cb9ad-6b9d-4f06-bc76-816ff65218b5",
            "timestamp": "2026-03-21T10:15:01.419842Z",
            "was_generated_by": {
              "tool": "rep-parser",
              "tool_version": "1.0.0",
              "parameters": []
            },
            "used": [],
            "generated": [
              "414d0c39-db70-4103-b920-7451deebee1a"
            ],
            "execution_duration": "PT0S"
          }
        ]
      }
    },
    {
      "type": "Feature",
      "id": "4496011c-e88e-4c3a-b522-427a0a829e79",
      "geometry": null,
      "properties": {
        "kind": "SENSOR_CONTACT",
        "parent_track": "SENSOR",
        "sensor_name": "BB",
        "bearing": 153.38,
        "time": "2010-01-12T16:00:00+00:00",
        "label": "SUBJECT held on BB",
        "ambiguous_bearing": 64.21,
        "provenance": [
          {
            "activity_id": "bd6cb9ad-6b9d-4f06-bc76-816ff65218b5",
            "timestamp": "2026-03-21T10:15:01.419842Z",
            "was_generated_by": {
              "tool": "rep-parser",
              "tool_version": "1.0.0",
              "parameters": []
            },
            "used": [],
            "generated": [
              "4496011c-e88e-4c3a-b522-427a0a829e79"
            ],
            "execution_duration": "PT0S"
          }
        ]
      }
    },
    {
      "type": "Feature",
      "id": "2213297b-e3e7-4dd5-be3d-52738f32c2b2",
      "geometry": {
        "type": "LineString",
        "coordinates": [
          [
            0.02385,
            60.39451388888889
          ],
          [
            0.030227777777777777,
            60.39342222222222
          ],
          [
            0.036602777777777776,
            60.39233333333333
          ],
          [
            0.04298055555555556,
            60.391244444444446
          ],
          [
            0.049355555555555555,
            60.39015277777778
          ],
          [
            0.05573055555555556,
            60.38906388888889
          ],
          [
            0.06210555555555556,
            60.387975
          ],
          [
            0.06848055555555556,
            60.38688333333333
          ],
          [
            0.07485555555555555,
            60.38579444444444
          ],
          [
            0.08123055555555556,
            60.384705555555556
          ],
          [
            0.08760555555555555,
            60.38361388888889
          ],
          [
            0.09398055555555555,
            60.382525
          ],
          [
            0.10035277777777778,
            60.381436111111114
          ],
          [
            0.10672777777777778,
            60.38034722222222
          ],
          [
            0.1131,
            60.37925555555556
          ],
          [
            0.119475,
            60.378166666666665
          ],
          [
            0.12584722222222222,
            60.37707777777778
          ],
          [
            0.13221944444444444,
            60.37598611111111
          ],
          [
            0.13859444444444444,
            60.37489722222222
          ],
          [
            0.14496666666666666,
            60.373808333333336
          ],
          [
            0.15133888888888888,
            60.37271666666667
          ],
          [
            0.1577888888888889,
            60.373133333333335
          ],
          [
            0.16099166666666667,
            60.375933333333336
          ],
          [
            0.15839166666666665,
            60.378880555555554
          ],
          [
            0.15205555555555555,
            60.379805555555556
          ],
          [
            0.145325,
            60.38001111111111
          ],
          [
            0.13859166666666667,
            60.38021388888889
          ],
          [
            0.13186111111111112,
            60.38041944444444
          ],
          [
            0.12512777777777778,
            60.38062222222222
          ],
          [
            0.11839722222222222,
            60.380825
          ],
          [
            0.11166666666666668,
            60.381030555555554
          ],
          [
            0.10603333333333334,
            60.38263888888889
          ],
          [
            0.10525000000000001,
            60.38583055555556
          ],
          [
            0.10994166666666667,
            60.38805833333333
          ],
          [
            0.11664444444444445,
            60.38838333333333
          ],
          [
            0.123375,
            60.38860555555556
          ],
          [
            0.13010555555555556,
            60.38882777777778
          ],
          [
            0.1368361111111111,
            60.38905
          ],
          [
            0.14356666666666668,
            60.389272222222225
          ],
          [
            0.1503,
            60.389494444444445
          ],
          [
            0.15703055555555556,
            60.389716666666665
          ],
          [
            0.1637611111111111,
            60.389938888888885
          ],
          [
            0.17049166666666665,
            60.39016111111111
          ],
          [
            0.177225,
            60.39038333333333
          ],
          [
            0.18395555555555554,
            60.39060555555555
          ],
          [
            0.1906861111111111,
            60.39082777777778
          ],
          [
            0.19741944444444443,
            60.39105
          ],
          [
            0.20415,
            60.39127222222222
          ],
          [
            0.21088333333333334,
            60.39149722222222
          ],
          [
            0.21761388888888888,
            60.39171944444444
          ],
          [
            0.22434444444444446,
            60.39194166666667
          ],
          [
            0.2310777777777778,
            60.39216388888889
          ],
          [
            0.23780833333333334,
            60.39238611111111
          ],
          [
            0.24381388888888889,
            60.39114444444444
          ],
          [
            0.2465,
            60.38811111111111
          ],
          [
            0.24872222222222223,
            60.38496388888889
          ],
          [
            0.25094444444444447,
            60.381816666666666
          ],
          [
            0.25316666666666665,
            60.37866944444445
          ],
          [
            0.2553888888888889,
            60.37552222222222
          ],
          [
            0.2576111111111111,
            60.372375
          ],
          [
            0.25983333333333336,
            60.36922777777778
          ],
          [
            0.26205555555555554,
            60.366080555555556
          ],
          [
            0.2642777777777778,
            60.36293333333334
          ],
          [
            0.2664972222222222,
            60.35978611111111
          ],
          [
            0.26871944444444446,
            60.35663888888889
          ],
          [
            0.2709388888888889,
            60.35349166666667
          ],
          [
            0.27316111111111113,
            60.350344444444445
          ],
          [
            0.2753805555555556,
            60.34719722222223
          ],
          [
            0.2776,
            60.34405
          ],
          [
            0.27981944444444445,
            60.34090277777778
          ],
          [
            0.2820388888888889,
            60.33775555555556
          ],
          [
            0.28425833333333334,
            60.334608333333335
          ],
          [
            0.2864777777777778,
            60.33146111111112
          ],
          [
            0.2886972222222222,
            60.32831388888889
          ],
          [
            0.29091666666666666,
            60.32516666666667
          ],
          [
            0.2931333333333333,
            60.32201944444445
          ],
          [
            0.2953527777777778,
            60.318872222222225
          ],
          [
            0.29757222222222224,
            60.315725
          ],
          [
            0.2997888888888889,
            60.312577777777776
          ],
          [
            0.3020055555555555,
            60.30943055555555
          ],
          [
            0.30422499999999997,
            60.30628333333333
          ],
          [
            0.30644166666666667,
            60.30313611111111
          ],
          [
            0.3086583333333333,
            60.29998888888889
          ],
          [
            0.310875,
            60.296841666666666
          ],
          [
            0.31309166666666666,
            60.29369444444444
          ],
          [
            0.3153083333333333,
            60.29054722222222
          ],
          [
            0.317525,
            60.2874
          ],
          [
            0.31974166666666665,
            60.28425277777777
          ],
          [
            0.32195555555555555,
            60.281105555555555
          ],
          [
            0.3241722222222222,
            60.27795833333333
          ],
          [
            0.3263888888888889,
            60.27481111111111
          ],
          [
            0.32860277777777774,
            60.27166388888889
          ],
          [
            0.33081666666666665,
            60.26851666666666
          ],
          [
            0.3330333333333333,
            60.265372222222226
          ],
          [
            0.3352472222222222,
            60.262225
          ],
          [
            0.3374611111111111,
            60.259077777777776
          ],
          [
            0.339675,
            60.25593055555556
          ],
          [
            0.34188888888888885,
            60.25278333333333
          ],
          [
            0.34410277777777776,
            60.249636111111116
          ],
          [
            0.34631666666666666,
            60.24648888888889
          ],
          [
            0.34853055555555557,
            60.243341666666666
          ],
          [
            0.3507416666666666,
            60.24019444444445
          ],
          [
            0.3529555555555555,
            60.23704722222222
          ],
          [
            0.35516666666666663,
            60.2339
          ],
          [
            0.35738055555555553,
            60.23075277777778
          ],
          [
            0.35959166666666664,
            60.227605555555556
          ],
          [
            0.36180555555555555,
            60.22445833333334
          ],
          [
            0.36401666666666666,
            60.22131111111111
          ],
          [
            0.36622777777777776,
            60.21816388888889
          ],
          [
            0.36843888888888887,
            60.21501666666667
          ],
          [
            0.37065,
            60.211869444444446
          ],
          [
            0.3728611111111111,
            60.20872222222223
          ],
          [
            0.3750722222222222,
            60.205575
          ],
          [
            0.3772833333333333,
            60.20242777777778
          ]
        ]
      },
      "properties": {
        "kind": "TRACK",
        "platform_id": "SUBJECT",
        "platform_name": "SUBJECT",
        "track_type": "CONTACT",
        "start_time": "2010-01-12T12:08:00+00:00",
        "end_time": "2010-01-12T15:54:00+00:00",
        "positions": [
          {
            "time": "2010-01-12T12:08:00+00:00",
            "course": 109.08,
            "speed": 6.0,
            "depth": 0.0
          },
          {
            "time": "2010-01-12T12:10:00+00:00",
            "course": 109.08,
            "speed": 6.0,
            "depth": 0.0
          },
          {
            "time": "2010-01-12T12:12:00+00:00",
            "course": 109.08,
            "speed": 6.0,
            "depth": 0.0
          },
          {
            "time": "2010-01-12T12:14:00+00:00",
            "course": 109.08,
            "speed": 6.0,
            "depth": 0.0
          },
          {
            "time": "2010-01-12T12:16:00+00:00",
            "course": 109.08,
            "speed": 6.0,
            "depth": 0.0
          },
          {
            "time": "2010-01-12T12:18:00+00:00",
            "course": 109.08,
            "speed": 6.0,
            "depth": 0.0
          },
          {
            "time": "2010-01-12T12:20:00+00:00",
            "course": 109.08,
            "speed": 6.0,
            "depth": 0.0
          },
          {
            "time": "2010-01-12T12:22:00+00:00",
            "course": 109.08,
            "speed": 6.0,
            "depth": 0.0
          },
          {
            "time": "2010-01-12T12:24:00+00:00",
            "course": 109.08,
            "speed": 6.0,
            "depth": 0.0
          },
          {
            "time": "2010-01-12T12:26:00+00:00",
            "course": 109.08,
            "speed": 6.0,
            "depth": 0.0
          },
          {
            "time": "2010-01-12T12:28:00+00:00",
            "course": 109.08,
            "speed": 6.0,
            "depth": 0.0
          },
          {
            "time": "2010-01-12T12:30:00+00:00",
            "course": 109.08,
            "speed": 6.0,
            "depth": 0.0
          },
          {
            "time": "2010-01-12T12:32:00+00:00",
            "course": 109.08,
            "speed": 6.0,
            "depth": 0.0
          },
          {
            "time": "2010-01-12T12:34:00+00:00",
            "course": 109.08,
            "speed": 6.0,
            "depth": 0.0
          },
          {
            "time": "2010-01-12T12:36:00+00:00",
            "course": 109.08,
            "speed": 6.0,
            "depth": 0.0
          },
          {
            "time": "2010-01-12T12:38:00+00:00",
            "course": 109.08,
            "speed": 6.0,
            "depth": 0.0
          },
          {
            "time": "2010-01-12T12:40:00+00:00",
            "course": 109.08,
            "speed": 6.0,
            "depth": 0.0
          },
          {
            "time": "2010-01-12T12:42:00+00:00",
            "course": 109.08,
            "speed": 6.0,
            "depth": 0.0
          },
          {
            "time": "2010-01-12T12:44:00+00:00",
            "course": 109.08,
            "speed": 6.0,
            "depth": 0.0
          },
          {
            "time": "2010-01-12T12:46:00+00:00",
            "course": 109.08,
            "speed": 6.0,
            "depth": 0.0
          },
          {
            "time": "2010-01-12T12:48:00+00:00",
            "course": 109.08,
            "speed": 6.0,
            "depth": 0.0
          },
          {
            "time": "2010-01-12T12:50:00+00:00",
            "course": 56.03,
            "speed": 6.0,
            "depth": 0.0
          },
          {
            "time": "2010-01-12T12:52:00+00:00",
            "course": 2.97,
            "speed": 6.0,
            "depth": 0.0
          },
          {
            "time": "2010-01-12T12:54:00+00:00",
            "course": 309.92,
            "speed": 6.0,
            "depth": 0.0
          },
          {
            "time": "2010-01-12T12:56:00+00:00",
            "course": 275.06,
            "speed": 6.0,
            "depth": 0.0
          },
          {
            "time": "2010-01-12T12:58:00+00:00",
            "course": 273.51,
            "speed": 6.0,
            "depth": 0.0
          },
          {
            "time": "2010-01-12T13:00:00+00:00",
            "course": 273.51,
            "speed": 6.0,
            "depth": 0.0
          },
          {
            "time": "2010-01-12T13:02:00+00:00",
            "course": 273.51,
            "speed": 6.0,
            "depth": 0.0
          },
          {
            "time": "2010-01-12T13:04:00+00:00",
            "course": 273.51,
            "speed": 6.0,
            "depth": 0.0
          },
          {
            "time": "2010-01-12T13:06:00+00:00",
            "course": 273.51,
            "speed": 6.0,
            "depth": 0.0
          },
          {
            "time": "2010-01-12T13:08:00+00:00",
            "course": 273.51,
            "speed": 6.0,
            "depth": 0.0
          },
          {
            "time": "2010-01-12T13:10:00+00:00",
            "course": 326.56,
            "speed": 6.0,
            "depth": 0.0
          },
          {
            "time": "2010-01-12T13:12:00+00:00",
            "course": 19.62,
            "speed": 6.0,
            "depth": 0.0
          },
          {
            "time": "2010-01-12T13:14:00+00:00",
            "course": 72.67,
            "speed": 6.0,
            "depth": 0.0
          },
          {
            "time": "2010-01-12T13:16:00+00:00",
            "course": 86.09,
            "speed": 6.0,
            "depth": 0.0
          },
          {
            "time": "2010-01-12T13:18:00+00:00",
            "course": 86.18,
            "speed": 6.0,
            "depth": 0.0
          },
          {
            "time": "2010-01-12T13:20:00+00:00",
            "course": 86.18,
            "speed": 6.0,
            "depth": 0.0
          },
          {
            "time": "2010-01-12T13:22:00+00:00",
            "course": 86.18,
            "speed": 6.0,
            "depth": 0.0
          },
          {
            "time": "2010-01-12T13:24:00+00:00",
            "course": 86.18,
            "speed": 6.0,
            "depth": 0.0
          },
          {
            "time": "2010-01-12T13:26:00+00:00",
            "course": 86.18,
            "speed": 6.0,
            "depth": 0.0
          },
          {
            "time": "2010-01-12T13:28:00+00:00",
            "course": 86.18,
            "speed": 6.0,
            "depth": 0.0
          },
          {
            "time": "2010-01-12T13:30:00+00:00",
            "course": 86.18,
            "speed": 6.0,
            "depth": 0.0
          },
          {
            "time": "2010-01-12T13:32:00+00:00",
            "course": 86.18,
            "speed": 6.0,
            "depth": 0.0
          },
          {
            "time": "2010-01-12T13:34:00+00:00",
            "course": 86.18,
            "speed": 6.0,
            "depth": 0.0
          },
          {
            "time": "2010-01-12T13:36:00+00:00",
            "course": 86.18,
            "speed": 6.0,
            "depth": 0.0
          },
          {
            "time": "2010-01-12T13:38:00+00:00",
            "course": 86.18,
            "speed": 6.0,
            "depth": 0.0
          },
          {
            "time": "2010-01-12T13:40:00+00:00",
            "course": 86.18,
            "speed": 6.0,
            "depth": 0.0
          },
          {
            "time": "2010-01-12T13:42:00+00:00",
            "course": 86.18,
            "speed": 6.0,
            "depth": 0.0
          },
          {
            "time": "2010-01-12T13:44:00+00:00",
            "course": 86.18,
            "speed": 6.0,
            "depth": 0.0
          },
          {
            "time": "2010-01-12T13:46:00+00:00",
            "course": 86.18,
            "speed": 6.0,
            "depth": 0.0
          },
          {
            "time": "2010-01-12T13:48:00+00:00",
            "course": 86.18,
            "speed": 6.0,
            "depth": 0.0
          },
          {
            "time": "2010-01-12T13:50:00+00:00",
            "course": 86.18,
            "speed": 6.0,
            "depth": 0.0
          },
          {
            "time": "2010-01-12T13:52:00+00:00",
            "course": 86.18,
            "speed": 6.0,
            "depth": 0.0
          },
          {
            "time": "2010-01-12T13:54:00+00:00",
            "course": 139.23,
            "speed": 6.0,
            "depth": 0.0
          },
          {
            "time": "2010-01-12T13:56:00+00:00",
            "course": 160.69,
            "speed": 6.0,
            "depth": 0.0
          },
          {
            "time": "2010-01-12T13:58:00+00:00",
            "course": 160.76,
            "speed": 6.0,
            "depth": 0.0
          },
          {
            "time": "2010-01-12T14:00:00+00:00",
            "course": 160.76,
            "speed": 6.0,
            "depth": 0.0
          },
          {
            "time": "2010-01-12T14:02:00+00:00",
            "course": 160.76,
            "speed": 6.0,
            "depth": 0.0
          },
          {
            "time": "2010-01-12T14:04:00+00:00",
            "course": 160.76,
            "speed": 6.0,
            "depth": 0.0
          },
          {
            "time": "2010-01-12T14:06:00+00:00",
            "course": 160.76,
            "speed": 6.0,
            "depth": 0.0
          },
          {
            "time": "2010-01-12T14:08:00+00:00",
            "course": 160.76,
            "speed": 6.0,
            "depth": 0.0
          },
          {
            "time": "2010-01-12T14:10:00+00:00",
            "course": 160.76,
            "speed": 6.0,
            "depth": 0.0
          },
          {
            "time": "2010-01-12T14:12:00+00:00",
            "course": 160.76,
            "speed": 6.0,
            "depth": 0.0
          },
          {
            "time": "2010-01-12T14:14:00+00:00",
            "course": 160.76,
            "speed": 6.0,
            "depth": 0.0
          },
          {
            "time": "2010-01-12T14:16:00+00:00",
            "course": 160.76,
            "speed": 6.0,
            "depth": 0.0
          },
          {
            "time": "2010-01-12T14:18:00+00:00",
            "course": 160.76,
            "speed": 6.0,
            "depth": 0.0
          },
          {
            "time": "2010-01-12T14:20:00+00:00",
            "course": 160.76,
            "speed": 6.0,
            "depth": 0.0
          },
          {
            "time": "2010-01-12T14:22:00+00:00",
            "course": 160.76,
            "speed": 6.0,
            "depth": 0.0
          },
          {
            "time": "2010-01-12T14:24:00+00:00",
            "course": 160.76,
            "speed": 6.0,
            "depth": 0.0
          },
          {
            "time": "2010-01-12T14:26:00+00:00",
            "course": 160.76,
            "speed": 6.0,
            "depth": 0.0
          },
          {
            "time": "2010-01-12T14:28:00+00:00",
            "course": 160.76,
            "speed": 6.0,
            "depth": 0.0
          },
          {
            "time": "2010-01-12T14:30:00+00:00",
            "course": 160.76,
            "speed": 6.0,
            "depth": 0.0
          },
          {
            "time": "2010-01-12T14:32:00+00:00",
            "course": 160.76,
            "speed": 6.0,
            "depth": 0.0
          },
          {
            "time": "2010-01-12T14:34:00+00:00",
            "course": 160.76,
            "speed": 6.0,
            "depth": 0.0
          },
          {
            "time": "2010-01-12T14:36:00+00:00",
            "course": 160.76,
            "speed": 6.0,
            "depth": 0.0
          },
          {
            "time": "2010-01-12T14:38:00+00:00",
            "course": 160.76,
            "speed": 6.0,
            "depth": 0.0
          },
          {
            "time": "2010-01-12T14:40:00+00:00",
            "course": 160.76,
            "speed": 6.0,
            "depth": 0.0
          },
          {
            "time": "2010-01-12T14:42:00+00:00",
            "course": 160.76,
            "speed": 6.0,
            "depth": 0.0
          },
          {
            "time": "2010-01-12T14:44:00+00:00",
            "course": 160.76,
            "speed": 6.0,
            "depth": 0.0
          },
          {
            "time": "2010-01-12T14:46:00+00:00",
            "course": 160.76,
            "speed": 6.0,
            "depth": 0.0
          },
          {
            "time": "2010-01-12T14:48:00+00:00",
            "course": 160.76,
            "speed": 6.0,
            "depth": 0.0
          },
          {
            "time": "2010-01-12T14:50:00+00:00",
            "course": 160.76,
            "speed": 6.0,
            "depth": 0.0
          },
          {
            "time": "2010-01-12T14:52:00+00:00",
            "course": 160.76,
            "speed": 6.0,
            "depth": 0.0
          },
          {
            "time": "2010-01-12T14:54:00+00:00",
            "course": 160.76,
            "speed": 6.0,
            "depth": 0.0
          },
          {
            "time": "2010-01-12T14:56:00+00:00",
            "course": 160.76,
            "speed": 6.0,
            "depth": 0.0
          },
          {
            "time": "2010-01-12T14:58:00+00:00",
            "course": 160.76,
            "speed": 6.0,
            "depth": 0.0
          },
          {
            "time": "2010-01-12T15:00:00+00:00",
            "course": 160.76,
            "speed": 6.0,
            "depth": 0.0
          },
          {
            "time": "2010-01-12T15:02:00+00:00",
            "course": 160.76,
            "speed": 6.0,
            "depth": 0.0
          },
          {
            "time": "2010-01-12T15:04:00+00:00",
            "course": 160.76,
            "speed": 6.0,
            "depth": 0.0
          },
          {
            "time": "2010-01-12T15:06:00+00:00",
            "course": 160.76,
            "speed": 6.0,
            "depth": 0.0
          },
          {
            "time": "2010-01-12T15:08:00+00:00",
            "course": 160.76,
            "speed": 6.0,
            "depth": 0.0
          },
          {
            "time": "2010-01-12T15:10:00+00:00",
            "course": 160.76,
            "speed": 6.0,
            "depth": 0.0
          },
          {
            "time": "2010-01-12T15:12:00+00:00",
            "course": 160.76,
            "speed": 6.0,
            "depth": 0.0
          },
          {
            "time": "2010-01-12T15:14:00+00:00",
            "course": 160.76,
            "speed": 6.0,
            "depth": 0.0
          },
          {
            "time": "2010-01-12T15:16:00+00:00",
            "course": 160.76,
            "speed": 6.0,
            "depth": 0.0
          },
          {
            "time": "2010-01-12T15:18:00+00:00",
            "course": 160.76,
            "speed": 6.0,
            "depth": 0.0
          },
          {
            "time": "2010-01-12T15:20:00+00:00",
            "course": 160.76,
            "speed": 6.0,
            "depth": 0.0
          },
          {
            "time": "2010-01-12T15:22:00+00:00",
            "course": 160.76,
            "speed": 6.0,
            "depth": 0.0
          },
          {
            "time": "2010-01-12T15:24:00+00:00",
            "course": 160.76,
            "speed": 6.0,
            "depth": 0.0
          },
          {
            "time": "2010-01-12T15:26:00+00:00",
            "course": 160.76,
            "speed": 6.0,
            "depth": 0.0
          },
          {
            "time": "2010-01-12T15:28:00+00:00",
            "course": 160.76,
            "speed": 6.0,
            "depth": 0.0
          },
          {
            "time": "2010-01-12T15:30:00+00:00",
            "course": 160.76,
            "speed": 6.0,
            "depth": 0.0
          },
          {
            "time": "2010-01-12T15:32:00+00:00",
            "course": 160.76,
            "speed": 6.0,
            "depth": 0.0
          },
          {
            "time": "2010-01-12T15:34:00+00:00",
            "course": 160.76,
            "speed": 6.0,
            "depth": 0.0
          },
          {
            "time": "2010-01-12T15:36:00+00:00",
            "course": 160.76,
            "speed": 6.0,
            "depth": 0.0
          },
          {
            "time": "2010-01-12T15:38:00+00:00",
            "course": 160.76,
            "speed": 6.0,
            "depth": 0.0
          },
          {
            "time": "2010-01-12T15:40:00+00:00",
            "course": 160.76,
            "speed": 6.0,
            "depth": 0.0
          },
          {
            "time": "2010-01-12T15:42:00+00:00",
            "course": 160.76,
            "speed": 6.0,
            "depth": 0.0
          },
          {
            "time": "2010-01-12T15:44:00+00:00",
            "course": 160.76,
            "speed": 6.0,
            "depth": 0.0
          },
          {
            "time": "2010-01-12T15:46:00+00:00",
            "course": 160.76,
            "speed": 6.0,
            "depth": 0.0
          },
          {
            "time": "2010-01-12T15:48:00+00:00",
            "course": 160.76,
            "speed": 6.0,
            "depth": 0.0
          },
          {
            "time": "2010-01-12T15:50:00+00:00",
            "course": 160.76,
            "speed": 6.0,
            "depth": 0.0
          },
          {
            "time": "2010-01-12T15:52:00+00:00",
            "course": 160.76,
            "speed": 6.0,
            "depth": 0.0
          },
          {
            "time": "2010-01-12T15:54:00+00:00",
            "course": 160.76,
            "speed": 6.0,
            "depth": 0.0
          }
        ],
        "style": {
          "line": {
            "color": "#FF0000"
          },
          "point": {
            "shape": "circle",
            "radius": 3.0,
            "fill_color": "#FF0000",
            "color": "#FF0000"
          }
        },
        "default_position_style": {
          "show_symbol": false,
          "symbol": "circle",
          "show_label": false
        },
        "symbol_interval": "PT10M",
        "label_interval": "PT30M",
        "provenance": [
          {
            "activity_id": "bd6cb9ad-6b9d-4f06-bc76-816ff65218b5",
            "timestamp": "2026-03-21T10:15:01.419842Z",
            "was_generated_by": {
              "tool": "rep-parser",
              "tool_version": "1.0.0",
              "parameters": []
            },
            "used": [],
            "generated": [
              "2213297b-e3e7-4dd5-be3d-52738f32c2b2"
            ],
            "execution_duration": "PT0S"
          }
        ]
      }
    },
    {
      "type": "Feature",
      "id": "5f1020e7-03c0-492b-bb35-9fc9f81e9c74",
      "geometry": {
        "type": "LineString",
        "coordinates": [
          [
            0.5999111111111112,
            60.48222777777778
          ],
          [
            0.5999361111111111,
            60.477783333333335
          ],
          [
            0.5999611111111112,
            60.47333888888889
          ],
          [
            0.5999861111111111,
            60.468894444444445
          ],
          [
            0.5965027777777778,
            60.46493055555556
          ],
          [
            0.588238888888889,
            60.46347222222222
          ],
          [
            0.5792361111111111,
            60.46371111111112
          ],
          [
            0.570236111111111,
            60.463972222222225
          ],
          [
            0.5612361111111112,
            60.46423055555556
          ],
          [
            0.5522361111111111,
            60.464488888888894
          ],
          [
            0.5440138888888889,
            60.46299444444445
          ],
          [
            0.5406472222222222,
            60.45900555555556
          ],
          [
            0.5422722222222223,
            60.454638888888894
          ],
          [
            0.5441194444444445,
            60.45028888888889
          ],
          [
            0.5459638888888889,
            60.44593888888888
          ],
          [
            0.5478111111111111,
            60.44158888888889
          ],
          [
            0.5496555555555556,
            60.437238888888885
          ],
          [
            0.5515,
            60.43288888888889
          ],
          [
            0.5497166666666666,
            60.42866111111111
          ],
          [
            0.5422194444444445,
            60.426430555555555
          ],
          [
            0.5332194444444445,
            60.42630277777778
          ],
          [
            0.5242166666666667,
            60.42621388888889
          ],
          [
            0.5152138888888889,
            60.42612222222222
          ],
          [
            0.5062111111111111,
            60.42603333333333
          ],
          [
            0.49720833333333336,
            60.42594166666667
          ],
          [
            0.48820555555555556,
            60.42585277777778
          ],
          [
            0.4792,
            60.42576111111111
          ],
          [
            0.4701972222222222,
            60.42567222222222
          ],
          [
            0.46224722222222225,
            60.42386388888889
          ],
          [
            0.4588916666666667,
            60.419799999999995
          ],
          [
            0.45688333333333336,
            60.41546666666667
          ],
          [
            0.45487777777777777,
            60.41113611111111
          ],
          [
            0.45287222222222223,
            60.40680277777778
          ],
          [
            0.4508666666666667,
            60.40246944444444
          ],
          [
            0.4488611111111111,
            60.398136111111114
          ],
          [
            0.44480833333333336,
            60.39418888888889
          ],
          [
            0.44024444444444444,
            60.39035833333333
          ],
          [
            0.43568333333333337,
            60.38652777777778
          ],
          [
            0.43112222222222224,
            60.38269722222222
          ],
          [
            0.4265611111111111,
            60.37886666666667
          ],
          [
            0.4220027777777778,
            60.375036111111115
          ],
          [
            0.4174416666666667,
            60.371205555555555
          ],
          [
            0.41639444444444446,
            60.36691666666667
          ],
          [
            0.4201694444444445,
            60.36288888888889
          ],
          [
            0.42410833333333336,
            60.358891666666665
          ],
          [
            0.42804444444444445,
            60.35489722222222
          ],
          [
            0.4319805555555556,
            60.350902777777776
          ],
          [
            0.4323472222222222,
            60.346586111111115
          ],
          [
            0.42762500000000003,
            60.34281388888889
          ],
          [
            0.42266111111111115,
            60.339108333333336
          ],
          [
            0.4177,
            60.33540555555556
          ],
          [
            0.41273888888888893,
            60.331700000000005
          ],
          [
            0.4077777777777778,
            60.32799444444445
          ],
          [
            0.40281944444444445,
            60.32429166666667
          ],
          [
            0.3978611111111111,
            60.32058611111111
          ],
          [
            0.3929,
            60.31688055555556
          ],
          [
            0.3879416666666667,
            60.313177777777774
          ],
          [
            0.38643611111111115,
            60.30892222222222
          ],
          [
            0.38993611111111115,
            60.30483611111111
          ],
          [
            0.3936388888888889,
            60.30078611111111
          ],
          [
            0.3973416666666667,
            60.29673888888889
          ],
          [
            0.4010444444444445,
            60.29269166666666
          ],
          [
            0.40474444444444446,
            60.28864166666666
          ],
          [
            0.40844722222222224,
            60.284594444444444
          ],
          [
            0.4085666666666667,
            60.280274999999996
          ],
          [
            0.4033916666666667,
            60.27666111111111
          ],
          [
            0.39780000000000004,
            60.27318611111111
          ],
          [
            0.3922083333333334,
            60.26971388888889
          ],
          [
            0.38995,
            60.265541666666664
          ],
          [
            0.3945805555555556,
            60.26188333333333
          ],
          [
            0.4021166666666667,
            60.259480555555555
          ],
          [
            0.40966111111111114,
            60.257083333333334
          ],
          [
            0.4172027777777778,
            60.25468333333333
          ],
          [
            0.4247444444444445,
            60.25228611111111
          ],
          [
            0.43228611111111115,
            60.24988888888889
          ],
          [
            0.439825,
            60.24748888888889
          ],
          [
            0.4473666666666667,
            60.24509166666667
          ],
          [
            0.45490555555555556,
            60.242694444444446
          ],
          [
            0.46244444444444444,
            60.240294444444444
          ],
          [
            0.4710388888888889,
            60.23961388888889
          ],
          [
            0.47792222222222225,
            60.242269444444446
          ],
          [
            0.48244722222222225,
            60.24610277777778
          ],
          [
            0.4869583333333333,
            60.249941666666665
          ],
          [
            0.49146944444444446,
            60.25378333333333
          ],
          [
            0.49598055555555554,
            60.257622222222224
          ],
          [
            0.5004944444444445,
            60.26146111111111
          ],
          [
            0.5050055555555556,
            60.2653
          ],
          [
            0.5060166666666667,
            60.26959166666666
          ],
          [
            0.5003583333333333,
            60.27287777777778
          ],
          [
            0.49190833333333334,
            60.27435555555555
          ],
          [
            0.48342222222222225,
            60.27578611111111
          ],
          [
            0.4749361111111111,
            60.27721944444444
          ],
          [
            0.46645000000000003,
            60.27865
          ],
          [
            0.4579638888888889,
            60.28008333333333
          ],
          [
            0.4494777777777778,
            60.28151388888889
          ],
          [
            0.44098888888888893,
            60.28294722222222
          ],
          [
            0.4325027777777778,
            60.28437777777778
          ],
          [
            0.4240138888888889,
            60.28581111111111
          ],
          [
            0.41552500000000003,
            60.28724166666667
          ],
          [
            0.40703611111111115,
            60.288675
          ],
          [
            0.3985472222222223,
            60.290105555555556
          ],
          [
            0.39005833333333334,
            60.29153888888889
          ],
          [
            0.3815694444444444,
            60.292969444444445
          ],
          [
            0.37307777777777773,
            60.294402777777776
          ],
          [
            0.3645861111111111,
            60.29583611111111
          ],
          [
            0.3560972222222222,
            60.297266666666665
          ],
          [
            0.34760555555555556,
            60.2987
          ],
          [
            0.3391138888888889,
            60.300130555555555
          ],
          [
            0.3306194444444444,
            60.301563888888886
          ],
          [
            0.3221277777777778,
            60.302994444444444
          ],
          [
            0.3136361111111111,
            60.304427777777775
          ],
          [
            0.30514166666666664,
            60.30585833333333
          ],
          [
            0.29664722222222223,
            60.307291666666664
          ],
          [
            0.28815555555555555,
            60.30872222222222
          ]
        ]
      },
      "properties": {
        "kind": "TRACK",
        "platform_id": "SENSOR",
        "platform_name": "SENSOR",
        "track_type": "CONTACT",
        "start_time": "2010-01-12T12:08:00+00:00",
        "end_time": "2010-01-12T15:54:00+00:00",
        "positions": [
          {
            "time": "2010-01-12T12:08:00+00:00",
            "course": 179.84,
            "speed": 8.0,
            "depth": 0.0
          },
          {
            "time": "2010-01-12T12:10:00+00:00",
            "course": 179.84,
            "speed": 8.0,
            "depth": 0.0
          },
          {
            "time": "2010-01-12T12:12:00+00:00",
            "course": 179.84,
            "speed": 8.0,
            "depth": 0.0
          },
          {
            "time": "2010-01-12T12:14:00+00:00",
            "course": 179.84,
            "speed": 8.0,
            "depth": 0.0
          },
          {
            "time": "2010-01-12T12:16:00+00:00",
            "course": 227.0,
            "speed": 8.0,
            "depth": 0.0
          },
          {
            "time": "2010-01-12T12:18:00+00:00",
            "course": 269.06,
            "speed": 8.0,
            "depth": 0.0
          },
          {
            "time": "2010-01-12T12:20:00+00:00",
            "course": 273.29,
            "speed": 8.0,
            "depth": 0.0
          },
          {
            "time": "2010-01-12T12:22:00+00:00",
            "course": 273.34,
            "speed": 8.0,
            "depth": 0.0
          },
          {
            "time": "2010-01-12T12:24:00+00:00",
            "course": 273.34,
            "speed": 8.0,
            "depth": 0.0
          },
          {
            "time": "2010-01-12T12:26:00+00:00",
            "course": 273.34,
            "speed": 8.0,
            "depth": 0.0
          },
          {
            "time": "2010-01-12T12:28:00+00:00",
            "course": 226.18,
            "speed": 8.0,
            "depth": 0.0
          },
          {
            "time": "2010-01-12T12:30:00+00:00",
            "course": 179.02,
            "speed": 8.0,
            "depth": 0.0
          },
          {
            "time": "2010-01-12T12:32:00+00:00",
            "course": 168.4,
            "speed": 8.0,
            "depth": 0.0
          },
          {
            "time": "2010-01-12T12:34:00+00:00",
            "course": 168.18,
            "speed": 8.0,
            "depth": 0.0
          },
          {
            "time": "2010-01-12T12:36:00+00:00",
            "course": 168.18,
            "speed": 8.0,
            "depth": 0.0
          },
          {
            "time": "2010-01-12T12:38:00+00:00",
            "course": 168.18,
            "speed": 8.0,
            "depth": 0.0
          },
          {
            "time": "2010-01-12T12:40:00+00:00",
            "course": 168.18,
            "speed": 8.0,
            "depth": 0.0
          },
          {
            "time": "2010-01-12T12:42:00+00:00",
            "course": 168.18,
            "speed": 8.0,
            "depth": 0.0
          },
          {
            "time": "2010-01-12T12:44:00+00:00",
            "course": 215.34,
            "speed": 8.0,
            "depth": 0.0
          },
          {
            "time": "2010-01-12T12:46:00+00:00",
            "course": 262.5,
            "speed": 8.0,
            "depth": 0.0
          },
          {
            "time": "2010-01-12T12:48:00+00:00",
            "course": 268.78,
            "speed": 8.0,
            "depth": 0.0
          },
          {
            "time": "2010-01-12T12:50:00+00:00",
            "course": 268.84,
            "speed": 8.0,
            "depth": 0.0
          },
          {
            "time": "2010-01-12T12:52:00+00:00",
            "course": 268.84,
            "speed": 8.0,
            "depth": 0.0
          },
          {
            "time": "2010-01-12T12:54:00+00:00",
            "course": 268.84,
            "speed": 8.0,
            "depth": 0.0
          },
          {
            "time": "2010-01-12T12:56:00+00:00",
            "course": 268.84,
            "speed": 8.0,
            "depth": 0.0
          },
          {
            "time": "2010-01-12T12:58:00+00:00",
            "course": 268.84,
            "speed": 8.0,
            "depth": 0.0
          },
          {
            "time": "2010-01-12T13:00:00+00:00",
            "course": 268.84,
            "speed": 8.0,
            "depth": 0.0
          },
          {
            "time": "2010-01-12T13:02:00+00:00",
            "course": 268.84,
            "speed": 8.0,
            "depth": 0.0
          },
          {
            "time": "2010-01-12T13:04:00+00:00",
            "course": 221.68,
            "speed": 8.0,
            "depth": 0.0
          },
          {
            "time": "2010-01-12T13:06:00+00:00",
            "course": 194.21,
            "speed": 8.0,
            "depth": 0.0
          },
          {
            "time": "2010-01-12T13:08:00+00:00",
            "course": 192.88,
            "speed": 8.0,
            "depth": 0.0
          },
          {
            "time": "2010-01-12T13:10:00+00:00",
            "course": 192.87,
            "speed": 8.0,
            "depth": 0.0
          },
          {
            "time": "2010-01-12T13:12:00+00:00",
            "course": 192.87,
            "speed": 8.0,
            "depth": 0.0
          },
          {
            "time": "2010-01-12T13:14:00+00:00",
            "course": 192.87,
            "speed": 8.0,
            "depth": 0.0
          },
          {
            "time": "2010-01-12T13:16:00+00:00",
            "course": 192.87,
            "speed": 8.0,
            "depth": 0.0
          },
          {
            "time": "2010-01-12T13:18:00+00:00",
            "course": 210.0,
            "speed": 8.0,
            "depth": 0.0
          },
          {
            "time": "2010-01-12T13:20:00+00:00",
            "course": 210.47,
            "speed": 8.0,
            "depth": 0.0
          },
          {
            "time": "2010-01-12T13:22:00+00:00",
            "course": 210.47,
            "speed": 8.0,
            "depth": 0.0
          },
          {
            "time": "2010-01-12T13:24:00+00:00",
            "course": 210.47,
            "speed": 8.0,
            "depth": 0.0
          },
          {
            "time": "2010-01-12T13:26:00+00:00",
            "course": 210.47,
            "speed": 8.0,
            "depth": 0.0
          },
          {
            "time": "2010-01-12T13:28:00+00:00",
            "course": 210.47,
            "speed": 8.0,
            "depth": 0.0
          },
          {
            "time": "2010-01-12T13:30:00+00:00",
            "course": 210.47,
            "speed": 8.0,
            "depth": 0.0
          },
          {
            "time": "2010-01-12T13:32:00+00:00",
            "course": 163.31,
            "speed": 8.0,
            "depth": 0.0
          },
          {
            "time": "2010-01-12T13:34:00+00:00",
            "course": 154.27,
            "speed": 8.0,
            "depth": 0.0
          },
          {
            "time": "2010-01-12T13:36:00+00:00",
            "course": 154.02,
            "speed": 8.0,
            "depth": 0.0
          },
          {
            "time": "2010-01-12T13:38:00+00:00",
            "course": 154.02,
            "speed": 8.0,
            "depth": 0.0
          },
          {
            "time": "2010-01-12T13:40:00+00:00",
            "course": 154.02,
            "speed": 8.0,
            "depth": 0.0
          },
          {
            "time": "2010-01-12T13:42:00+00:00",
            "course": 201.18,
            "speed": 8.0,
            "depth": 0.0
          },
          {
            "time": "2010-01-12T13:44:00+00:00",
            "course": 213.34,
            "speed": 8.0,
            "depth": 0.0
          },
          {
            "time": "2010-01-12T13:46:00+00:00",
            "course": 213.54,
            "speed": 8.0,
            "depth": 0.0
          },
          {
            "time": "2010-01-12T13:48:00+00:00",
            "course": 213.54,
            "speed": 8.0,
            "depth": 0.0
          },
          {
            "time": "2010-01-12T13:50:00+00:00",
            "course": 213.54,
            "speed": 8.0,
            "depth": 0.0
          },
          {
            "time": "2010-01-12T13:52:00+00:00",
            "course": 213.54,
            "speed": 8.0,
            "depth": 0.0
          },
          {
            "time": "2010-01-12T13:54:00+00:00",
            "course": 213.54,
            "speed": 8.0,
            "depth": 0.0
          },
          {
            "time": "2010-01-12T13:56:00+00:00",
            "course": 213.54,
            "speed": 8.0,
            "depth": 0.0
          },
          {
            "time": "2010-01-12T13:58:00+00:00",
            "course": 213.54,
            "speed": 8.0,
            "depth": 0.0
          },
          {
            "time": "2010-01-12T14:00:00+00:00",
            "course": 213.54,
            "speed": 8.0,
            "depth": 0.0
          },
          {
            "time": "2010-01-12T14:02:00+00:00",
            "course": 166.38,
            "speed": 8.0,
            "depth": 0.0
          },
          {
            "time": "2010-01-12T14:04:00+00:00",
            "course": 155.83,
            "speed": 8.0,
            "depth": 0.0
          },
          {
            "time": "2010-01-12T14:06:00+00:00",
            "course": 155.62,
            "speed": 8.0,
            "depth": 0.0
          },
          {
            "time": "2010-01-12T14:08:00+00:00",
            "course": 155.62,
            "speed": 8.0,
            "depth": 0.0
          },
          {
            "time": "2010-01-12T14:10:00+00:00",
            "course": 155.62,
            "speed": 8.0,
            "depth": 0.0
          },
          {
            "time": "2010-01-12T14:12:00+00:00",
            "course": 155.62,
            "speed": 8.0,
            "depth": 0.0
          },
          {
            "time": "2010-01-12T14:14:00+00:00",
            "course": 155.62,
            "speed": 8.0,
            "depth": 0.0
          },
          {
            "time": "2010-01-12T14:16:00+00:00",
            "course": 202.78,
            "speed": 8.0,
            "depth": 0.0
          },
          {
            "time": "2010-01-12T14:18:00+00:00",
            "course": 217.73,
            "speed": 8.0,
            "depth": 0.0
          },
          {
            "time": "2010-01-12T14:20:00+00:00",
            "course": 218.61,
            "speed": 8.0,
            "depth": 0.0
          },
          {
            "time": "2010-01-12T14:22:00+00:00",
            "course": 218.61,
            "speed": 8.0,
            "depth": 0.0
          },
          {
            "time": "2010-01-12T14:24:00+00:00",
            "course": 171.45,
            "speed": 8.0,
            "depth": 0.0
          },
          {
            "time": "2010-01-12T14:26:00+00:00",
            "course": 125.01,
            "speed": 8.0,
            "depth": 0.0
          },
          {
            "time": "2010-01-12T14:28:00+00:00",
            "course": 122.66,
            "speed": 8.0,
            "depth": 0.0
          },
          {
            "time": "2010-01-12T14:30:00+00:00",
            "course": 122.66,
            "speed": 8.0,
            "depth": 0.0
          },
          {
            "time": "2010-01-12T14:32:00+00:00",
            "course": 122.66,
            "speed": 8.0,
            "depth": 0.0
          },
          {
            "time": "2010-01-12T14:34:00+00:00",
            "course": 122.66,
            "speed": 8.0,
            "depth": 0.0
          },
          {
            "time": "2010-01-12T14:36:00+00:00",
            "course": 122.66,
            "speed": 8.0,
            "depth": 0.0
          },
          {
            "time": "2010-01-12T14:38:00+00:00",
            "course": 122.66,
            "speed": 8.0,
            "depth": 0.0
          },
          {
            "time": "2010-01-12T14:40:00+00:00",
            "course": 122.66,
            "speed": 8.0,
            "depth": 0.0
          },
          {
            "time": "2010-01-12T14:42:00+00:00",
            "course": 122.66,
            "speed": 8.0,
            "depth": 0.0
          },
          {
            "time": "2010-01-12T14:44:00+00:00",
            "course": 122.66,
            "speed": 8.0,
            "depth": 0.0
          },
          {
            "time": "2010-01-12T14:46:00+00:00",
            "course": 75.5,
            "speed": 8.0,
            "depth": 0.0
          },
          {
            "time": "2010-01-12T14:48:00+00:00",
            "course": 33.21,
            "speed": 8.0,
            "depth": 0.0
          },
          {
            "time": "2010-01-12T14:50:00+00:00",
            "course": 30.26,
            "speed": 8.0,
            "depth": 0.0
          },
          {
            "time": "2010-01-12T14:52:00+00:00",
            "course": 30.24,
            "speed": 8.0,
            "depth": 0.0
          },
          {
            "time": "2010-01-12T14:54:00+00:00",
            "course": 30.24,
            "speed": 8.0,
            "depth": 0.0
          },
          {
            "time": "2010-01-12T14:56:00+00:00",
            "course": 30.24,
            "speed": 8.0,
            "depth": 0.0
          },
          {
            "time": "2010-01-12T14:58:00+00:00",
            "course": 30.24,
            "speed": 8.0,
            "depth": 0.0
          },
          {
            "time": "2010-01-12T15:00:00+00:00",
            "course": 30.24,
            "speed": 8.0,
            "depth": 0.0
          },
          {
            "time": "2010-01-12T15:02:00+00:00",
            "course": 343.08,
            "speed": 8.0,
            "depth": 0.0
          },
          {
            "time": "2010-01-12T15:04:00+00:00",
            "course": 295.92,
            "speed": 8.0,
            "depth": 0.0
          },
          {
            "time": "2010-01-12T15:06:00+00:00",
            "course": 288.89,
            "speed": 8.0,
            "depth": 0.0
          },
          {
            "time": "2010-01-12T15:08:00+00:00",
            "course": 288.8,
            "speed": 8.0,
            "depth": 0.0
          },
          {
            "time": "2010-01-12T15:10:00+00:00",
            "course": 288.8,
            "speed": 8.0,
            "depth": 0.0
          },
          {
            "time": "2010-01-12T15:12:00+00:00",
            "course": 288.8,
            "speed": 8.0,
            "depth": 0.0
          },
          {
            "time": "2010-01-12T15:14:00+00:00",
            "course": 288.8,
            "speed": 8.0,
            "depth": 0.0
          },
          {
            "time": "2010-01-12T15:16:00+00:00",
            "course": 288.8,
            "speed": 8.0,
            "depth": 0.0
          },
          {
            "time": "2010-01-12T15:18:00+00:00",
            "course": 288.8,
            "speed": 8.0,
            "depth": 0.0
          },
          {
            "time": "2010-01-12T15:20:00+00:00",
            "course": 288.8,
            "speed": 8.0,
            "depth": 0.0
          },
          {
            "time": "2010-01-12T15:22:00+00:00",
            "course": 288.8,
            "speed": 8.0,
            "depth": 0.0
          },
          {
            "time": "2010-01-12T15:24:00+00:00",
            "course": 288.8,
            "speed": 8.0,
            "depth": 0.0
          },
          {
            "time": "2010-01-12T15:26:00+00:00",
            "course": 288.8,
            "speed": 8.0,
            "depth": 0.0
          },
          {
            "time": "2010-01-12T15:28:00+00:00",
            "course": 288.8,
            "speed": 8.0,
            "depth": 0.0
          },
          {
            "time": "2010-01-12T15:30:00+00:00",
            "course": 288.8,
            "speed": 8.0,
            "depth": 0.0
          },
          {
            "time": "2010-01-12T15:32:00+00:00",
            "course": 288.8,
            "speed": 8.0,
            "depth": 0.0
          },
          {
            "time": "2010-01-12T15:34:00+00:00",
            "course": 288.8,
            "speed": 8.0,
            "depth": 0.0
          },
          {
            "time": "2010-01-12T15:36:00+00:00",
            "course": 288.8,
            "speed": 8.0,
            "depth": 0.0
          },
          {
            "time": "2010-01-12T15:38:00+00:00",
            "course": 288.8,
            "speed": 8.0,
            "depth": 0.0
          },
          {
            "time": "2010-01-12T15:40:00+00:00",
            "course": 288.8,
            "speed": 8.0,
            "depth": 0.0
          },
          {
            "time": "2010-01-12T15:42:00+00:00",
            "course": 288.8,
            "speed": 8.0,
            "depth": 0.0
          },
          {
            "time": "2010-01-12T15:44:00+00:00",
            "course": 288.8,
            "speed": 8.0,
            "depth": 0.0
          },
          {
            "time": "2010-01-12T15:46:00+00:00",
            "course": 288.8,
            "speed": 8.0,
            "depth": 0.0
          },
          {
            "time": "2010-01-12T15:48:00+00:00",
            "course": 288.8,
            "speed": 8.0,
            "depth": 0.0
          },
          {
            "time": "2010-01-12T15:50:00+00:00",
            "course": 288.8,
            "speed": 8.0,
            "depth": 0.0
          },
          {
            "time": "2010-01-12T15:52:00+00:00",
            "course": 288.8,
            "speed": 8.0,
            "depth": 0.0
          },
          {
            "time": "2010-01-12T15:54:00+00:00",
            "course": 288.8,
            "speed": 8.0,
            "depth": 0.0
          }
        ],
        "style": {
          "line": {
            "color": "#FFA500"
          },
          "point": {
            "shape": "circle",
            "radius": 3.0,
            "fill_color": "#FFA500",
            "color": "#FFA500"
          }
        },
        "default_position_style": {
          "show_symbol": false,
          "symbol": "circle",
          "show_label": false
        },
        "symbol_interval": "PT10M",
        "label_interval": "PT30M",
        "provenance": [
          {
            "activity_id": "bd6cb9ad-6b9d-4f06-bc76-816ff65218b5",
            "timestamp": "2026-03-21T10:15:01.419842Z",
            "was_generated_by": {
              "tool": "rep-parser",
              "tool_version": "1.0.0",
              "parameters": []
            },
            "used": [],
            "generated": [
              "5f1020e7-03c0-492b-bb35-9fc9f81e9c74"
            ],
            "execution_duration": "PT0S"
          }
        ]
      }
    },
    {
      "type": "Feature",
      "id": "8413510f-30b1-4f79-9c99-edcaaf37b443",
      "geometry": null,
      "properties": {
        "kind": "SENSOR2",
        "track_id": "SENSOR",
        "bearing": 252.85,
        "range": 106.83,
        "frequency": null,
        "speed": null,
        "sensor_type": "TA",
        "timestamp": "2010-01-12T12:08:00+00:00",
        "label": "SUBJECT held on TA",
        "symbol": "A",
        "style": {
          "stroke": true,
          "color": "#0000FF",
          "weight": 1,
          "opacity": 1.0
        },
        "provenance": [
          {
            "activity_id": "bd6cb9ad-6b9d-4f06-bc76-816ff65218b5",
            "timestamp": "2026-03-21T10:15:01.419842Z",
            "was_generated_by": {
              "tool": "rep-parser",
              "tool_version": "1.0.0",
              "parameters": []
            },
            "used": [],
            "generated": [
              "8413510f-30b1-4f79-9c99-edcaaf37b443"
            ],
            "execution_duration": "PT0S"
          }
        ]
      }
    },
    {
      "type": "Feature",
      "id": "d3e522db-8ebe-4873-95e6-b3eaeb0d5cd5",
      "geometry": null,
      "properties": {
        "kind": "SENSOR2",
        "track_id": "SENSOR",
        "bearing": 251.33,
        "range": 128.67,
        "frequency": null,
        "speed": null,
        "sensor_type": "TA",
        "timestamp": "2010-01-12T12:00:00+00:00",
        "label": "SUBJECT held on TA",
        "symbol": "A",
        "style": {
          "stroke": true,
          "color": "#0000FF",
          "weight": 1,
          "opacity": 1.0
        },
        "provenance": [
          {
            "activity_id": "bd6cb9ad-6b9d-4f06-bc76-816ff65218b5",
            "timestamp": "2026-03-21T10:15:01.419842Z",
            "was_generated_by": {
              "tool": "rep-parser",
              "tool_version": "1.0.0",
              "parameters": []
            },
            "used": [],
            "generated": [
              "d3e522db-8ebe-4873-95e6-b3eaeb0d5cd5"
            ],
            "execution_duration": "PT0S"
          }
        ]
      }
    },
    {
      "type": "Feature",
      "id": "14f94ac2-19d3-4881-a1a7-fda90e318b83",
      "geometry": null,
      "properties": {
        "kind": "SENSOR2",
        "track_id": "SENSOR",
        "bearing": 251.58,
        "range": 108.42,
        "frequency": null,
        "speed": null,
        "sensor_type": "TA",
        "timestamp": "2010-01-12T12:02:00+00:00",
        "label": "SUBJECT held on TA",
        "symbol": "A",
        "style": {
          "stroke": true,
          "color": "#0000FF",
          "weight": 1,
          "opacity": 1.0
        },
        "provenance": [
          {
            "activity_id": "bd6cb9ad-6b9d-4f06-bc76-816ff65218b5",
            "timestamp": "2026-03-21T10:15:01.419842Z",
            "was_generated_by": {
              "tool": "rep-parser",
              "tool_version": "1.0.0",
              "parameters": []
            },
            "used": [],
            "generated": [
              "14f94ac2-19d3-4881-a1a7-fda90e318b83"
            ],
            "execution_duration": "PT0S"
          }
        ]
      }
    },
    {
      "type": "Feature",
      "id": "5e96e117-b130-4acb-8ec7-610dab03a8f0",
      "geometry": null,
      "properties": {
        "kind": "SENSOR2",
        "track_id": "SENSOR",
        "bearing": 251.99,
        "range": 107.69,
        "frequency": null,
        "speed": null,
        "sensor_type": "TA",
        "timestamp": "2010-01-12T12:04:00+00:00",
        "label": "SUBJECT held on TA",
        "symbol": "A",
        "style": {
          "stroke": true,
          "color": "#0000FF",
          "weight": 1,
          "opacity": 1.0
        },
        "provenance": [
          {
            "activity_id": "bd6cb9ad-6b9d-4f06-bc76-816ff65218b5",
            "timestamp": "2026-03-21T10:15:01.419842Z",
            "was_generated_by": {
              "tool": "rep-parser",
              "tool_version": "1.0.0",
              "parameters": []
            },
            "used": [],
            "generated": [
              "5e96e117-b130-4acb-8ec7-610dab03a8f0"
            ],
            "execution_duration": "PT0S"
          }
        ]
      }
    },
    {
      "type": "Feature",
      "id": "d878e488-17f5-42ea-bc0a-7793f5d64862",
      "geometry": null,
      "properties": {
        "kind": "SENSOR2",
        "track_id": "SENSOR",
        "bearing": 252.41,
        "range": 107.26,
        "frequency": null,
        "speed": null,
        "sensor_type": "TA",
        "timestamp": "2010-01-12T12:06:00+00:00",
        "label": "SUBJECT held on TA",
        "symbol": "A",
        "style": {
          "stroke": true,
          "color": "#0000FF",
          "weight": 1,
          "opacity": 1.0
        },
        "provenance": [
          {
            "activity_id": "bd6cb9ad-6b9d-4f06-bc76-816ff65218b5",
            "timestamp": "2026-03-21T10:15:01.419842Z",
            "was_generated_by": {
              "tool": "rep-parser",
              "tool_version": "1.0.0",
              "parameters": []
            },
            "used": [],
            "generated": [
              "d878e488-17f5-42ea-bc0a-7793f5d64862"
            ],
            "execution_duration": "PT0S"
          }
        ]
      }
    },
    {
      "type": "Feature",
      "id": "32f38ac9-bd27-4699-b326-2c5806d3e6bc",
      "geometry": null,
      "properties": {
        "kind": "SENSOR2",
        "track_id": "SENSOR",
        "bearing": 253.29,
        "range": 106.38,
        "frequency": null,
        "speed": null,
        "sensor_type": "TA",
        "timestamp": "2010-01-12T12:10:00+00:00",
        "label": "SUBJECT held on TA",
        "symbol": "A",
        "style": {
          "stroke": true,
          "color": "#0000FF",
          "weight": 1,
          "opacity": 1.0
        },
        "provenance": [
          {
            "activity_id": "bd6cb9ad-6b9d-4f06-bc76-816ff65218b5",
            "timestamp": "2026-03-21T10:15:01.419842Z",
            "was_generated_by": {
              "tool": "rep-parser",
              "tool_version": "1.0.0",
              "parameters": []
            },
            "used": [],
            "generated": [
              "32f38ac9-bd27-4699-b326-2c5806d3e6bc"
            ],
            "execution_duration": "PT0S"
          }
        ]
      }
    },
    {
      "type": "Feature",
      "id": "923e532d-62c0-441c-aab4-ff746b5fff60",
      "geometry": null,
      "properties": {
        "kind": "SENSOR2",
        "track_id": "SENSOR",
        "bearing": 253.75,
        "range": 105.92,
        "frequency": null,
        "speed": null,
        "sensor_type": "TA",
        "timestamp": "2010-01-12T12:12:00+00:00",
        "label": "SUBJECT held on TA",
        "symbol": "A",
        "style": {
          "stroke": true,
          "color": "#0000FF",
          "weight": 1,
          "opacity": 1.0
        },
        "provenance": [
          {
            "activity_id": "bd6cb9ad-6b9d-4f06-bc76-816ff65218b5",
            "timestamp": "2026-03-21T10:15:01.419842Z",
            "was_generated_by": {
              "tool": "rep-parser",
              "tool_version": "1.0.0",
              "parameters": []
            },
            "used": [],
            "generated": [
              "923e532d-62c0-441c-aab4-ff746b5fff60"
            ],
            "execution_duration": "PT0S"
          }
        ]
      }
    },
    {
      "type": "Feature",
      "id": "e6482c63-c55a-409e-87f9-6e982cfa4ad2",
      "geometry": null,
      "properties": {
        "kind": "SENSOR2",
        "track_id": "SENSOR",
        "bearing": 254.23,
        "range": 105.45,
        "frequency": null,
        "speed": null,
        "sensor_type": "TA",
        "timestamp": "2010-01-12T12:14:00+00:00",
        "label": "SUBJECT held on TA",
        "symbol": "A",
        "style": {
          "stroke": true,
          "color": "#0000FF",
          "weight": 1,
          "opacity": 1.0
        },
        "provenance": [
          {
            "activity_id": "bd6cb9ad-6b9d-4f06-bc76-816ff65218b5",
            "timestamp": "2026-03-21T10:15:01.419842Z",
            "was_generated_by": {
              "tool": "rep-parser",
              "tool_version": "1.0.0",
              "parameters": []
            },
            "used": [],
            "generated": [
              "e6482c63-c55a-409e-87f9-6e982cfa4ad2"
            ],
            "execution_duration": "PT0S"
          }
        ]
      }
    },
    {
      "type": "Feature",
      "id": "e0ae9745-c75a-4eac-a6c4-f6484313390a",
      "geometry": null,
      "properties": {
        "kind": "SENSOR2",
        "track_id": "SENSOR",
        "bearing": 254.52,
        "range": 199.47,
        "frequency": null,
        "speed": null,
        "sensor_type": "TA",
        "timestamp": "2010-01-12T12:16:00+00:00",
        "label": "SUBJECT held on TA",
        "symbol": "A",
        "style": {
          "stroke": true,
          "color": "#0000FF",
          "weight": 1,
          "opacity": 1.0
        },
        "provenance": [
          {
            "activity_id": "bd6cb9ad-6b9d-4f06-bc76-816ff65218b5",
            "timestamp": "2026-03-21T10:15:01.419842Z",
            "was_generated_by": {
              "tool": "rep-parser",
              "tool_version": "1.0.0",
              "parameters": []
            },
            "used": [],
            "generated": [
              "e0ae9745-c75a-4eac-a6c4-f6484313390a"
            ],
            "execution_duration": "PT0S"
          }
        ]
      }
    },
    {
      "type": "Feature",
      "id": "eb12c9a0-05d0-42a6-afdb-abce9edee7da",
      "geometry": null,
      "properties": {
        "kind": "SENSOR2",
        "track_id": "SENSOR",
        "bearing": 254.19,
        "range": 283.92,
        "frequency": null,
        "speed": null,
        "sensor_type": "TA",
        "timestamp": "2010-01-12T12:18:00+00:00",
        "label": "SUBJECT held on TA",
        "symbol": "A",
        "style": {
          "stroke": true,
          "color": "#0000FF",
          "weight": 1,
          "opacity": 1.0
        },
        "provenance": [
          {
            "activity_id": "bd6cb9ad-6b9d-4f06-bc76-816ff65218b5",
            "timestamp": "2026-03-21T10:15:01.419842Z",
            "was_generated_by": {
              "tool": "rep-parser",
              "tool_version": "1.0.0",
              "parameters": []
            },
            "used": [],
            "generated": [
              "eb12c9a0-05d0-42a6-afdb-abce9edee7da"
            ],
            "execution_duration": "PT0S"
          }
        ]
      }
    },
    {
      "type": "Feature",
      "id": "67803b7c-f411-4bae-9bcb-a1b05c571178",
      "geometry": null,
      "properties": {
        "kind": "SENSOR2",
        "track_id": "SENSOR",
        "bearing": 253.47,
        "range": 293.1,
        "frequency": null,
        "speed": null,
        "sensor_type": "TA",
        "timestamp": "2010-01-12T12:20:00+00:00",
        "label": "SUBJECT held on TA",
        "symbol": "A",
        "style": {
          "stroke": true,
          "color": "#0000FF",
          "weight": 1,
          "opacity": 1.0
        },
        "provenance": [
          {
            "activity_id": "bd6cb9ad-6b9d-4f06-bc76-816ff65218b5",
            "timestamp": "2026-03-21T10:15:01.419842Z",
            "was_generated_by": {
              "tool": "rep-parser",
              "tool_version": "1.0.0",
              "parameters": []
            },
            "used": [],
            "generated": [
              "67803b7c-f411-4bae-9bcb-a1b05c571178"
            ],
            "execution_duration": "PT0S"
          }
        ]
      }
    },
    {
      "type": "Feature",
      "id": "155741eb-f698-421c-b460-8850eb4bb9d1",
      "geometry": null,
      "properties": {
        "kind": "SENSOR2",
        "track_id": "SENSOR",
        "bearing": 252.71,
        "range": 293.98,
        "frequency": null,
        "speed": null,
        "sensor_type": "TA",
        "timestamp": "2010-01-12T12:22:00+00:00",
        "label": "SUBJECT held on TA",
        "symbol": "A",
        "style": {
          "stroke": true,
          "color": "#0000FF",
          "weight": 1,
          "opacity": 1.0
        },
        "provenance": [
          {
            "activity_id": "bd6cb9ad-6b9d-4f06-bc76-816ff65218b5",
            "timestamp": "2026-03-21T10:15:01.419842Z",
            "was_generated_by": {
              "tool": "rep-parser",
              "tool_version": "1.0.0",
              "parameters": []
            },
            "used": [],
            "generated": [
              "155741eb-f698-421c-b460-8850eb4bb9d1"
            ],
            "execution_duration": "PT0S"
          }
        ]
      }
    },
    {
      "type": "Feature",
      "id": "d536fb7f-2a49-4f60-9fa5-d3d131eb97fa",
      "geometry": null,
      "properties": {
        "kind": "SENSOR2",
        "track_id": "SENSOR",
        "bearing": 251.91,
        "range": 294.78,
        "frequency": null,
        "speed": null,
        "sensor_type": "TA",
        "timestamp": "2010-01-12T12:24:00+00:00",
        "label": "SUBJECT held on TA",
        "symbol": "A",
        "style": {
          "stroke": true,
          "color": "#0000FF",
          "weight": 1,
          "opacity": 1.0
        },
        "provenance": [
          {
            "activity_id": "bd6cb9ad-6b9d-4f06-bc76-816ff65218b5",
            "timestamp": "2026-03-21T10:15:01.419842Z",
            "was_generated_by": {
              "tool": "rep-parser",
              "tool_version": "1.0.0",
              "parameters": []
            },
            "used": [],
            "generated": [
              "d536fb7f-2a49-4f60-9fa5-d3d131eb97fa"
            ],
            "execution_duration": "PT0S"
          }
        ]
      }
    },
    {
      "type": "Feature",
      "id": "ffdfc562-c087-4e2b-8588-d32481051ea4",
      "geometry": null,
      "properties": {
        "kind": "SENSOR2",
        "track_id": "SENSOR",
        "bearing": 251.06,
        "range": 295.63,
        "frequency": null,
        "speed": null,
        "sensor_type": "TA",
        "timestamp": "2010-01-12T12:26:00+00:00",
        "label": "SUBJECT held on TA",
        "symbol": "A",
        "style": {
          "stroke": true,
          "color": "#0000FF",
          "weight": 1,
          "opacity": 1.0
        },
        "provenance": [
          {
            "activity_id": "bd6cb9ad-6b9d-4f06-bc76-816ff65218b5",
            "timestamp": "2026-03-21T10:15:01.419842Z",
            "was_generated_by": {
              "tool": "rep-parser",
              "tool_version": "1.0.0",
              "parameters": []
            },
            "used": [],
            "generated": [
              "ffdfc562-c087-4e2b-8588-d32481051ea4"
            ],
            "execution_duration": "PT0S"
          }
        ]
      }
    },
    {
      "type": "Feature",
      "id": "af544d57-a49e-4fe6-b211-d0e7b984f1bd",
      "geometry": null,
      "properties": {
        "kind": "SENSOR2",
        "track_id": "SENSOR",
        "bearing": 250.59,
        "range": 201.78,
        "frequency": null,
        "speed": null,
        "sensor_type": "TA",
        "timestamp": "2010-01-12T12:28:00+00:00",
        "label": "SUBJECT held on TA",
        "symbol": "A",
        "style": {
          "stroke": true,
          "color": "#0000FF",
          "weight": 1,
          "opacity": 1.0
        },
        "provenance": [
          {
            "activity_id": "bd6cb9ad-6b9d-4f06-bc76-816ff65218b5",
            "timestamp": "2026-03-21T10:15:01.419842Z",
            "was_generated_by": {
              "tool": "rep-parser",
              "tool_version": "1.0.0",
              "parameters": []
            },
            "used": [],
            "generated": [
              "af544d57-a49e-4fe6-b211-d0e7b984f1bd"
            ],
            "execution_duration": "PT0S"
          }
        ]
      }
    },
    {
      "type": "Feature",
      "id": "6c8e4cf3-213f-4ce6-9085-eab5397c4546",
      "geometry": null,
      "properties": {
        "kind": "SENSOR2",
        "track_id": "SENSOR",
        "bearing": 250.87,
        "range": 107.17,
        "frequency": null,
        "speed": null,
        "sensor_type": "TA",
        "timestamp": "2010-01-12T12:30:00+00:00",
        "label": "SUBJECT held on TA",
        "symbol": "A",
        "style": {
          "stroke": true,
          "color": "#0000FF",
          "weight": 1,
          "opacity": 1.0
        },
        "provenance": [
          {
            "activity_id": "bd6cb9ad-6b9d-4f06-bc76-816ff65218b5",
            "timestamp": "2026-03-21T10:15:01.419842Z",
            "was_generated_by": {
              "tool": "rep-parser",
              "tool_version": "1.0.0",
              "parameters": []
            },
            "used": [],
            "generated": [
              "6c8e4cf3-213f-4ce6-9085-eab5397c4546"
            ],
            "execution_duration": "PT0S"
          }
        ]
      }
    },
    {
      "type": "Feature",
      "id": "c5a8dfef-cd7d-4042-aa97-d717cc133968",
      "geometry": null,
      "properties": {
        "kind": "SENSOR2",
        "track_id": "SENSOR",
        "bearing": 251.45,
        "range": 85.35,
        "frequency": null,
        "speed": null,
        "sensor_type": "TA",
        "timestamp": "2010-01-12T12:32:00+00:00",
        "label": "SUBJECT held on TA",
        "symbol": "A",
        "style": {
          "stroke": true,
          "color": "#0000FF",
          "weight": 1,
          "opacity": 1.0
        },
        "provenance": [
          {
            "activity_id": "bd6cb9ad-6b9d-4f06-bc76-816ff65218b5",
            "timestamp": "2026-03-21T10:15:01.419842Z",
            "was_generated_by": {
              "tool": "rep-parser",
              "tool_version": "1.0.0",
              "parameters": []
            },
            "used": [],
            "generated": [
              "c5a8dfef-cd7d-4042-aa97-d717cc133968"
            ],
            "execution_duration": "PT0S"
          }
        ]
      }
    },
    {
      "type": "Feature",
      "id": "daf05deb-4b68-429c-b4fe-75c8f477bd79",
      "geometry": null,
      "properties": {
        "kind": "SENSOR2",
        "track_id": "SENSOR",
        "bearing": 252.05,
        "range": 84.31,
        "frequency": null,
        "speed": null,
        "sensor_type": "TA",
        "timestamp": "2010-01-12T12:34:00+00:00",
        "label": "SUBJECT held on TA",
        "symbol": "A",
        "style": {
          "stroke": true,
          "color": "#0000FF",
          "weight": 1,
          "opacity": 1.0
        },
        "provenance": [
          {
            "activity_id": "bd6cb9ad-6b9d-4f06-bc76-816ff65218b5",
            "timestamp": "2026-03-21T10:15:01.419842Z",
            "was_generated_by": {
              "tool": "rep-parser",
              "tool_version": "1.0.0",
              "parameters": []
            },
            "used": [],
            "generated": [
              "daf05deb-4b68-429c-b4fe-75c8f477bd79"
            ],
            "execution_duration": "PT0S"
          }
        ]
      }
    },
    {
      "type": "Feature",
      "id": "7dad5bf6-b64b-4746-bd1f-1588cd3c6eb7",
      "geometry": null,
      "properties": {
        "kind": "SENSOR2",
        "track_id": "SENSOR",
        "bearing": 252.67,
        "range": 83.69,
        "frequency": null,
        "speed": null,
        "sensor_type": "TA",
        "timestamp": "2010-01-12T12:36:00+00:00",
        "label": "SUBJECT held on TA",
        "symbol": "A",
        "style": {
          "stroke": true,
          "color": "#0000FF",
          "weight": 1,
          "opacity": 1.0
        },
        "provenance": [
          {
            "activity_id": "bd6cb9ad-6b9d-4f06-bc76-816ff65218b5",
            "timestamp": "2026-03-21T10:15:01.419842Z",
            "was_generated_by": {
              "tool": "rep-parser",
              "tool_version": "1.0.0",
              "parameters": []
            },
            "used": [],
            "generated": [
              "7dad5bf6-b64b-4746-bd1f-1588cd3c6eb7"
            ],
            "execution_duration": "PT0S"
          }
        ]
      }
    },
    {
      "type": "Feature",
      "id": "6c4d9e5a-e3e8-4f85-9bf2-f6a0cc4f6ef0",
      "geometry": null,
      "properties": {
        "kind": "SENSOR2",
        "track_id": "SENSOR",
        "bearing": 253.31,
        "range": 83.05,
        "frequency": null,
        "speed": null,
        "sensor_type": "TA",
        "timestamp": "2010-01-12T12:38:00+00:00",
        "label": "SUBJECT held on TA",
        "symbol": "A",
        "style": {
          "stroke": true,
          "color": "#0000FF",
          "weight": 1,
          "opacity": 1.0
        },
        "provenance": [
          {
            "activity_id": "bd6cb9ad-6b9d-4f06-bc76-816ff65218b5",
            "timestamp": "2026-03-21T10:15:01.419842Z",
            "was_generated_by": {
              "tool": "rep-parser",
              "tool_version": "1.0.0",
              "parameters": []
            },
            "used": [],
            "generated": [
              "6c4d9e5a-e3e8-4f85-9bf2-f6a0cc4f6ef0"
            ],
            "execution_duration": "PT0S"
          }
        ]
      }
    },
    {
      "type": "Feature",
      "id": "bd36874d-307e-4a6a-96fb-2364307701d3",
      "geometry": null,
      "properties": {
        "kind": "SENSOR2",
        "track_id": "SENSOR",
        "bearing": 253.96,
        "range": 82.4,
        "frequency": null,
        "speed": null,
        "sensor_type": "TA",
        "timestamp": "2010-01-12T12:40:00+00:00",
        "label": "SUBJECT held on TA",
        "symbol": "A",
        "style": {
          "stroke": true,
          "color": "#0000FF",
          "weight": 1,
          "opacity": 1.0
        },
        "provenance": [
          {
            "activity_id": "bd6cb9ad-6b9d-4f06-bc76-816ff65218b5",
            "timestamp": "2026-03-21T10:15:01.419842Z",
            "was_generated_by": {
              "tool": "rep-parser",
              "tool_version": "1.0.0",
              "parameters": []
            },
            "used": [],
            "generated": [
              "bd36874d-307e-4a6a-96fb-2364307701d3"
            ],
            "execution_duration": "PT0S"
          }
        ]
      }
    },
    {
      "type": "Feature",
      "id": "a12b64c6-9159-41ec-843a-1ff2aa485ec3",
      "geometry": null,
      "properties": {
        "kind": "SENSOR2",
        "track_id": "SENSOR",
        "bearing": 254.63,
        "range": 81.72,
        "frequency": null,
        "speed": null,
        "sensor_type": "TA",
        "timestamp": "2010-01-12T12:42:00+00:00",
        "label": "SUBJECT held on TA",
        "symbol": "A",
        "style": {
          "stroke": true,
          "color": "#0000FF",
          "weight": 1,
          "opacity": 1.0
        },
        "provenance": [
          {
            "activity_id": "bd6cb9ad-6b9d-4f06-bc76-816ff65218b5",
            "timestamp": "2026-03-21T10:15:01.419842Z",
            "was_generated_by": {
              "tool": "rep-parser",
              "tool_version": "1.0.0",
              "parameters": []
            },
            "used": [],
            "generated": [
              "a12b64c6-9159-41ec-843a-1ff2aa485ec3"
            ],
            "execution_duration": "PT0S"
          }
        ]
      }
    },
    {
      "type": "Feature",
      "id": "c0aef93a-bdf3-4d39-af89-416d3ab865d2",
      "geometry": null,
      "properties": {
        "kind": "SENSOR2",
        "track_id": "SENSOR",
        "bearing": 255.17,
        "range": 175.51,
        "frequency": null,
        "speed": null,
        "sensor_type": "TA",
        "timestamp": "2010-01-12T12:44:00+00:00",
        "label": "SUBJECT held on TA",
        "symbol": "A",
        "style": {
          "stroke": true,
          "color": "#0000FF",
          "weight": 1,
          "opacity": 1.0
        },
        "provenance": [
          {
            "activity_id": "bd6cb9ad-6b9d-4f06-bc76-816ff65218b5",
            "timestamp": "2026-03-21T10:15:01.419842Z",
            "was_generated_by": {
              "tool": "rep-parser",
              "tool_version": "1.0.0",
              "parameters": []
            },
            "used": [],
            "generated": [
              "c0aef93a-bdf3-4d39-af89-416d3ab865d2"
            ],
            "execution_duration": "PT0S"
          }
        ]
      }
    },
    {
      "type": "Feature",
      "id": "f7d1afd6-7c58-4df9-9893-4187b231d837",
      "geometry": null,
      "properties": {
        "kind": "SENSOR2",
        "track_id": "SENSOR",
        "bearing": 254.99,
        "range": 270.01,
        "frequency": null,
        "speed": null,
        "sensor_type": "TA",
        "timestamp": "2010-01-12T12:46:00+00:00",
        "label": "SUBJECT held on TA",
        "symbol": "A",
        "style": {
          "stroke": true,
          "color": "#0000FF",
          "weight": 1,
          "opacity": 1.0
        },
        "provenance": [
          {
            "activity_id": "bd6cb9ad-6b9d-4f06-bc76-816ff65218b5",
            "timestamp": "2026-03-21T10:15:01.419842Z",
            "was_generated_by": {
              "tool": "rep-parser",
              "tool_version": "1.0.0",
              "parameters": []
            },
            "used": [],
            "generated": [
              "f7d1afd6-7c58-4df9-9893-4187b231d837"
            ],
            "execution_duration": "PT0S"
          }
        ]
      }
    },
    {
      "type": "Feature",
      "id": "47feee7d-c7b4-4ad1-b61c-eddcf0035310",
      "geometry": null,
      "properties": {
        "kind": "SENSOR2",
        "track_id": "SENSOR",
        "bearing": 254.14,
        "range": 283.42,
        "frequency": null,
        "speed": null,
        "sensor_type": "TA",
        "timestamp": "2010-01-12T12:48:00+00:00",
        "label": "SUBJECT held on TA",
        "symbol": "A",
        "style": {
          "stroke": true,
          "color": "#0000FF",
          "weight": 1,
          "opacity": 1.0
        },
        "provenance": [
          {
            "activity_id": "bd6cb9ad-6b9d-4f06-bc76-816ff65218b5",
            "timestamp": "2026-03-21T10:15:01.419842Z",
            "was_generated_by": {
              "tool": "rep-parser",
              "tool_version": "1.0.0",
              "parameters": []
            },
            "used": [],
            "generated": [
              "47feee7d-c7b4-4ad1-b61c-eddcf0035310"
            ],
            "execution_duration": "PT0S"
          }
        ]
      }
    },
    {
      "type": "Feature",
      "id": "12a25dc1-a39e-4410-bc7d-63ff594b0d20",
      "geometry": null,
      "properties": {
        "kind": "SENSOR2",
        "track_id": "SENSOR",
        "bearing": 253.66,
        "range": 284.02,
        "frequency": null,
        "speed": null,
        "sensor_type": "TA",
        "timestamp": "2010-01-12T12:50:00+00:00",
        "label": "SUBJECT held on TA",
        "symbol": "A",
        "style": {
          "stroke": true,
          "color": "#0000FF",
          "weight": 1,
          "opacity": 1.0
        },
        "provenance": [
          {
            "activity_id": "bd6cb9ad-6b9d-4f06-bc76-816ff65218b5",
            "timestamp": "2026-03-21T10:15:01.419842Z",
            "was_generated_by": {
              "tool": "rep-parser",
              "tool_version": "1.0.0",
              "parameters": []
            },
            "used": [],
            "generated": [
              "12a25dc1-a39e-4410-bc7d-63ff594b0d20"
            ],
            "execution_duration": "PT0S"
          }
        ]
      }
    },
    {
      "type": "Feature",
      "id": "7a112c4a-7151-4e95-955a-5452c38c51f9",
      "geometry": null,
      "properties": {
        "kind": "SENSOR2",
        "track_id": "SENSOR",
        "bearing": 253.99,
        "range": 283.68,
        "frequency": null,
        "speed": null,
        "sensor_type": "TA",
        "timestamp": "2010-01-12T12:52:00+00:00",
        "label": "SUBJECT held on TA",
        "symbol": "A",
        "style": {
          "stroke": true,
          "color": "#0000FF",
          "weight": 1,
          "opacity": 1.0
        },
        "provenance": [
          {
            "activity_id": "bd6cb9ad-6b9d-4f06-bc76-816ff65218b5",
            "timestamp": "2026-03-21T10:15:01.419842Z",
            "was_generated_by": {
              "tool": "rep-parser",
              "tool_version": "1.0.0",
              "parameters": []
            },
            "used": [],
            "generated": [
              "7a112c4a-7151-4e95-955a-5452c38c51f9"
            ],
            "execution_duration": "PT0S"
          }
        ]
      }
    },
    {
      "type": "Feature",
      "id": "7c47a736-2408-4e1c-87c5-1650eedc3d51",
      "geometry": null,
      "properties": {
        "kind": "SENSOR2",
        "track_id": "SENSOR",
        "bearing": 254.65,
        "range": 283.03,
        "frequency": null,
        "speed": null,
        "sensor_type": "TA",
        "timestamp": "2010-01-12T12:54:00+00:00",
        "label": "SUBJECT held on TA",
        "symbol": "A",
        "style": {
          "stroke": true,
          "color": "#0000FF",
          "weight": 1,
          "opacity": 1.0
        },
        "provenance": [
          {
            "activity_id": "bd6cb9ad-6b9d-4f06-bc76-816ff65218b5",
            "timestamp": "2026-03-21T10:15:01.419842Z",
            "was_generated_by": {
              "tool": "rep-parser",
              "tool_version": "1.0.0",
              "parameters": []
            },
            "used": [],
            "generated": [
              "7c47a736-2408-4e1c-87c5-1650eedc3d51"
            ],
            "execution_duration": "PT0S"
          }
        ]
      }
    },
    {
      "type": "Feature",
      "id": "d4322103-597a-45e0-a270-599b4b6e57c4",
      "geometry": null,
      "properties": {
        "kind": "SENSOR2",
        "track_id": "SENSOR",
        "bearing": 254.86,
        "range": 282.82,
        "frequency": null,
        "speed": null,
        "sensor_type": "TA",
        "timestamp": "2010-01-12T12:56:00+00:00",
        "label": "SUBJECT held on TA",
        "symbol": "A",
        "style": {
          "stroke": true,
          "color": "#0000FF",
          "weight": 1,
          "opacity": 1.0
        },
        "provenance": [
          {
            "activity_id": "bd6cb9ad-6b9d-4f06-bc76-816ff65218b5",
            "timestamp": "2026-03-21T10:15:01.419842Z",
            "was_generated_by": {
              "tool": "rep-parser",
              "tool_version": "1.0.0",
              "parameters": []
            },
            "used": [],
            "generated": [
              "d4322103-597a-45e0-a270-599b4b6e57c4"
            ],
            "execution_duration": "PT0S"
          }
        ]
      }
    },
    {
      "type": "Feature",
      "id": "195e1028-b74b-4c9c-890c-d222dbfdfae6",
      "geometry": null,
      "properties": {
        "kind": "SENSOR2",
        "track_id": "SENSOR",
        "bearing": 254.85,
        "range": 282.82,
        "frequency": null,
        "speed": null,
        "sensor_type": "TA",
        "timestamp": "2010-01-12T12:58:00+00:00",
        "label": "SUBJECT held on TA",
        "symbol": "A",
        "style": {
          "stroke": true,
          "color": "#0000FF",
          "weight": 1,
          "opacity": 1.0
        },
        "provenance": [
          {
            "activity_id": "bd6cb9ad-6b9d-4f06-bc76-816ff65218b5",
            "timestamp": "2026-03-21T10:15:01.419842Z",
            "was_generated_by": {
              "tool": "rep-parser",
              "tool_version": "1.0.0",
              "parameters": []
            },
            "used": [],
            "generated": [
              "195e1028-b74b-4c9c-890c-d222dbfdfae6"
            ],
            "execution_duration": "PT0S"
          }
        ]
      }
    },
    {
      "type": "Feature",
      "id": "f9208e6d-5152-4745-8ec5-80ac9652b3ad",
      "geometry": null,
      "properties": {
        "kind": "SENSOR2",
        "track_id": "SENSOR",
        "bearing": 254.85,
        "range": 282.83,
        "frequency": null,
        "speed": null,
        "sensor_type": "TA",
        "timestamp": "2010-01-12T13:00:00+00:00",
        "label": "SUBJECT held on TA",
        "symbol": "A",
        "style": {
          "stroke": true,
          "color": "#0000FF",
          "weight": 1,
          "opacity": 1.0
        },
        "provenance": [
          {
            "activity_id": "bd6cb9ad-6b9d-4f06-bc76-816ff65218b5",
            "timestamp": "2026-03-21T10:15:01.419842Z",
            "was_generated_by": {
              "tool": "rep-parser",
              "tool_version": "1.0.0",
              "parameters": []
            },
            "used": [],
            "generated": [
              "f9208e6d-5152-4745-8ec5-80ac9652b3ad"
            ],
            "execution_duration": "PT0S"
          }
        ]
      }
    },
    {
      "type": "Feature",
      "id": "7a5b16db-a8d5-413c-9013-b697f84930f1",
      "geometry": null,
      "properties": {
        "kind": "SENSOR2",
        "track_id": "SENSOR",
        "bearing": 254.85,
        "range": 282.83,
        "frequency": null,
        "speed": null,
        "sensor_type": "TA",
        "timestamp": "2010-01-12T13:02:00+00:00",
        "label": "SUBJECT held on TA",
        "symbol": "A",
        "style": {
          "stroke": true,
          "color": "#0000FF",
          "weight": 1,
          "opacity": 1.0
        },
        "provenance": [
          {
            "activity_id": "bd6cb9ad-6b9d-4f06-bc76-816ff65218b5",
            "timestamp": "2026-03-21T10:15:01.419842Z",
            "was_generated_by": {
              "tool": "rep-parser",
              "tool_version": "1.0.0",
              "parameters": []
            },
            "used": [],
            "generated": [
              "7a5b16db-a8d5-413c-9013-b697f84930f1"
            ],
            "execution_duration": "PT0S"
          }
        ]
      }
    },
    {
      "type": "Feature",
      "id": "d7864a3b-51f0-48f7-b33c-3cf5dcc9dd9c",
      "geometry": null,
      "properties": {
        "kind": "SENSOR2",
        "track_id": "SENSOR",
        "bearing": 255.44,
        "range": 187.91,
        "frequency": null,
        "speed": null,
        "sensor_type": "TA",
        "timestamp": "2010-01-12T13:04:00+00:00",
        "label": "SUBJECT held on TA",
        "symbol": "A",
        "style": {
          "stroke": true,
          "color": "#0000FF",
          "weight": 1,
          "opacity": 1.0
        },
        "provenance": [
          {
            "activity_id": "bd6cb9ad-6b9d-4f06-bc76-816ff65218b5",
            "timestamp": "2026-03-21T10:15:01.419842Z",
            "was_generated_by": {
              "tool": "rep-parser",
              "tool_version": "1.0.0",
              "parameters": []
            },
            "used": [],
            "generated": [
              "d7864a3b-51f0-48f7-b33c-3cf5dcc9dd9c"
            ],
            "execution_duration": "PT0S"
          }
        ]
      }
    },
    {
      "type": "Feature",
      "id": "597e8b69-e348-408e-8ad0-3948d842a993",
      "geometry": null,
      "properties": {
        "kind": "SENSOR2",
        "track_id": "SENSOR",
        "bearing": 256.95,
        "range": 131.47,
        "frequency": null,
        "speed": null,
        "sensor_type": "TA",
        "timestamp": "2010-01-12T13:06:00+00:00",
        "label": "SUBJECT held on TA",
        "symbol": "A",
        "style": {
          "stroke": true,
          "color": "#0000FF",
          "weight": 1,
          "opacity": 1.0
        },
        "provenance": [
          {
            "activity_id": "bd6cb9ad-6b9d-4f06-bc76-816ff65218b5",
            "timestamp": "2026-03-21T10:15:01.419842Z",
            "was_generated_by": {
              "tool": "rep-parser",
              "tool_version": "1.0.0",
              "parameters": []
            },
            "used": [],
            "generated": [
              "597e8b69-e348-408e-8ad0-3948d842a993"
            ],
            "execution_duration": "PT0S"
          }
        ]
      }
    },
    {
      "type": "Feature",
      "id": "454aaf64-8b22-4200-b38c-d4940571e445",
      "geometry": null,
      "properties": {
        "kind": "SENSOR2",
        "track_id": "SENSOR",
        "bearing": 258.58,
        "range": 127.17,
        "frequency": null,
        "speed": null,
        "sensor_type": "TA",
        "timestamp": "2010-01-12T13:08:00+00:00",
        "label": "SUBJECT held on TA",
        "symbol": "A",
        "style": {
          "stroke": true,
          "color": "#0000FF",
          "weight": 1,
          "opacity": 1.0
        },
        "provenance": [
          {
            "activity_id": "bd6cb9ad-6b9d-4f06-bc76-816ff65218b5",
            "timestamp": "2026-03-21T10:15:01.419842Z",
            "was_generated_by": {
              "tool": "rep-parser",
              "tool_version": "1.0.0",
              "parameters": []
            },
            "used": [],
            "generated": [
              "454aaf64-8b22-4200-b38c-d4940571e445"
            ],
            "execution_duration": "PT0S"
          }
        ]
      }
    },
    {
      "type": "Feature",
      "id": "aee64aaf-b828-41e8-a47a-03bb699a9aa4",
      "geometry": null,
      "properties": {
        "kind": "SENSOR2",
        "track_id": "SENSOR",
        "bearing": 260.61,
        "range": 125.14,
        "frequency": null,
        "speed": null,
        "sensor_type": "TA",
        "timestamp": "2010-01-12T13:10:00+00:00",
        "label": "SUBJECT held on TA",
        "symbol": "A",
        "style": {
          "stroke": true,
          "color": "#0000FF",
          "weight": 1,
          "opacity": 1.0
        },
        "provenance": [
          {
            "activity_id": "bd6cb9ad-6b9d-4f06-bc76-816ff65218b5",
            "timestamp": "2026-03-21T10:15:01.419842Z",
            "was_generated_by": {
              "tool": "rep-parser",
              "tool_version": "1.0.0",
              "parameters": []
            },
            "used": [],
            "generated": [
              "aee64aaf-b828-41e8-a47a-03bb699a9aa4"
            ],
            "execution_duration": "PT0S"
          }
        ]
      }
    },
    {
      "type": "Feature",
      "id": "4cbe16ca-4050-44cf-9f40-0a6ae4bd5783",
      "geometry": null,
      "properties": {
        "kind": "SENSOR2",
        "track_id": "SENSOR",
        "bearing": 263.04,
        "range": 122.71,
        "frequency": null,
        "speed": null,
        "sensor_type": "TA",
        "timestamp": "2010-01-12T13:12:00+00:00",
        "label": "SUBJECT held on TA",
        "symbol": "A",
        "style": {
          "stroke": true,
          "color": "#0000FF",
          "weight": 1,
          "opacity": 1.0
        },
        "provenance": [
          {
            "activity_id": "bd6cb9ad-6b9d-4f06-bc76-816ff65218b5",
            "timestamp": "2026-03-21T10:15:01.419842Z",
            "was_generated_by": {
              "tool": "rep-parser",
              "tool_version": "1.0.0",
              "parameters": []
            },
            "used": [],
            "generated": [
              "4cbe16ca-4050-44cf-9f40-0a6ae4bd5783"
            ],
            "execution_duration": "PT0S"
          }
        ]
      }
    },
    {
      "type": "Feature",
      "id": "8736256e-9af2-4b06-920e-36da39e6e8c4",
      "geometry": null,
      "properties": {
        "kind": "SENSOR2",
        "track_id": "SENSOR",
        "bearing": 265.11,
        "range": 120.64,
        "frequency": null,
        "speed": null,
        "sensor_type": "TA",
        "timestamp": "2010-01-12T13:14:00+00:00",
        "label": "SUBJECT held on TA",
        "symbol": "A",
        "style": {
          "stroke": true,
          "color": "#0000FF",
          "weight": 1,
          "opacity": 1.0
        },
        "provenance": [
          {
            "activity_id": "bd6cb9ad-6b9d-4f06-bc76-816ff65218b5",
            "timestamp": "2026-03-21T10:15:01.419842Z",
            "was_generated_by": {
              "tool": "rep-parser",
              "tool_version": "1.0.0",
              "parameters": []
            },
            "used": [],
            "generated": [
              "8736256e-9af2-4b06-920e-36da39e6e8c4"
            ],
            "execution_duration": "PT0S"
          }
        ]
      }
    },
    {
      "type": "Feature",
      "id": "9e0ab016-60b8-409e-ae11-58b540e57397",
      "geometry": null,
      "properties": {
        "kind": "SENSOR2",
        "track_id": "SENSOR",
        "bearing": 266.6,
        "range": 119.15,
        "frequency": null,
        "speed": null,
        "sensor_type": "TA",
        "timestamp": "2010-01-12T13:16:00+00:00",
        "label": "SUBJECT held on TA",
        "symbol": "A",
        "style": {
          "stroke": true,
          "color": "#0000FF",
          "weight": 1,
          "opacity": 1.0
        },
        "provenance": [
          {
            "activity_id": "bd6cb9ad-6b9d-4f06-bc76-816ff65218b5",
            "timestamp": "2026-03-21T10:15:01.419842Z",
            "was_generated_by": {
              "tool": "rep-parser",
              "tool_version": "1.0.0",
              "parameters": []
            },
            "used": [],
            "generated": [
              "9e0ab016-60b8-409e-ae11-58b540e57397"
            ],
            "execution_duration": "PT0S"
          }
        ]
      }
    },
    {
      "type": "Feature",
      "id": "9f33fcc4-c916-43dc-a724-7a0a74d8f9db",
      "geometry": null,
      "properties": {
        "kind": "SENSOR2",
        "track_id": "SENSOR",
        "bearing": 267.99,
        "range": 152.01,
        "frequency": null,
        "speed": null,
        "sensor_type": "TA",
        "timestamp": "2010-01-12T13:18:00+00:00",
        "label": "SUBJECT held on TA",
        "symbol": "A",
        "style": {
          "stroke": true,
          "color": "#0000FF",
          "weight": 1,
          "opacity": 1.0
        },
        "provenance": [
          {
            "activity_id": "bd6cb9ad-6b9d-4f06-bc76-816ff65218b5",
            "timestamp": "2026-03-21T10:15:01.419842Z",
            "was_generated_by": {
              "tool": "rep-parser",
              "tool_version": "1.0.0",
              "parameters": []
            },
            "used": [],
            "generated": [
              "9f33fcc4-c916-43dc-a724-7a0a74d8f9db"
            ],
            "execution_duration": "PT0S"
          }
        ]
      }
    },
    {
      "type": "Feature",
      "id": "93d7728d-05db-42f1-97a9-4c5dd53b5127",
      "geometry": null,
      "properties": {
        "kind": "SENSOR2",
        "track_id": "SENSOR",
        "bearing": 269.43,
        "range": 151.52,
        "frequency": null,
        "speed": null,
        "sensor_type": "TA",
        "timestamp": "2010-01-12T13:20:00+00:00",
        "label": "SUBJECT held on TA",
        "symbol": "A",
        "style": {
          "stroke": true,
          "color": "#0000FF",
          "weight": 1,
          "opacity": 1.0
        },
        "provenance": [
          {
            "activity_id": "bd6cb9ad-6b9d-4f06-bc76-816ff65218b5",
            "timestamp": "2026-03-21T10:15:01.419842Z",
            "was_generated_by": {
              "tool": "rep-parser",
              "tool_version": "1.0.0",
              "parameters": []
            },
            "used": [],
            "generated": [
              "93d7728d-05db-42f1-97a9-4c5dd53b5127"
            ],
            "execution_duration": "PT0S"
          }
        ]
      }
    },
    {
      "type": "Feature",
      "id": "51818df7-b29a-410a-8c82-5bd5dbbdeab6",
      "geometry": null,
      "properties": {
        "kind": "SENSOR2",
        "track_id": "SENSOR",
        "bearing": 270.98,
        "range": 149.97,
        "frequency": null,
        "speed": null,
        "sensor_type": "TA",
        "timestamp": "2010-01-12T13:22:00+00:00",
        "label": "SUBJECT held on TA",
        "symbol": "A",
        "style": {
          "stroke": true,
          "color": "#0000FF",
          "weight": 1,
          "opacity": 1.0
        },
        "provenance": [
          {
            "activity_id": "bd6cb9ad-6b9d-4f06-bc76-816ff65218b5",
            "timestamp": "2026-03-21T10:15:01.419842Z",
            "was_generated_by": {
              "tool": "rep-parser",
              "tool_version": "1.0.0",
              "parameters": []
            },
            "used": [],
            "generated": [
              "51818df7-b29a-410a-8c82-5bd5dbbdeab6"
            ],
            "execution_duration": "PT0S"
          }
        ]
      }
    },
    {
      "type": "Feature",
      "id": "0890b067-ec34-41c0-b6a0-31cbb9bb6a1f",
      "geometry": null,
      "properties": {
        "kind": "SENSOR2",
        "track_id": "SENSOR",
        "bearing": 272.65,
        "range": 148.3,
        "frequency": null,
        "speed": null,
        "sensor_type": "TA",
        "timestamp": "2010-01-12T13:24:00+00:00",
        "label": "SUBJECT held on TA",
        "symbol": "A",
        "style": {
          "stroke": true,
          "color": "#0000FF",
          "weight": 1,
          "opacity": 1.0
        },
        "provenance": [
          {
            "activity_id": "bd6cb9ad-6b9d-4f06-bc76-816ff65218b5",
            "timestamp": "2026-03-21T10:15:01.419842Z",
            "was_generated_by": {
              "tool": "rep-parser",
              "tool_version": "1.0.0",
              "parameters": []
            },
            "used": [],
            "generated": [
              "0890b067-ec34-41c0-b6a0-31cbb9bb6a1f"
            ],
            "execution_duration": "PT0S"
          }
        ]
      }
    },
    {
      "type": "Feature",
      "id": "63806914-4d6c-4c26-8f9d-0a8b61798ec1",
      "geometry": null,
      "properties": {
        "kind": "SENSOR2",
        "track_id": "SENSOR",
        "bearing": 274.45,
        "range": 146.5,
        "frequency": null,
        "speed": null,
        "sensor_type": "TA",
        "timestamp": "2010-01-12T13:26:00+00:00",
        "label": "SUBJECT held on TA",
        "symbol": "A",
        "style": {
          "stroke": true,
          "color": "#0000FF",
          "weight": 1,
          "opacity": 1.0
        },
        "provenance": [
          {
            "activity_id": "bd6cb9ad-6b9d-4f06-bc76-816ff65218b5",
            "timestamp": "2026-03-21T10:15:01.419842Z",
            "was_generated_by": {
              "tool": "rep-parser",
              "tool_version": "1.0.0",
              "parameters": []
            },
            "used": [],
            "generated": [
              "63806914-4d6c-4c26-8f9d-0a8b61798ec1"
            ],
            "execution_duration": "PT0S"
          }
        ]
      }
    },
    {
      "type": "Feature",
      "id": "299c554f-4e9b-4cec-b1f9-2d421c479e73",
      "geometry": null,
      "properties": {
        "kind": "SENSOR2",
        "track_id": "SENSOR",
        "bearing": 276.4,
        "range": 144.55,
        "frequency": null,
        "speed": null,
        "sensor_type": "TA",
        "timestamp": "2010-01-12T13:28:00+00:00",
        "label": "SUBJECT held on TA",
        "symbol": "A",
        "style": {
          "stroke": true,
          "color": "#0000FF",
          "weight": 1,
          "opacity": 1.0
        },
        "provenance": [
          {
            "activity_id": "bd6cb9ad-6b9d-4f06-bc76-816ff65218b5",
            "timestamp": "2026-03-21T10:15:01.419842Z",
            "was_generated_by": {
              "tool": "rep-parser",
              "tool_version": "1.0.0",
              "parameters": []
            },
            "used": [],
            "generated": [
              "299c554f-4e9b-4cec-b1f9-2d421c479e73"
            ],
            "execution_duration": "PT0S"
          }
        ]
      }
    },
    {
      "type": "Feature",
      "id": "64b1e4d7-ff5e-4eb4-b5a6-004f5c57bc51",
      "geometry": null,
      "properties": {
        "kind": "SENSOR2",
        "track_id": "SENSOR",
        "bearing": 278.5,
        "range": 142.45,
        "frequency": null,
        "speed": null,
        "sensor_type": "TA",
        "timestamp": "2010-01-12T13:30:00+00:00",
        "label": "SUBJECT held on TA",
        "symbol": "A",
        "style": {
          "stroke": true,
          "color": "#0000FF",
          "weight": 1,
          "opacity": 1.0
        },
        "provenance": [
          {
            "activity_id": "bd6cb9ad-6b9d-4f06-bc76-816ff65218b5",
            "timestamp": "2026-03-21T10:15:01.419842Z",
            "was_generated_by": {
              "tool": "rep-parser",
              "tool_version": "1.0.0",
              "parameters": []
            },
            "used": [],
            "generated": [
              "64b1e4d7-ff5e-4eb4-b5a6-004f5c57bc51"
            ],
            "execution_duration": "PT0S"
          }
        ]
      }
    },
    {
      "type": "Feature",
      "id": "a76ff901-0cca-4f6f-a561-e30eed048892",
      "geometry": null,
      "properties": {
        "kind": "SENSOR2",
        "track_id": "SENSOR",
        "bearing": 280.83,
        "range": 45.8,
        "frequency": null,
        "speed": null,
        "sensor_type": "TA",
        "timestamp": "2010-01-12T13:32:00+00:00",
        "label": "SUBJECT held on TA",
        "symbol": "A",
        "style": {
          "stroke": true,
          "color": "#0000FF",
          "weight": 1,
          "opacity": 1.0
        },
        "provenance": [
          {
            "activity_id": "bd6cb9ad-6b9d-4f06-bc76-816ff65218b5",
            "timestamp": "2026-03-21T10:15:01.419842Z",
            "was_generated_by": {
              "tool": "rep-parser",
              "tool_version": "1.0.0",
              "parameters": []
            },
            "used": [],
            "generated": [
              "a76ff901-0cca-4f6f-a561-e30eed048892"
            ],
            "execution_duration": "PT0S"
          }
        ]
      }
    },
    {
      "type": "Feature",
      "id": "2da9c1f9-7620-4cf0-845f-4488633af489",
      "geometry": null,
      "properties": {
        "kind": "SENSOR2",
        "track_id": "SENSOR",
        "bearing": 282.9,
        "range": 25.64,
        "frequency": null,
        "speed": null,
        "sensor_type": "TA",
        "timestamp": "2010-01-12T13:34:00+00:00",
        "label": "SUBJECT held on TA",
        "symbol": "A",
        "style": {
          "stroke": true,
          "color": "#0000FF",
          "weight": 1,
          "opacity": 1.0
        },
        "provenance": [
          {
            "activity_id": "bd6cb9ad-6b9d-4f06-bc76-816ff65218b5",
            "timestamp": "2026-03-21T10:15:01.419842Z",
            "was_generated_by": {
              "tool": "rep-parser",
              "tool_version": "1.0.0",
              "parameters": []
            },
            "used": [],
            "generated": [
              "2da9c1f9-7620-4cf0-845f-4488633af489"
            ],
            "execution_duration": "PT0S"
          }
        ]
      }
    },
    {
      "type": "Feature",
      "id": "8d679248-0887-4b81-8fb9-e4bbc717fe08",
      "geometry": null,
      "properties": {
        "kind": "SENSOR2",
        "track_id": "SENSOR",
        "bearing": 284.96,
        "range": 23.07,
        "frequency": null,
        "speed": null,
        "sensor_type": "TA",
        "timestamp": "2010-01-12T13:36:00+00:00",
        "label": "SUBJECT held on TA",
        "symbol": "A",
        "style": {
          "stroke": true,
          "color": "#0000FF",
          "weight": 1,
          "opacity": 1.0
        },
        "provenance": [
          {
            "activity_id": "bd6cb9ad-6b9d-4f06-bc76-816ff65218b5",
            "timestamp": "2026-03-21T10:15:01.419842Z",
            "was_generated_by": {
              "tool": "rep-parser",
              "tool_version": "1.0.0",
              "parameters": []
            },
            "used": [],
            "generated": [
              "8d679248-0887-4b81-8fb9-e4bbc717fe08"
            ],
            "execution_duration": "PT0S"
          }
        ]
      }
    },
    {
      "type": "Feature",
      "id": "726b6253-554b-422f-933a-d5ae0e309c61",
      "geometry": null,
      "properties": {
        "kind": "SENSOR2",
        "track_id": "SENSOR",
        "bearing": 287.03,
        "range": 21.01,
        "frequency": null,
        "speed": null,
        "sensor_type": "TA",
        "timestamp": "2010-01-12T13:38:00+00:00",
        "label": "SUBJECT held on TA",
        "symbol": "A",
        "style": {
          "stroke": true,
          "color": "#0000FF",
          "weight": 1,
          "opacity": 1.0
        },
        "provenance": [
          {
            "activity_id": "bd6cb9ad-6b9d-4f06-bc76-816ff65218b5",
            "timestamp": "2026-03-21T10:15:01.419842Z",
            "was_generated_by": {
              "tool": "rep-parser",
              "tool_version": "1.0.0",
              "parameters": []
            },
            "used": [],
            "generated": [
              "726b6253-554b-422f-933a-d5ae0e309c61"
            ],
            "execution_duration": "PT0S"
          }
        ]
      }
    },
    {
      "type": "Feature",
      "id": "9f7d6081-09f9-48b8-a752-8b1449680559",
      "geometry": null,
      "properties": {
        "kind": "SENSOR2",
        "track_id": "SENSOR",
        "bearing": 289.1,
        "range": 18.93,
        "frequency": null,
        "speed": null,
        "sensor_type": "TA",
        "timestamp": "2010-01-12T13:40:00+00:00",
        "label": "SUBJECT held on TA",
        "symbol": "A",
        "style": {
          "stroke": true,
          "color": "#0000FF",
          "weight": 1,
          "opacity": 1.0
        },
        "provenance": [
          {
            "activity_id": "bd6cb9ad-6b9d-4f06-bc76-816ff65218b5",
            "timestamp": "2026-03-21T10:15:01.419842Z",
            "was_generated_by": {
              "tool": "rep-parser",
              "tool_version": "1.0.0",
              "parameters": []
            },
            "used": [],
            "generated": [
              "9f7d6081-09f9-48b8-a752-8b1449680559"
            ],
            "execution_duration": "PT0S"
          }
        ]
      }
    },
    {
      "type": "Feature",
      "id": "becafd9f-148d-4b94-a1e5-0ddb4d4087c9",
      "geometry": null,
      "properties": {
        "kind": "SENSOR2",
        "track_id": "SENSOR",
        "bearing": 291.61,
        "range": 110.75,
        "frequency": null,
        "speed": null,
        "sensor_type": "TA",
        "timestamp": "2010-01-12T13:42:00+00:00",
        "label": "SUBJECT held on TA",
        "symbol": "A",
        "style": {
          "stroke": true,
          "color": "#0000FF",
          "weight": 1,
          "opacity": 1.0
        },
        "provenance": [
          {
            "activity_id": "bd6cb9ad-6b9d-4f06-bc76-816ff65218b5",
            "timestamp": "2026-03-21T10:15:01.419842Z",
            "was_generated_by": {
              "tool": "rep-parser",
              "tool_version": "1.0.0",
              "parameters": []
            },
            "used": [],
            "generated": [
              "becafd9f-148d-4b94-a1e5-0ddb4d4087c9"
            ],
            "execution_duration": "PT0S"
          }
        ]
      }
    },
    {
      "type": "Feature",
      "id": "3469d5a4-c956-4a81-9fce-654f0a364d5c",
      "geometry": null,
      "properties": {
        "kind": "SENSOR2",
        "track_id": "SENSOR",
        "bearing": 294.43,
        "range": 132.25,
        "frequency": null,
        "speed": null,
        "sensor_type": "TA",
        "timestamp": "2010-01-12T13:44:00+00:00",
        "label": "SUBJECT held on TA",
        "symbol": "A",
        "style": {
          "stroke": true,
          "color": "#0000FF",
          "weight": 1,
          "opacity": 1.0
        },
        "provenance": [
          {
            "activity_id": "bd6cb9ad-6b9d-4f06-bc76-816ff65218b5",
            "timestamp": "2026-03-21T10:15:01.419842Z",
            "was_generated_by": {
              "tool": "rep-parser",
              "tool_version": "1.0.0",
              "parameters": []
            },
            "used": [],
            "generated": [
              "3469d5a4-c956-4a81-9fce-654f0a364d5c"
            ],
            "execution_duration": "PT0S"
          }
        ]
      }
    },
    {
      "type": "Feature",
      "id": "e6e0a44d-d146-4c73-89c6-6ede828d6c95",
      "geometry": null,
      "properties": {
        "kind": "SENSOR2",
        "track_id": "SENSOR",
        "bearing": 297.42,
        "range": 129.65,
        "frequency": null,
        "speed": null,
        "sensor_type": "TA",
        "timestamp": "2010-01-12T13:46:00+00:00",
        "label": "SUBJECT held on TA",
        "symbol": "A",
        "style": {
          "stroke": true,
          "color": "#0000FF",
          "weight": 1,
          "opacity": 1.0
        },
        "provenance": [
          {
            "activity_id": "bd6cb9ad-6b9d-4f06-bc76-816ff65218b5",
            "timestamp": "2026-03-21T10:15:01.419842Z",
            "was_generated_by": {
              "tool": "rep-parser",
              "tool_version": "1.0.0",
              "parameters": []
            },
            "used": [],
            "generated": [
              "e6e0a44d-d146-4c73-89c6-6ede828d6c95"
            ],
            "execution_duration": "PT0S"
          }
        ]
      }
    },
    {
      "type": "Feature",
      "id": "d21d07ad-4d0b-46ef-b229-eaf93824b57c",
      "geometry": null,
      "properties": {
        "kind": "SENSOR2",
        "track_id": "SENSOR",
        "bearing": 300.6,
        "range": 126.48,
        "frequency": null,
        "speed": null,
        "sensor_type": "TA",
        "timestamp": "2010-01-12T13:48:00+00:00",
        "label": "SUBJECT held on TA",
        "symbol": "A",
        "style": {
          "stroke": true,
          "color": "#0000FF",
          "weight": 1,
          "opacity": 1.0
        },
        "provenance": [
          {
            "activity_id": "bd6cb9ad-6b9d-4f06-bc76-816ff65218b5",
            "timestamp": "2026-03-21T10:15:01.419842Z",
            "was_generated_by": {
              "tool": "rep-parser",
              "tool_version": "1.0.0",
              "parameters": []
            },
            "used": [],
            "generated": [
              "d21d07ad-4d0b-46ef-b229-eaf93824b57c"
            ],
            "execution_duration": "PT0S"
          }
        ]
      }
    },
    {
      "type": "Feature",
      "id": "a5576c08-446f-4aa8-803b-b186bdf90054",
      "geometry": null,
      "properties": {
        "kind": "SENSOR2",
        "track_id": "SENSOR",
        "bearing": 303.94,
        "range": 123.13,
        "frequency": null,
        "speed": null,
        "sensor_type": "TA",
        "timestamp": "2010-01-12T13:50:00+00:00",
        "label": "SUBJECT held on TA",
        "symbol": "A",
        "style": {
          "stroke": true,
          "color": "#0000FF",
          "weight": 1,
          "opacity": 1.0
        },
        "provenance": [
          {
            "activity_id": "bd6cb9ad-6b9d-4f06-bc76-816ff65218b5",
            "timestamp": "2026-03-21T10:15:01.419842Z",
            "was_generated_by": {
              "tool": "rep-parser",
              "tool_version": "1.0.0",
              "parameters": []
            },
            "used": [],
            "generated": [
              "a5576c08-446f-4aa8-803b-b186bdf90054"
            ],
            "execution_duration": "PT0S"
          }
        ]
      }
    },
    {
      "type": "Feature",
      "id": "1d7eb7d6-3b1e-40cb-a81d-111abd071fb3",
      "geometry": null,
      "properties": {
        "kind": "SENSOR2",
        "track_id": "SENSOR",
        "bearing": 307.45,
        "range": 119.62,
        "frequency": null,
        "speed": null,
        "sensor_type": "TA",
        "timestamp": "2010-01-12T13:52:00+00:00",
        "label": "SUBJECT held on TA",
        "symbol": "A",
        "style": {
          "stroke": true,
          "color": "#0000FF",
          "weight": 1,
          "opacity": 1.0
        },
        "provenance": [
          {
            "activity_id": "bd6cb9ad-6b9d-4f06-bc76-816ff65218b5",
            "timestamp": "2026-03-21T10:15:01.419842Z",
            "was_generated_by": {
              "tool": "rep-parser",
              "tool_version": "1.0.0",
              "parameters": []
            },
            "used": [],
            "generated": [
              "1d7eb7d6-3b1e-40cb-a81d-111abd071fb3"
            ],
            "execution_duration": "PT0S"
          }
        ]
      }
    },
    {
      "type": "Feature",
      "id": "1dd92ccb-daaa-441e-ae36-03e76a476b04",
      "geometry": null,
      "properties": {
        "kind": "SENSOR2",
        "track_id": "SENSOR",
        "bearing": 310.37,
        "range": 116.71,
        "frequency": null,
        "speed": null,
        "sensor_type": "TA",
        "timestamp": "2010-01-12T13:54:00+00:00",
        "label": "SUBJECT held on TA",
        "symbol": "A",
        "style": {
          "stroke": true,
          "color": "#0000FF",
          "weight": 1,
          "opacity": 1.0
        },
        "provenance": [
          {
            "activity_id": "bd6cb9ad-6b9d-4f06-bc76-816ff65218b5",
            "timestamp": "2026-03-21T10:15:01.419842Z",
            "was_generated_by": {
              "tool": "rep-parser",
              "tool_version": "1.0.0",
              "parameters": []
            },
            "used": [],
            "generated": [
              "1dd92ccb-daaa-441e-ae36-03e76a476b04"
            ],
            "execution_duration": "PT0S"
          }
        ]
      }
    },
    {
      "type": "Feature",
      "id": "012d0573-77ff-446d-b9a7-95696d33fd84",
      "geometry": null,
      "properties": {
        "kind": "SENSOR2",
        "track_id": "SENSOR",
        "bearing": 312.05,
        "range": 115.03,
        "frequency": null,
        "speed": null,
        "sensor_type": "TA",
        "timestamp": "2010-01-12T13:56:00+00:00",
        "label": "SUBJECT held on TA",
        "symbol": "A",
        "style": {
          "stroke": true,
          "color": "#0000FF",
          "weight": 1,
          "opacity": 1.0
        },
        "provenance": [
          {
            "activity_id": "bd6cb9ad-6b9d-4f06-bc76-816ff65218b5",
            "timestamp": "2026-03-21T10:15:01.419842Z",
            "was_generated_by": {
              "tool": "rep-parser",
              "tool_version": "1.0.0",
              "parameters": []
            },
            "used": [],
            "generated": [
              "012d0573-77ff-446d-b9a7-95696d33fd84"
            ],
            "execution_duration": "PT0S"
          }
        ]
      }
    },
    {
      "type": "Feature",
      "id": "d30727ca-cab3-4295-a891-6c00a7e12783",
      "geometry": null,
      "properties": {
        "kind": "SENSOR2",
        "track_id": "SENSOR",
        "bearing": 313.67,
        "range": 113.41,
        "frequency": null,
        "speed": null,
        "sensor_type": "TA",
        "timestamp": "2010-01-12T13:58:00+00:00",
        "label": "SUBJECT held on TA",
        "symbol": "A",
        "style": {
          "stroke": true,
          "color": "#0000FF",
          "weight": 1,
          "opacity": 1.0
        },
        "provenance": [
          {
            "activity_id": "bd6cb9ad-6b9d-4f06-bc76-816ff65218b5",
            "timestamp": "2026-03-21T10:15:01.419842Z",
            "was_generated_by": {
              "tool": "rep-parser",
              "tool_version": "1.0.0",
              "parameters": []
            },
            "used": [],
            "generated": [
              "d30727ca-cab3-4295-a891-6c00a7e12783"
            ],
            "execution_duration": "PT0S"
          }
        ]
      }
    },
    {
      "type": "Feature",
      "id": "d75572cc-b5fb-425e-a95a-1cb0ab77ae45",
      "geometry": null,
      "properties": {
        "kind": "SENSOR2",
        "track_id": "SENSOR",
        "bearing": 315.36,
        "range": 111.71,
        "frequency": null,
        "speed": null,
        "sensor_type": "TA",
        "timestamp": "2010-01-12T14:00:00+00:00",
        "label": "SUBJECT held on TA",
        "symbol": "A",
        "style": {
          "stroke": true,
          "color": "#0000FF",
          "weight": 1,
          "opacity": 1.0
        },
        "provenance": [
          {
            "activity_id": "bd6cb9ad-6b9d-4f06-bc76-816ff65218b5",
            "timestamp": "2026-03-21T10:15:01.419842Z",
            "was_generated_by": {
              "tool": "rep-parser",
              "tool_version": "1.0.0",
              "parameters": []
            },
            "used": [],
            "generated": [
              "d75572cc-b5fb-425e-a95a-1cb0ab77ae45"
            ],
            "execution_duration": "PT0S"
          }
        ]
      }
    },
    {
      "type": "Feature",
      "id": "2d1e3269-30d8-4523-bf2f-7255b70f31f2",
      "geometry": null,
      "properties": {
        "kind": "SENSOR2",
        "track_id": "SENSOR",
        "bearing": 316.61,
        "range": 16.15,
        "frequency": null,
        "speed": null,
        "sensor_type": "TA",
        "timestamp": "2010-01-12T14:02:00+00:00",
        "label": "SUBJECT held on TA",
        "symbol": "A",
        "style": {
          "stroke": true,
          "color": "#0000FF",
          "weight": 1,
          "opacity": 1.0
        },
        "provenance": [
          {
            "activity_id": "bd6cb9ad-6b9d-4f06-bc76-816ff65218b5",
            "timestamp": "2026-03-21T10:15:01.419842Z",
            "was_generated_by": {
              "tool": "rep-parser",
              "tool_version": "1.0.0",
              "parameters": []
            },
            "used": [],
            "generated": [
              "2d1e3269-30d8-4523-bf2f-7255b70f31f2"
            ],
            "execution_duration": "PT0S"
          }
        ]
      }
    },
    {
      "type": "Feature",
      "id": "464d2cb6-40ae-4f85-9c12-dcffcfcba5b5",
      "geometry": null,
      "properties": {
        "kind": "SENSOR2",
        "track_id": "SENSOR",
        "bearing": 316.71,
        "range": 354.94,
        "frequency": null,
        "speed": null,
        "sensor_type": "TA",
        "timestamp": "2010-01-12T14:04:00+00:00",
        "label": "SUBJECT held on TA",
        "symbol": "A",
        "style": {
          "stroke": true,
          "color": "#0000FF",
          "weight": 1,
          "opacity": 1.0
        },
        "provenance": [
          {
            "activity_id": "bd6cb9ad-6b9d-4f06-bc76-816ff65218b5",
            "timestamp": "2026-03-21T10:15:01.419842Z",
            "was_generated_by": {
              "tool": "rep-parser",
              "tool_version": "1.0.0",
              "parameters": []
            },
            "used": [],
            "generated": [
              "464d2cb6-40ae-4f85-9c12-dcffcfcba5b5"
            ],
            "execution_duration": "PT0S"
          }
        ]
      }
    },
    {
      "type": "Feature",
      "id": "7772e155-6f30-4961-813f-3e88b9605ebb",
      "geometry": null,
      "properties": {
        "kind": "SENSOR2",
        "track_id": "SENSOR",
        "bearing": 316.76,
        "range": 354.48,
        "frequency": null,
        "speed": null,
        "sensor_type": "TA",
        "timestamp": "2010-01-12T14:06:00+00:00",
        "label": "SUBJECT held on TA",
        "symbol": "A",
        "style": {
          "stroke": true,
          "color": "#0000FF",
          "weight": 1,
          "opacity": 1.0
        },
        "provenance": [
          {
            "activity_id": "bd6cb9ad-6b9d-4f06-bc76-816ff65218b5",
            "timestamp": "2026-03-21T10:15:01.419842Z",
            "was_generated_by": {
              "tool": "rep-parser",
              "tool_version": "1.0.0",
              "parameters": []
            },
            "used": [],
            "generated": [
              "7772e155-6f30-4961-813f-3e88b9605ebb"
            ],
            "execution_duration": "PT0S"
          }
        ]
      }
    },
    {
      "type": "Feature",
      "id": "b824a937-07b4-4642-80c5-32b2df39037d",
      "geometry": null,
      "properties": {
        "kind": "SENSOR2",
        "track_id": "SENSOR",
        "bearing": 316.8,
        "range": 354.44,
        "frequency": null,
        "speed": null,
        "sensor_type": "TA",
        "timestamp": "2010-01-12T14:08:00+00:00",
        "label": "SUBJECT held on TA",
        "symbol": "A",
        "style": {
          "stroke": true,
          "color": "#0000FF",
          "weight": 1,
          "opacity": 1.0
        },
        "provenance": [
          {
            "activity_id": "bd6cb9ad-6b9d-4f06-bc76-816ff65218b5",
            "timestamp": "2026-03-21T10:15:01.419842Z",
            "was_generated_by": {
              "tool": "rep-parser",
              "tool_version": "1.0.0",
              "parameters": []
            },
            "used": [],
            "generated": [
              "b824a937-07b4-4642-80c5-32b2df39037d"
            ],
            "execution_duration": "PT0S"
          }
        ]
      }
    },
    {
      "type": "Feature",
      "id": "80519a1a-9178-4c89-b69e-52bcc8a56dae",
      "geometry": null,
      "properties": {
        "kind": "SENSOR2",
        "track_id": "SENSOR",
        "bearing": 316.85,
        "range": 354.39,
        "frequency": null,
        "speed": null,
        "sensor_type": "TA",
        "timestamp": "2010-01-12T14:10:00+00:00",
        "label": "SUBJECT held on TA",
        "symbol": "A",
        "style": {
          "stroke": true,
          "color": "#0000FF",
          "weight": 1,
          "opacity": 1.0
        },
        "provenance": [
          {
            "activity_id": "bd6cb9ad-6b9d-4f06-bc76-816ff65218b5",
            "timestamp": "2026-03-21T10:15:01.419842Z",
            "was_generated_by": {
              "tool": "rep-parser",
              "tool_version": "1.0.0",
              "parameters": []
            },
            "used": [],
            "generated": [
              "80519a1a-9178-4c89-b69e-52bcc8a56dae"
            ],
            "execution_duration": "PT0S"
          }
        ]
      }
    },
    {
      "type": "Feature",
      "id": "2fe8b04c-0f3c-4788-8ad6-7a5e1c5122d2",
      "geometry": null,
      "properties": {
        "kind": "SENSOR2",
        "track_id": "SENSOR",
        "bearing": 316.89,
        "range": 354.35,
        "frequency": null,
        "speed": null,
        "sensor_type": "TA",
        "timestamp": "2010-01-12T14:12:00+00:00",
        "label": "SUBJECT held on TA",
        "symbol": "A",
        "style": {
          "stroke": true,
          "color": "#0000FF",
          "weight": 1,
          "opacity": 1.0
        },
        "provenance": [
          {
            "activity_id": "bd6cb9ad-6b9d-4f06-bc76-816ff65218b5",
            "timestamp": "2026-03-21T10:15:01.419842Z",
            "was_generated_by": {
              "tool": "rep-parser",
              "tool_version": "1.0.0",
              "parameters": []
            },
            "used": [],
            "generated": [
              "2fe8b04c-0f3c-4788-8ad6-7a5e1c5122d2"
            ],
            "execution_duration": "PT0S"
          }
        ]
      }
    },
    {
      "type": "Feature",
      "id": "7ccaef1a-f64f-4ecf-b102-2b3313ea9424",
      "geometry": null,
      "properties": {
        "kind": "SENSOR2",
        "track_id": "SENSOR",
        "bearing": 316.93,
        "range": 354.31,
        "frequency": null,
        "speed": null,
        "sensor_type": "TA",
        "timestamp": "2010-01-12T14:14:00+00:00",
        "label": "SUBJECT held on TA",
        "symbol": "A",
        "style": {
          "stroke": true,
          "color": "#0000FF",
          "weight": 1,
          "opacity": 1.0
        },
        "provenance": [
          {
            "activity_id": "bd6cb9ad-6b9d-4f06-bc76-816ff65218b5",
            "timestamp": "2026-03-21T10:15:01.419842Z",
            "was_generated_by": {
              "tool": "rep-parser",
              "tool_version": "1.0.0",
              "parameters": []
            },
            "used": [],
            "generated": [
              "7ccaef1a-f64f-4ecf-b102-2b3313ea9424"
            ],
            "execution_duration": "PT0S"
          }
        ]
      }
    },
    {
      "type": "Feature",
      "id": "c89ce7a7-8548-48e9-88ec-730e82a4eb39",
      "geometry": null,
      "properties": {
        "kind": "SENSOR2",
        "track_id": "SENSOR",
        "bearing": 317.8,
        "range": 87.77,
        "frequency": null,
        "speed": null,
        "sensor_type": "TA",
        "timestamp": "2010-01-12T14:16:00+00:00",
        "label": "SUBJECT held on TA",
        "symbol": "A",
        "style": {
          "stroke": true,
          "color": "#0000FF",
          "weight": 1,
          "opacity": 1.0
        },
        "provenance": [
          {
            "activity_id": "bd6cb9ad-6b9d-4f06-bc76-816ff65218b5",
            "timestamp": "2026-03-21T10:15:01.419842Z",
            "was_generated_by": {
              "tool": "rep-parser",
              "tool_version": "1.0.0",
              "parameters": []
            },
            "used": [],
            "generated": [
              "c89ce7a7-8548-48e9-88ec-730e82a4eb39"
            ],
            "execution_duration": "PT0S"
          }
        ]
      }
    },
    {
      "type": "Feature",
      "id": "4284fa8e-17d9-427f-b0b5-c3eb979d926a",
      "geometry": null,
      "properties": {
        "kind": "SENSOR2",
        "track_id": "SENSOR",
        "bearing": 319.51,
        "range": 115.96,
        "frequency": null,
        "speed": null,
        "sensor_type": "TA",
        "timestamp": "2010-01-12T14:18:00+00:00",
        "label": "SUBJECT held on TA",
        "symbol": "A",
        "style": {
          "stroke": true,
          "color": "#0000FF",
          "weight": 1,
          "opacity": 1.0
        },
        "provenance": [
          {
            "activity_id": "bd6cb9ad-6b9d-4f06-bc76-816ff65218b5",
            "timestamp": "2026-03-21T10:15:01.419842Z",
            "was_generated_by": {
              "tool": "rep-parser",
              "tool_version": "1.0.0",
              "parameters": []
            },
            "used": [],
            "generated": [
              "4284fa8e-17d9-427f-b0b5-c3eb979d926a"
            ],
            "execution_duration": "PT0S"
          }
        ]
      }
    },
    {
      "type": "Feature",
      "id": "b770f4db-f92c-41c7-b425-b67bca552588",
      "geometry": null,
      "properties": {
        "kind": "SENSOR2",
        "track_id": "SENSOR",
        "bearing": 321.34,
        "range": 115.88,
        "frequency": null,
        "speed": null,
        "sensor_type": "TA",
        "timestamp": "2010-01-12T14:20:00+00:00",
        "label": "SUBJECT held on TA",
        "symbol": "A",
        "style": {
          "stroke": true,
          "color": "#0000FF",
          "weight": 1,
          "opacity": 1.0
        },
        "provenance": [
          {
            "activity_id": "bd6cb9ad-6b9d-4f06-bc76-816ff65218b5",
            "timestamp": "2026-03-21T10:15:01.419842Z",
            "was_generated_by": {
              "tool": "rep-parser",
              "tool_version": "1.0.0",
              "parameters": []
            },
            "used": [],
            "generated": [
              "b770f4db-f92c-41c7-b425-b67bca552588"
            ],
            "execution_duration": "PT0S"
          }
        ]
      }
    },
    {
      "type": "Feature",
      "id": "27ab67e2-caa9-4676-97d0-21b74690fab7",
      "geometry": null,
      "properties": {
        "kind": "SENSOR2",
        "track_id": "SENSOR",
        "bearing": 323.25,
        "range": 113.98,
        "frequency": null,
        "speed": null,
        "sensor_type": "TA",
        "timestamp": "2010-01-12T14:22:00+00:00",
        "label": "SUBJECT held on TA",
        "symbol": "A",
        "style": {
          "stroke": true,
          "color": "#0000FF",
          "weight": 1,
          "opacity": 1.0
        },
        "provenance": [
          {
            "activity_id": "bd6cb9ad-6b9d-4f06-bc76-816ff65218b5",
            "timestamp": "2026-03-21T10:15:01.419842Z",
            "was_generated_by": {
              "tool": "rep-parser",
              "tool_version": "1.0.0",
              "parameters": []
            },
            "used": [],
            "generated": [
              "27ab67e2-caa9-4676-97d0-21b74690fab7"
            ],
            "execution_duration": "PT0S"
          }
        ]
      }
    },
    {
      "type": "Feature",
      "id": "4de9a24b-48c1-4e62-b2cd-ff6001846e65",
      "geometry": null,
      "properties": {
        "kind": "SENSOR2",
        "track_id": "SENSOR",
        "bearing": 324.67,
        "range": 18.24,
        "frequency": null,
        "speed": null,
        "sensor_type": "TA",
        "timestamp": "2010-01-12T14:24:00+00:00",
        "label": "SUBJECT held on TA",
        "symbol": "A",
        "style": {
          "stroke": true,
          "color": "#0000FF",
          "weight": 1,
          "opacity": 1.0
        },
        "provenance": [
          {
            "activity_id": "bd6cb9ad-6b9d-4f06-bc76-816ff65218b5",
            "timestamp": "2026-03-21T10:15:01.419842Z",
            "was_generated_by": {
              "tool": "rep-parser",
              "tool_version": "1.0.0",
              "parameters": []
            },
            "used": [],
            "generated": [
              "4de9a24b-48c1-4e62-b2cd-ff6001846e65"
            ],
            "execution_duration": "PT0S"
          }
        ]
      }
    },
    {
      "type": "Feature",
      "id": "b83f53ba-3d2a-4a10-8491-e07b45f39015",
      "geometry": null,
      "properties": {
        "kind": "SENSOR2",
        "track_id": "SENSOR",
        "bearing": 324.26,
        "range": 285.75,
        "frequency": null,
        "speed": null,
        "sensor_type": "TA",
        "timestamp": "2010-01-12T14:26:00+00:00",
        "label": "SUBJECT held on TA",
        "symbol": "A",
        "style": {
          "stroke": true,
          "color": "#0000FF",
          "weight": 1,
          "opacity": 1.0
        },
        "provenance": [
          {
            "activity_id": "bd6cb9ad-6b9d-4f06-bc76-816ff65218b5",
            "timestamp": "2026-03-21T10:15:01.419842Z",
            "was_generated_by": {
              "tool": "rep-parser",
              "tool_version": "1.0.0",
              "parameters": []
            },
            "used": [],
            "generated": [
              "b83f53ba-3d2a-4a10-8491-e07b45f39015"
            ],
            "execution_duration": "PT0S"
          }
        ]
      }
    },
    {
      "type": "Feature",
      "id": "366b20b4-3f51-4f9f-9387-df774678f279",
      "geometry": null,
      "properties": {
        "kind": "SENSOR2",
        "track_id": "SENSOR",
        "bearing": 322.76,
        "range": 282.56,
        "frequency": null,
        "speed": null,
        "sensor_type": "TA",
        "timestamp": "2010-01-12T14:28:00+00:00",
        "label": "SUBJECT held on TA",
        "symbol": "A",
        "style": {
          "stroke": true,
          "color": "#0000FF",
          "weight": 1,
          "opacity": 1.0
        },
        "provenance": [
          {
            "activity_id": "bd6cb9ad-6b9d-4f06-bc76-816ff65218b5",
            "timestamp": "2026-03-21T10:15:01.419842Z",
            "was_generated_by": {
              "tool": "rep-parser",
              "tool_version": "1.0.0",
              "parameters": []
            },
            "used": [],
            "generated": [
              "366b20b4-3f51-4f9f-9387-df774678f279"
            ],
            "execution_duration": "PT0S"
          }
        ]
      }
    },
    {
      "type": "Feature",
      "id": "36f3bb91-519b-4882-8456-b91d8ad9a7b3",
      "geometry": null,
      "properties": {
        "kind": "SENSOR2",
        "track_id": "SENSOR",
        "bearing": 321.29,
        "range": 284.03,
        "frequency": null,
        "speed": null,
        "sensor_type": "TA",
        "timestamp": "2010-01-12T14:30:00+00:00",
        "label": "SUBJECT held on TA",
        "symbol": "A",
        "style": {
          "stroke": true,
          "color": "#0000FF",
          "weight": 1,
          "opacity": 1.0
        },
        "provenance": [
          {
            "activity_id": "bd6cb9ad-6b9d-4f06-bc76-816ff65218b5",
            "timestamp": "2026-03-21T10:15:01.419842Z",
            "was_generated_by": {
              "tool": "rep-parser",
              "tool_version": "1.0.0",
              "parameters": []
            },
            "used": [],
            "generated": [
              "36f3bb91-519b-4882-8456-b91d8ad9a7b3"
            ],
            "execution_duration": "PT0S"
          }
        ]
      }
    },
    {
      "type": "Feature",
      "id": "5b175a30-c206-4d46-9957-cec2d980afa0",
      "geometry": null,
      "properties": {
        "kind": "SENSOR2",
        "track_id": "SENSOR",
        "bearing": 319.84,
        "range": 285.47,
        "frequency": null,
        "speed": null,
        "sensor_type": "TA",
        "timestamp": "2010-01-12T14:32:00+00:00",
        "label": "SUBJECT held on TA",
        "symbol": "A",
        "style": {
          "stroke": true,
          "color": "#0000FF",
          "weight": 1,
          "opacity": 1.0
        },
        "provenance": [
          {
            "activity_id": "bd6cb9ad-6b9d-4f06-bc76-816ff65218b5",
            "timestamp": "2026-03-21T10:15:01.419842Z",
            "was_generated_by": {
              "tool": "rep-parser",
              "tool_version": "1.0.0",
              "parameters": []
            },
            "used": [],
            "generated": [
              "5b175a30-c206-4d46-9957-cec2d980afa0"
            ],
            "execution_duration": "PT0S"
          }
        ]
      }
    },
    {
      "type": "Feature",
      "id": "cb202086-883e-4899-b9b2-eedecf967b2a",
      "geometry": null,
      "properties": {
        "kind": "SENSOR2",
        "track_id": "SENSOR",
        "bearing": 318.43,
        "range": 286.88,
        "frequency": null,
        "speed": null,
        "sensor_type": "TA",
        "timestamp": "2010-01-12T14:34:00+00:00",
        "label": "SUBJECT held on TA",
        "symbol": "A",
        "style": {
          "stroke": true,
          "color": "#0000FF",
          "weight": 1,
          "opacity": 1.0
        },
        "provenance": [
          {
            "activity_id": "bd6cb9ad-6b9d-4f06-bc76-816ff65218b5",
            "timestamp": "2026-03-21T10:15:01.419842Z",
            "was_generated_by": {
              "tool": "rep-parser",
              "tool_version": "1.0.0",
              "parameters": []
            },
            "used": [],
            "generated": [
              "cb202086-883e-4899-b9b2-eedecf967b2a"
            ],
            "execution_duration": "PT0S"
          }
        ]
      }
    },
    {
      "type": "Feature",
      "id": "4f6e0a81-3931-4822-b23f-09dfbdd0d23c",
      "geometry": null,
      "properties": {
        "kind": "SENSOR2",
        "track_id": "SENSOR",
        "bearing": 317.05,
        "range": 288.26,
        "frequency": null,
        "speed": null,
        "sensor_type": "TA",
        "timestamp": "2010-01-12T14:36:00+00:00",
        "label": "SUBJECT held on TA",
        "symbol": "A",
        "style": {
          "stroke": true,
          "color": "#0000FF",
          "weight": 1,
          "opacity": 1.0
        },
        "provenance": [
          {
            "activity_id": "bd6cb9ad-6b9d-4f06-bc76-816ff65218b5",
            "timestamp": "2026-03-21T10:15:01.419842Z",
            "was_generated_by": {
              "tool": "rep-parser",
              "tool_version": "1.0.0",
              "parameters": []
            },
            "used": [],
            "generated": [
              "4f6e0a81-3931-4822-b23f-09dfbdd0d23c"
            ],
            "execution_duration": "PT0S"
          }
        ]
      }
    },
    {
      "type": "Feature",
      "id": "7e0c211f-a019-46b9-92a3-ae8a402781c8",
      "geometry": null,
      "properties": {
        "kind": "SENSOR2",
        "track_id": "SENSOR",
        "bearing": 315.71,
        "range": 289.61,
        "frequency": null,
        "speed": null,
        "sensor_type": "TA",
        "timestamp": "2010-01-12T14:38:00+00:00",
        "label": "SUBJECT held on TA",
        "symbol": "A",
        "style": {
          "stroke": true,
          "color": "#0000FF",
          "weight": 1,
          "opacity": 1.0
        },
        "provenance": [
          {
            "activity_id": "bd6cb9ad-6b9d-4f06-bc76-816ff65218b5",
            "timestamp": "2026-03-21T10:15:01.419842Z",
            "was_generated_by": {
              "tool": "rep-parser",
              "tool_version": "1.0.0",
              "parameters": []
            },
            "used": [],
            "generated": [
              "7e0c211f-a019-46b9-92a3-ae8a402781c8"
            ],
            "execution_duration": "PT0S"
          }
        ]
      }
    },
    {
      "type": "Feature",
      "id": "6d2c4534-0867-43ac-973f-d664be79f9a4",
      "geometry": null,
      "properties": {
        "kind": "SENSOR2",
        "track_id": "SENSOR",
        "bearing": 314.39,
        "range": 290.92,
        "frequency": null,
        "speed": null,
        "sensor_type": "TA",
        "timestamp": "2010-01-12T14:40:00+00:00",
        "label": "SUBJECT held on TA",
        "symbol": "A",
        "style": {
          "stroke": true,
          "color": "#0000FF",
          "weight": 1,
          "opacity": 1.0
        },
        "provenance": [
          {
            "activity_id": "bd6cb9ad-6b9d-4f06-bc76-816ff65218b5",
            "timestamp": "2026-03-21T10:15:01.419842Z",
            "was_generated_by": {
              "tool": "rep-parser",
              "tool_version": "1.0.0",
              "parameters": []
            },
            "used": [],
            "generated": [
              "6d2c4534-0867-43ac-973f-d664be79f9a4"
            ],
            "execution_duration": "PT0S"
          }
        ]
      }
    },
    {
      "type": "Feature",
      "id": "58309890-f251-467e-9a97-abdf2eca2ee5",
      "geometry": null,
      "properties": {
        "kind": "SENSOR2",
        "track_id": "SENSOR",
        "bearing": 313.12,
        "range": 292.2,
        "frequency": null,
        "speed": null,
        "sensor_type": "TA",
        "timestamp": "2010-01-12T14:42:00+00:00",
        "label": "SUBJECT held on TA",
        "symbol": "A",
        "style": {
          "stroke": true,
          "color": "#0000FF",
          "weight": 1,
          "opacity": 1.0
        },
        "provenance": [
          {
            "activity_id": "bd6cb9ad-6b9d-4f06-bc76-816ff65218b5",
            "timestamp": "2026-03-21T10:15:01.419842Z",
            "was_generated_by": {
              "tool": "rep-parser",
              "tool_version": "1.0.0",
              "parameters": []
            },
            "used": [],
            "generated": [
              "58309890-f251-467e-9a97-abdf2eca2ee5"
            ],
            "execution_duration": "PT0S"
          }
        ]
      }
    },
    {
      "type": "Feature",
      "id": "5d112861-8ef7-41e7-884f-f36e271de41e",
      "geometry": null,
      "properties": {
        "kind": "SENSOR2",
        "track_id": "SENSOR",
        "bearing": 311.87,
        "range": 293.44,
        "frequency": null,
        "speed": null,
        "sensor_type": "TA",
        "timestamp": "2010-01-12T14:44:00+00:00",
        "label": "SUBJECT held on TA",
        "symbol": "A",
        "style": {
          "stroke": true,
          "color": "#0000FF",
          "weight": 1,
          "opacity": 1.0
        },
        "provenance": [
          {
            "activity_id": "bd6cb9ad-6b9d-4f06-bc76-816ff65218b5",
            "timestamp": "2026-03-21T10:15:01.419842Z",
            "was_generated_by": {
              "tool": "rep-parser",
              "tool_version": "1.0.0",
              "parameters": []
            },
            "used": [],
            "generated": [
              "5d112861-8ef7-41e7-884f-f36e271de41e"
            ],
            "execution_duration": "PT0S"
          }
        ]
      }
    },
    {
      "type": "Feature",
      "id": "e87f8b5f-9a5a-490a-b74b-6c580116174e",
      "geometry": null,
      "properties": {
        "kind": "SENSOR2",
        "track_id": "SENSOR",
        "bearing": 309.79,
        "range": 201.2,
        "frequency": null,
        "speed": null,
        "sensor_type": "TA",
        "timestamp": "2010-01-12T14:46:00+00:00",
        "label": "SUBJECT held on TA",
        "symbol": "A",
        "style": {
          "stroke": true,
          "color": "#0000FF",
          "weight": 1,
          "opacity": 1.0
        },
        "provenance": [
          {
            "activity_id": "bd6cb9ad-6b9d-4f06-bc76-816ff65218b5",
            "timestamp": "2026-03-21T10:15:01.419842Z",
            "was_generated_by": {
              "tool": "rep-parser",
              "tool_version": "1.0.0",
              "parameters": []
            },
            "used": [],
            "generated": [
              "e87f8b5f-9a5a-490a-b74b-6c580116174e"
            ],
            "execution_duration": "PT0S"
          }
        ]
      }
    },
    {
      "type": "Feature",
      "id": "c76afbeb-7938-454f-92e6-ff70f786b97f",
      "geometry": null,
      "properties": {
        "kind": "SENSOR2",
        "track_id": "SENSOR",
        "bearing": 306.62,
        "range": 119.8,
        "frequency": null,
        "speed": null,
        "sensor_type": "TA",
        "timestamp": "2010-01-12T14:48:00+00:00",
        "label": "SUBJECT held on TA",
        "symbol": "A",
        "style": {
          "stroke": true,
          "color": "#0000FF",
          "weight": 1,
          "opacity": 1.0
        },
        "provenance": [
          {
            "activity_id": "bd6cb9ad-6b9d-4f06-bc76-816ff65218b5",
            "timestamp": "2026-03-21T10:15:01.419842Z",
            "was_generated_by": {
              "tool": "rep-parser",
              "tool_version": "1.0.0",
              "parameters": []
            },
            "used": [],
            "generated": [
              "c76afbeb-7938-454f-92e6-ff70f786b97f"
            ],
            "execution_duration": "PT0S"
          }
        ]
      }
    },
    {
      "type": "Feature",
      "id": "09083239-36ed-45a8-9307-db0ad5c4fd04",
      "geometry": null,
      "properties": {
        "kind": "SENSOR2",
        "track_id": "SENSOR",
        "bearing": 303.17,
        "range": 117.35,
        "frequency": null,
        "speed": null,
        "sensor_type": "TA",
        "timestamp": "2010-01-12T14:50:00+00:00",
        "label": "SUBJECT held on TA",
        "symbol": "A",
        "style": {
          "stroke": true,
          "color": "#0000FF",
          "weight": 1,
          "opacity": 1.0
        },
        "provenance": [
          {
            "activity_id": "bd6cb9ad-6b9d-4f06-bc76-816ff65218b5",
            "timestamp": "2026-03-21T10:15:01.419842Z",
            "was_generated_by": {
              "tool": "rep-parser",
              "tool_version": "1.0.0",
              "parameters": []
            },
            "used": [],
            "generated": [
              "09083239-36ed-45a8-9307-db0ad5c4fd04"
            ],
            "execution_duration": "PT0S"
          }
        ]
      }
    },
    {
      "type": "Feature",
      "id": "e8688a30-e684-4f56-b0b9-c55f0598c7de",
      "geometry": null,
      "properties": {
        "kind": "SENSOR2",
        "track_id": "SENSOR",
        "bearing": 299.51,
        "range": 120.97,
        "frequency": null,
        "speed": null,
        "sensor_type": "TA",
        "timestamp": "2010-01-12T14:52:00+00:00",
        "label": "SUBJECT held on TA",
        "symbol": "A",
        "style": {
          "stroke": true,
          "color": "#0000FF",
          "weight": 1,
          "opacity": 1.0
        },
        "provenance": [
          {
            "activity_id": "bd6cb9ad-6b9d-4f06-bc76-816ff65218b5",
            "timestamp": "2026-03-21T10:15:01.419842Z",
            "was_generated_by": {
              "tool": "rep-parser",
              "tool_version": "1.0.0",
              "parameters": []
            },
            "used": [],
            "generated": [
              "e8688a30-e684-4f56-b0b9-c55f0598c7de"
            ],
            "execution_duration": "PT0S"
          }
        ]
      }
    },
    {
      "type": "Feature",
      "id": "eec6dec4-bc66-45c1-9899-7e86c21b0e84",
      "geometry": null,
      "properties": {
        "kind": "SENSOR2",
        "track_id": "SENSOR",
        "bearing": 295.68,
        "range": 124.8,
        "frequency": null,
        "speed": null,
        "sensor_type": "TA",
        "timestamp": "2010-01-12T14:54:00+00:00",
        "label": "SUBJECT held on TA",
        "symbol": "A",
        "style": {
          "stroke": true,
          "color": "#0000FF",
          "weight": 1,
          "opacity": 1.0
        },
        "provenance": [
          {
            "activity_id": "bd6cb9ad-6b9d-4f06-bc76-816ff65218b5",
            "timestamp": "2026-03-21T10:15:01.419842Z",
            "was_generated_by": {
              "tool": "rep-parser",
              "tool_version": "1.0.0",
              "parameters": []
            },
            "used": [],
            "generated": [
              "eec6dec4-bc66-45c1-9899-7e86c21b0e84"
            ],
            "execution_duration": "PT0S"
          }
        ]
      }
    },
    {
      "type": "Feature",
      "id": "b2d36568-2116-454a-88ed-d3d863404b17",
      "geometry": null,
      "properties": {
        "kind": "SENSOR2",
        "track_id": "SENSOR",
        "bearing": 291.69,
        "range": 128.79,
        "frequency": null,
        "speed": null,
        "sensor_type": "TA",
        "timestamp": "2010-01-12T14:56:00+00:00",
        "label": "SUBJECT held on TA",
        "symbol": "A",
        "style": {
          "stroke": true,
          "color": "#0000FF",
          "weight": 1,
          "opacity": 1.0
        },
        "provenance": [
          {
            "activity_id": "bd6cb9ad-6b9d-4f06-bc76-816ff65218b5",
            "timestamp": "2026-03-21T10:15:01.419842Z",
            "was_generated_by": {
              "tool": "rep-parser",
              "tool_version": "1.0.0",
              "parameters": []
            },
            "used": [],
            "generated": [
              "b2d36568-2116-454a-88ed-d3d863404b17"
            ],
            "execution_duration": "PT0S"
          }
        ]
      }
    },
    {
      "type": "Feature",
      "id": "7df65b2c-df3b-47cc-9887-a51caf9fabbb",
      "geometry": null,
      "properties": {
        "kind": "SENSOR2",
        "track_id": "SENSOR",
        "bearing": 287.58,
        "range": 132.91,
        "frequency": null,
        "speed": null,
        "sensor_type": "TA",
        "timestamp": "2010-01-12T14:58:00+00:00",
        "label": "SUBJECT held on TA",
        "symbol": "A",
        "style": {
          "stroke": true,
          "color": "#0000FF",
          "weight": 1,
          "opacity": 1.0
        },
        "provenance": [
          {
            "activity_id": "bd6cb9ad-6b9d-4f06-bc76-816ff65218b5",
            "timestamp": "2026-03-21T10:15:01.419842Z",
            "was_generated_by": {
              "tool": "rep-parser",
              "tool_version": "1.0.0",
              "parameters": []
            },
            "used": [],
            "generated": [
              "7df65b2c-df3b-47cc-9887-a51caf9fabbb"
            ],
            "execution_duration": "PT0S"
          }
        ]
      }
    },
    {
      "type": "Feature",
      "id": "a96bb7cf-48dc-496a-98fc-c8d92774345a",
      "geometry": null,
      "properties": {
        "kind": "SENSOR2",
        "track_id": "SENSOR",
        "bearing": 283.37,
        "range": 137.11,
        "frequency": null,
        "speed": null,
        "sensor_type": "TA",
        "timestamp": "2010-01-12T15:00:00+00:00",
        "label": "SUBJECT held on TA",
        "symbol": "A",
        "style": {
          "stroke": true,
          "color": "#0000FF",
          "weight": 1,
          "opacity": 1.0
        },
        "provenance": [
          {
            "activity_id": "bd6cb9ad-6b9d-4f06-bc76-816ff65218b5",
            "timestamp": "2026-03-21T10:15:01.419842Z",
            "was_generated_by": {
              "tool": "rep-parser",
              "tool_version": "1.0.0",
              "parameters": []
            },
            "used": [],
            "generated": [
              "a96bb7cf-48dc-496a-98fc-c8d92774345a"
            ],
            "execution_duration": "PT0S"
          }
        ]
      }
    },
    {
      "type": "Feature",
      "id": "64627adb-b840-478e-aba4-5d05964f49fc",
      "geometry": null,
      "properties": {
        "kind": "SENSOR2",
        "track_id": "SENSOR",
        "bearing": 279.02,
        "range": 47.14,
        "frequency": null,
        "speed": null,
        "sensor_type": "TA",
        "timestamp": "2010-01-12T15:02:00+00:00",
        "label": "SUBJECT held on TA",
        "symbol": "A",
        "style": {
          "stroke": true,
          "color": "#0000FF",
          "weight": 1,
          "opacity": 1.0
        },
        "provenance": [
          {
            "activity_id": "bd6cb9ad-6b9d-4f06-bc76-816ff65218b5",
            "timestamp": "2026-03-21T10:15:01.419842Z",
            "was_generated_by": {
              "tool": "rep-parser",
              "tool_version": "1.0.0",
              "parameters": []
            },
            "used": [],
            "generated": [
              "64627adb-b840-478e-aba4-5d05964f49fc"
            ],
            "execution_duration": "PT0S"
          }
        ]
      }
    },
    {
      "type": "Feature",
      "id": "6fe02845-269c-49e2-b1ca-f76981476c1b",
      "geometry": null,
      "properties": {
        "kind": "SENSOR2",
        "track_id": "SENSOR",
        "bearing": 275.32,
        "range": 316.52,
        "frequency": null,
        "speed": null,
        "sensor_type": "TA",
        "timestamp": "2010-01-12T15:04:00+00:00",
        "label": "SUBJECT held on TA",
        "symbol": "A",
        "style": {
          "stroke": true,
          "color": "#0000FF",
          "weight": 1,
          "opacity": 1.0
        },
        "provenance": [
          {
            "activity_id": "bd6cb9ad-6b9d-4f06-bc76-816ff65218b5",
            "timestamp": "2026-03-21T10:15:01.419842Z",
            "was_generated_by": {
              "tool": "rep-parser",
              "tool_version": "1.0.0",
              "parameters": []
            },
            "used": [],
            "generated": [
              "6fe02845-269c-49e2-b1ca-f76981476c1b"
            ],
            "execution_duration": "PT0S"
          }
        ]
      }
    },
    {
      "type": "Feature",
      "id": "5c8650f4-484a-4367-9b40-8cd67b9fbdf2",
      "geometry": null,
      "properties": {
        "kind": "SENSOR2",
        "track_id": "SENSOR",
        "bearing": 272.48,
        "range": 305.31,
        "frequency": null,
        "speed": null,
        "sensor_type": "TA",
        "timestamp": "2010-01-12T15:06:00+00:00",
        "label": "SUBJECT held on TA",
        "symbol": "A",
        "style": {
          "stroke": true,
          "color": "#0000FF",
          "weight": 1,
          "opacity": 1.0
        },
        "provenance": [
          {
            "activity_id": "bd6cb9ad-6b9d-4f06-bc76-816ff65218b5",
            "timestamp": "2026-03-21T10:15:01.419842Z",
            "was_generated_by": {
              "tool": "rep-parser",
              "tool_version": "1.0.0",
              "parameters": []
            },
            "used": [],
            "generated": [
              "5c8650f4-484a-4367-9b40-8cd67b9fbdf2"
            ],
            "execution_duration": "PT0S"
          }
        ]
      }
    },
    {
      "type": "Feature",
      "id": "ff70e29d-9eba-473a-a961-09a975153a59",
      "geometry": null,
      "properties": {
        "kind": "SENSOR2",
        "track_id": "SENSOR",
        "bearing": 269.28,
        "range": 308.31,
        "frequency": null,
        "speed": null,
        "sensor_type": "TA",
        "timestamp": "2010-01-12T15:08:00+00:00",
        "label": "SUBJECT held on TA",
        "symbol": "A",
        "style": {
          "stroke": true,
          "color": "#0000FF",
          "weight": 1,
          "opacity": 1.0
        },
        "provenance": [
          {
            "activity_id": "bd6cb9ad-6b9d-4f06-bc76-816ff65218b5",
            "timestamp": "2026-03-21T10:15:01.419842Z",
            "was_generated_by": {
              "tool": "rep-parser",
              "tool_version": "1.0.0",
              "parameters": []
            },
            "used": [],
            "generated": [
              "ff70e29d-9eba-473a-a961-09a975153a59"
            ],
            "execution_duration": "PT0S"
          }
        ]
      }
    },
    {
      "type": "Feature",
      "id": "5b873392-feb4-4061-b2c1-03bb7a7a519c",
      "geometry": null,
      "properties": {
        "kind": "SENSOR2",
        "track_id": "SENSOR",
        "bearing": 265.62,
        "range": 311.97,
        "frequency": null,
        "speed": null,
        "sensor_type": "TA",
        "timestamp": "2010-01-12T15:10:00+00:00",
        "label": "SUBJECT held on TA",
        "symbol": "A",
        "style": {
          "stroke": true,
          "color": "#0000FF",
          "weight": 1,
          "opacity": 1.0
        },
        "provenance": [
          {
            "activity_id": "bd6cb9ad-6b9d-4f06-bc76-816ff65218b5",
            "timestamp": "2026-03-21T10:15:01.419842Z",
            "was_generated_by": {
              "tool": "rep-parser",
              "tool_version": "1.0.0",
              "parameters": []
            },
            "used": [],
            "generated": [
              "5b873392-feb4-4061-b2c1-03bb7a7a519c"
            ],
            "execution_duration": "PT0S"
          }
        ]
      }
    },
    {
      "type": "Feature",
      "id": "ce47943f-9192-425c-911e-ff287e4b5372",
      "geometry": null,
      "properties": {
        "kind": "SENSOR2",
        "track_id": "SENSOR",
        "bearing": 261.43,
        "range": 316.16,
        "frequency": null,
        "speed": null,
        "sensor_type": "TA",
        "timestamp": "2010-01-12T15:12:00+00:00",
        "label": "SUBJECT held on TA",
        "symbol": "A",
        "style": {
          "stroke": true,
          "color": "#0000FF",
          "weight": 1,
          "opacity": 1.0
        },
        "provenance": [
          {
            "activity_id": "bd6cb9ad-6b9d-4f06-bc76-816ff65218b5",
            "timestamp": "2026-03-21T10:15:01.419842Z",
            "was_generated_by": {
              "tool": "rep-parser",
              "tool_version": "1.0.0",
              "parameters": []
            },
            "used": [],
            "generated": [
              "ce47943f-9192-425c-911e-ff287e4b5372"
            ],
            "execution_duration": "PT0S"
          }
        ]
      }
    },
    {
      "type": "Feature",
      "id": "bfec3ccc-fd63-474b-9358-7dc55d66d9e2",
      "geometry": null,
      "properties": {
        "kind": "SENSOR2",
        "track_id": "SENSOR",
        "bearing": 256.64,
        "range": 320.95,
        "frequency": null,
        "speed": null,
        "sensor_type": "TA",
        "timestamp": "2010-01-12T15:14:00+00:00",
        "label": "SUBJECT held on TA",
        "symbol": "A",
        "style": {
          "stroke": true,
          "color": "#0000FF",
          "weight": 1,
          "opacity": 1.0
        },
        "provenance": [
          {
            "activity_id": "bd6cb9ad-6b9d-4f06-bc76-816ff65218b5",
            "timestamp": "2026-03-21T10:15:01.419842Z",
            "was_generated_by": {
              "tool": "rep-parser",
              "tool_version": "1.0.0",
              "parameters": []
            },
            "used": [],
            "generated": [
              "bfec3ccc-fd63-474b-9358-7dc55d66d9e2"
            ],
            "execution_duration": "PT0S"
          }
        ]
      }
    },
    {
      "type": "Feature",
      "id": "bc0c4a19-621b-4a46-b7ac-d64645dab458",
      "geometry": null,
      "properties": {
        "kind": "SENSOR2",
        "track_id": "SENSOR",
        "bearing": 251.19,
        "range": 326.4,
        "frequency": null,
        "speed": null,
        "sensor_type": "TA",
        "timestamp": "2010-01-12T15:16:00+00:00",
        "label": "SUBJECT held on TA",
        "symbol": "A",
        "style": {
          "stroke": true,
          "color": "#0000FF",
          "weight": 1,
          "opacity": 1.0
        },
        "provenance": [
          {
            "activity_id": "bd6cb9ad-6b9d-4f06-bc76-816ff65218b5",
            "timestamp": "2026-03-21T10:15:01.419842Z",
            "was_generated_by": {
              "tool": "rep-parser",
              "tool_version": "1.0.0",
              "parameters": []
            },
            "used": [],
            "generated": [
              "bc0c4a19-621b-4a46-b7ac-d64645dab458"
            ],
            "execution_duration": "PT0S"
          }
        ]
      }
    },
    {
      "type": "Feature",
      "id": "d9f88edf-bbea-4138-8b29-8240e5d16a39",
      "geometry": null,
      "properties": {
        "kind": "SENSOR2",
        "track_id": "SENSOR",
        "bearing": 245.06,
        "range": 332.53,
        "frequency": null,
        "speed": null,
        "sensor_type": "TA",
        "timestamp": "2010-01-12T15:18:00+00:00",
        "label": "SUBJECT held on TA",
        "symbol": "A",
        "style": {
          "stroke": true,
          "color": "#0000FF",
          "weight": 1,
          "opacity": 1.0
        },
        "provenance": [
          {
            "activity_id": "bd6cb9ad-6b9d-4f06-bc76-816ff65218b5",
            "timestamp": "2026-03-21T10:15:01.419842Z",
            "was_generated_by": {
              "tool": "rep-parser",
              "tool_version": "1.0.0",
              "parameters": []
            },
            "used": [],
            "generated": [
              "d9f88edf-bbea-4138-8b29-8240e5d16a39"
            ],
            "execution_duration": "PT0S"
          }
        ]
      }
    },
    {
      "type": "Feature",
      "id": "7794c1f5-cd6c-47b9-8d53-2ab9254b99f6",
      "geometry": null,
      "properties": {
        "kind": "SENSOR2",
        "track_id": "SENSOR",
        "bearing": 238.28,
        "range": 339.31,
        "frequency": null,
        "speed": null,
        "sensor_type": "TA",
        "timestamp": "2010-01-12T15:20:00+00:00",
        "label": "SUBJECT held on TA",
        "symbol": "A",
        "style": {
          "stroke": true,
          "color": "#0000FF",
          "weight": 1,
          "opacity": 1.0
        },
        "provenance": [
          {
            "activity_id": "bd6cb9ad-6b9d-4f06-bc76-816ff65218b5",
            "timestamp": "2026-03-21T10:15:01.419842Z",
            "was_generated_by": {
              "tool": "rep-parser",
              "tool_version": "1.0.0",
              "parameters": []
            },
            "used": [],
            "generated": [
              "7794c1f5-cd6c-47b9-8d53-2ab9254b99f6"
            ],
            "execution_duration": "PT0S"
          }
        ]
      }
    },
    {
      "type": "Feature",
      "id": "b9471ec0-503d-40f3-be44-cad2701f9862",
      "geometry": null,
      "properties": {
        "kind": "SENSOR2",
        "track_id": "SENSOR",
        "bearing": 230.96,
        "range": 346.63,
        "frequency": null,
        "speed": null,
        "sensor_type": "TA",
        "timestamp": "2010-01-12T15:22:00+00:00",
        "label": "SUBJECT held on TA",
        "symbol": "A",
        "style": {
          "stroke": true,
          "color": "#0000FF",
          "weight": 1,
          "opacity": 1.0
        },
        "provenance": [
          {
            "activity_id": "bd6cb9ad-6b9d-4f06-bc76-816ff65218b5",
            "timestamp": "2026-03-21T10:15:01.419842Z",
            "was_generated_by": {
              "tool": "rep-parser",
              "tool_version": "1.0.0",
              "parameters": []
            },
            "used": [],
            "generated": [
              "b9471ec0-503d-40f3-be44-cad2701f9862"
            ],
            "execution_duration": "PT0S"
          }
        ]
      }
    },
    {
      "type": "Feature",
      "id": "075f48cb-9edd-4a8e-89cf-cedd3f2a8af9",
      "geometry": null,
      "properties": {
        "kind": "SENSOR2",
        "track_id": "SENSOR",
        "bearing": 223.29,
        "range": 354.31,
        "frequency": null,
        "speed": null,
        "sensor_type": "TA",
        "timestamp": "2010-01-12T15:24:00+00:00",
        "label": "SUBJECT held on TA",
        "symbol": "A",
        "style": {
          "stroke": true,
          "color": "#0000FF",
          "weight": 1,
          "opacity": 1.0
        },
        "provenance": [
          {
            "activity_id": "bd6cb9ad-6b9d-4f06-bc76-816ff65218b5",
            "timestamp": "2026-03-21T10:15:01.419842Z",
            "was_generated_by": {
              "tool": "rep-parser",
              "tool_version": "1.0.0",
              "parameters": []
            },
            "used": [],
            "generated": [
              "075f48cb-9edd-4a8e-89cf-cedd3f2a8af9"
            ],
            "execution_duration": "PT0S"
          }
        ]
      }
    },
    {
      "type": "Feature",
      "id": "97b80c8f-6f86-4e84-a84e-ce6476c058cd",
      "geometry": null,
      "properties": {
        "kind": "SENSOR2",
        "track_id": "SENSOR",
        "bearing": 215.52,
        "range": 2.07,
        "frequency": null,
        "speed": null,
        "sensor_type": "TA",
        "timestamp": "2010-01-12T15:26:00+00:00",
        "label": "SUBJECT held on TA",
        "symbol": "A",
        "style": {
          "stroke": true,
          "color": "#0000FF",
          "weight": 1,
          "opacity": 1.0
        },
        "provenance": [
          {
            "activity_id": "bd6cb9ad-6b9d-4f06-bc76-816ff65218b5",
            "timestamp": "2026-03-21T10:15:01.419842Z",
            "was_generated_by": {
              "tool": "rep-parser",
              "tool_version": "1.0.0",
              "parameters": []
            },
            "used": [],
            "generated": [
              "97b80c8f-6f86-4e84-a84e-ce6476c058cd"
            ],
            "execution_duration": "PT0S"
          }
        ]
      }
    },
    {
      "type": "Feature",
      "id": "6e771a71-5dd6-4588-9d33-68368ba2c121",
      "geometry": null,
      "properties": {
        "kind": "SENSOR2",
        "track_id": "SENSOR",
        "bearing": 207.94,
        "range": 9.65,
        "frequency": null,
        "speed": null,
        "sensor_type": "TA",
        "timestamp": "2010-01-12T15:28:00+00:00",
        "label": "SUBJECT held on TA",
        "symbol": "A",
        "style": {
          "stroke": true,
          "color": "#0000FF",
          "weight": 1,
          "opacity": 1.0
        },
        "provenance": [
          {
            "activity_id": "bd6cb9ad-6b9d-4f06-bc76-816ff65218b5",
            "timestamp": "2026-03-21T10:15:01.419842Z",
            "was_generated_by": {
              "tool": "rep-parser",
              "tool_version": "1.0.0",
              "parameters": []
            },
            "used": [],
            "generated": [
              "6e771a71-5dd6-4588-9d33-68368ba2c121"
            ],
            "execution_duration": "PT0S"
          }
        ]
      }
    },
    {
      "type": "Feature",
      "id": "bd2a590e-ae74-4612-b0bc-1f87b46c75b9",
      "geometry": null,
      "properties": {
        "kind": "SENSOR2",
        "track_id": "SENSOR",
        "bearing": 200.8,
        "range": 16.8,
        "frequency": null,
        "speed": null,
        "sensor_type": "TA",
        "timestamp": "2010-01-12T15:30:00+00:00",
        "label": "SUBJECT held on TA",
        "symbol": "A",
        "style": {
          "stroke": true,
          "color": "#0000FF",
          "weight": 1,
          "opacity": 1.0
        },
        "provenance": [
          {
            "activity_id": "bd6cb9ad-6b9d-4f06-bc76-816ff65218b5",
            "timestamp": "2026-03-21T10:15:01.419842Z",
            "was_generated_by": {
              "tool": "rep-parser",
              "tool_version": "1.0.0",
              "parameters": []
            },
            "used": [],
            "generated": [
              "bd2a590e-ae74-4612-b0bc-1f87b46c75b9"
            ],
            "execution_duration": "PT0S"
          }
        ]
      }
    },
    {
      "type": "Feature",
      "id": "03a7b3c9-470c-4495-8bd8-268fbeda668e",
      "geometry": null,
      "properties": {
        "kind": "SENSOR2",
        "track_id": "SENSOR",
        "bearing": 194.24,
        "range": 23.35,
        "frequency": null,
        "speed": null,
        "sensor_type": "TA",
        "timestamp": "2010-01-12T15:32:00+00:00",
        "label": "SUBJECT held on TA",
        "symbol": "A",
        "style": {
          "stroke": true,
          "color": "#0000FF",
          "weight": 1,
          "opacity": 1.0
        },
        "provenance": [
          {
            "activity_id": "bd6cb9ad-6b9d-4f06-bc76-816ff65218b5",
            "timestamp": "2026-03-21T10:15:01.419842Z",
            "was_generated_by": {
              "tool": "rep-parser",
              "tool_version": "1.0.0",
              "parameters": []
            },
            "used": [],
            "generated": [
              "03a7b3c9-470c-4495-8bd8-268fbeda668e"
            ],
            "execution_duration": "PT0S"
          }
        ]
      }
    },
    {
      "type": "Feature",
      "id": "46e6a295-07a8-4585-8644-248b39389f09",
      "geometry": null,
      "properties": {
        "kind": "SENSOR2",
        "track_id": "SENSOR",
        "bearing": 188.35,
        "range": 29.24,
        "frequency": null,
        "speed": null,
        "sensor_type": "TA",
        "timestamp": "2010-01-12T15:34:00+00:00",
        "label": "SUBJECT held on TA",
        "symbol": "A",
        "style": {
          "stroke": true,
          "color": "#0000FF",
          "weight": 1,
          "opacity": 1.0
        },
        "provenance": [
          {
            "activity_id": "bd6cb9ad-6b9d-4f06-bc76-816ff65218b5",
            "timestamp": "2026-03-21T10:15:01.419842Z",
            "was_generated_by": {
              "tool": "rep-parser",
              "tool_version": "1.0.0",
              "parameters": []
            },
            "used": [],
            "generated": [
              "46e6a295-07a8-4585-8644-248b39389f09"
            ],
            "execution_duration": "PT0S"
          }
        ]
      }
    },
    {
      "type": "Feature",
      "id": "0d463756-6562-4f60-8db9-36f38aab5678",
      "geometry": null,
      "properties": {
        "kind": "SENSOR2",
        "track_id": "SENSOR",
        "bearing": 183.14,
        "range": 34.45,
        "frequency": null,
        "speed": null,
        "sensor_type": "TA",
        "timestamp": "2010-01-12T15:36:00+00:00",
        "label": "SUBJECT held on TA",
        "symbol": "A",
        "style": {
          "stroke": true,
          "color": "#0000FF",
          "weight": 1,
          "opacity": 1.0
        },
        "provenance": [
          {
            "activity_id": "bd6cb9ad-6b9d-4f06-bc76-816ff65218b5",
            "timestamp": "2026-03-21T10:15:01.419842Z",
            "was_generated_by": {
              "tool": "rep-parser",
              "tool_version": "1.0.0",
              "parameters": []
            },
            "used": [],
            "generated": [
              "0d463756-6562-4f60-8db9-36f38aab5678"
            ],
            "execution_duration": "PT0S"
          }
        ]
      }
    },
    {
      "type": "Feature",
      "id": "64f3d41c-dfc7-44d0-a59b-47a9b3239552",
      "geometry": null,
      "properties": {
        "kind": "SENSOR2",
        "track_id": "SENSOR",
        "bearing": 178.57,
        "range": 39.02,
        "frequency": null,
        "speed": null,
        "sensor_type": "TA",
        "timestamp": "2010-01-12T15:38:00+00:00",
        "label": "SUBJECT held on TA",
        "symbol": "A",
        "style": {
          "stroke": true,
          "color": "#0000FF",
          "weight": 1,
          "opacity": 1.0
        },
        "provenance": [
          {
            "activity_id": "bd6cb9ad-6b9d-4f06-bc76-816ff65218b5",
            "timestamp": "2026-03-21T10:15:01.419842Z",
            "was_generated_by": {
              "tool": "rep-parser",
              "tool_version": "1.0.0",
              "parameters": []
            },
            "used": [],
            "generated": [
              "64f3d41c-dfc7-44d0-a59b-47a9b3239552"
            ],
            "execution_duration": "PT0S"
          }
        ]
      }
    },
    {
      "type": "Feature",
      "id": "f8d7302d-ef46-4844-9689-4bcc6c498c72",
      "geometry": null,
      "properties": {
        "kind": "SENSOR2",
        "track_id": "SENSOR",
        "bearing": 174.58,
        "range": 43.01,
        "frequency": null,
        "speed": null,
        "sensor_type": "TA",
        "timestamp": "2010-01-12T15:40:00+00:00",
        "label": "SUBJECT held on TA",
        "symbol": "A",
        "style": {
          "stroke": true,
          "color": "#0000FF",
          "weight": 1,
          "opacity": 1.0
        },
        "provenance": [
          {
            "activity_id": "bd6cb9ad-6b9d-4f06-bc76-816ff65218b5",
            "timestamp": "2026-03-21T10:15:01.419842Z",
            "was_generated_by": {
              "tool": "rep-parser",
              "tool_version": "1.0.0",
              "parameters": []
            },
            "used": [],
            "generated": [
              "f8d7302d-ef46-4844-9689-4bcc6c498c72"
            ],
            "execution_duration": "PT0S"
          }
        ]
      }
    },
    {
      "type": "Feature",
      "id": "e0446b65-356d-4651-9d09-804fa48b0b15",
      "geometry": null,
      "properties": {
        "kind": "SENSOR2",
        "track_id": "SENSOR",
        "bearing": 171.09,
        "range": 46.5,
        "frequency": null,
        "speed": null,
        "sensor_type": "TA",
        "timestamp": "2010-01-12T15:42:00+00:00",
        "label": "SUBJECT held on TA",
        "symbol": "A",
        "style": {
          "stroke": true,
          "color": "#0000FF",
          "weight": 1,
          "opacity": 1.0
        },
        "provenance": [
          {
            "activity_id": "bd6cb9ad-6b9d-4f06-bc76-816ff65218b5",
            "timestamp": "2026-03-21T10:15:01.419842Z",
            "was_generated_by": {
              "tool": "rep-parser",
              "tool_version": "1.0.0",
              "parameters": []
            },
            "used": [],
            "generated": [
              "e0446b65-356d-4651-9d09-804fa48b0b15"
            ],
            "execution_duration": "PT0S"
          }
        ]
      }
    },
    {
      "type": "Feature",
      "id": "1917cfdb-e419-490c-b66b-4e8d57b30fa4",
      "geometry": null,
      "properties": {
        "kind": "SENSOR2",
        "track_id": "SENSOR",
        "bearing": 168.04,
        "range": 49.55,
        "frequency": null,
        "speed": null,
        "sensor_type": "TA",
        "timestamp": "2010-01-12T15:44:00+00:00",
        "label": "SUBJECT held on TA",
        "symbol": "A",
        "style": {
          "stroke": true,
          "color": "#0000FF",
          "weight": 1,
          "opacity": 1.0
        },
        "provenance": [
          {
            "activity_id": "bd6cb9ad-6b9d-4f06-bc76-816ff65218b5",
            "timestamp": "2026-03-21T10:15:01.419842Z",
            "was_generated_by": {
              "tool": "rep-parser",
              "tool_version": "1.0.0",
              "parameters": []
            },
            "used": [],
            "generated": [
              "1917cfdb-e419-490c-b66b-4e8d57b30fa4"
            ],
            "execution_duration": "PT0S"
          }
        ]
      }
    },
    {
      "type": "Feature",
      "id": "363f4927-fe67-4ccd-b126-75e93b556687",
      "geometry": null,
      "properties": {
        "kind": "SENSOR2",
        "track_id": "SENSOR",
        "bearing": 165.37,
        "range": 52.23,
        "frequency": null,
        "speed": null,
        "sensor_type": "TA",
        "timestamp": "2010-01-12T15:46:00+00:00",
        "label": "SUBJECT held on TA",
        "symbol": "A",
        "style": {
          "stroke": true,
          "color": "#0000FF",
          "weight": 1,
          "opacity": 1.0
        },
        "provenance": [
          {
            "activity_id": "bd6cb9ad-6b9d-4f06-bc76-816ff65218b5",
            "timestamp": "2026-03-21T10:15:01.419842Z",
            "was_generated_by": {
              "tool": "rep-parser",
              "tool_version": "1.0.0",
              "parameters": []
            },
            "used": [],
            "generated": [
              "363f4927-fe67-4ccd-b126-75e93b556687"
            ],
            "execution_duration": "PT0S"
          }
        ]
      }
    },
    {
      "type": "Feature",
      "id": "b61554fe-292f-4774-9dd3-715eb7705c97",
      "geometry": null,
      "properties": {
        "kind": "SENSOR2",
        "track_id": "SENSOR",
        "bearing": 163.01,
        "range": 54.59,
        "frequency": null,
        "speed": null,
        "sensor_type": "TA",
        "timestamp": "2010-01-12T15:48:00+00:00",
        "label": "SUBJECT held on TA",
        "symbol": "A",
        "style": {
          "stroke": true,
          "color": "#0000FF",
          "weight": 1,
          "opacity": 1.0
        },
        "provenance": [
          {
            "activity_id": "bd6cb9ad-6b9d-4f06-bc76-816ff65218b5",
            "timestamp": "2026-03-21T10:15:01.419842Z",
            "was_generated_by": {
              "tool": "rep-parser",
              "tool_version": "1.0.0",
              "parameters": []
            },
            "used": [],
            "generated": [
              "b61554fe-292f-4774-9dd3-715eb7705c97"
            ],
            "execution_duration": "PT0S"
          }
        ]
      }
    },
    {
      "type": "Feature",
      "id": "4ea1714c-d183-4131-8ce9-0224e6bc4d1b",
      "geometry": null,
      "properties": {
        "kind": "SENSOR2",
        "track_id": "SENSOR",
        "bearing": 160.92,
        "range": 56.67,
        "frequency": null,
        "speed": null,
        "sensor_type": "TA",
        "timestamp": "2010-01-12T15:50:00+00:00",
        "label": "SUBJECT held on TA",
        "symbol": "A",
        "style": {
          "stroke": true,
          "color": "#0000FF",
          "weight": 1,
          "opacity": 1.0
        },
        "provenance": [
          {
            "activity_id": "bd6cb9ad-6b9d-4f06-bc76-816ff65218b5",
            "timestamp": "2026-03-21T10:15:01.419842Z",
            "was_generated_by": {
              "tool": "rep-parser",
              "tool_version": "1.0.0",
              "parameters": []
            },
            "used": [],
            "generated": [
              "4ea1714c-d183-4131-8ce9-0224e6bc4d1b"
            ],
            "execution_duration": "PT0S"
          }
        ]
      }
    },
    {
      "type": "Feature",
      "id": "13cebc92-c48a-41d0-80f7-2d6658483d11",
      "geometry": null,
      "properties": {
        "kind": "SENSOR2",
        "track_id": "SENSOR",
        "bearing": 159.07,
        "range": 58.53,
        "frequency": null,
        "speed": null,
        "sensor_type": "TA",
        "timestamp": "2010-01-12T15:52:00+00:00",
        "label": "SUBJECT held on TA",
        "symbol": "A",
        "style": {
          "stroke": true,
          "color": "#0000FF",
          "weight": 1,
          "opacity": 1.0
        },
        "provenance": [
          {
            "activity_id": "bd6cb9ad-6b9d-4f06-bc76-816ff65218b5",
            "timestamp": "2026-03-21T10:15:01.419842Z",
            "was_generated_by": {
              "tool": "rep-parser",
              "tool_version": "1.0.0",
              "parameters": []
            },
            "used": [],
            "generated": [
              "13cebc92-c48a-41d0-80f7-2d6658483d11"
            ],
            "execution_duration": "PT0S"
          }
        ]
      }
    },
    {
      "type": "Feature",
      "id": "c630aac7-82a6-4379-9d59-7f112ab08fbb",
      "geometry": null,
      "properties": {
        "kind": "SENSOR2",
        "track_id": "SENSOR",
        "bearing": 157.41,
        "range": 60.18,
        "frequency": null,
        "speed": null,
        "sensor_type": "TA",
        "timestamp": "2010-01-12T15:54:00+00:00",
        "label": "SUBJECT held on TA",
        "symbol": "A",
        "style": {
          "stroke": true,
          "color": "#0000FF",
          "weight": 1,
          "opacity": 1.0
        },
        "provenance": [
          {
            "activity_id": "bd6cb9ad-6b9d-4f06-bc76-816ff65218b5",
            "timestamp": "2026-03-21T10:15:01.419842Z",
            "was_generated_by": {
              "tool": "rep-parser",
              "tool_version": "1.0.0",
              "parameters": []
            },
            "used": [],
            "generated": [
              "c630aac7-82a6-4379-9d59-7f112ab08fbb"
            ],
            "execution_duration": "PT0S"
          }
        ]
      }
    },
    {
      "type": "Feature",
      "id": "594ce4a7-48a2-464f-b6c4-f90cdeb77a59",
      "geometry": null,
      "properties": {
        "kind": "SENSOR2",
        "track_id": "SENSOR",
        "bearing": 155.93,
        "range": 61.66,
        "frequency": null,
        "speed": null,
        "sensor_type": "TA",
        "timestamp": "2010-01-12T15:56:00+00:00",
        "label": "SUBJECT held on TA",
        "symbol": "A",
        "style": {
          "stroke": true,
          "color": "#0000FF",
          "weight": 1,
          "opacity": 1.0
        },
        "provenance": [
          {
            "activity_id": "bd6cb9ad-6b9d-4f06-bc76-816ff65218b5",
            "timestamp": "2026-03-21T10:15:01.419842Z",
            "was_generated_by": {
              "tool": "rep-parser",
              "tool_version": "1.0.0",
              "parameters": []
            },
            "used": [],
            "generated": [
              "594ce4a7-48a2-464f-b6c4-f90cdeb77a59"
            ],
            "execution_duration": "PT0S"
          }
        ]
      }
    },
    {
      "type": "Feature",
      "id": "f6d46a9d-19d0-40b2-9291-369cf2d97536",
      "geometry": null,
      "properties": {
        "kind": "SENSOR2",
        "track_id": "SENSOR",
        "bearing": 154.59,
        "range": 63.0,
        "frequency": null,
        "speed": null,
        "sensor_type": "TA",
        "timestamp": "2010-01-12T15:58:00+00:00",
        "label": "SUBJECT held on TA",
        "symbol": "A",
        "style": {
          "stroke": true,
          "color": "#0000FF",
          "weight": 1,
          "opacity": 1.0
        },
        "provenance": [
          {
            "activity_id": "bd6cb9ad-6b9d-4f06-bc76-816ff65218b5",
            "timestamp": "2026-03-21T10:15:01.419842Z",
            "was_generated_by": {
              "tool": "rep-parser",
              "tool_version": "1.0.0",
              "parameters": []
            },
            "used": [],
            "generated": [
              "f6d46a9d-19d0-40b2-9291-369cf2d97536"
            ],
            "execution_duration": "PT0S"
          }
        ]
      }
    },
    {
      "type": "Feature",
      "id": "53a72662-67f6-46b6-bc5a-de1e001f2a82",
      "geometry": null,
      "properties": {
        "kind": "SENSOR2",
        "track_id": "SENSOR",
        "bearing": 153.38,
        "range": 64.21,
        "frequency": null,
        "speed": null,
        "sensor_type": "TA",
        "timestamp": "2010-01-12T16:00:00+00:00",
        "label": "SUBJECT held on TA",
        "symbol": "A",
        "style": {
          "stroke": true,
          "color": "#0000FF",
          "weight": 1,
          "opacity": 1.0
        },
        "provenance": [
          {
            "activity_id": "bd6cb9ad-6b9d-4f06-bc76-816ff65218b5",
            "timestamp": "2026-03-21T10:15:01.419842Z",
            "was_generated_by": {
              "tool": "rep-parser",
              "tool_version": "1.0.0",
              "parameters": []
            },
            "used": [],
            "generated": [
              "53a72662-67f6-46b6-bc5a-de1e001f2a82"
            ],
            "execution_duration": "PT0S"
          }
        ]
      }
    }
  ]
}
