{
  "type": "FeatureCollection",
  "features": [
    {
      "type": "Feature",
      "id": "76a75e23-220e-4491-a15e-e6b8934199c3",
      "geometry": {
        "type": "LineString",
        "coordinates": [
          [
            -0.0,
            60.2
          ],
          [
            0.0008167,
            60.2004111
          ],
          [
            0.0017556,
            60.2007528
          ],
          [
            0.0027917,
            60.2010139
          ],
          [
            0.0039,
            60.2011917
          ],
          [
            0.00505,
            60.2012778
          ],
          [
            0.0062139,
            60.2012694
          ],
          [
            0.0073583,
            60.2011722
          ],
          [
            0.0084583,
            60.2009833
          ],
          [
            0.0094833,
            60.2007083
          ],
          [
            0.0104056,
            60.2003556
          ],
          [
            0.0112028,
            60.1999361
          ],
          [
            0.0118556,
            60.1994556
          ],
          [
            0.0123444,
            60.1989333
          ],
          [
            0.0126583,
            60.198375
          ],
          [
            0.0127889,
            60.1978
          ],
          [
            0.0127333,
            60.197225
          ],
          [
            0.0124917,
            60.1966583
          ],
          [
            0.0120694,
            60.1961194
          ],
          [
            0.011525,
            60.1956083
          ],
          [
            0.010975,
            60.1950972
          ],
          [
            0.010425,
            60.1945889
          ],
          [
            0.009875,
            60.1940778
          ],
          [
            0.009325,
            60.1935667
          ],
          [
            0.008775,
            60.1930583
          ],
          [
            0.008225,
            60.1925472
          ],
          [
            0.007675,
            60.1920389
          ],
          [
            0.007125,
            60.1915278
          ],
          [
            0.006575,
            60.1910167
          ],
          [
            0.006025,
            60.1905083
          ],
          [
            0.005475,
            60.1899972
          ],
          [
            0.004925,
            60.1894889
          ],
          [
            0.004375,
            60.1889778
          ],
          [
            0.003825,
            60.1884667
          ],
          [
            0.003275,
            60.1879583
          ],
          [
            0.002725,
            60.1874472
          ],
          [
            0.002175,
            60.1869361
          ],
          [
            0.001625,
            60.1864278
          ],
          [
            0.001075,
            60.1859167
          ],
          [
            0.000525,
            60.1854083
          ],
          [
            -2.5e-05,
            60.1848972
          ],
          [
            -0.000575,
            60.1843861
          ],
          [
            -0.001125,
            60.1838778
          ],
          [
            -0.001675,
            60.1833667
          ],
          [
            -0.002225,
            60.1828583
          ],
          [
            -0.002775,
            60.1823472
          ],
          [
            -0.003325,
            60.1818361
          ],
          [
            -0.003875,
            60.1813278
          ],
          [
            -0.004425,
            60.1808167
          ],
          [
            -0.004975,
            60.1803083
          ],
          [
            -0.005525,
            60.1797972
          ],
          [
            -0.006075,
            60.1792861
          ],
          [
            -0.006625,
            60.1787778
          ],
          [
            -0.007175,
            60.1782667
          ],
          [
            -0.0077222,
            60.1777556
          ],
          [
            -0.0082722,
            60.1772472
          ],
          [
            -0.0088222,
            60.1767361
          ],
          [
            -0.0093722,
            60.1762278
          ],
          [
            -0.0099222,
            60.1757167
          ],
          [
            -0.0104722,
            60.1752056
          ],
          [
            -0.0110222,
            60.1746972
          ],
          [
            -0.0115722,
            60.1741861
          ],
          [
            -0.0121222,
            60.1736778
          ],
          [
            -0.0126722,
            60.1731667
          ],
          [
            -0.0132222,
            60.1726556
          ],
          [
            -0.0137722,
            60.1721472
          ],
          [
            -0.0143194,
            60.1716361
          ],
          [
            -0.0148694,
            60.1711278
          ],
          [
            -0.0154194,
            60.1706167
          ],
          [
            -0.0159694,
            60.1701056
          ],
          [
            -0.0165194,
            60.1695972
          ],
          [
            -0.0170694,
            60.1690861
          ],
          [
            -0.0176194,
            60.168575
          ],
          [
            -0.0181694,
            60.1680667
          ],
          [
            -0.0187194,
            60.1675556
          ],
          [
            -0.0192667,
            60.1670472
          ],
          [
            -0.0198167,
            60.1665361
          ],
          [
            -0.0203667,
            60.166025
          ],
          [
            -0.0209167,
            60.1655167
          ],
          [
            -0.0214667,
            60.1650056
          ],
          [
            -0.0220167,
            60.1644972
          ],
          [
            -0.0225667,
            60.1639861
          ],
          [
            -0.0231167,
            60.163475
          ],
          [
            -0.0236639,
            60.1629667
          ],
          [
            -0.0242139,
            60.1624556
          ],
          [
            -0.0247639,
            60.1619472
          ],
          [
            -0.0253139,
            60.1614361
          ],
          [
            -0.0258639,
            60.160925
          ],
          [
            -0.0264139,
            60.1604167
          ],
          [
            -0.0269611,
            60.1599056
          ],
          [
            -0.0275111,
            60.1593972
          ],
          [
            -0.0280611,
            60.1588861
          ],
          [
            -0.0286111,
            60.158375
          ],
          [
            -0.0291611,
            60.1578667
          ],
          [
            -0.0297111,
            60.1573556
          ],
          [
            -0.0302583,
            60.1568444
          ],
          [
            -0.0308083,
            60.1563361
          ],
          [
            -0.0314389,
            60.15585
          ],
          [
            -0.0322167,
            60.1554194
          ],
          [
            -0.0331222,
            60.1550583
          ],
          [
            -0.0341306,
            60.1547722
          ],
          [
            -0.0352194,
            60.1545722
          ],
          [
            -0.0363611,
            60.1544611
          ],
          [
            -0.0375222,
            60.1544417
          ],
          [
            -0.0386722,
            60.1545139
          ],
          [
            -0.0397861,
            60.1546778
          ],
          [
            -0.0408333,
            60.1549278
          ],
          [
            -0.0417861,
            60.1552583
          ],
          [
            -0.0426194,
            60.1556611
          ],
          [
            -0.0433139,
            60.156125
          ],
          [
            -0.04385,
            60.1566389
          ],
          [
            -0.0442139,
            60.1571889
          ],
          [
            -0.0443972,
            60.1577583
          ],
          [
            -0.0445139,
            60.1583333
          ],
          [
            -0.0446278,
            60.1589111
          ],
          [
            -0.0447444,
            60.1594861
          ],
          [
            -0.0448611,
            60.1600611
          ],
          [
            -0.044975,
            60.1606389
          ],
          [
            -0.0450917,
            60.1612139
          ],
          [
            -0.0452056,
            60.1617889
          ],
          [
            -0.0453222,
            60.1623667
          ],
          [
            -0.0454389,
            60.1629417
          ],
          [
            -0.0455528,
            60.1635167
          ],
          [
            -0.0456694,
            60.1640917
          ],
          [
            -0.0457861,
            60.1646694
          ],
          [
            -0.0459,
            60.1652444
          ],
          [
            -0.0460167,
            60.1658194
          ],
          [
            -0.0461306,
            60.1663972
          ],
          [
            -0.0462472,
            60.1669722
          ],
          [
            -0.0463639,
            60.1675472
          ],
          [
            -0.0464778,
            60.168125
          ],
          [
            -0.0465944,
            60.1687
          ],
          [
            -0.0467083,
            60.169275
          ],
          [
            -0.046825,
            60.16985
          ],
          [
            -0.0469417,
            60.1704278
          ],
          [
            -0.0470556,
            60.1710028
          ],
          [
            -0.0471722,
            60.1715778
          ],
          [
            -0.0472889,
            60.1721556
          ],
          [
            -0.0474028,
            60.1727306
          ],
          [
            -0.0475194,
            60.1733056
          ],
          [
            -0.0476361,
            60.1738833
          ],
          [
            -0.04775,
            60.1744583
          ],
          [
            -0.0478667,
            60.1750333
          ],
          [
            -0.0479806,
            60.1756083
          ],
          [
            -0.0480972,
            60.1761861
          ]
        ]
      },
      "properties": {
        "kind": "TRACK",
        "platform_id": "SENSOR",
        "platform_name": "SENSOR",
        "track_type": "CONTACT",
        "start_time": "2010-01-12T12:00:00+00:00",
        "end_time": "2010-01-12T14:00:00+00:00",
        "positions": [
          {
            "time": "2010-01-12T12:00:00+00:00",
            "course": 40.0,
            "speed": 2.5,
            "depth": 0.0
          },
          {
            "time": "2010-01-12T12:00:50+00:00",
            "course": 49.21,
            "speed": 2.5,
            "depth": 0.0
          },
          {
            "time": "2010-01-12T12:01:40+00:00",
            "course": 58.42,
            "speed": 2.5,
            "depth": 0.0
          },
          {
            "time": "2010-01-12T12:02:30+00:00",
            "course": 67.63,
            "speed": 2.5,
            "depth": 0.0
          },
          {
            "time": "2010-01-12T12:03:20+00:00",
            "course": 76.84,
            "speed": 2.5,
            "depth": 0.0
          },
          {
            "time": "2010-01-12T12:04:10+00:00",
            "course": 86.06,
            "speed": 2.5,
            "depth": 0.0
          },
          {
            "time": "2010-01-12T12:05:00+00:00",
            "course": 95.27,
            "speed": 2.5,
            "depth": 0.0
          },
          {
            "time": "2010-01-12T12:05:50+00:00",
            "course": 104.48,
            "speed": 2.5,
            "depth": 0.0
          },
          {
            "time": "2010-01-12T12:06:40+00:00",
            "course": 113.69,
            "speed": 2.5,
            "depth": 0.0
          },
          {
            "time": "2010-01-12T12:07:30+00:00",
            "course": 122.9,
            "speed": 2.5,
            "depth": 0.0
          },
          {
            "time": "2010-01-12T12:08:20+00:00",
            "course": 132.11,
            "speed": 2.5,
            "depth": 0.0
          },
          {
            "time": "2010-01-12T12:09:10+00:00",
            "course": 141.32,
            "speed": 2.5,
            "depth": 0.0
          },
          {
            "time": "2010-01-12T12:10:00+00:00",
            "course": 150.53,
            "speed": 2.5,
            "depth": 0.0
          },
          {
            "time": "2010-01-12T12:10:50+00:00",
            "course": 159.74,
            "speed": 2.5,
            "depth": 0.0
          },
          {
            "time": "2010-01-12T12:11:40+00:00",
            "course": 168.96,
            "speed": 2.5,
            "depth": 0.0
          },
          {
            "time": "2010-01-12T12:12:30+00:00",
            "course": 178.17,
            "speed": 2.5,
            "depth": 0.0
          },
          {
            "time": "2010-01-12T12:13:20+00:00",
            "course": 187.38,
            "speed": 2.5,
            "depth": 0.0
          },
          {
            "time": "2010-01-12T12:14:10+00:00",
            "course": 196.59,
            "speed": 2.5,
            "depth": 0.0
          },
          {
            "time": "2010-01-12T12:15:00+00:00",
            "course": 205.8,
            "speed": 2.5,
            "depth": 0.0
          },
          {
            "time": "2010-01-12T12:15:50+00:00",
            "course": 208.19,
            "speed": 2.5,
            "depth": 0.0
          },
          {
            "time": "2010-01-12T12:16:40+00:00",
            "course": 208.2,
            "speed": 2.5,
            "depth": 0.0
          },
          {
            "time": "2010-01-12T12:17:30+00:00",
            "course": 208.2,
            "speed": 2.5,
            "depth": 0.0
          },
          {
            "time": "2010-01-12T12:18:20+00:00",
            "course": 208.2,
            "speed": 2.5,
            "depth": 0.0
          },
          {
            "time": "2010-01-12T12:19:10+00:00",
            "course": 208.2,
            "speed": 2.5,
            "depth": 0.0
          },
          {
            "time": "2010-01-12T12:20:00+00:00",
            "course": 208.2,
            "speed": 2.5,
            "depth": 0.0
          },
          {
            "time": "2010-01-12T12:20:50+00:00",
            "course": 208.2,
            "speed": 2.5,
            "depth": 0.0
          },
          {
            "time": "2010-01-12T12:21:40+00:00",
            "course": 208.2,
            "speed": 2.5,
            "depth": 0.0
          },
          {
            "time": "2010-01-12T12:22:30+00:00",
            "course": 208.2,
            "speed": 2.5,
            "depth": 0.0
          },
          {
            "time": "2010-01-12T12:23:20+00:00",
            "course": 208.2,
            "speed": 2.5,
            "depth": 0.0
          },
          {
            "time": "2010-01-12T12:24:10+00:00",
            "course": 208.2,
            "speed": 2.5,
            "depth": 0.0
          },
          {
            "time": "2010-01-12T12:25:00+00:00",
            "course": 208.2,
            "speed": 2.5,
            "depth": 0.0
          },
          {
            "time": "2010-01-12T12:25:50+00:00",
            "course": 208.2,
            "speed": 2.5,
            "depth": 0.0
          },
          {
            "time": "2010-01-12T12:26:40+00:00",
            "course": 208.2,
            "speed": 2.5,
            "depth": 0.0
          },
          {
            "time": "2010-01-12T12:27:30+00:00",
            "course": 208.2,
            "speed": 2.5,
            "depth": 0.0
          },
          {
            "time": "2010-01-12T12:28:20+00:00",
            "course": 208.2,
            "speed": 2.5,
            "depth": 0.0
          },
          {
            "time": "2010-01-12T12:29:10+00:00",
            "course": 208.2,
            "speed": 2.5,
            "depth": 0.0
          },
          {
            "time": "2010-01-12T12:30:00+00:00",
            "course": 208.2,
            "speed": 2.5,
            "depth": 0.0
          },
          {
            "time": "2010-01-12T12:30:50+00:00",
            "course": 208.2,
            "speed": 2.5,
            "depth": 0.0
          },
          {
            "time": "2010-01-12T12:31:40+00:00",
            "course": 208.2,
            "speed": 2.5,
            "depth": 0.0
          },
          {
            "time": "2010-01-12T12:32:30+00:00",
            "course": 208.2,
            "speed": 2.5,
            "depth": 0.0
          },
          {
            "time": "2010-01-12T12:33:20+00:00",
            "course": 208.2,
            "speed": 2.5,
            "depth": 0.0
          },
          {
            "time": "2010-01-12T12:34:10+00:00",
            "course": 208.2,
            "speed": 2.5,
            "depth": 0.0
          },
          {
            "time": "2010-01-12T12:35:00+00:00",
            "course": 208.2,
            "speed": 2.5,
            "depth": 0.0
          },
          {
            "time": "2010-01-12T12:35:50+00:00",
            "course": 208.2,
            "speed": 2.5,
            "depth": 0.0
          },
          {
            "time": "2010-01-12T12:36:40+00:00",
            "course": 208.2,
            "speed": 2.5,
            "depth": 0.0
          },
          {
            "time": "2010-01-12T12:37:30+00:00",
            "course": 208.2,
            "speed": 2.5,
            "depth": 0.0
          },
          {
            "time": "2010-01-12T12:38:20+00:00",
            "course": 208.2,
            "speed": 2.5,
            "depth": 0.0
          },
          {
            "time": "2010-01-12T12:39:10+00:00",
            "course": 208.2,
            "speed": 2.5,
            "depth": 0.0
          },
          {
            "time": "2010-01-12T12:40:00+00:00",
            "course": 208.2,
            "speed": 2.5,
            "depth": 0.0
          },
          {
            "time": "2010-01-12T12:40:50+00:00",
            "course": 208.2,
            "speed": 2.5,
            "depth": 0.0
          },
          {
            "time": "2010-01-12T12:41:40+00:00",
            "course": 208.2,
            "speed": 2.5,
            "depth": 0.0
          },
          {
            "time": "2010-01-12T12:42:30+00:00",
            "course": 208.2,
            "speed": 2.5,
            "depth": 0.0
          },
          {
            "time": "2010-01-12T12:43:20+00:00",
            "course": 208.2,
            "speed": 2.5,
            "depth": 0.0
          },
          {
            "time": "2010-01-12T12:44:10+00:00",
            "course": 208.2,
            "speed": 2.5,
            "depth": 0.0
          },
          {
            "time": "2010-01-12T12:45:00+00:00",
            "course": 208.2,
            "speed": 2.5,
            "depth": 0.0
          },
          {
            "time": "2010-01-12T12:45:50+00:00",
            "course": 208.2,
            "speed": 2.5,
            "depth": 0.0
          },
          {
            "time": "2010-01-12T12:46:40+00:00",
            "course": 208.2,
            "speed": 2.5,
            "depth": 0.0
          },
          {
            "time": "2010-01-12T12:47:30+00:00",
            "course": 208.2,
            "speed": 2.5,
            "depth": 0.0
          },
          {
            "time": "2010-01-12T12:48:20+00:00",
            "course": 208.2,
            "speed": 2.5,
            "depth": 0.0
          },
          {
            "time": "2010-01-12T12:49:10+00:00",
            "course": 208.2,
            "speed": 2.5,
            "depth": 0.0
          },
          {
            "time": "2010-01-12T12:50:00+00:00",
            "course": 208.2,
            "speed": 2.5,
            "depth": 0.0
          },
          {
            "time": "2010-01-12T12:50:50+00:00",
            "course": 208.2,
            "speed": 2.5,
            "depth": 0.0
          },
          {
            "time": "2010-01-12T12:51:40+00:00",
            "course": 208.2,
            "speed": 2.5,
            "depth": 0.0
          },
          {
            "time": "2010-01-12T12:52:30+00:00",
            "course": 208.2,
            "speed": 2.5,
            "depth": 0.0
          },
          {
            "time": "2010-01-12T12:53:20+00:00",
            "course": 208.2,
            "speed": 2.5,
            "depth": 0.0
          },
          {
            "time": "2010-01-12T12:54:10+00:00",
            "course": 208.2,
            "speed": 2.5,
            "depth": 0.0
          },
          {
            "time": "2010-01-12T12:55:00+00:00",
            "course": 208.2,
            "speed": 2.5,
            "depth": 0.0
          },
          {
            "time": "2010-01-12T12:55:50+00:00",
            "course": 208.2,
            "speed": 2.5,
            "depth": 0.0
          },
          {
            "time": "2010-01-12T12:56:40+00:00",
            "course": 208.2,
            "speed": 2.5,
            "depth": 0.0
          },
          {
            "time": "2010-01-12T12:57:30+00:00",
            "course": 208.2,
            "speed": 2.5,
            "depth": 0.0
          },
          {
            "time": "2010-01-12T12:58:20+00:00",
            "course": 208.2,
            "speed": 2.5,
            "depth": 0.0
          },
          {
            "time": "2010-01-12T12:59:10+00:00",
            "course": 208.2,
            "speed": 2.5,
            "depth": 0.0
          },
          {
            "time": "2010-01-12T13:00:00+00:00",
            "course": 208.2,
            "speed": 2.5,
            "depth": 0.0
          },
          {
            "time": "2010-01-12T13:00:50+00:00",
            "course": 208.2,
            "speed": 2.5,
            "depth": 0.0
          },
          {
            "time": "2010-01-12T13:01:40+00:00",
            "course": 208.2,
            "speed": 2.5,
            "depth": 0.0
          },
          {
            "time": "2010-01-12T13:02:30+00:00",
            "course": 208.2,
            "speed": 2.5,
            "depth": 0.0
          },
          {
            "time": "2010-01-12T13:03:20+00:00",
            "course": 208.2,
            "speed": 2.5,
            "depth": 0.0
          },
          {
            "time": "2010-01-12T13:04:10+00:00",
            "course": 208.2,
            "speed": 2.5,
            "depth": 0.0
          },
          {
            "time": "2010-01-12T13:05:00+00:00",
            "course": 208.2,
            "speed": 2.5,
            "depth": 0.0
          },
          {
            "time": "2010-01-12T13:05:50+00:00",
            "course": 208.2,
            "speed": 2.5,
            "depth": 0.0
          },
          {
            "time": "2010-01-12T13:06:40+00:00",
            "course": 208.2,
            "speed": 2.5,
            "depth": 0.0
          },
          {
            "time": "2010-01-12T13:07:30+00:00",
            "course": 208.2,
            "speed": 2.5,
            "depth": 0.0
          },
          {
            "time": "2010-01-12T13:08:20+00:00",
            "course": 208.2,
            "speed": 2.5,
            "depth": 0.0
          },
          {
            "time": "2010-01-12T13:09:10+00:00",
            "course": 208.2,
            "speed": 2.5,
            "depth": 0.0
          },
          {
            "time": "2010-01-12T13:10:00+00:00",
            "course": 208.2,
            "speed": 2.5,
            "depth": 0.0
          },
          {
            "time": "2010-01-12T13:10:50+00:00",
            "course": 208.2,
            "speed": 2.5,
            "depth": 0.0
          },
          {
            "time": "2010-01-12T13:11:40+00:00",
            "course": 208.2,
            "speed": 2.5,
            "depth": 0.0
          },
          {
            "time": "2010-01-12T13:12:30+00:00",
            "course": 208.2,
            "speed": 2.5,
            "depth": 0.0
          },
          {
            "time": "2010-01-12T13:13:20+00:00",
            "course": 208.2,
            "speed": 2.5,
            "depth": 0.0
          },
          {
            "time": "2010-01-12T13:14:10+00:00",
            "course": 208.2,
            "speed": 2.5,
            "depth": 0.0
          },
          {
            "time": "2010-01-12T13:15:00+00:00",
            "course": 208.2,
            "speed": 2.5,
            "depth": 0.0
          },
          {
            "time": "2010-01-12T13:15:50+00:00",
            "course": 208.2,
            "speed": 2.5,
            "depth": 0.0
          },
          {
            "time": "2010-01-12T13:16:40+00:00",
            "course": 208.2,
            "speed": 2.5,
            "depth": 0.0
          },
          {
            "time": "2010-01-12T13:17:30+00:00",
            "course": 208.2,
            "speed": 2.5,
            "depth": 0.0
          },
          {
            "time": "2010-01-12T13:18:20+00:00",
            "course": 208.2,
            "speed": 2.5,
            "depth": 0.0
          },
          {
            "time": "2010-01-12T13:19:10+00:00",
            "course": 208.2,
            "speed": 2.5,
            "depth": 0.0
          },
          {
            "time": "2010-01-12T13:20:00+00:00",
            "course": 208.2,
            "speed": 2.5,
            "depth": 0.0
          },
          {
            "time": "2010-01-12T13:20:50+00:00",
            "course": 217.41,
            "speed": 2.5,
            "depth": 0.0
          },
          {
            "time": "2010-01-12T13:21:40+00:00",
            "course": 226.62,
            "speed": 2.5,
            "depth": 0.0
          },
          {
            "time": "2010-01-12T13:22:30+00:00",
            "course": 235.83,
            "speed": 2.5,
            "depth": 0.0
          },
          {
            "time": "2010-01-12T13:23:20+00:00",
            "course": 245.04,
            "speed": 2.5,
            "depth": 0.0
          },
          {
            "time": "2010-01-12T13:24:10+00:00",
            "course": 254.25,
            "speed": 2.5,
            "depth": 0.0
          },
          {
            "time": "2010-01-12T13:25:00+00:00",
            "course": 263.46,
            "speed": 2.5,
            "depth": 0.0
          },
          {
            "time": "2010-01-12T13:25:50+00:00",
            "course": 272.67,
            "speed": 2.5,
            "depth": 0.0
          },
          {
            "time": "2010-01-12T13:26:40+00:00",
            "course": 281.89,
            "speed": 2.5,
            "depth": 0.0
          },
          {
            "time": "2010-01-12T13:27:30+00:00",
            "course": 291.1,
            "speed": 2.5,
            "depth": 0.0
          },
          {
            "time": "2010-01-12T13:28:20+00:00",
            "course": 300.31,
            "speed": 2.5,
            "depth": 0.0
          },
          {
            "time": "2010-01-12T13:29:10+00:00",
            "course": 309.52,
            "speed": 2.5,
            "depth": 0.0
          },
          {
            "time": "2010-01-12T13:30:00+00:00",
            "course": 318.73,
            "speed": 2.5,
            "depth": 0.0
          },
          {
            "time": "2010-01-12T13:30:50+00:00",
            "course": 327.94,
            "speed": 2.5,
            "depth": 0.0
          },
          {
            "time": "2010-01-12T13:31:40+00:00",
            "course": 337.15,
            "speed": 2.5,
            "depth": 0.0
          },
          {
            "time": "2010-01-12T13:32:30+00:00",
            "course": 346.36,
            "speed": 2.5,
            "depth": 0.0
          },
          {
            "time": "2010-01-12T13:33:20+00:00",
            "course": 354.21,
            "speed": 2.5,
            "depth": 0.0
          },
          {
            "time": "2010-01-12T13:34:10+00:00",
            "course": 354.3,
            "speed": 2.5,
            "depth": 0.0
          },
          {
            "time": "2010-01-12T13:35:00+00:00",
            "course": 354.3,
            "speed": 2.5,
            "depth": 0.0
          },
          {
            "time": "2010-01-12T13:35:50+00:00",
            "course": 354.3,
            "speed": 2.5,
            "depth": 0.0
          },
          {
            "time": "2010-01-12T13:36:40+00:00",
            "course": 354.3,
            "speed": 2.5,
            "depth": 0.0
          },
          {
            "time": "2010-01-12T13:37:30+00:00",
            "course": 354.3,
            "speed": 2.5,
            "depth": 0.0
          },
          {
            "time": "2010-01-12T13:38:20+00:00",
            "course": 354.3,
            "speed": 2.5,
            "depth": 0.0
          },
          {
            "time": "2010-01-12T13:39:10+00:00",
            "course": 354.3,
            "speed": 2.5,
            "depth": 0.0
          },
          {
            "time": "2010-01-12T13:40:00+00:00",
            "course": 354.3,
            "speed": 2.5,
            "depth": 0.0
          },
          {
            "time": "2010-01-12T13:40:50+00:00",
            "course": 354.3,
            "speed": 2.5,
            "depth": 0.0
          },
          {
            "time": "2010-01-12T13:41:40+00:00",
            "course": 354.3,
            "speed": 2.5,
            "depth": 0.0
          },
          {
            "time": "2010-01-12T13:42:30+00:00",
            "course": 354.3,
            "speed": 2.5,
            "depth": 0.0
          },
          {
            "time": "2010-01-12T13:43:20+00:00",
            "course": 354.3,
            "speed": 2.5,
            "depth": 0.0
          },
          {
            "time": "2010-01-12T13:44:10+00:00",
            "course": 354.3,
            "speed": 2.5,
            "depth": 0.0
          },
          {
            "time": "2010-01-12T13:45:00+00:00",
            "course": 354.3,
            "speed": 2.5,
            "depth": 0.0
          },
          {
            "time": "2010-01-12T13:45:50+00:00",
            "course": 354.3,
            "speed": 2.5,
            "depth": 0.0
          },
          {
            "time": "2010-01-12T13:46:40+00:00",
            "course": 354.3,
            "speed": 2.5,
            "depth": 0.0
          },
          {
            "time": "2010-01-12T13:47:30+00:00",
            "course": 354.3,
            "speed": 2.5,
            "depth": 0.0
          },
          {
            "time": "2010-01-12T13:48:20+00:00",
            "course": 354.3,
            "speed": 2.5,
            "depth": 0.0
          },
          {
            "time": "2010-01-12T13:49:10+00:00",
            "course": 354.3,
            "speed": 2.5,
            "depth": 0.0
          },
          {
            "time": "2010-01-12T13:50:00+00:00",
            "course": 354.3,
            "speed": 2.5,
            "depth": 0.0
          },
          {
            "time": "2010-01-12T13:50:50+00:00",
            "course": 354.3,
            "speed": 2.5,
            "depth": 0.0
          },
          {
            "time": "2010-01-12T13:51:40+00:00",
            "course": 354.3,
            "speed": 2.5,
            "depth": 0.0
          },
          {
            "time": "2010-01-12T13:52:30+00:00",
            "course": 354.3,
            "speed": 2.5,
            "depth": 0.0
          },
          {
            "time": "2010-01-12T13:53:20+00:00",
            "course": 354.3,
            "speed": 2.5,
            "depth": 0.0
          },
          {
            "time": "2010-01-12T13:54:10+00:00",
            "course": 354.3,
            "speed": 2.5,
            "depth": 0.0
          },
          {
            "time": "2010-01-12T13:55:00+00:00",
            "course": 354.3,
            "speed": 2.5,
            "depth": 0.0
          },
          {
            "time": "2010-01-12T13:55:50+00:00",
            "course": 354.3,
            "speed": 2.5,
            "depth": 0.0
          },
          {
            "time": "2010-01-12T13:56:40+00:00",
            "course": 354.3,
            "speed": 2.5,
            "depth": 0.0
          },
          {
            "time": "2010-01-12T13:57:30+00:00",
            "course": 354.3,
            "speed": 2.5,
            "depth": 0.0
          },
          {
            "time": "2010-01-12T13:58:20+00:00",
            "course": 354.3,
            "speed": 2.5,
            "depth": 0.0
          },
          {
            "time": "2010-01-12T13:59:10+00:00",
            "course": 354.3,
            "speed": 2.5,
            "depth": 0.0
          },
          {
            "time": "2010-01-12T14:00:00+00:00",
            "course": 354.3,
            "speed": 2.5,
            "depth": 0.0
          }
        ],
        "style": {
          "line": {
            "color": "#808080"
          },
          "point": {
            "shape": "circle",
            "radius": 3.0,
            "fill_color": "#808080",
            "color": "#808080"
          }
        },
        "default_position_style": {
          "show_symbol": false,
          "symbol": "circle",
          "show_label": false
        },
        "symbol_interval": "PT10M",
        "label_interval": "PT30M"
      }
    },
    {
      "type": "Feature",
      "id": "d32e0149-69cf-405b-b19e-47ec22646c3a",
      "geometry": null,
      "properties": {
        "kind": "SENSOR_CONTACT",
        "parent_track": "SENSOR",
        "sensor_name": "NB_BRG",
        "bearing": 180.0,
        "time": "2010-01-12T12:00:00+00:00",
        "label": "SUBJECT held on NB_BRG"
      }
    },
    {
      "type": "Feature",
      "id": "43b8d573-5849-4099-8650-b02a52b9fc1b",
      "geometry": null,
      "properties": {
        "kind": "SENSOR_CONTACT",
        "parent_track": "SENSOR",
        "sensor_name": "NB_BRG",
        "bearing": -179.5,
        "time": "2010-01-12T12:00:50+00:00",
        "label": "SUBJECT held on NB_BRG"
      }
    },
    {
      "type": "Feature",
      "id": "9f3125e7-a885-4170-b9f4-1d9a2a46e09f",
      "geometry": null,
      "properties": {
        "kind": "SENSOR_CONTACT",
        "parent_track": "SENSOR",
        "sensor_name": "NB_BRG",
        "bearing": -179.0,
        "time": "2010-01-12T12:01:40+00:00",
        "label": "SUBJECT held on NB_BRG"
      }
    },
    {
      "type": "Feature",
      "id": "37121b84-d279-4c68-aa32-e96350b7a263",
      "geometry": null,
      "properties": {
        "kind": "SENSOR_CONTACT",
        "parent_track": "SENSOR",
        "sensor_name": "NB_BRG",
        "bearing": -178.4,
        "time": "2010-01-12T12:02:30+00:00",
        "label": "SUBJECT held on NB_BRG"
      }
    },
    {
      "type": "Feature",
      "id": "3dcad41b-53fd-4c9e-9b18-97d18f339e2d",
      "geometry": null,
      "properties": {
        "kind": "SENSOR_CONTACT",
        "parent_track": "SENSOR",
        "sensor_name": "NB_BRG",
        "bearing": -177.9,
        "time": "2010-01-12T12:03:20+00:00",
        "label": "SUBJECT held on NB_BRG"
      }
    },
    {
      "type": "Feature",
      "id": "d6b57e7e-5be4-46b7-9308-df163ed1d8e7",
      "geometry": null,
      "properties": {
        "kind": "SENSOR_CONTACT",
        "parent_track": "SENSOR",
        "sensor_name": "NB_BRG",
        "bearing": -177.3,
        "time": "2010-01-12T12:04:10+00:00",
        "label": "SUBJECT held on NB_BRG"
      }
    },
    {
      "type": "Feature",
      "id": "348864ed-a45f-4dbe-9a0e-53abc149e5dc",
      "geometry": null,
      "properties": {
        "kind": "SENSOR_CONTACT",
        "parent_track": "SENSOR",
        "sensor_name": "NB_BRG",
        "bearing": -176.7,
        "time": "2010-01-12T12:05:00+00:00",
        "label": "SUBJECT held on NB_BRG"
      }
    },
    {
      "type": "Feature",
      "id": "b5bbd719-0b76-4a89-a124-fa93955306c3",
      "geometry": null,
      "properties": {
        "kind": "SENSOR_CONTACT",
        "parent_track": "SENSOR",
        "sensor_name": "NB_BRG",
        "bearing": -176.1,
        "time": "2010-01-12T12:05:50+00:00",
        "label": "SUBJECT held on NB_BRG"
      }
    },
    {
      "type": "Feature",
      "id": "433d0e15-db5c-4d45-97db-a8a37d578ca4",
      "geometry": null,
      "properties": {
        "kind": "SENSOR_CONTACT",
        "parent_track": "SENSOR",
        "sensor_name": "NB_BRG",
        "bearing": -175.5,
        "time": "2010-01-12T12:06:40+00:00",
        "label": "SUBJECT held on NB_BRG"
      }
    },
    {
      "type": "Feature",
      "id": "73fcdf9d-9ed0-4a00-9930-8b1971728983",
      "geometry": null,
      "properties": {
        "kind": "SENSOR_CONTACT",
        "parent_track": "SENSOR",
        "sensor_name": "NB_BRG",
        "bearing": -174.9,
        "time": "2010-01-12T12:07:30+00:00",
        "label": "SUBJECT held on NB_BRG"
      }
    },
    {
      "type": "Feature",
      "id": "d864e0ff-c008-4bc4-8443-e76fbd96c7d4",
      "geometry": null,
      "properties": {
        "kind": "SENSOR_CONTACT",
        "parent_track": "SENSOR",
        "sensor_name": "NB_BRG",
        "bearing": -174.3,
        "time": "2010-01-12T12:08:20+00:00",
        "label": "SUBJECT held on NB_BRG"
      }
    },
    {
      "type": "Feature",
      "id": "123a7e5a-09c3-46d3-abc2-1bc96c3bfa35",
      "geometry": null,
      "properties": {
        "kind": "SENSOR_CONTACT",
        "parent_track": "SENSOR",
        "sensor_name": "NB_BRG",
        "bearing": -173.7,
        "time": "2010-01-12T12:09:10+00:00",
        "label": "SUBJECT held on NB_BRG"
      }
    },
    {
      "type": "Feature",
      "id": "68e845ba-2cdb-4bbc-8865-c42c2674e665",
      "geometry": null,
      "properties": {
        "kind": "SENSOR_CONTACT",
        "parent_track": "SENSOR",
        "sensor_name": "NB_BRG",
        "bearing": -173.1,
        "time": "2010-01-12T12:10:00+00:00",
        "label": "SUBJECT held on NB_BRG"
      }
    },
    {
      "type": "Feature",
      "id": "d94d8d1d-7d77-401d-87c6-48639ab9e7f0",
      "geometry": null,
      "properties": {
        "kind": "SENSOR_CONTACT",
        "parent_track": "SENSOR",
        "sensor_name": "NB_BRG",
        "bearing": -172.5,
        "time": "2010-01-12T12:10:50+00:00",
        "label": "SUBJECT held on NB_BRG"
      }
    },
    {
      "type": "Feature",
      "id": "e3e67cfa-3b67-4961-875d-c91f96891ff1",
      "geometry": null,
      "properties": {
        "kind": "SENSOR_CONTACT",
        "parent_track": "SENSOR",
        "sensor_name": "NB_BRG",
        "bearing": -171.9,
        "time": "2010-01-12T12:11:40+00:00",
        "label": "SUBJECT held on NB_BRG"
      }
    },
    {
      "type": "Feature",
      "id": "502e8bb5-c226-4967-9c4c-dc7160858a41",
      "geometry": null,
      "properties": {
        "kind": "SENSOR_CONTACT",
        "parent_track": "SENSOR",
        "sensor_name": "NB_BRG",
        "bearing": -171.4,
        "time": "2010-01-12T12:12:30+00:00",
        "label": "SUBJECT held on NB_BRG"
      }
    },
    {
      "type": "Feature",
      "id": "c3d9aeb9-1d4a-43c7-9a23-a739fd294be9",
      "geometry": null,
      "properties": {
        "kind": "SENSOR_CONTACT",
        "parent_track": "SENSOR",
        "sensor_name": "NB_BRG",
        "bearing": -170.8,
        "time": "2010-01-12T12:13:20+00:00",
        "label": "SUBJECT held on NB_BRG"
      }
    },
    {
      "type": "Feature",
      "id": "98f70f6d-ce01-478b-8c34-c083e42fe7dd",
      "geometry": null,
      "properties": {
        "kind": "SENSOR_CONTACT",
        "parent_track": "SENSOR",
        "sensor_name": "NB_BRG",
        "bearing": -170.3,
        "time": "2010-01-12T12:14:10+00:00",
        "label": "SUBJECT held on NB_BRG"
      }
    },
    {
      "type": "Feature",
      "id": "17996507-28c1-414a-81e4-ea266ba77695",
      "geometry": null,
      "properties": {
        "kind": "SENSOR_CONTACT",
        "parent_track": "SENSOR",
        "sensor_name": "NB_BRG",
        "bearing": -169.8,
        "time": "2010-01-12T12:15:00+00:00",
        "label": "SUBJECT held on NB_BRG"
      }
    },
    {
      "type": "Feature",
      "id": "0b715100-d679-4ec8-973f-8abb0f99ebfc",
      "geometry": null,
      "properties": {
        "kind": "SENSOR_CONTACT",
        "parent_track": "SENSOR",
        "sensor_name": "NB_BRG",
        "bearing": -169.3,
        "time": "2010-01-12T12:15:50+00:00",
        "label": "SUBJECT held on NB_BRG"
      }
    },
    {
      "type": "Feature",
      "id": "3479f5f5-74b8-4705-b660-6fd46a0e0ccb",
      "geometry": null,
      "properties": {
        "kind": "SENSOR_CONTACT",
        "parent_track": "SENSOR",
        "sensor_name": "NB_BRG",
        "bearing": -168.8,
        "time": "2010-01-12T12:16:40+00:00",
        "label": "SUBJECT held on NB_BRG"
      }
    },
    {
      "type": "Feature",
      "id": "ecea7a1f-e351-470f-aae1-f087f7c71145",
      "geometry": null,
      "properties": {
        "kind": "SENSOR_CONTACT",
        "parent_track": "SENSOR",
        "sensor_name": "NB_BRG",
        "bearing": -168.3,
        "time": "2010-01-12T12:17:30+00:00",
        "label": "SUBJECT held on NB_BRG"
      }
    },
    {
      "type": "Feature",
      "id": "6ac1e412-d4c3-463e-a50f-68a3c0a4959c",
      "geometry": null,
      "properties": {
        "kind": "SENSOR_CONTACT",
        "parent_track": "SENSOR",
        "sensor_name": "NB_BRG",
        "bearing": -167.8,
        "time": "2010-01-12T12:18:20+00:00",
        "label": "SUBJECT held on NB_BRG"
      }
    },
    {
      "type": "Feature",
      "id": "fc65f1ee-08be-4695-85d4-b9cf3a29b66e",
      "geometry": null,
      "properties": {
        "kind": "SENSOR_CONTACT",
        "parent_track": "SENSOR",
        "sensor_name": "NB_BRG",
        "bearing": -167.3,
        "time": "2010-01-12T12:19:10+00:00",
        "label": "SUBJECT held on NB_BRG"
      }
    },
    {
      "type": "Feature",
      "id": "26e042e4-381b-49bd-96f6-1d5e7e0ce5d9",
      "geometry": null,
      "properties": {
        "kind": "SENSOR_CONTACT",
        "parent_track": "SENSOR",
        "sensor_name": "NB_BRG",
        "bearing": -166.8,
        "time": "2010-01-12T12:20:00+00:00",
        "label": "SUBJECT held on NB_BRG"
      }
    },
    {
      "type": "Feature",
      "id": "81304873-742e-4848-8a05-ed11ccd89030",
      "geometry": null,
      "properties": {
        "kind": "SENSOR_CONTACT",
        "parent_track": "SENSOR",
        "sensor_name": "NB_BRG",
        "bearing": -166.2,
        "time": "2010-01-12T12:20:50+00:00",
        "label": "SUBJECT held on NB_BRG"
      }
    },
    {
      "type": "Feature",
      "id": "8e09ac9b-1f8e-41dd-8aad-6c58e65c3ab5",
      "geometry": null,
      "properties": {
        "kind": "SENSOR_CONTACT",
        "parent_track": "SENSOR",
        "sensor_name": "NB_BRG",
        "bearing": -165.6,
        "time": "2010-01-12T12:21:40+00:00",
        "label": "SUBJECT held on NB_BRG"
      }
    },
    {
      "type": "Feature",
      "id": "4dcc9b55-3fa3-414d-9060-e45b0c8c5b09",
      "geometry": null,
      "properties": {
        "kind": "SENSOR_CONTACT",
        "parent_track": "SENSOR",
        "sensor_name": "NB_BRG",
        "bearing": -165.1,
        "time": "2010-01-12T12:22:30+00:00",
        "label": "SUBJECT held on NB_BRG"
      }
    },
    {
      "type": "Feature",
      "id": "bb27bca9-01b6-47a2-bc66-c6000b09d761",
      "geometry": null,
      "properties": {
        "kind": "SENSOR_CONTACT",
        "parent_track": "SENSOR",
        "sensor_name": "NB_BRG",
        "bearing": -164.5,
        "time": "2010-01-12T12:23:20+00:00",
        "label": "SUBJECT held on NB_BRG"
      }
    },
    {
      "type": "Feature",
      "id": "d7b3fcf3-da32-4a81-b637-2649adc78975",
      "geometry": null,
      "properties": {
        "kind": "SENSOR_CONTACT",
        "parent_track": "SENSOR",
        "sensor_name": "NB_BRG",
        "bearing": -163.9,
        "time": "2010-01-12T12:24:10+00:00",
        "label": "SUBJECT held on NB_BRG"
      }
    },
    {
      "type": "Feature",
      "id": "fa9f6834-b0d4-4839-b0fd-4ade3484161e",
      "geometry": null,
      "properties": {
        "kind": "SENSOR_CONTACT",
        "parent_track": "SENSOR",
        "sensor_name": "NB_BRG",
        "bearing": -163.2,
        "time": "2010-01-12T12:25:00+00:00",
        "label": "SUBJECT held on NB_BRG"
      }
    },
    {
      "type": "Feature",
      "id": "934e5ec1-5009-422a-a63d-7673c2673096",
      "geometry": null,
      "properties": {
        "kind": "SENSOR_CONTACT",
        "parent_track": "SENSOR",
        "sensor_name": "NB_BRG",
        "bearing": -162.6,
        "time": "2010-01-12T12:25:50+00:00",
        "label": "SUBJECT held on NB_BRG"
      }
    },
    {
      "type": "Feature",
      "id": "99d6eba1-d692-4a20-85c0-e1b8f55cbd80",
      "geometry": null,
      "properties": {
        "kind": "SENSOR_CONTACT",
        "parent_track": "SENSOR",
        "sensor_name": "NB_BRG",
        "bearing": -162.0,
        "time": "2010-01-12T12:26:40+00:00",
        "label": "SUBJECT held on NB_BRG"
      }
    },
    {
      "type": "Feature",
      "id": "be779f4c-33e6-4f20-9c90-ce3ef2311d80",
      "geometry": null,
      "properties": {
        "kind": "SENSOR_CONTACT",
        "parent_track": "SENSOR",
        "sensor_name": "NB_BRG",
        "bearing": -161.3,
        "time": "2010-01-12T12:27:30+00:00",
        "label": "SUBJECT held on NB_BRG"
      }
    },
    {
      "type": "Feature",
      "id": "745aaf55-f1cf-4059-8b44-0d1319d4a92c",
      "geometry": null,
      "properties": {
        "kind": "SENSOR_CONTACT",
        "parent_track": "SENSOR",
        "sensor_name": "NB_BRG",
        "bearing": -160.6,
        "time": "2010-01-12T12:28:20+00:00",
        "label": "SUBJECT held on NB_BRG"
      }
    },
    {
      "type": "Feature",
      "id": "9ad2eb88-806f-4863-b6d8-217474d3aace",
      "geometry": null,
      "properties": {
        "kind": "SENSOR_CONTACT",
        "parent_track": "SENSOR",
        "sensor_name": "NB_BRG",
        "bearing": -159.9,
        "time": "2010-01-12T12:29:10+00:00",
        "label": "SUBJECT held on NB_BRG"
      }
    },
    {
      "type": "Feature",
      "id": "a72190fa-cbcc-49a3-8e0d-f72d2159c85f",
      "geometry": null,
      "properties": {
        "kind": "SENSOR_CONTACT",
        "parent_track": "SENSOR",
        "sensor_name": "NB_BRG",
        "bearing": -159.2,
        "time": "2010-01-12T12:30:00+00:00",
        "label": "SUBJECT held on NB_BRG"
      }
    },
    {
      "type": "Feature",
      "id": "0847c201-2868-4c8b-864a-b0e3dc418246",
      "geometry": null,
      "properties": {
        "kind": "SENSOR_CONTACT",
        "parent_track": "SENSOR",
        "sensor_name": "NB_BRG",
        "bearing": -158.5,
        "time": "2010-01-12T12:30:50+00:00",
        "label": "SUBJECT held on NB_BRG"
      }
    },
    {
      "type": "Feature",
      "id": "f514c542-a487-427e-911a-29f3f613ba47",
      "geometry": null,
      "properties": {
        "kind": "SENSOR_CONTACT",
        "parent_track": "SENSOR",
        "sensor_name": "NB_BRG",
        "bearing": -157.7,
        "time": "2010-01-12T12:31:40+00:00",
        "label": "SUBJECT held on NB_BRG"
      }
    },
    {
      "type": "Feature",
      "id": "95faf6f2-1157-459f-b2e7-aae668cdf77d",
      "geometry": null,
      "properties": {
        "kind": "SENSOR_CONTACT",
        "parent_track": "SENSOR",
        "sensor_name": "NB_BRG",
        "bearing": -157.0,
        "time": "2010-01-12T12:32:30+00:00",
        "label": "SUBJECT held on NB_BRG"
      }
    },
    {
      "type": "Feature",
      "id": "4538fdaf-220a-49d5-b417-f42a8f67d2f7",
      "geometry": null,
      "properties": {
        "kind": "SENSOR_CONTACT",
        "parent_track": "SENSOR",
        "sensor_name": "NB_BRG",
        "bearing": -156.2,
        "time": "2010-01-12T12:33:20+00:00",
        "label": "SUBJECT held on NB_BRG"
      }
    },
    {
      "type": "Feature",
      "id": "756f2d95-c148-4708-9431-09ba63986d72",
      "geometry": null,
      "properties": {
        "kind": "SENSOR_CONTACT",
        "parent_track": "SENSOR",
        "sensor_name": "NB_BRG",
        "bearing": -155.4,
        "time": "2010-01-12T12:34:10+00:00",
        "label": "SUBJECT held on NB_BRG"
      }
    },
    {
      "type": "Feature",
      "id": "1a37840e-d03f-40cc-a585-273c9ceaf989",
      "geometry": null,
      "properties": {
        "kind": "SENSOR_CONTACT",
        "parent_track": "SENSOR",
        "sensor_name": "NB_BRG",
        "bearing": -154.6,
        "time": "2010-01-12T12:35:00+00:00",
        "label": "SUBJECT held on NB_BRG"
      }
    },
    {
      "type": "Feature",
      "id": "bf3c8f16-d4d3-4e5b-be8b-b82dc85251b9",
      "geometry": null,
      "properties": {
        "kind": "SENSOR_CONTACT",
        "parent_track": "SENSOR",
        "sensor_name": "NB_BRG",
        "bearing": -153.7,
        "time": "2010-01-12T12:35:50+00:00",
        "label": "SUBJECT held on NB_BRG"
      }
    },
    {
      "type": "Feature",
      "id": "cc06cd87-288f-4af5-9078-951a25a5af76",
      "geometry": null,
      "properties": {
        "kind": "SENSOR_CONTACT",
        "parent_track": "SENSOR",
        "sensor_name": "NB_BRG",
        "bearing": -152.9,
        "time": "2010-01-12T12:36:40+00:00",
        "label": "SUBJECT held on NB_BRG"
      }
    },
    {
      "type": "Feature",
      "id": "6c97e8bc-b624-4d05-a0ad-ee5a84f12a89",
      "geometry": null,
      "properties": {
        "kind": "SENSOR_CONTACT",
        "parent_track": "SENSOR",
        "sensor_name": "NB_BRG",
        "bearing": -152.2,
        "time": "2010-01-12T12:37:30+00:00",
        "label": "SUBJECT held on NB_BRG"
      }
    },
    {
      "type": "Feature",
      "id": "5eac0abd-ca07-42e0-a408-62bc48e079e0",
      "geometry": null,
      "properties": {
        "kind": "SENSOR_CONTACT",
        "parent_track": "SENSOR",
        "sensor_name": "NB_BRG",
        "bearing": -151.6,
        "time": "2010-01-12T12:38:20+00:00",
        "label": "SUBJECT held on NB_BRG"
      }
    },
    {
      "type": "Feature",
      "id": "c589c574-3f3d-4bbe-a11e-84b68efdf309",
      "geometry": null,
      "properties": {
        "kind": "SENSOR_CONTACT",
        "parent_track": "SENSOR",
        "sensor_name": "NB_BRG",
        "bearing": -151.0,
        "time": "2010-01-12T12:39:10+00:00",
        "label": "SUBJECT held on NB_BRG"
      }
    },
    {
      "type": "Feature",
      "id": "6230af61-4414-40d4-a9ed-d8bd88e31b73",
      "geometry": null,
      "properties": {
        "kind": "SENSOR_CONTACT",
        "parent_track": "SENSOR",
        "sensor_name": "NB_BRG",
        "bearing": -150.3,
        "time": "2010-01-12T12:40:00+00:00",
        "label": "SUBJECT held on NB_BRG"
      }
    },
    {
      "type": "Feature",
      "id": "5c7c1929-1af8-445a-abd9-c4f77b395f65",
      "geometry": null,
      "properties": {
        "kind": "SENSOR_CONTACT",
        "parent_track": "SENSOR",
        "sensor_name": "NB_BRG",
        "bearing": -149.7,
        "time": "2010-01-12T12:40:50+00:00",
        "label": "SUBJECT held on NB_BRG"
      }
    },
    {
      "type": "Feature",
      "id": "fe911771-2cce-47e8-950b-d47a05cf60ef",
      "geometry": null,
      "properties": {
        "kind": "SENSOR_CONTACT",
        "parent_track": "SENSOR",
        "sensor_name": "NB_BRG",
        "bearing": -149.0,
        "time": "2010-01-12T12:41:40+00:00",
        "label": "SUBJECT held on NB_BRG"
      }
    },
    {
      "type": "Feature",
      "id": "42678657-2c86-42f5-9036-b0c4e6c21e57",
      "geometry": null,
      "properties": {
        "kind": "SENSOR_CONTACT",
        "parent_track": "SENSOR",
        "sensor_name": "NB_BRG",
        "bearing": -148.3,
        "time": "2010-01-12T12:42:30+00:00",
        "label": "SUBJECT held on NB_BRG"
      }
    },
    {
      "type": "Feature",
      "id": "f90c3637-d81b-4b28-ae19-1a30c466ef0f",
      "geometry": null,
      "properties": {
        "kind": "SENSOR_CONTACT",
        "parent_track": "SENSOR",
        "sensor_name": "NB_BRG",
        "bearing": -147.5,
        "time": "2010-01-12T12:43:20+00:00",
        "label": "SUBJECT held on NB_BRG"
      }
    },
    {
      "type": "Feature",
      "id": "9dd7c86b-df78-4373-b78c-ab34ad63a08e",
      "geometry": null,
      "properties": {
        "kind": "SENSOR_CONTACT",
        "parent_track": "SENSOR",
        "sensor_name": "NB_BRG",
        "bearing": -146.8,
        "time": "2010-01-12T12:44:10+00:00",
        "label": "SUBJECT held on NB_BRG"
      }
    },
    {
      "type": "Feature",
      "id": "5f083bef-e3f1-4500-8816-b2cfe335ad32",
      "geometry": null,
      "properties": {
        "kind": "SENSOR_CONTACT",
        "parent_track": "SENSOR",
        "sensor_name": "NB_BRG",
        "bearing": -145.9,
        "time": "2010-01-12T12:45:00+00:00",
        "label": "SUBJECT held on NB_BRG"
      }
    },
    {
      "type": "Feature",
      "id": "23ea7141-4dbf-4c09-b217-ecde28d07a9d",
      "geometry": null,
      "properties": {
        "kind": "SENSOR_CONTACT",
        "parent_track": "SENSOR",
        "sensor_name": "NB_BRG",
        "bearing": -145.1,
        "time": "2010-01-12T12:45:50+00:00",
        "label": "SUBJECT held on NB_BRG"
      }
    },
    {
      "type": "Feature",
      "id": "c1d9b2c7-11e1-48ef-a604-39cbc367e30b",
      "geometry": null,
      "properties": {
        "kind": "SENSOR_CONTACT",
        "parent_track": "SENSOR",
        "sensor_name": "NB_BRG",
        "bearing": -144.2,
        "time": "2010-01-12T12:46:40+00:00",
        "label": "SUBJECT held on NB_BRG"
      }
    },
    {
      "type": "Feature",
      "id": "3350c81b-46e6-4dc7-bef4-fe3caa5844be",
      "geometry": null,
      "properties": {
        "kind": "SENSOR_CONTACT",
        "parent_track": "SENSOR",
        "sensor_name": "NB_BRG",
        "bearing": -143.3,
        "time": "2010-01-12T12:47:30+00:00",
        "label": "SUBJECT held on NB_BRG"
      }
    },
    {
      "type": "Feature",
      "id": "87443ed5-fe72-48f3-aeb6-569fdc212d8e",
      "geometry": null,
      "properties": {
        "kind": "SENSOR_CONTACT",
        "parent_track": "SENSOR",
        "sensor_name": "NB_BRG",
        "bearing": -142.4,
        "time": "2010-01-12T12:48:20+00:00",
        "label": "SUBJECT held on NB_BRG"
      }
    },
    {
      "type": "Feature",
      "id": "2b4ec1c9-5162-4145-a9ad-e8297e95aeb7",
      "geometry": null,
      "properties": {
        "kind": "SENSOR_CONTACT",
        "parent_track": "SENSOR",
        "sensor_name": "NB_BRG",
        "bearing": -141.4,
        "time": "2010-01-12T12:49:10+00:00",
        "label": "SUBJECT held on NB_BRG"
      }
    },
    {
      "type": "Feature",
      "id": "71d003a8-44c0-498f-b3b5-34c9af880c72",
      "geometry": null,
      "properties": {
        "kind": "SENSOR_CONTACT",
        "parent_track": "SENSOR",
        "sensor_name": "NB_BRG",
        "bearing": -140.4,
        "time": "2010-01-12T12:50:00+00:00",
        "label": "SUBJECT held on NB_BRG"
      }
    },
    {
      "type": "Feature",
      "id": "ec8e7572-36a3-416a-a6c2-8bc660ae9f6d",
      "geometry": null,
      "properties": {
        "kind": "SENSOR_CONTACT",
        "parent_track": "SENSOR",
        "sensor_name": "NB_BRG",
        "bearing": -139.3,
        "time": "2010-01-12T12:50:50+00:00",
        "label": "SUBJECT held on NB_BRG"
      }
    },
    {
      "type": "Feature",
      "id": "70977636-e812-49b2-95d5-42e86e1dc13b",
      "geometry": null,
      "properties": {
        "kind": "SENSOR_CONTACT",
        "parent_track": "SENSOR",
        "sensor_name": "NB_BRG",
        "bearing": -138.2,
        "time": "2010-01-12T12:51:40+00:00",
        "label": "SUBJECT held on NB_BRG"
      }
    },
    {
      "type": "Feature",
      "id": "6142b53b-0881-4edb-9a78-669ae825c519",
      "geometry": null,
      "properties": {
        "kind": "SENSOR_CONTACT",
        "parent_track": "SENSOR",
        "sensor_name": "NB_BRG",
        "bearing": -137.1,
        "time": "2010-01-12T12:52:30+00:00",
        "label": "SUBJECT held on NB_BRG"
      }
    },
    {
      "type": "Feature",
      "id": "40963208-f900-4c83-8347-0e6ad70a9878",
      "geometry": null,
      "properties": {
        "kind": "SENSOR_CONTACT",
        "parent_track": "SENSOR",
        "sensor_name": "NB_BRG",
        "bearing": -135.9,
        "time": "2010-01-12T12:53:20+00:00",
        "label": "SUBJECT held on NB_BRG"
      }
    },
    {
      "type": "Feature",
      "id": "7d4765aa-3aaf-4ccd-b097-3a2140694d0d",
      "geometry": null,
      "properties": {
        "kind": "SENSOR_CONTACT",
        "parent_track": "SENSOR",
        "sensor_name": "NB_BRG",
        "bearing": -134.6,
        "time": "2010-01-12T12:54:10+00:00",
        "label": "SUBJECT held on NB_BRG"
      }
    },
    {
      "type": "Feature",
      "id": "24c8822b-f158-4c35-bfda-4020208a97b9",
      "geometry": null,
      "properties": {
        "kind": "SENSOR_CONTACT",
        "parent_track": "SENSOR",
        "sensor_name": "NB_BRG",
        "bearing": -133.3,
        "time": "2010-01-12T12:55:00+00:00",
        "label": "SUBJECT held on NB_BRG"
      }
    },
    {
      "type": "Feature",
      "id": "1b6a74a5-ed29-49e2-b408-1d5c220e926e",
      "geometry": null,
      "properties": {
        "kind": "SENSOR_CONTACT",
        "parent_track": "SENSOR",
        "sensor_name": "NB_BRG",
        "bearing": -131.9,
        "time": "2010-01-12T12:55:50+00:00",
        "label": "SUBJECT held on NB_BRG"
      }
    },
    {
      "type": "Feature",
      "id": "8a753354-327e-4395-afad-9681415df532",
      "geometry": null,
      "properties": {
        "kind": "SENSOR_CONTACT",
        "parent_track": "SENSOR",
        "sensor_name": "NB_BRG",
        "bearing": -130.5,
        "time": "2010-01-12T12:56:40+00:00",
        "label": "SUBJECT held on NB_BRG"
      }
    },
    {
      "type": "Feature",
      "id": "a60a2d96-96ee-4660-8db9-e82df93151cc",
      "geometry": null,
      "properties": {
        "kind": "SENSOR_CONTACT",
        "parent_track": "SENSOR",
        "sensor_name": "NB_BRG",
        "bearing": -129.0,
        "time": "2010-01-12T12:57:30+00:00",
        "label": "SUBJECT held on NB_BRG"
      }
    },
    {
      "type": "Feature",
      "id": "c32d144d-7772-476a-a3c5-b4764354ed90",
      "geometry": null,
      "properties": {
        "kind": "SENSOR_CONTACT",
        "parent_track": "SENSOR",
        "sensor_name": "NB_BRG",
        "bearing": -127.5,
        "time": "2010-01-12T12:58:20+00:00",
        "label": "SUBJECT held on NB_BRG"
      }
    },
    {
      "type": "Feature",
      "id": "69fc844f-62f1-493a-9292-3127d912b74d",
      "geometry": null,
      "properties": {
        "kind": "SENSOR_CONTACT",
        "parent_track": "SENSOR",
        "sensor_name": "NB_BRG",
        "bearing": -125.9,
        "time": "2010-01-12T12:59:10+00:00",
        "label": "SUBJECT held on NB_BRG"
      }
    },
    {
      "type": "Feature",
      "id": "0b01c7e4-40c9-4e95-80b3-96f5cae18fcf",
      "geometry": null,
      "properties": {
        "kind": "SENSOR_CONTACT",
        "parent_track": "SENSOR",
        "sensor_name": "NB_BRG",
        "bearing": -124.2,
        "time": "2010-01-12T13:00:00+00:00",
        "label": "SUBJECT held on NB_BRG"
      }
    },
    {
      "type": "Feature",
      "id": "2fc795f4-3d14-495c-af71-d0b31ef5bd37",
      "geometry": null,
      "properties": {
        "kind": "SENSOR_CONTACT",
        "parent_track": "SENSOR",
        "sensor_name": "NB_BRG",
        "bearing": -122.5,
        "time": "2010-01-12T13:00:50+00:00",
        "label": "SUBJECT held on NB_BRG"
      }
    },
    {
      "type": "Feature",
      "id": "2d901c7b-2ab0-49ef-a37b-347118b4efba",
      "geometry": null,
      "properties": {
        "kind": "SENSOR_CONTACT",
        "parent_track": "SENSOR",
        "sensor_name": "NB_BRG",
        "bearing": -120.7,
        "time": "2010-01-12T13:01:40+00:00",
        "label": "SUBJECT held on NB_BRG"
      }
    },
    {
      "type": "Feature",
      "id": "0e3fcb1d-7454-4489-be37-82c1d5c2351e",
      "geometry": null,
      "properties": {
        "kind": "SENSOR_CONTACT",
        "parent_track": "SENSOR",
        "sensor_name": "NB_BRG",
        "bearing": -118.8,
        "time": "2010-01-12T13:02:30+00:00",
        "label": "SUBJECT held on NB_BRG"
      }
    },
    {
      "type": "Feature",
      "id": "56afa95d-5bf8-46fd-969c-0be95b204535",
      "geometry": null,
      "properties": {
        "kind": "SENSOR_CONTACT",
        "parent_track": "SENSOR",
        "sensor_name": "NB_BRG",
        "bearing": -116.9,
        "time": "2010-01-12T13:03:20+00:00",
        "label": "SUBJECT held on NB_BRG"
      }
    },
    {
      "type": "Feature",
      "id": "f001ba02-71eb-4689-bfb1-fe9c60f8c02a",
      "geometry": null,
      "properties": {
        "kind": "SENSOR_CONTACT",
        "parent_track": "SENSOR",
        "sensor_name": "NB_BRG",
        "bearing": -114.9,
        "time": "2010-01-12T13:04:10+00:00",
        "label": "SUBJECT held on NB_BRG"
      }
    },
    {
      "type": "Feature",
      "id": "d808a3c6-63c1-4ea2-841f-f94dc2d2916f",
      "geometry": null,
      "properties": {
        "kind": "SENSOR_CONTACT",
        "parent_track": "SENSOR",
        "sensor_name": "NB_BRG",
        "bearing": -112.9,
        "time": "2010-01-12T13:05:00+00:00",
        "label": "SUBJECT held on NB_BRG"
      }
    },
    {
      "type": "Feature",
      "id": "998afaaf-1fea-4a5e-a528-a7f14d06fb28",
      "geometry": null,
      "properties": {
        "kind": "SENSOR_CONTACT",
        "parent_track": "SENSOR",
        "sensor_name": "NB_BRG",
        "bearing": -110.8,
        "time": "2010-01-12T13:05:50+00:00",
        "label": "SUBJECT held on NB_BRG"
      }
    },
    {
      "type": "Feature",
      "id": "d755725f-9eba-40fe-9817-f34193830aea",
      "geometry": null,
      "properties": {
        "kind": "SENSOR_CONTACT",
        "parent_track": "SENSOR",
        "sensor_name": "NB_BRG",
        "bearing": -108.6,
        "time": "2010-01-12T13:06:40+00:00",
        "label": "SUBJECT held on NB_BRG"
      }
    },
    {
      "type": "Feature",
      "id": "44e32cb6-1dae-4dce-8271-035f285c2874",
      "geometry": null,
      "properties": {
        "kind": "SENSOR_CONTACT",
        "parent_track": "SENSOR",
        "sensor_name": "NB_BRG",
        "bearing": -106.4,
        "time": "2010-01-12T13:07:30+00:00",
        "label": "SUBJECT held on NB_BRG"
      }
    },
    {
      "type": "Feature",
      "id": "a4a92cfe-9f94-4ba0-8284-7766b07befab",
      "geometry": null,
      "properties": {
        "kind": "SENSOR_CONTACT",
        "parent_track": "SENSOR",
        "sensor_name": "NB_BRG",
        "bearing": -104.1,
        "time": "2010-01-12T13:08:20+00:00",
        "label": "SUBJECT held on NB_BRG"
      }
    },
    {
      "type": "Feature",
      "id": "228889ca-4d31-4da6-9cf2-b1c523912e11",
      "geometry": null,
      "properties": {
        "kind": "SENSOR_CONTACT",
        "parent_track": "SENSOR",
        "sensor_name": "NB_BRG",
        "bearing": -101.9,
        "time": "2010-01-12T13:09:10+00:00",
        "label": "SUBJECT held on NB_BRG"
      }
    },
    {
      "type": "Feature",
      "id": "43b6cafa-f7ed-4adc-8051-446cf67b0b5e",
      "geometry": null,
      "properties": {
        "kind": "SENSOR_CONTACT",
        "parent_track": "SENSOR",
        "sensor_name": "NB_BRG",
        "bearing": -99.5,
        "time": "2010-01-12T13:10:00+00:00",
        "label": "SUBJECT held on NB_BRG"
      }
    },
    {
      "type": "Feature",
      "id": "e341ec4c-4b4b-4412-8fe9-e8470b44d927",
      "geometry": null,
      "properties": {
        "kind": "SENSOR_CONTACT",
        "parent_track": "SENSOR",
        "sensor_name": "NB_BRG",
        "bearing": -97.2,
        "time": "2010-01-12T13:10:50+00:00",
        "label": "SUBJECT held on NB_BRG"
      }
    },
    {
      "type": "Feature",
      "id": "070f7ce7-d85f-41cb-9179-47e1b79d7cb3",
      "geometry": null,
      "properties": {
        "kind": "SENSOR_CONTACT",
        "parent_track": "SENSOR",
        "sensor_name": "NB_BRG",
        "bearing": -94.8,
        "time": "2010-01-12T13:11:40+00:00",
        "label": "SUBJECT held on NB_BRG"
      }
    },
    {
      "type": "Feature",
      "id": "8df602fe-bd82-40d0-883e-8dd67c429556",
      "geometry": null,
      "properties": {
        "kind": "SENSOR_CONTACT",
        "parent_track": "SENSOR",
        "sensor_name": "NB_BRG",
        "bearing": -92.4,
        "time": "2010-01-12T13:12:30+00:00",
        "label": "SUBJECT held on NB_BRG"
      }
    },
    {
      "type": "Feature",
      "id": "73028015-71a6-404d-8441-51c6ff4051c9",
      "geometry": null,
      "properties": {
        "kind": "SENSOR_CONTACT",
        "parent_track": "SENSOR",
        "sensor_name": "NB_BRG",
        "bearing": -90.0,
        "time": "2010-01-12T13:13:20+00:00",
        "label": "SUBJECT held on NB_BRG"
      }
    },
    {
      "type": "Feature",
      "id": "e0d2a4bc-40fa-4dc0-a953-0016b185cfed",
      "geometry": null,
      "properties": {
        "kind": "SENSOR_CONTACT",
        "parent_track": "SENSOR",
        "sensor_name": "NB_BRG",
        "bearing": -87.7,
        "time": "2010-01-12T13:14:10+00:00",
        "label": "SUBJECT held on NB_BRG"
      }
    },
    {
      "type": "Feature",
      "id": "8d88228d-c1f2-49c0-bc0e-0d47efa330d0",
      "geometry": null,
      "properties": {
        "kind": "SENSOR_CONTACT",
        "parent_track": "SENSOR",
        "sensor_name": "NB_BRG",
        "bearing": -85.3,
        "time": "2010-01-12T13:15:00+00:00",
        "label": "SUBJECT held on NB_BRG"
      }
    },
    {
      "type": "Feature",
      "id": "a835f65a-9889-4f42-888b-643836c7aaea",
      "geometry": null,
      "properties": {
        "kind": "SENSOR_CONTACT",
        "parent_track": "SENSOR",
        "sensor_name": "NB_BRG",
        "bearing": -83.0,
        "time": "2010-01-12T13:15:50+00:00",
        "label": "SUBJECT held on NB_BRG"
      }
    },
    {
      "type": "Feature",
      "id": "f7314e9d-a119-40c0-af4a-0c3aece4d2c6",
      "geometry": null,
      "properties": {
        "kind": "SENSOR_CONTACT",
        "parent_track": "SENSOR",
        "sensor_name": "NB_BRG",
        "bearing": -80.6,
        "time": "2010-01-12T13:16:40+00:00",
        "label": "SUBJECT held on NB_BRG"
      }
    },
    {
      "type": "Feature",
      "id": "7b8ee88c-c5ed-4ce6-89d3-b75e9cdbc809",
      "geometry": null,
      "properties": {
        "kind": "SENSOR_CONTACT",
        "parent_track": "SENSOR",
        "sensor_name": "NB_BRG",
        "bearing": -78.4,
        "time": "2010-01-12T13:17:30+00:00",
        "label": "SUBJECT held on NB_BRG"
      }
    },
    {
      "type": "Feature",
      "id": "962bdbf1-9ac9-41e0-9f3e-fe0c87ca4b0c",
      "geometry": null,
      "properties": {
        "kind": "SENSOR_CONTACT",
        "parent_track": "SENSOR",
        "sensor_name": "NB_BRG",
        "bearing": -76.1,
        "time": "2010-01-12T13:18:20+00:00",
        "label": "SUBJECT held on NB_BRG"
      }
    },
    {
      "type": "Feature",
      "id": "25707486-0754-4654-b2b4-78c45d097cdd",
      "geometry": null,
      "properties": {
        "kind": "SENSOR_CONTACT",
        "parent_track": "SENSOR",
        "sensor_name": "NB_BRG",
        "bearing": -74.0,
        "time": "2010-01-12T13:19:10+00:00",
        "label": "SUBJECT held on NB_BRG"
      }
    },
    {
      "type": "Feature",
      "id": "ddb7c0e1-a02a-4b4a-b75c-8428b6195397",
      "geometry": null,
      "properties": {
        "kind": "SENSOR_CONTACT",
        "parent_track": "SENSOR",
        "sensor_name": "NB_BRG",
        "bearing": -71.8,
        "time": "2010-01-12T13:20:00+00:00",
        "label": "SUBJECT held on NB_BRG"
      }
    },
    {
      "type": "Feature",
      "id": "3da0ad30-d910-4857-85f7-815619d69553",
      "geometry": null,
      "properties": {
        "kind": "SENSOR_CONTACT",
        "parent_track": "SENSOR",
        "sensor_name": "NB_BRG",
        "bearing": -69.7,
        "time": "2010-01-12T13:20:50+00:00",
        "label": "SUBJECT held on NB_BRG"
      }
    },
    {
      "type": "Feature",
      "id": "ccf362ce-1755-42db-aa4d-e45a04ad0442",
      "geometry": null,
      "properties": {
        "kind": "SENSOR_CONTACT",
        "parent_track": "SENSOR",
        "sensor_name": "NB_BRG",
        "bearing": -67.8,
        "time": "2010-01-12T13:21:40+00:00",
        "label": "SUBJECT held on NB_BRG"
      }
    },
    {
      "type": "Feature",
      "id": "0a7caf7f-49ba-4fc1-9a24-6ca8fab3a6a9",
      "geometry": null,
      "properties": {
        "kind": "SENSOR_CONTACT",
        "parent_track": "SENSOR",
        "sensor_name": "NB_BRG",
        "bearing": -65.8,
        "time": "2010-01-12T13:22:30+00:00",
        "label": "SUBJECT held on NB_BRG"
      }
    },
    {
      "type": "Feature",
      "id": "3d32447f-1651-453c-8599-d4124550965d",
      "geometry": null,
      "properties": {
        "kind": "SENSOR_CONTACT",
        "parent_track": "SENSOR",
        "sensor_name": "NB_BRG",
        "bearing": -64.0,
        "time": "2010-01-12T13:23:20+00:00",
        "label": "SUBJECT held on NB_BRG"
      }
    },
    {
      "type": "Feature",
      "id": "f24b30b7-de4a-4e20-ae73-bcf7d9d0e5d4",
      "geometry": null,
      "properties": {
        "kind": "SENSOR_CONTACT",
        "parent_track": "SENSOR",
        "sensor_name": "NB_BRG",
        "bearing": -62.3,
        "time": "2010-01-12T13:24:10+00:00",
        "label": "SUBJECT held on NB_BRG"
      }
    },
    {
      "type": "Feature",
      "id": "af2300cb-3583-4245-b591-7f15fbe71e58",
      "geometry": null,
      "properties": {
        "kind": "SENSOR_CONTACT",
        "parent_track": "SENSOR",
        "sensor_name": "NB_BRG",
        "bearing": -60.7,
        "time": "2010-01-12T13:25:00+00:00",
        "label": "SUBJECT held on NB_BRG"
      }
    },
    {
      "type": "Feature",
      "id": "1a7b3833-1ec4-4919-90f7-f22b3d96fd66",
      "geometry": null,
      "properties": {
        "kind": "SENSOR_CONTACT",
        "parent_track": "SENSOR",
        "sensor_name": "NB_BRG",
        "bearing": -59.1,
        "time": "2010-01-12T13:25:50+00:00",
        "label": "SUBJECT held on NB_BRG"
      }
    },
    {
      "type": "Feature",
      "id": "b8ab8ca2-6faf-406c-995b-30e5d34a118d",
      "geometry": null,
      "properties": {
        "kind": "SENSOR_CONTACT",
        "parent_track": "SENSOR",
        "sensor_name": "NB_BRG",
        "bearing": -57.7,
        "time": "2010-01-12T13:26:40+00:00",
        "label": "SUBJECT held on NB_BRG"
      }
    },
    {
      "type": "Feature",
      "id": "c5da84d7-d9f5-4ce0-ba4e-2797f5679cb5",
      "geometry": null,
      "properties": {
        "kind": "SENSOR_CONTACT",
        "parent_track": "SENSOR",
        "sensor_name": "NB_BRG",
        "bearing": -56.4,
        "time": "2010-01-12T13:27:30+00:00",
        "label": "SUBJECT held on NB_BRG"
      }
    },
    {
      "type": "Feature",
      "id": "13096460-869c-4f87-b840-13268cd46d54",
      "geometry": null,
      "properties": {
        "kind": "SENSOR_CONTACT",
        "parent_track": "SENSOR",
        "sensor_name": "NB_BRG",
        "bearing": -55.1,
        "time": "2010-01-12T13:28:20+00:00",
        "label": "SUBJECT held on NB_BRG"
      }
    },
    {
      "type": "Feature",
      "id": "20b1a590-174a-442a-946d-accd0a2570ad",
      "geometry": null,
      "properties": {
        "kind": "SENSOR_CONTACT",
        "parent_track": "SENSOR",
        "sensor_name": "NB_BRG",
        "bearing": -54.0,
        "time": "2010-01-12T13:29:10+00:00",
        "label": "SUBJECT held on NB_BRG"
      }
    },
    {
      "type": "Feature",
      "id": "d354ec99-2610-4a5a-9185-dac2ad2584f2",
      "geometry": null,
      "properties": {
        "kind": "SENSOR_CONTACT",
        "parent_track": "SENSOR",
        "sensor_name": "NB_BRG",
        "bearing": -53.0,
        "time": "2010-01-12T13:30:00+00:00",
        "label": "SUBJECT held on NB_BRG"
      }
    },
    {
      "type": "Feature",
      "id": "303a9508-db59-42b4-bdfd-a0cd689b6db9",
      "geometry": null,
      "properties": {
        "kind": "SENSOR_CONTACT",
        "parent_track": "SENSOR",
        "sensor_name": "NB_BRG",
        "bearing": -52.0,
        "time": "2010-01-12T13:30:50+00:00",
        "label": "SUBJECT held on NB_BRG"
      }
    },
    {
      "type": "Feature",
      "id": "7f43c651-c309-4729-929d-f93867b7b9ca",
      "geometry": null,
      "properties": {
        "kind": "SENSOR_CONTACT",
        "parent_track": "SENSOR",
        "sensor_name": "NB_BRG",
        "bearing": -51.2,
        "time": "2010-01-12T13:31:40+00:00",
        "label": "SUBJECT held on NB_BRG"
      }
    },
    {
      "type": "Feature",
      "id": "7cd1a080-100d-4d1f-b28f-7fbeb3ef127d",
      "geometry": null,
      "properties": {
        "kind": "SENSOR_CONTACT",
        "parent_track": "SENSOR",
        "sensor_name": "NB_BRG",
        "bearing": -50.4,
        "time": "2010-01-12T13:32:30+00:00",
        "label": "SUBJECT held on NB_BRG"
      }
    },
    {
      "type": "Feature",
      "id": "f3593a17-2899-483f-8be6-6b625cf33529",
      "geometry": null,
      "properties": {
        "kind": "SENSOR_CONTACT",
        "parent_track": "SENSOR",
        "sensor_name": "NB_BRG",
        "bearing": -49.7,
        "time": "2010-01-12T13:33:20+00:00",
        "label": "SUBJECT held on NB_BRG"
      }
    },
    {
      "type": "Feature",
      "id": "4858b93c-3955-42a6-9964-108e1a5b18d8",
      "geometry": null,
      "properties": {
        "kind": "SENSOR_CONTACT",
        "parent_track": "SENSOR",
        "sensor_name": "NB_BRG",
        "bearing": -49.1,
        "time": "2010-01-12T13:34:10+00:00",
        "label": "SUBJECT held on NB_BRG"
      }
    },
    {
      "type": "Feature",
      "id": "4f803a18-91a4-415e-a464-2ff890d6cae0",
      "geometry": null,
      "properties": {
        "kind": "SENSOR_CONTACT",
        "parent_track": "SENSOR",
        "sensor_name": "NB_BRG",
        "bearing": -48.4,
        "time": "2010-01-12T13:35:00+00:00",
        "label": "SUBJECT held on NB_BRG"
      }
    },
    {
      "type": "Feature",
      "id": "f03610b7-94f2-431c-8508-1f9c832143d3",
      "geometry": null,
      "properties": {
        "kind": "SENSOR_CONTACT",
        "parent_track": "SENSOR",
        "sensor_name": "NB_BRG",
        "bearing": -47.8,
        "time": "2010-01-12T13:35:50+00:00",
        "label": "SUBJECT held on NB_BRG"
      }
    },
    {
      "type": "Feature",
      "id": "081391e7-a032-49c5-a499-95a4ff3065bf",
      "geometry": null,
      "properties": {
        "kind": "SENSOR_CONTACT",
        "parent_track": "SENSOR",
        "sensor_name": "NB_BRG",
        "bearing": -47.2,
        "time": "2010-01-12T13:36:40+00:00",
        "label": "SUBJECT held on NB_BRG"
      }
    },
    {
      "type": "Feature",
      "id": "be267b32-fa27-4ca1-8b62-0d1283060bce",
      "geometry": null,
      "properties": {
        "kind": "SENSOR_CONTACT",
        "parent_track": "SENSOR",
        "sensor_name": "NB_BRG",
        "bearing": -46.6,
        "time": "2010-01-12T13:37:30+00:00",
        "label": "SUBJECT held on NB_BRG"
      }
    },
    {
      "type": "Feature",
      "id": "26473335-62ef-49e2-bcda-50aacd376127",
      "geometry": null,
      "properties": {
        "kind": "SENSOR_CONTACT",
        "parent_track": "SENSOR",
        "sensor_name": "NB_BRG",
        "bearing": -46.0,
        "time": "2010-01-12T13:38:20+00:00",
        "label": "SUBJECT held on NB_BRG"
      }
    },
    {
      "type": "Feature",
      "id": "7c5fbfaf-8d94-4fc9-85d4-c3c370b11a20",
      "geometry": null,
      "properties": {
        "kind": "SENSOR_CONTACT",
        "parent_track": "SENSOR",
        "sensor_name": "NB_BRG",
        "bearing": -45.5,
        "time": "2010-01-12T13:39:10+00:00",
        "label": "SUBJECT held on NB_BRG"
      }
    },
    {
      "type": "Feature",
      "id": "0bf10c84-1f5f-48f2-b48e-6e240e89187c",
      "geometry": null,
      "properties": {
        "kind": "SENSOR_CONTACT",
        "parent_track": "SENSOR",
        "sensor_name": "NB_BRG",
        "bearing": -44.9,
        "time": "2010-01-12T13:40:00+00:00",
        "label": "SUBJECT held on NB_BRG"
      }
    },
    {
      "type": "Feature",
      "id": "dc50e879-b51d-4ef7-baaa-d264ddf403e8",
      "geometry": null,
      "properties": {
        "kind": "SENSOR_CONTACT",
        "parent_track": "SENSOR",
        "sensor_name": "NB_BRG",
        "bearing": -44.4,
        "time": "2010-01-12T13:40:50+00:00",
        "label": "SUBJECT held on NB_BRG"
      }
    },
    {
      "type": "Feature",
      "id": "43d18ce2-2418-42f0-b834-3950f8b242e5",
      "geometry": null,
      "properties": {
        "kind": "SENSOR_CONTACT",
        "parent_track": "SENSOR",
        "sensor_name": "NB_BRG",
        "bearing": -44.2,
        "time": "2010-01-12T13:41:40+00:00",
        "label": "SUBJECT held on NB_BRG"
      }
    },
    {
      "type": "Feature",
      "id": "9a271296-9e4e-43f8-b6c6-d1a57e97505f",
      "geometry": null,
      "properties": {
        "kind": "SENSOR_CONTACT",
        "parent_track": "SENSOR",
        "sensor_name": "NB_BRG",
        "bearing": -44.6,
        "time": "2010-01-12T13:42:30+00:00",
        "label": "SUBJECT held on NB_BRG"
      }
    },
    {
      "type": "Feature",
      "id": "db19cfad-7c4f-42e3-898b-91ad98c359ec",
      "geometry": null,
      "properties": {
        "kind": "SENSOR_CONTACT",
        "parent_track": "SENSOR",
        "sensor_name": "NB_BRG",
        "bearing": -44.9,
        "time": "2010-01-12T13:43:20+00:00",
        "label": "SUBJECT held on NB_BRG"
      }
    },
    {
      "type": "Feature",
      "id": "8ccbfc3f-74a1-4b7b-8c38-deed29859c87",
      "geometry": null,
      "properties": {
        "kind": "SENSOR_CONTACT",
        "parent_track": "SENSOR",
        "sensor_name": "NB_BRG",
        "bearing": -45.3,
        "time": "2010-01-12T13:44:10+00:00",
        "label": "SUBJECT held on NB_BRG"
      }
    },
    {
      "type": "Feature",
      "id": "34659941-e874-435f-aa4b-e41d48fda031",
      "geometry": null,
      "properties": {
        "kind": "SENSOR_CONTACT",
        "parent_track": "SENSOR",
        "sensor_name": "NB_BRG",
        "bearing": -45.6,
        "time": "2010-01-12T13:45:00+00:00",
        "label": "SUBJECT held on NB_BRG"
      }
    },
    {
      "type": "Feature",
      "id": "8e682462-9798-4738-b8e5-08f6ab7233ae",
      "geometry": null,
      "properties": {
        "kind": "SENSOR_CONTACT",
        "parent_track": "SENSOR",
        "sensor_name": "NB_BRG",
        "bearing": -45.9,
        "time": "2010-01-12T13:45:50+00:00",
        "label": "SUBJECT held on NB_BRG"
      }
    },
    {
      "type": "Feature",
      "id": "6f0fab9e-9306-4c22-84f3-03806ced84c3",
      "geometry": null,
      "properties": {
        "kind": "SENSOR_CONTACT",
        "parent_track": "SENSOR",
        "sensor_name": "NB_BRG",
        "bearing": -46.2,
        "time": "2010-01-12T13:46:40+00:00",
        "label": "SUBJECT held on NB_BRG"
      }
    },
    {
      "type": "Feature",
      "id": "a6ecea76-10bd-48b5-8c34-8061f06e0da6",
      "geometry": null,
      "properties": {
        "kind": "SENSOR_CONTACT",
        "parent_track": "SENSOR",
        "sensor_name": "NB_BRG",
        "bearing": -46.5,
        "time": "2010-01-12T13:47:30+00:00",
        "label": "SUBJECT held on NB_BRG"
      }
    },
    {
      "type": "Feature",
      "id": "6dd52117-9311-4925-837c-f687e9484e70",
      "geometry": null,
      "properties": {
        "kind": "SENSOR_CONTACT",
        "parent_track": "SENSOR",
        "sensor_name": "NB_BRG",
        "bearing": -46.8,
        "time": "2010-01-12T13:48:20+00:00",
        "label": "SUBJECT held on NB_BRG"
      }
    },
    {
      "type": "Feature",
      "id": "3dd645a3-5ed4-4846-a079-fd31271201d0",
      "geometry": null,
      "properties": {
        "kind": "SENSOR_CONTACT",
        "parent_track": "SENSOR",
        "sensor_name": "NB_BRG",
        "bearing": -47.1,
        "time": "2010-01-12T13:49:10+00:00",
        "label": "SUBJECT held on NB_BRG"
      }
    },
    {
      "type": "Feature",
      "id": "84c7b309-eb81-4086-a877-eda077114892",
      "geometry": null,
      "properties": {
        "kind": "SENSOR_CONTACT",
        "parent_track": "SENSOR",
        "sensor_name": "NB_BRG",
        "bearing": -47.4,
        "time": "2010-01-12T13:50:00+00:00",
        "label": "SUBJECT held on NB_BRG"
      }
    },
    {
      "type": "Feature",
      "id": "c5446fde-e8f1-46f5-b2ba-e5c5f62defdf",
      "geometry": null,
      "properties": {
        "kind": "SENSOR_CONTACT",
        "parent_track": "SENSOR",
        "sensor_name": "NB_BRG",
        "bearing": -47.6,
        "time": "2010-01-12T13:50:50+00:00",
        "label": "SUBJECT held on NB_BRG"
      }
    },
    {
      "type": "Feature",
      "id": "feb10d17-1211-4bd9-992d-213fc2ad79e9",
      "geometry": null,
      "properties": {
        "kind": "SENSOR_CONTACT",
        "parent_track": "SENSOR",
        "sensor_name": "NB_BRG",
        "bearing": -47.9,
        "time": "2010-01-12T13:51:40+00:00",
        "label": "SUBJECT held on NB_BRG"
      }
    },
    {
      "type": "Feature",
      "id": "25691407-e35d-471a-98b1-142948a23fc6",
      "geometry": null,
      "properties": {
        "kind": "SENSOR_CONTACT",
        "parent_track": "SENSOR",
        "sensor_name": "NB_BRG",
        "bearing": -48.1,
        "time": "2010-01-12T13:52:30+00:00",
        "label": "SUBJECT held on NB_BRG"
      }
    },
    {
      "type": "Feature",
      "id": "42f3e2fb-69fa-4d5a-a1bc-4cb81d45b9df",
      "geometry": null,
      "properties": {
        "kind": "SENSOR_CONTACT",
        "parent_track": "SENSOR",
        "sensor_name": "NB_BRG",
        "bearing": -48.4,
        "time": "2010-01-12T13:53:20+00:00",
        "label": "SUBJECT held on NB_BRG"
      }
    },
    {
      "type": "Feature",
      "id": "87b620ec-f5eb-4e34-9ba0-76914c070250",
      "geometry": null,
      "properties": {
        "kind": "SENSOR_CONTACT",
        "parent_track": "SENSOR",
        "sensor_name": "NB_BRG",
        "bearing": -48.6,
        "time": "2010-01-12T13:54:10+00:00",
        "label": "SUBJECT held on NB_BRG"
      }
    },
    {
      "type": "Feature",
      "id": "4767459c-a911-4004-b5c9-8a42a3003b50",
      "geometry": null,
      "properties": {
        "kind": "SENSOR_CONTACT",
        "parent_track": "SENSOR",
        "sensor_name": "NB_BRG",
        "bearing": -48.8,
        "time": "2010-01-12T13:55:00+00:00",
        "label": "SUBJECT held on NB_BRG"
      }
    },
    {
      "type": "Feature",
      "id": "2d92a128-3d89-4f92-bfe8-886bdd929c33",
      "geometry": null,
      "properties": {
        "kind": "SENSOR_CONTACT",
        "parent_track": "SENSOR",
        "sensor_name": "NB_BRG",
        "bearing": -49.1,
        "time": "2010-01-12T13:55:50+00:00",
        "label": "SUBJECT held on NB_BRG"
      }
    },
    {
      "type": "Feature",
      "id": "ff4d17c3-1f18-4ad6-bce8-93be564dd1c5",
      "geometry": null,
      "properties": {
        "kind": "SENSOR_CONTACT",
        "parent_track": "SENSOR",
        "sensor_name": "NB_BRG",
        "bearing": -49.3,
        "time": "2010-01-12T13:56:40+00:00",
        "label": "SUBJECT held on NB_BRG"
      }
    },
    {
      "type": "Feature",
      "id": "1428252d-aded-4bb6-a24d-f42c420b0723",
      "geometry": null,
      "properties": {
        "kind": "SENSOR_CONTACT",
        "parent_track": "SENSOR",
        "sensor_name": "NB_BRG",
        "bearing": -49.5,
        "time": "2010-01-12T13:57:30+00:00",
        "label": "SUBJECT held on NB_BRG"
      }
    },
    {
      "type": "Feature",
      "id": "5f0e20e0-3e14-4c8b-a298-1bd87ee1b1cb",
      "geometry": null,
      "properties": {
        "kind": "SENSOR_CONTACT",
        "parent_track": "SENSOR",
        "sensor_name": "NB_BRG",
        "bearing": -49.7,
        "time": "2010-01-12T13:58:20+00:00",
        "label": "SUBJECT held on NB_BRG"
      }
    },
    {
      "type": "Feature",
      "id": "9bc926e1-5a5f-4463-a918-050fa7ae44c6",
      "geometry": null,
      "properties": {
        "kind": "SENSOR_CONTACT",
        "parent_track": "SENSOR",
        "sensor_name": "NB_BRG",
        "bearing": -49.9,
        "time": "2010-01-12T13:59:10+00:00",
        "label": "SUBJECT held on NB_BRG"
      }
    },
    {
      "type": "Feature",
      "id": "664da557-fca1-4b0e-a0c8-3011a7de0479",
      "geometry": null,
      "properties": {
        "kind": "SENSOR_CONTACT",
        "parent_track": "SENSOR",
        "sensor_name": "NB_BRG",
        "bearing": -50.1,
        "time": "2010-01-12T14:00:00+00:00",
        "label": "SUBJECT held on NB_BRG"
      }
    },
    {
      "type": "Feature",
      "id": "bb7c4c6e-2d5e-4b58-a909-f4ecd4f5b8db",
      "geometry": null,
      "properties": {
        "kind": "SENSOR_CONTACT",
        "parent_track": "SENSOR",
        "sensor_name": "NB_FREQ",
        "bearing": 0.0,
        "time": "2010-01-12T12:07:30+00:00",
        "label": "SUBJECT held on NB_FREQ",
        "frequency": 150.35
      }
    },
    {
      "type": "Feature",
      "id": "e648dc5d-4ebb-49ee-890d-30fb81d591ae",
      "geometry": null,
      "properties": {
        "kind": "SENSOR_CONTACT",
        "parent_track": "SENSOR",
        "sensor_name": "NB_FREQ",
        "bearing": 0.0,
        "time": "2010-01-12T12:08:20+00:00",
        "label": "SUBJECT held on NB_FREQ",
        "frequency": 150.362
      }
    },
    {
      "type": "Feature",
      "id": "881ad968-335c-4cfb-b871-f7164a48cd39",
      "geometry": null,
      "properties": {
        "kind": "SENSOR_CONTACT",
        "parent_track": "SENSOR",
        "sensor_name": "NB_FREQ",
        "bearing": 0.0,
        "time": "2010-01-12T12:09:10+00:00",
        "label": "SUBJECT held on NB_FREQ",
        "frequency": 150.372
      }
    },
    {
      "type": "Feature",
      "id": "99498e4b-94e2-402c-8e48-37d1de1cb25b",
      "geometry": null,
      "properties": {
        "kind": "SENSOR_CONTACT",
        "parent_track": "SENSOR",
        "sensor_name": "NB_FREQ",
        "bearing": 0.0,
        "time": "2010-01-12T12:14:10+00:00",
        "label": "SUBJECT held on NB_FREQ",
        "frequency": 150.387
      }
    },
    {
      "type": "Feature",
      "id": "ac6ba6bc-776c-42ef-bbe9-092ee0ef0214",
      "geometry": null,
      "properties": {
        "kind": "SENSOR_CONTACT",
        "parent_track": "SENSOR",
        "sensor_name": "NB_FREQ",
        "bearing": 0.0,
        "time": "2010-01-12T12:15:00+00:00",
        "label": "SUBJECT held on NB_FREQ",
        "frequency": 150.38
      }
    },
    {
      "type": "Feature",
      "id": "adc6296d-4eb7-47e1-9040-341593277208",
      "geometry": null,
      "properties": {
        "kind": "SENSOR_CONTACT",
        "parent_track": "SENSOR",
        "sensor_name": "NB_FREQ",
        "bearing": 0.0,
        "time": "2010-01-12T12:15:50+00:00",
        "label": "SUBJECT held on NB_FREQ",
        "frequency": 150.377
      }
    },
    {
      "type": "Feature",
      "id": "e47883be-2e08-4b5d-8200-d7890d1f913c",
      "geometry": null,
      "properties": {
        "kind": "SENSOR_CONTACT",
        "parent_track": "SENSOR",
        "sensor_name": "NB_FREQ",
        "bearing": 0.0,
        "time": "2010-01-12T12:16:40+00:00",
        "label": "SUBJECT held on NB_FREQ",
        "frequency": 150.374
      }
    },
    {
      "type": "Feature",
      "id": "01a7dc07-f006-45a1-b00f-135214519302",
      "geometry": null,
      "properties": {
        "kind": "SENSOR_CONTACT",
        "parent_track": "SENSOR",
        "sensor_name": "NB_FREQ",
        "bearing": 0.0,
        "time": "2010-01-12T12:17:30+00:00",
        "label": "SUBJECT held on NB_FREQ",
        "frequency": 150.372
      }
    },
    {
      "type": "Feature",
      "id": "f433028f-ab9c-474a-b91b-d7f1d23d0696",
      "geometry": null,
      "properties": {
        "kind": "SENSOR_CONTACT",
        "parent_track": "SENSOR",
        "sensor_name": "NB_FREQ",
        "bearing": 0.0,
        "time": "2010-01-12T12:18:20+00:00",
        "label": "SUBJECT held on NB_FREQ",
        "frequency": 150.369
      }
    },
    {
      "type": "Feature",
      "id": "68cf446b-3c56-4dd6-acb7-59f9f3ade607",
      "geometry": null,
      "properties": {
        "kind": "SENSOR_CONTACT",
        "parent_track": "SENSOR",
        "sensor_name": "NB_FREQ",
        "bearing": 0.0,
        "time": "2010-01-12T12:19:10+00:00",
        "label": "SUBJECT held on NB_FREQ",
        "frequency": 150.366
      }
    },
    {
      "type": "Feature",
      "id": "1b2cc76b-e72f-443f-9965-3266f7d7ac06",
      "geometry": null,
      "properties": {
        "kind": "SENSOR_CONTACT",
        "parent_track": "SENSOR",
        "sensor_name": "NB_FREQ",
        "bearing": 0.0,
        "time": "2010-01-12T12:35:50+00:00",
        "label": "SUBJECT held on NB_FREQ",
        "frequency": 150.285
      }
    },
    {
      "type": "Feature",
      "id": "bc1b8ff9-2881-4f39-ab4d-8cc395f4fae9",
      "geometry": null,
      "properties": {
        "kind": "SENSOR_CONTACT",
        "parent_track": "SENSOR",
        "sensor_name": "NB_FREQ",
        "bearing": 0.0,
        "time": "2010-01-12T12:36:40+00:00",
        "label": "SUBJECT held on NB_FREQ",
        "frequency": 150.279
      }
    },
    {
      "type": "Feature",
      "id": "7b1de09f-3d96-46dd-8107-638a9b08b365",
      "geometry": null,
      "properties": {
        "kind": "SENSOR_CONTACT",
        "parent_track": "SENSOR",
        "sensor_name": "NB_FREQ",
        "bearing": 0.0,
        "time": "2010-01-12T12:37:30+00:00",
        "label": "SUBJECT held on NB_FREQ",
        "frequency": 150.448
      }
    },
    {
      "type": "Feature",
      "id": "0b94b2f4-9586-4250-91f3-302c53392a52",
      "geometry": null,
      "properties": {
        "kind": "SENSOR_CONTACT",
        "parent_track": "SENSOR",
        "sensor_name": "NB_FREQ",
        "bearing": 0.0,
        "time": "2010-01-12T12:38:20+00:00",
        "label": "SUBJECT held on NB_FREQ",
        "frequency": 150.446
      }
    },
    {
      "type": "Feature",
      "id": "fcbffda5-4874-421e-b445-483479525af2",
      "geometry": null,
      "properties": {
        "kind": "SENSOR_CONTACT",
        "parent_track": "SENSOR",
        "sensor_name": "NB_FREQ",
        "bearing": 0.0,
        "time": "2010-01-12T12:39:10+00:00",
        "label": "SUBJECT held on NB_FREQ",
        "frequency": 150.443
      }
    },
    {
      "type": "Feature",
      "id": "31cc0c56-b68d-489d-a3e8-be8b98e81796",
      "geometry": null,
      "properties": {
        "kind": "SENSOR_CONTACT",
        "parent_track": "SENSOR",
        "sensor_name": "NB_FREQ",
        "bearing": 0.0,
        "time": "2010-01-12T12:40:00+00:00",
        "label": "SUBJECT held on NB_FREQ",
        "frequency": 150.44
      }
    },
    {
      "type": "Feature",
      "id": "f317c6d7-8675-4661-b24b-711d4c013c6f",
      "geometry": null,
      "properties": {
        "kind": "SENSOR_CONTACT",
        "parent_track": "SENSOR",
        "sensor_name": "NB_FREQ",
        "bearing": 0.0,
        "time": "2010-01-12T12:40:50+00:00",
        "label": "SUBJECT held on NB_FREQ",
        "frequency": 150.437
      }
    },
    {
      "type": "Feature",
      "id": "d1a22eaa-f90a-4edb-9de2-839112c5aa6e",
      "geometry": null,
      "properties": {
        "kind": "SENSOR_CONTACT",
        "parent_track": "SENSOR",
        "sensor_name": "NB_FREQ",
        "bearing": 0.0,
        "time": "2010-01-12T12:41:40+00:00",
        "label": "SUBJECT held on NB_FREQ",
        "frequency": 150.433
      }
    },
    {
      "type": "Feature",
      "id": "5b09188d-3553-42aa-9a49-d56cc6c4ddbe",
      "geometry": null,
      "properties": {
        "kind": "SENSOR_CONTACT",
        "parent_track": "SENSOR",
        "sensor_name": "NB_FREQ",
        "bearing": 0.0,
        "time": "2010-01-12T12:58:20+00:00",
        "label": "SUBJECT held on NB_FREQ",
        "frequency": 150.3
      }
    },
    {
      "type": "Feature",
      "id": "a411397b-241a-4042-bed2-052320556975",
      "geometry": null,
      "properties": {
        "kind": "SENSOR_CONTACT",
        "parent_track": "SENSOR",
        "sensor_name": "NB_FREQ",
        "bearing": 0.0,
        "time": "2010-01-12T12:59:10+00:00",
        "label": "SUBJECT held on NB_FREQ",
        "frequency": 150.289
      }
    },
    {
      "type": "Feature",
      "id": "ec1e64b8-03b8-4dc5-b46c-e5a1ad745684",
      "geometry": null,
      "properties": {
        "kind": "SENSOR_CONTACT",
        "parent_track": "SENSOR",
        "sensor_name": "NB_FREQ",
        "bearing": 0.0,
        "time": "2010-01-12T13:00:00+00:00",
        "label": "SUBJECT held on NB_FREQ",
        "frequency": 150.276
      }
    },
    {
      "type": "Feature",
      "id": "a134a590-0c17-43e2-981c-3aed41e31816",
      "geometry": null,
      "properties": {
        "kind": "SENSOR_CONTACT",
        "parent_track": "SENSOR",
        "sensor_name": "NB_FREQ",
        "bearing": 0.0,
        "time": "2010-01-12T13:00:50+00:00",
        "label": "SUBJECT held on NB_FREQ",
        "frequency": 150.263
      }
    },
    {
      "type": "Feature",
      "id": "6666a0bd-46c2-48ef-a343-5833d0109e58",
      "geometry": null,
      "properties": {
        "kind": "SENSOR_CONTACT",
        "parent_track": "SENSOR",
        "sensor_name": "NB_FREQ",
        "bearing": 0.0,
        "time": "2010-01-12T13:14:10+00:00",
        "label": "SUBJECT held on NB_FREQ",
        "frequency": 149.963
      }
    },
    {
      "type": "Feature",
      "id": "31e8f34e-da4e-4270-ae84-968eec27f709",
      "geometry": null,
      "properties": {
        "kind": "SENSOR_CONTACT",
        "parent_track": "SENSOR",
        "sensor_name": "NB_FREQ",
        "bearing": 0.0,
        "time": "2010-01-12T13:15:00+00:00",
        "label": "SUBJECT held on NB_FREQ",
        "frequency": 149.941
      }
    },
    {
      "type": "Feature",
      "id": "96829ec8-fc55-4746-b4af-63bce5d95430",
      "geometry": null,
      "properties": {
        "kind": "SENSOR_CONTACT",
        "parent_track": "SENSOR",
        "sensor_name": "NB_FREQ",
        "bearing": 0.0,
        "time": "2010-01-12T13:15:50+00:00",
        "label": "SUBJECT held on NB_FREQ",
        "frequency": 149.921
      }
    },
    {
      "type": "Feature",
      "id": "64f1fdff-e610-4b9a-a57a-23b5f468f208",
      "geometry": null,
      "properties": {
        "kind": "SENSOR_CONTACT",
        "parent_track": "SENSOR",
        "sensor_name": "NB_FREQ",
        "bearing": 0.0,
        "time": "2010-01-12T13:16:40+00:00",
        "label": "SUBJECT held on NB_FREQ",
        "frequency": 149.9
      }
    },
    {
      "type": "Feature",
      "id": "a0efc6ac-c4e4-4c3d-8741-6675f5d5599c",
      "geometry": null,
      "properties": {
        "kind": "SENSOR_CONTACT",
        "parent_track": "SENSOR",
        "sensor_name": "NB_FREQ",
        "bearing": 0.0,
        "time": "2010-01-12T13:17:30+00:00",
        "label": "SUBJECT held on NB_FREQ",
        "frequency": 149.88
      }
    },
    {
      "type": "Feature",
      "id": "b9008299-1ed6-4f4b-9741-f70b8631e8ff",
      "geometry": null,
      "properties": {
        "kind": "SENSOR_CONTACT",
        "parent_track": "SENSOR",
        "sensor_name": "NB_FREQ",
        "bearing": 0.0,
        "time": "2010-01-12T13:18:20+00:00",
        "label": "SUBJECT held on NB_FREQ",
        "frequency": 149.861
      }
    },
    {
      "type": "Feature",
      "id": "c506cb29-8fbe-4592-b75c-e4e5c12c5fab",
      "geometry": null,
      "properties": {
        "kind": "SENSOR_CONTACT",
        "parent_track": "SENSOR",
        "sensor_name": "NB_FREQ",
        "bearing": 0.0,
        "time": "2010-01-12T13:19:10+00:00",
        "label": "SUBJECT held on NB_FREQ",
        "frequency": 149.842
      }
    },
    {
      "type": "Feature",
      "id": "e9b3d90f-897e-416a-b279-550adf803b23",
      "geometry": null,
      "properties": {
        "kind": "SENSOR_CONTACT",
        "parent_track": "SENSOR",
        "sensor_name": "NB_FREQ",
        "bearing": 0.0,
        "time": "2010-01-12T13:20:00+00:00",
        "label": "SUBJECT held on NB_FREQ",
        "frequency": 149.824
      }
    },
    {
      "type": "Feature",
      "id": "6abcbf31-efdc-47cc-991a-c3517806ff3a",
      "geometry": null,
      "properties": {
        "kind": "SENSOR_CONTACT",
        "parent_track": "SENSOR",
        "sensor_name": "NB_FREQ",
        "bearing": 0.0,
        "time": "2010-01-12T13:20:50+00:00",
        "label": "SUBJECT held on NB_FREQ",
        "frequency": 149.825
      }
    },
    {
      "type": "Feature",
      "id": "cac3c60d-4255-47b4-9822-1c9833403f93",
      "geometry": null,
      "properties": {
        "kind": "SENSOR_CONTACT",
        "parent_track": "SENSOR",
        "sensor_name": "NB_FREQ",
        "bearing": 0.0,
        "time": "2010-01-12T13:21:40+00:00",
        "label": "SUBJECT held on NB_FREQ",
        "frequency": 149.826
      }
    },
    {
      "type": "Feature",
      "id": "07ec8a4f-8a61-40b5-9f58-84177f887553",
      "geometry": null,
      "properties": {
        "kind": "SENSOR_CONTACT",
        "parent_track": "SENSOR",
        "sensor_name": "NB_FREQ",
        "bearing": 0.0,
        "time": "2010-01-12T13:22:30+00:00",
        "label": "SUBJECT held on NB_FREQ",
        "frequency": 149.827
      }
    },
    {
      "type": "Feature",
      "id": "82a1eafe-9ef5-4bf7-9ea1-040d9c445349",
      "geometry": null,
      "properties": {
        "kind": "SENSOR_CONTACT",
        "parent_track": "SENSOR",
        "sensor_name": "NB_FREQ",
        "bearing": 0.0,
        "time": "2010-01-12T13:23:20+00:00",
        "label": "SUBJECT held on NB_FREQ",
        "frequency": 149.829
      }
    },
    {
      "type": "Feature",
      "id": "b392372c-6008-47eb-a9fa-9552b852470a",
      "geometry": null,
      "properties": {
        "kind": "SENSOR_CONTACT",
        "parent_track": "SENSOR",
        "sensor_name": "NB_FREQ",
        "bearing": 0.0,
        "time": "2010-01-12T13:33:20+00:00",
        "label": "SUBJECT held on NB_FREQ",
        "frequency": 149.763
      }
    },
    {
      "type": "Feature",
      "id": "5d607326-01eb-44c0-ace2-2a5540aeebaa",
      "geometry": null,
      "properties": {
        "kind": "SENSOR_CONTACT",
        "parent_track": "SENSOR",
        "sensor_name": "NB_FREQ",
        "bearing": 0.0,
        "time": "2010-01-12T13:34:10+00:00",
        "label": "SUBJECT held on NB_FREQ",
        "frequency": 149.761
      }
    },
    {
      "type": "Feature",
      "id": "cf70bccc-573c-4cad-910d-d8bab42df266",
      "geometry": null,
      "properties": {
        "kind": "SENSOR_CONTACT",
        "parent_track": "SENSOR",
        "sensor_name": "NB_FREQ",
        "bearing": 0.0,
        "time": "2010-01-12T13:35:00+00:00",
        "label": "SUBJECT held on NB_FREQ",
        "frequency": 149.759
      }
    },
    {
      "type": "Feature",
      "id": "dac3b70d-dc7a-44e2-a120-91dcd859bfdc",
      "geometry": null,
      "properties": {
        "kind": "SENSOR_CONTACT",
        "parent_track": "SENSOR",
        "sensor_name": "NB_FREQ",
        "bearing": 0.0,
        "time": "2010-01-12T13:35:50+00:00",
        "label": "SUBJECT held on NB_FREQ",
        "frequency": 149.757
      }
    },
    {
      "type": "Feature",
      "id": "9d95e1ce-8f92-4ccc-adf3-f7b228dcee31",
      "geometry": null,
      "properties": {
        "kind": "SENSOR_CONTACT",
        "parent_track": "SENSOR",
        "sensor_name": "NB_FREQ",
        "bearing": 0.0,
        "time": "2010-01-12T13:36:40+00:00",
        "label": "SUBJECT held on NB_FREQ",
        "frequency": 149.755
      }
    },
    {
      "type": "Feature",
      "id": "45823303-3f34-4266-8d17-f2d4051aa186",
      "geometry": null,
      "properties": {
        "kind": "SENSOR_CONTACT",
        "parent_track": "SENSOR",
        "sensor_name": "NB_FREQ",
        "bearing": 0.0,
        "time": "2010-01-12T13:37:30+00:00",
        "label": "SUBJECT held on NB_FREQ",
        "frequency": 149.753
      }
    },
    {
      "type": "Feature",
      "id": "6782d470-a0cb-4a11-8508-605068850b1d",
      "geometry": null,
      "properties": {
        "kind": "SENSOR_CONTACT",
        "parent_track": "SENSOR",
        "sensor_name": "NB_FREQ",
        "bearing": 0.0,
        "time": "2010-01-12T13:38:20+00:00",
        "label": "SUBJECT held on NB_FREQ",
        "frequency": 149.752
      }
    },
    {
      "type": "Feature",
      "id": "f5e76705-77bc-4f8b-9a41-a57af08b034e",
      "geometry": null,
      "properties": {
        "kind": "SENSOR_CONTACT",
        "parent_track": "SENSOR",
        "sensor_name": "NB_FREQ",
        "bearing": 0.0,
        "time": "2010-01-12T13:40:50+00:00",
        "label": "SUBJECT held on NB_FREQ",
        "frequency": 149.747
      }
    },
    {
      "type": "Feature",
      "id": "e7abebb6-ac85-48c3-ae79-b452ac62b5cb",
      "geometry": null,
      "properties": {
        "kind": "SENSOR_CONTACT",
        "parent_track": "SENSOR",
        "sensor_name": "NB_FREQ",
        "bearing": 0.0,
        "time": "2010-01-12T13:41:40+00:00",
        "label": "SUBJECT held on NB_FREQ",
        "frequency": 149.674
      }
    },
    {
      "type": "Feature",
      "id": "a0ae7684-d59d-4e05-ae99-95fef95d87cd",
      "geometry": null,
      "properties": {
        "kind": "SENSOR_CONTACT",
        "parent_track": "SENSOR",
        "sensor_name": "NB_FREQ",
        "bearing": 0.0,
        "time": "2010-01-12T13:42:30+00:00",
        "label": "SUBJECT held on NB_FREQ",
        "frequency": 149.675
      }
    },
    {
      "type": "Feature",
      "id": "b33f41f7-e55b-4cff-8b1d-663ea085de63",
      "geometry": null,
      "properties": {
        "kind": "SENSOR_CONTACT",
        "parent_track": "SENSOR",
        "sensor_name": "NB_FREQ",
        "bearing": 0.0,
        "time": "2010-01-12T13:43:20+00:00",
        "label": "SUBJECT held on NB_FREQ",
        "frequency": 149.675
      }
    },
    {
      "type": "Feature",
      "id": "e8222217-6521-479b-adcd-910611986b83",
      "geometry": null,
      "properties": {
        "kind": "SENSOR_CONTACT",
        "parent_track": "SENSOR",
        "sensor_name": "NB_FREQ",
        "bearing": 0.0,
        "time": "2010-01-12T13:44:10+00:00",
        "label": "SUBJECT held on NB_FREQ",
        "frequency": 149.674
      }
    },
    {
      "type": "Feature",
      "id": "2aad9b9b-6402-4c8a-ba97-cbf91e202131",
      "geometry": null,
      "properties": {
        "kind": "SENSOR_CONTACT",
        "parent_track": "SENSOR",
        "sensor_name": "NB_FREQ",
        "bearing": 0.0,
        "time": "2010-01-12T13:45:00+00:00",
        "label": "SUBJECT held on NB_FREQ",
        "frequency": 149.673
      }
    },
    {
      "type": "Feature",
      "id": "c1d12ed0-a53f-4c88-8c6f-5df295b87fc6",
      "geometry": null,
      "properties": {
        "kind": "SENSOR_CONTACT",
        "parent_track": "SENSOR",
        "sensor_name": "NB_FREQ",
        "bearing": 0.0,
        "time": "2010-01-12T13:45:50+00:00",
        "label": "SUBJECT held on NB_FREQ",
        "frequency": 149.673
      }
    },
    {
      "type": "Feature",
      "id": "e82a00da-8bb5-4dd7-ba27-085f1cf0d04e",
      "geometry": null,
      "properties": {
        "kind": "SENSOR_CONTACT",
        "parent_track": "SENSOR",
        "sensor_name": "NB_FREQ",
        "bearing": 0.0,
        "time": "2010-01-12T13:46:40+00:00",
        "label": "SUBJECT held on NB_FREQ",
        "frequency": 149.672
      }
    },
    {
      "type": "Feature",
      "id": "7c47ed38-8f80-49d6-871b-62fc90ff2b85",
      "geometry": null,
      "properties": {
        "kind": "SENSOR_CONTACT",
        "parent_track": "SENSOR",
        "sensor_name": "NB_FREQ",
        "bearing": 0.0,
        "time": "2010-01-12T13:47:30+00:00",
        "label": "SUBJECT held on NB_FREQ",
        "frequency": 149.672
      }
    },
    {
      "type": "Feature",
      "id": "c6903e9e-11f4-4ba5-978f-815ff0b14988",
      "geometry": null,
      "properties": {
        "kind": "SENSOR_CONTACT",
        "parent_track": "SENSOR",
        "sensor_name": "NB_FREQ",
        "bearing": 0.0,
        "time": "2010-01-12T13:48:20+00:00",
        "label": "SUBJECT held on NB_FREQ",
        "frequency": 149.671
      }
    },
    {
      "type": "Feature",
      "id": "78d9b6fa-5349-45b3-8d4b-b0d0fd60836e",
      "geometry": null,
      "properties": {
        "kind": "SENSOR_CONTACT",
        "parent_track": "SENSOR",
        "sensor_name": "NB_FREQ",
        "bearing": 0.0,
        "time": "2010-01-12T13:49:10+00:00",
        "label": "SUBJECT held on NB_FREQ",
        "frequency": 149.671
      }
    },
    {
      "type": "Feature",
      "id": "c3538bbb-3576-4cab-9759-dd4b2edbf313",
      "geometry": null,
      "properties": {
        "kind": "SENSOR_CONTACT",
        "parent_track": "SENSOR",
        "sensor_name": "NB_FREQ",
        "bearing": 0.0,
        "time": "2010-01-12T13:50:00+00:00",
        "label": "SUBJECT held on NB_FREQ",
        "frequency": 149.67
      }
    },
    {
      "type": "Feature",
      "id": "557bcb0f-6eb1-4159-aec9-0f5a82bad132",
      "geometry": null,
      "properties": {
        "kind": "SENSOR_CONTACT",
        "parent_track": "SENSOR",
        "sensor_name": "NB_FREQ",
        "bearing": 0.0,
        "time": "2010-01-12T13:55:50+00:00",
        "label": "SUBJECT held on NB_FREQ",
        "frequency": 149.667
      }
    },
    {
      "type": "Feature",
      "id": "b5b59e97-7529-40d6-bc7a-3b0fa058aee7",
      "geometry": null,
      "properties": {
        "kind": "SENSOR_CONTACT",
        "parent_track": "SENSOR",
        "sensor_name": "NB_FREQ",
        "bearing": 0.0,
        "time": "2010-01-12T13:56:40+00:00",
        "label": "SUBJECT held on NB_FREQ",
        "frequency": 149.667
      }
    },
    {
      "type": "Feature",
      "id": "3325f1ae-1997-4388-b677-0dd25b86b37d",
      "geometry": null,
      "properties": {
        "kind": "SENSOR_CONTACT",
        "parent_track": "SENSOR",
        "sensor_name": "NB_FREQ",
        "bearing": 0.0,
        "time": "2010-01-12T13:57:30+00:00",
        "label": "SUBJECT held on NB_FREQ",
        "frequency": 149.667
      }
    },
    {
      "type": "Feature",
      "id": "aa780fe6-4e2c-4521-8e5a-6418b9ac5a69",
      "geometry": null,
      "properties": {
        "kind": "SENSOR_CONTACT",
        "parent_track": "SENSOR",
        "sensor_name": "NB_FREQ",
        "bearing": 0.0,
        "time": "2010-01-12T13:58:20+00:00",
        "label": "SUBJECT held on NB_FREQ",
        "frequency": 149.666
      }
    },
    {
      "type": "Feature",
      "id": "68a9df31-fbf1-4b4d-a89b-188300ca2365",
      "geometry": {
        "type": "LineString",
        "coordinates": [
          [
            -0.0,
            60.0
          ],
          [
            -0.0026778,
            60.0015972
          ],
          [
            -0.0053556,
            60.0031917
          ],
          [
            -0.0080361,
            60.0047889
          ],
          [
            -0.0107139,
            60.0063833
          ],
          [
            -0.0133917,
            60.0079806
          ],
          [
            -0.0160722,
            60.009575
          ],
          [
            -0.01875,
            60.0111722
          ],
          [
            -0.0214306,
            60.0127667
          ],
          [
            -0.0241111,
            60.0143639
          ],
          [
            -0.0267889,
            60.0159583
          ],
          [
            -0.0294694,
            60.0175556
          ],
          [
            -0.03215,
            60.01915
          ],
          [
            -0.0348278,
            60.0207472
          ],
          [
            -0.0375083,
            60.0223417
          ],
          [
            -0.0401889,
            60.0239389
          ],
          [
            -0.0428694,
            60.0255361
          ],
          [
            -0.04555,
            60.0271306
          ],
          [
            -0.0482306,
            60.0287278
          ],
          [
            -0.0509111,
            60.0303222
          ],
          [
            -0.0535917,
            60.0319194
          ],
          [
            -0.0562722,
            60.0335139
          ],
          [
            -0.0589528,
            60.0351111
          ],
          [
            -0.0616333,
            60.0367056
          ],
          [
            -0.0643167,
            60.0383028
          ],
          [
            -0.0669972,
            60.0398972
          ],
          [
            -0.0696778,
            60.0414944
          ],
          [
            -0.0723611,
            60.0430889
          ],
          [
            -0.0750417,
            60.0446861
          ],
          [
            -0.077725,
            60.0462806
          ],
          [
            -0.0804056,
            60.0478778
          ],
          [
            -0.0830889,
            60.049475
          ],
          [
            -0.0857722,
            60.0510694
          ],
          [
            -0.0884528,
            60.0526667
          ],
          [
            -0.0911361,
            60.0542611
          ],
          [
            -0.0938194,
            60.0558583
          ],
          [
            -0.0965028,
            60.0574528
          ],
          [
            -0.0991861,
            60.05905
          ],
          [
            -0.1018694,
            60.0606444
          ],
          [
            -0.10455,
            60.0622417
          ],
          [
            -0.1072361,
            60.0638361
          ],
          [
            -0.1099194,
            60.0654333
          ],
          [
            -0.1126028,
            60.0670278
          ],
          [
            -0.1152861,
            60.068625
          ],
          [
            -0.1179694,
            60.0702194
          ],
          [
            -0.1196167,
            60.0721056
          ],
          [
            -0.1203306,
            60.0741583
          ],
          [
            -0.1210417,
            60.0762111
          ],
          [
            -0.1217556,
            60.0782639
          ],
          [
            -0.1224694,
            60.0803167
          ],
          [
            -0.1231806,
            60.0823694
          ],
          [
            -0.1238944,
            60.0844222
          ],
          [
            -0.1246083,
            60.086475
          ],
          [
            -0.1253194,
            60.0885278
          ],
          [
            -0.1260333,
            60.0905806
          ],
          [
            -0.1267472,
            60.0926333
          ],
          [
            -0.1274611,
            60.0946861
          ],
          [
            -0.128175,
            60.0967389
          ],
          [
            -0.1288861,
            60.0987917
          ],
          [
            -0.1296,
            60.1008444
          ],
          [
            -0.1303139,
            60.1028972
          ],
          [
            -0.1310278,
            60.10495
          ],
          [
            -0.1317417,
            60.1070028
          ],
          [
            -0.1324556,
            60.1090556
          ],
          [
            -0.1331667,
            60.1111083
          ],
          [
            -0.1338806,
            60.1131611
          ],
          [
            -0.1345944,
            60.1152139
          ],
          [
            -0.1353083,
            60.1172667
          ],
          [
            -0.1360222,
            60.1193194
          ],
          [
            -0.1367361,
            60.1213722
          ],
          [
            -0.13745,
            60.123425
          ],
          [
            -0.1381639,
            60.1254778
          ],
          [
            -0.1388778,
            60.1275306
          ],
          [
            -0.1395917,
            60.1295833
          ],
          [
            -0.1403056,
            60.1316361
          ],
          [
            -0.1410194,
            60.1336889
          ],
          [
            -0.1417361,
            60.1357417
          ],
          [
            -0.14245,
            60.1377944
          ],
          [
            -0.1431639,
            60.1398472
          ],
          [
            -0.1438778,
            60.1419
          ],
          [
            -0.1445917,
            60.1439528
          ],
          [
            -0.1453056,
            60.1460056
          ],
          [
            -0.1460194,
            60.1480583
          ],
          [
            -0.1467361,
            60.1501111
          ],
          [
            -0.14745,
            60.1521639
          ],
          [
            -0.1481639,
            60.1542167
          ],
          [
            -0.1488778,
            60.1562694
          ],
          [
            -0.1495944,
            60.1583222
          ],
          [
            -0.1503083,
            60.160375
          ],
          [
            -0.1510222,
            60.1624278
          ],
          [
            -0.1517361,
            60.1644778
          ],
          [
            -0.1524528,
            60.1665306
          ],
          [
            -0.1531667,
            60.1685833
          ],
          [
            -0.1538833,
            60.1706361
          ],
          [
            -0.1545972,
            60.1726889
          ],
          [
            -0.1553111,
            60.1747417
          ],
          [
            -0.1560278,
            60.1767944
          ],
          [
            -0.1567417,
            60.1788472
          ],
          [
            -0.1574583,
            60.1809
          ],
          [
            -0.1581722,
            60.1829528
          ],
          [
            -0.1588889,
            60.1850056
          ],
          [
            -0.1596028,
            60.1870583
          ],
          [
            -0.1603194,
            60.1891111
          ],
          [
            -0.1610333,
            60.1911639
          ],
          [
            -0.16175,
            60.1932167
          ],
          [
            -0.1624639,
            60.1952694
          ],
          [
            -0.1631806,
            60.1973222
          ],
          [
            -0.1638944,
            60.199375
          ],
          [
            -0.1646111,
            60.2014278
          ],
          [
            -0.1653278,
            60.2034806
          ],
          [
            -0.1660417,
            60.2055333
          ],
          [
            -0.1667583,
            60.2075861
          ],
          [
            -0.1674722,
            60.2096389
          ],
          [
            -0.1681889,
            60.2116917
          ],
          [
            -0.1689056,
            60.2137444
          ],
          [
            -0.1696222,
            60.2157972
          ],
          [
            -0.1703361,
            60.21785
          ],
          [
            -0.1710528,
            60.2199028
          ],
          [
            -0.1717694,
            60.2219556
          ],
          [
            -0.1724861,
            60.2240083
          ],
          [
            -0.1732,
            60.2260611
          ],
          [
            -0.1739167,
            60.2281139
          ],
          [
            -0.1757583,
            60.2299556
          ],
          [
            -0.1789611,
            60.2312972
          ],
          [
            -0.1822111,
            60.2326167
          ],
          [
            -0.1854611,
            60.2339333
          ],
          [
            -0.1887111,
            60.2352528
          ],
          [
            -0.1919611,
            60.2365694
          ],
          [
            -0.1952111,
            60.2378889
          ],
          [
            -0.1984611,
            60.2392056
          ],
          [
            -0.2017139,
            60.2405222
          ],
          [
            -0.2049639,
            60.2418417
          ],
          [
            -0.2082139,
            60.2431583
          ],
          [
            -0.2114639,
            60.2444778
          ],
          [
            -0.2147167,
            60.2457944
          ],
          [
            -0.2179667,
            60.2471139
          ],
          [
            -0.2212194,
            60.2484306
          ],
          [
            -0.2244694,
            60.24975
          ],
          [
            -0.2277222,
            60.2510667
          ],
          [
            -0.2309722,
            60.2523861
          ],
          [
            -0.234225,
            60.2537028
          ],
          [
            -0.2374778,
            60.2550222
          ],
          [
            -0.2407306,
            60.2563389
          ],
          [
            -0.2439806,
            60.2576556
          ],
          [
            -0.2472333,
            60.258975
          ]
        ]
      },
      "properties": {
        "kind": "TRACK",
        "platform_id": "SUBJECT",
        "platform_name": "SUBJECT",
        "track_type": "CONTACT",
        "start_time": "2010-01-12T12:00:00+00:00",
        "end_time": "2010-01-12T14:00:00+00:00",
        "positions": [
          {
            "time": "2010-01-12T12:00:00+00:00",
            "course": 320.0,
            "speed": 9.0,
            "depth": 0.0
          },
          {
            "time": "2010-01-12T12:00:50+00:00",
            "course": 320.0,
            "speed": 9.0,
            "depth": 0.0
          },
          {
            "time": "2010-01-12T12:01:40+00:00",
            "course": 320.0,
            "speed": 9.0,
            "depth": 0.0
          },
          {
            "time": "2010-01-12T12:02:30+00:00",
            "course": 320.0,
            "speed": 9.0,
            "depth": 0.0
          },
          {
            "time": "2010-01-12T12:03:20+00:00",
            "course": 320.0,
            "speed": 9.0,
            "depth": 0.0
          },
          {
            "time": "2010-01-12T12:04:10+00:00",
            "course": 320.0,
            "speed": 9.0,
            "depth": 0.0
          },
          {
            "time": "2010-01-12T12:05:00+00:00",
            "course": 320.0,
            "speed": 9.0,
            "depth": 0.0
          },
          {
            "time": "2010-01-12T12:05:50+00:00",
            "course": 320.0,
            "speed": 9.0,
            "depth": 0.0
          },
          {
            "time": "2010-01-12T12:06:40+00:00",
            "course": 320.0,
            "speed": 9.0,
            "depth": 0.0
          },
          {
            "time": "2010-01-12T12:07:30+00:00",
            "course": 320.0,
            "speed": 9.0,
            "depth": 0.0
          },
          {
            "time": "2010-01-12T12:08:20+00:00",
            "course": 320.0,
            "speed": 9.0,
            "depth": 0.0
          },
          {
            "time": "2010-01-12T12:09:10+00:00",
            "course": 320.0,
            "speed": 9.0,
            "depth": 0.0
          },
          {
            "time": "2010-01-12T12:10:00+00:00",
            "course": 320.0,
            "speed": 9.0,
            "depth": 0.0
          },
          {
            "time": "2010-01-12T12:10:50+00:00",
            "course": 320.0,
            "speed": 9.0,
            "depth": 0.0
          },
          {
            "time": "2010-01-12T12:11:40+00:00",
            "course": 320.0,
            "speed": 9.0,
            "depth": 0.0
          },
          {
            "time": "2010-01-12T12:12:30+00:00",
            "course": 320.0,
            "speed": 9.0,
            "depth": 0.0
          },
          {
            "time": "2010-01-12T12:13:20+00:00",
            "course": 320.0,
            "speed": 9.0,
            "depth": 0.0
          },
          {
            "time": "2010-01-12T12:14:10+00:00",
            "course": 320.0,
            "speed": 9.0,
            "depth": 0.0
          },
          {
            "time": "2010-01-12T12:15:00+00:00",
            "course": 320.0,
            "speed": 9.0,
            "depth": 0.0
          },
          {
            "time": "2010-01-12T12:15:50+00:00",
            "course": 320.0,
            "speed": 9.0,
            "depth": 0.0
          },
          {
            "time": "2010-01-12T12:16:40+00:00",
            "course": 320.0,
            "speed": 9.0,
            "depth": 0.0
          },
          {
            "time": "2010-01-12T12:17:30+00:00",
            "course": 320.0,
            "speed": 9.0,
            "depth": 0.0
          },
          {
            "time": "2010-01-12T12:18:20+00:00",
            "course": 320.0,
            "speed": 9.0,
            "depth": 0.0
          },
          {
            "time": "2010-01-12T12:19:10+00:00",
            "course": 320.0,
            "speed": 9.0,
            "depth": 0.0
          },
          {
            "time": "2010-01-12T12:20:00+00:00",
            "course": 320.0,
            "speed": 9.0,
            "depth": 0.0
          },
          {
            "time": "2010-01-12T12:20:50+00:00",
            "course": 320.0,
            "speed": 9.0,
            "depth": 0.0
          },
          {
            "time": "2010-01-12T12:21:40+00:00",
            "course": 320.0,
            "speed": 9.0,
            "depth": 0.0
          },
          {
            "time": "2010-01-12T12:22:30+00:00",
            "course": 320.0,
            "speed": 9.0,
            "depth": 0.0
          },
          {
            "time": "2010-01-12T12:23:20+00:00",
            "course": 320.0,
            "speed": 9.0,
            "depth": 0.0
          },
          {
            "time": "2010-01-12T12:24:10+00:00",
            "course": 320.0,
            "speed": 9.0,
            "depth": 0.0
          },
          {
            "time": "2010-01-12T12:25:00+00:00",
            "course": 320.0,
            "speed": 9.0,
            "depth": 0.0
          },
          {
            "time": "2010-01-12T12:25:50+00:00",
            "course": 320.0,
            "speed": 9.0,
            "depth": 0.0
          },
          {
            "time": "2010-01-12T12:26:40+00:00",
            "course": 320.0,
            "speed": 9.0,
            "depth": 0.0
          },
          {
            "time": "2010-01-12T12:27:30+00:00",
            "course": 320.0,
            "speed": 9.0,
            "depth": 0.0
          },
          {
            "time": "2010-01-12T12:28:20+00:00",
            "course": 320.0,
            "speed": 9.0,
            "depth": 0.0
          },
          {
            "time": "2010-01-12T12:29:10+00:00",
            "course": 320.0,
            "speed": 9.0,
            "depth": 0.0
          },
          {
            "time": "2010-01-12T12:30:00+00:00",
            "course": 320.0,
            "speed": 9.0,
            "depth": 0.0
          },
          {
            "time": "2010-01-12T12:30:50+00:00",
            "course": 320.0,
            "speed": 9.0,
            "depth": 0.0
          },
          {
            "time": "2010-01-12T12:31:40+00:00",
            "course": 320.0,
            "speed": 9.0,
            "depth": 0.0
          },
          {
            "time": "2010-01-12T12:32:30+00:00",
            "course": 320.0,
            "speed": 9.0,
            "depth": 0.0
          },
          {
            "time": "2010-01-12T12:33:20+00:00",
            "course": 320.0,
            "speed": 9.0,
            "depth": 0.0
          },
          {
            "time": "2010-01-12T12:34:10+00:00",
            "course": 320.0,
            "speed": 9.0,
            "depth": 0.0
          },
          {
            "time": "2010-01-12T12:35:00+00:00",
            "course": 320.0,
            "speed": 9.0,
            "depth": 0.0
          },
          {
            "time": "2010-01-12T12:35:50+00:00",
            "course": 320.0,
            "speed": 9.0,
            "depth": 0.0
          },
          {
            "time": "2010-01-12T12:36:40+00:00",
            "course": 320.0,
            "speed": 9.0,
            "depth": 0.0
          },
          {
            "time": "2010-01-12T12:37:30+00:00",
            "course": 350.0,
            "speed": 9.0,
            "depth": 0.0
          },
          {
            "time": "2010-01-12T12:38:20+00:00",
            "course": 350.17,
            "speed": 9.0,
            "depth": 0.0
          },
          {
            "time": "2010-01-12T12:39:10+00:00",
            "course": 350.17,
            "speed": 9.0,
            "depth": 0.0
          },
          {
            "time": "2010-01-12T12:40:00+00:00",
            "course": 350.17,
            "speed": 9.0,
            "depth": 0.0
          },
          {
            "time": "2010-01-12T12:40:50+00:00",
            "course": 350.17,
            "speed": 9.0,
            "depth": 0.0
          },
          {
            "time": "2010-01-12T12:41:40+00:00",
            "course": 350.17,
            "speed": 9.0,
            "depth": 0.0
          },
          {
            "time": "2010-01-12T12:42:30+00:00",
            "course": 350.17,
            "speed": 9.0,
            "depth": 0.0
          },
          {
            "time": "2010-01-12T12:43:20+00:00",
            "course": 350.17,
            "speed": 9.0,
            "depth": 0.0
          },
          {
            "time": "2010-01-12T12:44:10+00:00",
            "course": 350.17,
            "speed": 9.0,
            "depth": 0.0
          },
          {
            "time": "2010-01-12T12:45:00+00:00",
            "course": 350.17,
            "speed": 9.0,
            "depth": 0.0
          },
          {
            "time": "2010-01-12T12:45:50+00:00",
            "course": 350.17,
            "speed": 9.0,
            "depth": 0.0
          },
          {
            "time": "2010-01-12T12:46:40+00:00",
            "course": 350.17,
            "speed": 9.0,
            "depth": 0.0
          },
          {
            "time": "2010-01-12T12:47:30+00:00",
            "course": 350.17,
            "speed": 9.0,
            "depth": 0.0
          },
          {
            "time": "2010-01-12T12:48:20+00:00",
            "course": 350.17,
            "speed": 9.0,
            "depth": 0.0
          },
          {
            "time": "2010-01-12T12:49:10+00:00",
            "course": 350.17,
            "speed": 9.0,
            "depth": 0.0
          },
          {
            "time": "2010-01-12T12:50:00+00:00",
            "course": 350.17,
            "speed": 9.0,
            "depth": 0.0
          },
          {
            "time": "2010-01-12T12:50:50+00:00",
            "course": 350.17,
            "speed": 9.0,
            "depth": 0.0
          },
          {
            "time": "2010-01-12T12:51:40+00:00",
            "course": 350.17,
            "speed": 9.0,
            "depth": 0.0
          },
          {
            "time": "2010-01-12T12:52:30+00:00",
            "course": 350.17,
            "speed": 9.0,
            "depth": 0.0
          },
          {
            "time": "2010-01-12T12:53:20+00:00",
            "course": 350.17,
            "speed": 9.0,
            "depth": 0.0
          },
          {
            "time": "2010-01-12T12:54:10+00:00",
            "course": 350.17,
            "speed": 9.0,
            "depth": 0.0
          },
          {
            "time": "2010-01-12T12:55:00+00:00",
            "course": 350.17,
            "speed": 9.0,
            "depth": 0.0
          },
          {
            "time": "2010-01-12T12:55:50+00:00",
            "course": 350.17,
            "speed": 9.0,
            "depth": 0.0
          },
          {
            "time": "2010-01-12T12:56:40+00:00",
            "course": 350.17,
            "speed": 9.0,
            "depth": 0.0
          },
          {
            "time": "2010-01-12T12:57:30+00:00",
            "course": 350.17,
            "speed": 9.0,
            "depth": 0.0
          },
          {
            "time": "2010-01-12T12:58:20+00:00",
            "course": 350.17,
            "speed": 9.0,
            "depth": 0.0
          },
          {
            "time": "2010-01-12T12:59:10+00:00",
            "course": 350.17,
            "speed": 9.0,
            "depth": 0.0
          },
          {
            "time": "2010-01-12T13:00:00+00:00",
            "course": 350.17,
            "speed": 9.0,
            "depth": 0.0
          },
          {
            "time": "2010-01-12T13:00:50+00:00",
            "course": 350.17,
            "speed": 9.0,
            "depth": 0.0
          },
          {
            "time": "2010-01-12T13:01:40+00:00",
            "course": 350.17,
            "speed": 9.0,
            "depth": 0.0
          },
          {
            "time": "2010-01-12T13:02:30+00:00",
            "course": 350.17,
            "speed": 9.0,
            "depth": 0.0
          },
          {
            "time": "2010-01-12T13:03:20+00:00",
            "course": 350.17,
            "speed": 9.0,
            "depth": 0.0
          },
          {
            "time": "2010-01-12T13:04:10+00:00",
            "course": 350.17,
            "speed": 9.0,
            "depth": 0.0
          },
          {
            "time": "2010-01-12T13:05:00+00:00",
            "course": 350.17,
            "speed": 9.0,
            "depth": 0.0
          },
          {
            "time": "2010-01-12T13:05:50+00:00",
            "course": 350.17,
            "speed": 9.0,
            "depth": 0.0
          },
          {
            "time": "2010-01-12T13:06:40+00:00",
            "course": 350.17,
            "speed": 9.0,
            "depth": 0.0
          },
          {
            "time": "2010-01-12T13:07:30+00:00",
            "course": 350.17,
            "speed": 9.0,
            "depth": 0.0
          },
          {
            "time": "2010-01-12T13:08:20+00:00",
            "course": 350.17,
            "speed": 9.0,
            "depth": 0.0
          },
          {
            "time": "2010-01-12T13:09:10+00:00",
            "course": 350.17,
            "speed": 9.0,
            "depth": 0.0
          },
          {
            "time": "2010-01-12T13:10:00+00:00",
            "course": 350.17,
            "speed": 9.0,
            "depth": 0.0
          },
          {
            "time": "2010-01-12T13:10:50+00:00",
            "course": 350.17,
            "speed": 9.0,
            "depth": 0.0
          },
          {
            "time": "2010-01-12T13:11:40+00:00",
            "course": 350.17,
            "speed": 9.0,
            "depth": 0.0
          },
          {
            "time": "2010-01-12T13:12:30+00:00",
            "course": 350.17,
            "speed": 9.0,
            "depth": 0.0
          },
          {
            "time": "2010-01-12T13:13:20+00:00",
            "course": 350.17,
            "speed": 9.0,
            "depth": 0.0
          },
          {
            "time": "2010-01-12T13:14:10+00:00",
            "course": 350.17,
            "speed": 9.0,
            "depth": 0.0
          },
          {
            "time": "2010-01-12T13:15:00+00:00",
            "course": 350.17,
            "speed": 9.0,
            "depth": 0.0
          },
          {
            "time": "2010-01-12T13:15:50+00:00",
            "course": 350.17,
            "speed": 9.0,
            "depth": 0.0
          },
          {
            "time": "2010-01-12T13:16:40+00:00",
            "course": 350.17,
            "speed": 9.0,
            "depth": 0.0
          },
          {
            "time": "2010-01-12T13:17:30+00:00",
            "course": 350.17,
            "speed": 9.0,
            "depth": 0.0
          },
          {
            "time": "2010-01-12T13:18:20+00:00",
            "course": 350.17,
            "speed": 9.0,
            "depth": 0.0
          },
          {
            "time": "2010-01-12T13:19:10+00:00",
            "course": 350.17,
            "speed": 9.0,
            "depth": 0.0
          },
          {
            "time": "2010-01-12T13:20:00+00:00",
            "course": 350.17,
            "speed": 9.0,
            "depth": 0.0
          },
          {
            "time": "2010-01-12T13:20:50+00:00",
            "course": 350.17,
            "speed": 9.0,
            "depth": 0.0
          },
          {
            "time": "2010-01-12T13:21:40+00:00",
            "course": 350.17,
            "speed": 9.0,
            "depth": 0.0
          },
          {
            "time": "2010-01-12T13:22:30+00:00",
            "course": 350.17,
            "speed": 9.0,
            "depth": 0.0
          },
          {
            "time": "2010-01-12T13:23:20+00:00",
            "course": 350.17,
            "speed": 9.0,
            "depth": 0.0
          },
          {
            "time": "2010-01-12T13:24:10+00:00",
            "course": 350.17,
            "speed": 9.0,
            "depth": 0.0
          },
          {
            "time": "2010-01-12T13:25:00+00:00",
            "course": 350.17,
            "speed": 9.0,
            "depth": 0.0
          },
          {
            "time": "2010-01-12T13:25:50+00:00",
            "course": 350.17,
            "speed": 9.0,
            "depth": 0.0
          },
          {
            "time": "2010-01-12T13:26:40+00:00",
            "course": 350.17,
            "speed": 9.0,
            "depth": 0.0
          },
          {
            "time": "2010-01-12T13:27:30+00:00",
            "course": 350.17,
            "speed": 9.0,
            "depth": 0.0
          },
          {
            "time": "2010-01-12T13:28:20+00:00",
            "course": 350.17,
            "speed": 9.0,
            "depth": 0.0
          },
          {
            "time": "2010-01-12T13:29:10+00:00",
            "course": 350.17,
            "speed": 9.0,
            "depth": 0.0
          },
          {
            "time": "2010-01-12T13:30:00+00:00",
            "course": 350.17,
            "speed": 9.0,
            "depth": 0.0
          },
          {
            "time": "2010-01-12T13:30:50+00:00",
            "course": 350.17,
            "speed": 9.0,
            "depth": 0.0
          },
          {
            "time": "2010-01-12T13:31:40+00:00",
            "course": 350.17,
            "speed": 9.0,
            "depth": 0.0
          },
          {
            "time": "2010-01-12T13:32:30+00:00",
            "course": 350.17,
            "speed": 9.0,
            "depth": 0.0
          },
          {
            "time": "2010-01-12T13:33:20+00:00",
            "course": 350.17,
            "speed": 9.0,
            "depth": 0.0
          },
          {
            "time": "2010-01-12T13:34:10+00:00",
            "course": 350.17,
            "speed": 9.0,
            "depth": 0.0
          },
          {
            "time": "2010-01-12T13:35:00+00:00",
            "course": 350.17,
            "speed": 9.0,
            "depth": 0.0
          },
          {
            "time": "2010-01-12T13:35:50+00:00",
            "course": 350.17,
            "speed": 9.0,
            "depth": 0.0
          },
          {
            "time": "2010-01-12T13:36:40+00:00",
            "course": 350.17,
            "speed": 9.0,
            "depth": 0.0
          },
          {
            "time": "2010-01-12T13:37:30+00:00",
            "course": 350.17,
            "speed": 9.0,
            "depth": 0.0
          },
          {
            "time": "2010-01-12T13:38:20+00:00",
            "course": 350.17,
            "speed": 9.0,
            "depth": 0.0
          },
          {
            "time": "2010-01-12T13:39:10+00:00",
            "course": 350.17,
            "speed": 9.0,
            "depth": 0.0
          },
          {
            "time": "2010-01-12T13:40:00+00:00",
            "course": 350.17,
            "speed": 9.0,
            "depth": 0.0
          },
          {
            "time": "2010-01-12T13:40:50+00:00",
            "course": 350.17,
            "speed": 9.0,
            "depth": 0.0
          },
          {
            "time": "2010-01-12T13:41:40+00:00",
            "course": 317.01,
            "speed": 9.0,
            "depth": 0.0
          },
          {
            "time": "2010-01-12T13:42:30+00:00",
            "course": 309.27,
            "speed": 9.0,
            "depth": 0.0
          },
          {
            "time": "2010-01-12T13:43:20+00:00",
            "course": 309.24,
            "speed": 9.0,
            "depth": 0.0
          },
          {
            "time": "2010-01-12T13:44:10+00:00",
            "course": 309.24,
            "speed": 9.0,
            "depth": 0.0
          },
          {
            "time": "2010-01-12T13:45:00+00:00",
            "course": 309.24,
            "speed": 9.0,
            "depth": 0.0
          },
          {
            "time": "2010-01-12T13:45:50+00:00",
            "course": 309.24,
            "speed": 9.0,
            "depth": 0.0
          },
          {
            "time": "2010-01-12T13:46:40+00:00",
            "course": 309.24,
            "speed": 9.0,
            "depth": 0.0
          },
          {
            "time": "2010-01-12T13:47:30+00:00",
            "course": 309.24,
            "speed": 9.0,
            "depth": 0.0
          },
          {
            "time": "2010-01-12T13:48:20+00:00",
            "course": 309.24,
            "speed": 9.0,
            "depth": 0.0
          },
          {
            "time": "2010-01-12T13:49:10+00:00",
            "course": 309.24,
            "speed": 9.0,
            "depth": 0.0
          },
          {
            "time": "2010-01-12T13:50:00+00:00",
            "course": 309.24,
            "speed": 9.0,
            "depth": 0.0
          },
          {
            "time": "2010-01-12T13:50:50+00:00",
            "course": 309.24,
            "speed": 9.0,
            "depth": 0.0
          },
          {
            "time": "2010-01-12T13:51:40+00:00",
            "course": 309.24,
            "speed": 9.0,
            "depth": 0.0
          },
          {
            "time": "2010-01-12T13:52:30+00:00",
            "course": 309.24,
            "speed": 9.0,
            "depth": 0.0
          },
          {
            "time": "2010-01-12T13:53:20+00:00",
            "course": 309.24,
            "speed": 9.0,
            "depth": 0.0
          },
          {
            "time": "2010-01-12T13:54:10+00:00",
            "course": 309.24,
            "speed": 9.0,
            "depth": 0.0
          },
          {
            "time": "2010-01-12T13:55:00+00:00",
            "course": 309.24,
            "speed": 9.0,
            "depth": 0.0
          },
          {
            "time": "2010-01-12T13:55:50+00:00",
            "course": 309.24,
            "speed": 9.0,
            "depth": 0.0
          },
          {
            "time": "2010-01-12T13:56:40+00:00",
            "course": 309.24,
            "speed": 9.0,
            "depth": 0.0
          },
          {
            "time": "2010-01-12T13:57:30+00:00",
            "course": 309.24,
            "speed": 9.0,
            "depth": 0.0
          },
          {
            "time": "2010-01-12T13:58:20+00:00",
            "course": 309.24,
            "speed": 9.0,
            "depth": 0.0
          },
          {
            "time": "2010-01-12T13:59:10+00:00",
            "course": 309.24,
            "speed": 9.0,
            "depth": 0.0
          },
          {
            "time": "2010-01-12T14:00:00+00:00",
            "course": 309.24,
            "speed": 9.0,
            "depth": 0.0
          }
        ],
        "style": {
          "line": {
            "color": "#808080"
          },
          "point": {
            "shape": "circle",
            "radius": 3.0,
            "fill_color": "#808080",
            "color": "#808080"
          }
        },
        "default_position_style": {
          "show_symbol": false,
          "symbol": "circle",
          "show_label": false
        },
        "symbol_interval": "PT10M",
        "label_interval": "PT30M"
      }
    }
  ]
}