{
  "type": "FeatureCollection",
  "features": [
    {
      "type": "Feature",
      "id": "28d3ad22-04ba-4e9d-8e08-c4e375d728f2",
      "geometry": {
        "type": "LineString",
        "coordinates": [
          [
            -0.0,
            0.2
          ],
          [
            0.0004056,
            0.2004111
          ],
          [
            0.0008722,
            0.2007528
          ],
          [
            0.0013889,
            0.2010139
          ],
          [
            0.0019389,
            0.2011917
          ],
          [
            0.0025111,
            0.2012778
          ],
          [
            0.0030889,
            0.2012694
          ],
          [
            0.0036583,
            0.2011722
          ],
          [
            0.0042028,
            0.2009833
          ],
          [
            0.0047139,
            0.2007083
          ],
          [
            0.0051722,
            0.2003556
          ],
          [
            0.0055667,
            0.1999361
          ],
          [
            0.0058917,
            0.1994556
          ],
          [
            0.0061333,
            0.1989333
          ],
          [
            0.0062917,
            0.198375
          ],
          [
            0.0063556,
            0.1978
          ],
          [
            0.0063278,
            0.197225
          ],
          [
            0.0062083,
            0.1966583
          ],
          [
            0.0059972,
            0.1961194
          ],
          [
            0.0057278,
            0.1956083
          ],
          [
            0.0054556,
            0.1950972
          ],
          [
            0.0051806,
            0.1945889
          ],
          [
            0.0049083,
            0.1940778
          ],
          [
            0.0046333,
            0.1935667
          ],
          [
            0.0043611,
            0.1930583
          ],
          [
            0.0040889,
            0.1925472
          ],
          [
            0.0038139,
            0.1920389
          ],
          [
            0.0035417,
            0.1915278
          ],
          [
            0.0032667,
            0.1910167
          ],
          [
            0.0029944,
            0.1905083
          ],
          [
            0.0027194,
            0.1899972
          ],
          [
            0.0024472,
            0.1894861
          ],
          [
            0.002175,
            0.1889778
          ],
          [
            0.0019,
            0.1884667
          ],
          [
            0.0016278,
            0.1879583
          ],
          [
            0.0013528,
            0.1874472
          ],
          [
            0.0010806,
            0.1869361
          ],
          [
            0.0008083,
            0.1864278
          ],
          [
            0.0005333,
            0.1859167
          ],
          [
            0.0002611,
            0.1854056
          ],
          [
            -1.39e-05,
            0.1848972
          ],
          [
            -0.0002861,
            0.1843861
          ],
          [
            -0.0005611,
            0.1838778
          ],
          [
            -0.0008333,
            0.1833667
          ],
          [
            -0.0011056,
            0.1828556
          ],
          [
            -0.0013806,
            0.1823472
          ],
          [
            -0.0016528,
            0.1818361
          ],
          [
            -0.0019278,
            0.181325
          ],
          [
            -0.0022,
            0.1808167
          ],
          [
            -0.002475,
            0.1803056
          ],
          [
            -0.0027472,
            0.1797972
          ],
          [
            -0.0030194,
            0.1792861
          ],
          [
            -0.0032944,
            0.178775
          ],
          [
            -0.0035667,
            0.1782667
          ],
          [
            -0.0038417,
            0.1777556
          ],
          [
            -0.0041139,
            0.1772444
          ],
          [
            -0.0043861,
            0.1767361
          ],
          [
            -0.0046611,
            0.176225
          ],
          [
            -0.0049333,
            0.1757167
          ],
          [
            -0.0052083,
            0.1752056
          ],
          [
            -0.0054806,
            0.1746944
          ],
          [
            -0.0057556,
            0.1741861
          ],
          [
            -0.0060278,
            0.173675
          ],
          [
            -0.0063,
            0.1731667
          ],
          [
            -0.006575,
            0.1726556
          ],
          [
            -0.0068472,
            0.1721444
          ],
          [
            -0.0071222,
            0.1716361
          ],
          [
            -0.0073944,
            0.171125
          ],
          [
            -0.0076667,
            0.1706139
          ],
          [
            -0.0079417,
            0.1701056
          ],
          [
            -0.0082139,
            0.1695944
          ],
          [
            -0.0084889,
            0.1690861
          ],
          [
            -0.0087611,
            0.168575
          ],
          [
            -0.0090361,
            0.1680639
          ],
          [
            -0.0093083,
            0.1675556
          ],
          [
            -0.0095806,
            0.1670444
          ],
          [
            -0.0098556,
            0.1665333
          ],
          [
            -0.0101278,
            0.166025
          ],
          [
            -0.0104028,
            0.1655139
          ],
          [
            -0.010675,
            0.1650056
          ],
          [
            -0.0109472,
            0.1644944
          ],
          [
            -0.0112222,
            0.1639833
          ],
          [
            -0.0114944,
            0.163475
          ],
          [
            -0.0117694,
            0.1629639
          ],
          [
            -0.0120417,
            0.1624528
          ],
          [
            -0.0123167,
            0.1619444
          ],
          [
            -0.0125889,
            0.1614333
          ],
          [
            -0.0128611,
            0.160925
          ],
          [
            -0.0131361,
            0.1604139
          ],
          [
            -0.0134083,
            0.1599028
          ],
          [
            -0.0136833,
            0.1593944
          ],
          [
            -0.0139556,
            0.1588833
          ],
          [
            -0.0142278,
            0.158375
          ],
          [
            -0.0145028,
            0.1578639
          ],
          [
            -0.014775,
            0.1573528
          ],
          [
            -0.01505,
            0.1568444
          ],
          [
            -0.0153222,
            0.1563333
          ],
          [
            -0.0156361,
            0.1558472
          ],
          [
            -0.0160222,
            0.1554167
          ],
          [
            -0.0164722,
            0.1550556
          ],
          [
            -0.016975,
            0.1547694
          ],
          [
            -0.0175167,
            0.1545694
          ],
          [
            -0.0180861,
            0.1544583
          ],
          [
            -0.0186639,
            0.1544389
          ],
          [
            -0.0192361,
            0.1545111
          ],
          [
            -0.0197917,
            0.154675
          ],
          [
            -0.0203111,
            0.154925
          ],
          [
            -0.0207861,
            0.1552556
          ],
          [
            -0.0212,
            0.1556583
          ],
          [
            -0.0215472,
            0.1561222
          ],
          [
            -0.0218139,
            0.1566361
          ],
          [
            -0.0219944,
            0.1571861
          ],
          [
            -0.0220861,
            0.1577556
          ],
          [
            -0.0221417,
            0.1583306
          ],
          [
            -0.0222,
            0.1589083
          ],
          [
            -0.0222583,
            0.1594833
          ],
          [
            -0.0223139,
            0.1600583
          ],
          [
            -0.0223722,
            0.1606361
          ],
          [
            -0.0224306,
            0.1612111
          ],
          [
            -0.0224861,
            0.1617861
          ],
          [
            -0.0225444,
            0.1623611
          ],
          [
            -0.0226028,
            0.1629389
          ],
          [
            -0.0226611,
            0.1635139
          ],
          [
            -0.0227167,
            0.1640889
          ],
          [
            -0.022775,
            0.1646667
          ],
          [
            -0.0228333,
            0.1652417
          ],
          [
            -0.0228889,
            0.1658167
          ],
          [
            -0.0229472,
            0.1663944
          ],
          [
            -0.0230056,
            0.1669694
          ],
          [
            -0.0230611,
            0.1675444
          ],
          [
            -0.0231194,
            0.1681222
          ],
          [
            -0.0231778,
            0.1686972
          ],
          [
            -0.0232333,
            0.1692722
          ],
          [
            -0.0232917,
            0.1698472
          ],
          [
            -0.02335,
            0.170425
          ],
          [
            -0.0234056,
            0.171
          ],
          [
            -0.0234639,
            0.171575
          ],
          [
            -0.0235222,
            0.1721528
          ],
          [
            -0.0235778,
            0.1727278
          ],
          [
            -0.0236361,
            0.1733028
          ],
          [
            -0.0236944,
            0.1738806
          ],
          [
            -0.02375,
            0.1744556
          ],
          [
            -0.0238083,
            0.1750306
          ],
          [
            -0.0238667,
            0.1756056
          ],
          [
            -0.0239222,
            0.1761833
          ]
        ]
      },
      "properties": {
        "kind": "TRACK",
        "platform_id": "TURN",
        "platform_name": "TURN",
        "track_type": "CONTACT",
        "start_time": "2010-01-12T12:00:00+00:00",
        "end_time": "2010-01-12T14:00:00+00:00",
        "positions": [
          {
            "time": "2010-01-12T12:00:00+00:00",
            "course": 40.0,
            "speed": 2.5,
            "depth": 0.0
          },
          {
            "time": "2010-01-12T12:00:50+00:00",
            "course": 49.21,
            "speed": 2.5,
            "depth": 0.0
          },
          {
            "time": "2010-01-12T12:01:40+00:00",
            "course": 58.42,
            "speed": 2.5,
            "depth": 0.0
          },
          {
            "time": "2010-01-12T12:02:30+00:00",
            "course": 67.63,
            "speed": 2.5,
            "depth": 0.0
          },
          {
            "time": "2010-01-12T12:03:20+00:00",
            "course": 76.84,
            "speed": 2.5,
            "depth": 0.0
          },
          {
            "time": "2010-01-12T12:04:10+00:00",
            "course": 86.06,
            "speed": 2.5,
            "depth": 0.0
          },
          {
            "time": "2010-01-12T12:05:00+00:00",
            "course": 95.27,
            "speed": 2.5,
            "depth": 0.0
          },
          {
            "time": "2010-01-12T12:05:50+00:00",
            "course": 104.48,
            "speed": 2.5,
            "depth": 0.0
          },
          {
            "time": "2010-01-12T12:06:40+00:00",
            "course": 113.69,
            "speed": 2.5,
            "depth": 0.0
          },
          {
            "time": "2010-01-12T12:07:30+00:00",
            "course": 122.9,
            "speed": 2.5,
            "depth": 0.0
          },
          {
            "time": "2010-01-12T12:08:20+00:00",
            "course": 132.11,
            "speed": 2.5,
            "depth": 0.0
          },
          {
            "time": "2010-01-12T12:09:10+00:00",
            "course": 141.32,
            "speed": 2.5,
            "depth": 0.0
          },
          {
            "time": "2010-01-12T12:10:00+00:00",
            "course": 150.53,
            "speed": 2.5,
            "depth": 0.0
          },
          {
            "time": "2010-01-12T12:10:50+00:00",
            "course": 159.74,
            "speed": 2.5,
            "depth": 0.0
          },
          {
            "time": "2010-01-12T12:11:40+00:00",
            "course": 168.96,
            "speed": 2.5,
            "depth": 0.0
          },
          {
            "time": "2010-01-12T12:12:30+00:00",
            "course": 178.17,
            "speed": 2.5,
            "depth": 0.0
          },
          {
            "time": "2010-01-12T12:13:20+00:00",
            "course": 187.38,
            "speed": 2.5,
            "depth": 0.0
          },
          {
            "time": "2010-01-12T12:14:10+00:00",
            "course": 196.59,
            "speed": 2.5,
            "depth": 0.0
          },
          {
            "time": "2010-01-12T12:15:00+00:00",
            "course": 205.8,
            "speed": 2.5,
            "depth": 0.0
          },
          {
            "time": "2010-01-12T12:15:50+00:00",
            "course": 208.19,
            "speed": 2.5,
            "depth": 0.0
          },
          {
            "time": "2010-01-12T12:16:40+00:00",
            "course": 208.19,
            "speed": 2.5,
            "depth": 0.0
          },
          {
            "time": "2010-01-12T12:17:30+00:00",
            "course": 208.19,
            "speed": 2.5,
            "depth": 0.0
          },
          {
            "time": "2010-01-12T12:18:20+00:00",
            "course": 208.19,
            "speed": 2.5,
            "depth": 0.0
          },
          {
            "time": "2010-01-12T12:19:10+00:00",
            "course": 208.19,
            "speed": 2.5,
            "depth": 0.0
          },
          {
            "time": "2010-01-12T12:20:00+00:00",
            "course": 208.19,
            "speed": 2.5,
            "depth": 0.0
          },
          {
            "time": "2010-01-12T12:20:50+00:00",
            "course": 208.19,
            "speed": 2.5,
            "depth": 0.0
          },
          {
            "time": "2010-01-12T12:21:40+00:00",
            "course": 208.19,
            "speed": 2.5,
            "depth": 0.0
          },
          {
            "time": "2010-01-12T12:22:30+00:00",
            "course": 208.19,
            "speed": 2.5,
            "depth": 0.0
          },
          {
            "time": "2010-01-12T12:23:20+00:00",
            "course": 208.19,
            "speed": 2.5,
            "depth": 0.0
          },
          {
            "time": "2010-01-12T12:24:10+00:00",
            "course": 208.19,
            "speed": 2.5,
            "depth": 0.0
          },
          {
            "time": "2010-01-12T12:25:00+00:00",
            "course": 208.19,
            "speed": 2.5,
            "depth": 0.0
          },
          {
            "time": "2010-01-12T12:25:50+00:00",
            "course": 208.19,
            "speed": 2.5,
            "depth": 0.0
          },
          {
            "time": "2010-01-12T12:26:40+00:00",
            "course": 208.19,
            "speed": 2.5,
            "depth": 0.0
          },
          {
            "time": "2010-01-12T12:27:30+00:00",
            "course": 208.19,
            "speed": 2.5,
            "depth": 0.0
          },
          {
            "time": "2010-01-12T12:28:20+00:00",
            "course": 208.19,
            "speed": 2.5,
            "depth": 0.0
          },
          {
            "time": "2010-01-12T12:29:10+00:00",
            "course": 208.19,
            "speed": 2.5,
            "depth": 0.0
          },
          {
            "time": "2010-01-12T12:30:00+00:00",
            "course": 208.19,
            "speed": 2.5,
            "depth": 0.0
          },
          {
            "time": "2010-01-12T12:30:50+00:00",
            "course": 208.19,
            "speed": 2.5,
            "depth": 0.0
          },
          {
            "time": "2010-01-12T12:31:40+00:00",
            "course": 208.19,
            "speed": 2.5,
            "depth": 0.0
          },
          {
            "time": "2010-01-12T12:32:30+00:00",
            "course": 208.19,
            "speed": 2.5,
            "depth": 0.0
          },
          {
            "time": "2010-01-12T12:33:20+00:00",
            "course": 208.19,
            "speed": 2.5,
            "depth": 0.0
          },
          {
            "time": "2010-01-12T12:34:10+00:00",
            "course": 208.19,
            "speed": 2.5,
            "depth": 0.0
          },
          {
            "time": "2010-01-12T12:35:00+00:00",
            "course": 208.19,
            "speed": 2.5,
            "depth": 0.0
          },
          {
            "time": "2010-01-12T12:35:50+00:00",
            "course": 208.19,
            "speed": 2.5,
            "depth": 0.0
          },
          {
            "time": "2010-01-12T12:36:40+00:00",
            "course": 208.19,
            "speed": 2.5,
            "depth": 0.0
          },
          {
            "time": "2010-01-12T12:37:30+00:00",
            "course": 208.19,
            "speed": 2.5,
            "depth": 0.0
          },
          {
            "time": "2010-01-12T12:38:20+00:00",
            "course": 208.19,
            "speed": 2.5,
            "depth": 0.0
          },
          {
            "time": "2010-01-12T12:39:10+00:00",
            "course": 208.19,
            "speed": 2.5,
            "depth": 0.0
          },
          {
            "time": "2010-01-12T12:40:00+00:00",
            "course": 208.19,
            "speed": 2.5,
            "depth": 0.0
          },
          {
            "time": "2010-01-12T12:40:50+00:00",
            "course": 208.19,
            "speed": 2.5,
            "depth": 0.0
          },
          {
            "time": "2010-01-12T12:41:40+00:00",
            "course": 208.19,
            "speed": 2.5,
            "depth": 0.0
          },
          {
            "time": "2010-01-12T12:42:30+00:00",
            "course": 208.19,
            "speed": 2.5,
            "depth": 0.0
          },
          {
            "time": "2010-01-12T12:43:20+00:00",
            "course": 208.19,
            "speed": 2.5,
            "depth": 0.0
          },
          {
            "time": "2010-01-12T12:44:10+00:00",
            "course": 208.19,
            "speed": 2.5,
            "depth": 0.0
          },
          {
            "time": "2010-01-12T12:45:00+00:00",
            "course": 208.19,
            "speed": 2.5,
            "depth": 0.0
          },
          {
            "time": "2010-01-12T12:45:50+00:00",
            "course": 208.19,
            "speed": 2.5,
            "depth": 0.0
          },
          {
            "time": "2010-01-12T12:46:40+00:00",
            "course": 208.19,
            "speed": 2.5,
            "depth": 0.0
          },
          {
            "time": "2010-01-12T12:47:30+00:00",
            "course": 208.19,
            "speed": 2.5,
            "depth": 0.0
          },
          {
            "time": "2010-01-12T12:48:20+00:00",
            "course": 208.19,
            "speed": 2.5,
            "depth": 0.0
          },
          {
            "time": "2010-01-12T12:49:10+00:00",
            "course": 208.19,
            "speed": 2.5,
            "depth": 0.0
          },
          {
            "time": "2010-01-12T12:50:00+00:00",
            "course": 208.19,
            "speed": 2.5,
            "depth": 0.0
          },
          {
            "time": "2010-01-12T12:50:50+00:00",
            "course": 208.19,
            "speed": 2.5,
            "depth": 0.0
          },
          {
            "time": "2010-01-12T12:51:40+00:00",
            "course": 208.19,
            "speed": 2.5,
            "depth": 0.0
          },
          {
            "time": "2010-01-12T12:52:30+00:00",
            "course": 208.19,
            "speed": 2.5,
            "depth": 0.0
          },
          {
            "time": "2010-01-12T12:53:20+00:00",
            "course": 208.19,
            "speed": 2.5,
            "depth": 0.0
          },
          {
            "time": "2010-01-12T12:54:10+00:00",
            "course": 208.19,
            "speed": 2.5,
            "depth": 0.0
          },
          {
            "time": "2010-01-12T12:55:00+00:00",
            "course": 208.19,
            "speed": 2.5,
            "depth": 0.0
          },
          {
            "time": "2010-01-12T12:55:50+00:00",
            "course": 208.19,
            "speed": 2.5,
            "depth": 0.0
          },
          {
            "time": "2010-01-12T12:56:40+00:00",
            "course": 208.19,
            "speed": 2.5,
            "depth": 0.0
          },
          {
            "time": "2010-01-12T12:57:30+00:00",
            "course": 208.19,
            "speed": 2.5,
            "depth": 0.0
          },
          {
            "time": "2010-01-12T12:58:20+00:00",
            "course": 208.19,
            "speed": 2.5,
            "depth": 0.0
          },
          {
            "time": "2010-01-12T12:59:10+00:00",
            "course": 208.19,
            "speed": 2.5,
            "depth": 0.0
          },
          {
            "time": "2010-01-12T13:00:00+00:00",
            "course": 208.19,
            "speed": 2.5,
            "depth": 0.0
          },
          {
            "time": "2010-01-12T13:00:50+00:00",
            "course": 208.19,
            "speed": 2.5,
            "depth": 0.0
          },
          {
            "time": "2010-01-12T13:01:40+00:00",
            "course": 208.19,
            "speed": 2.5,
            "depth": 0.0
          },
          {
            "time": "2010-01-12T13:02:30+00:00",
            "course": 208.19,
            "speed": 2.5,
            "depth": 0.0
          },
          {
            "time": "2010-01-12T13:03:20+00:00",
            "course": 208.19,
            "speed": 2.5,
            "depth": 0.0
          },
          {
            "time": "2010-01-12T13:04:10+00:00",
            "course": 208.19,
            "speed": 2.5,
            "depth": 0.0
          },
          {
            "time": "2010-01-12T13:05:00+00:00",
            "course": 208.19,
            "speed": 2.5,
            "depth": 0.0
          },
          {
            "time": "2010-01-12T13:05:50+00:00",
            "course": 208.19,
            "speed": 2.5,
            "depth": 0.0
          },
          {
            "time": "2010-01-12T13:06:40+00:00",
            "course": 208.19,
            "speed": 2.5,
            "depth": 0.0
          },
          {
            "time": "2010-01-12T13:07:30+00:00",
            "course": 208.19,
            "speed": 2.5,
            "depth": 0.0
          },
          {
            "time": "2010-01-12T13:08:20+00:00",
            "course": 208.19,
            "speed": 2.5,
            "depth": 0.0
          },
          {
            "time": "2010-01-12T13:09:10+00:00",
            "course": 208.19,
            "speed": 2.5,
            "depth": 0.0
          },
          {
            "time": "2010-01-12T13:10:00+00:00",
            "course": 208.19,
            "speed": 2.5,
            "depth": 0.0
          },
          {
            "time": "2010-01-12T13:10:50+00:00",
            "course": 208.19,
            "speed": 2.5,
            "depth": 0.0
          },
          {
            "time": "2010-01-12T13:11:40+00:00",
            "course": 208.19,
            "speed": 2.5,
            "depth": 0.0
          },
          {
            "time": "2010-01-12T13:12:30+00:00",
            "course": 208.19,
            "speed": 2.5,
            "depth": 0.0
          },
          {
            "time": "2010-01-12T13:13:20+00:00",
            "course": 208.19,
            "speed": 2.5,
            "depth": 0.0
          },
          {
            "time": "2010-01-12T13:14:10+00:00",
            "course": 208.19,
            "speed": 2.5,
            "depth": 0.0
          },
          {
            "time": "2010-01-12T13:15:00+00:00",
            "course": 208.19,
            "speed": 2.5,
            "depth": 0.0
          },
          {
            "time": "2010-01-12T13:15:50+00:00",
            "course": 208.19,
            "speed": 2.5,
            "depth": 0.0
          },
          {
            "time": "2010-01-12T13:16:40+00:00",
            "course": 208.19,
            "speed": 2.5,
            "depth": 0.0
          },
          {
            "time": "2010-01-12T13:17:30+00:00",
            "course": 208.19,
            "speed": 2.5,
            "depth": 0.0
          },
          {
            "time": "2010-01-12T13:18:20+00:00",
            "course": 208.19,
            "speed": 2.5,
            "depth": 0.0
          },
          {
            "time": "2010-01-12T13:19:10+00:00",
            "course": 208.19,
            "speed": 2.5,
            "depth": 0.0
          },
          {
            "time": "2010-01-12T13:20:00+00:00",
            "course": 208.19,
            "speed": 2.5,
            "depth": 0.0
          },
          {
            "time": "2010-01-12T13:20:50+00:00",
            "course": 217.4,
            "speed": 2.5,
            "depth": 0.0
          },
          {
            "time": "2010-01-12T13:21:40+00:00",
            "course": 226.61,
            "speed": 2.5,
            "depth": 0.0
          },
          {
            "time": "2010-01-12T13:22:30+00:00",
            "course": 235.82,
            "speed": 2.5,
            "depth": 0.0
          },
          {
            "time": "2010-01-12T13:23:20+00:00",
            "course": 245.03,
            "speed": 2.5,
            "depth": 0.0
          },
          {
            "time": "2010-01-12T13:24:10+00:00",
            "course": 254.25,
            "speed": 2.5,
            "depth": 0.0
          },
          {
            "time": "2010-01-12T13:25:00+00:00",
            "course": 263.46,
            "speed": 2.5,
            "depth": 0.0
          },
          {
            "time": "2010-01-12T13:25:50+00:00",
            "course": 272.67,
            "speed": 2.5,
            "depth": 0.0
          },
          {
            "time": "2010-01-12T13:26:40+00:00",
            "course": 281.88,
            "speed": 2.5,
            "depth": 0.0
          },
          {
            "time": "2010-01-12T13:27:30+00:00",
            "course": 291.09,
            "speed": 2.5,
            "depth": 0.0
          },
          {
            "time": "2010-01-12T13:28:20+00:00",
            "course": 300.3,
            "speed": 2.5,
            "depth": 0.0
          },
          {
            "time": "2010-01-12T13:29:10+00:00",
            "course": 309.51,
            "speed": 2.5,
            "depth": 0.0
          },
          {
            "time": "2010-01-12T13:30:00+00:00",
            "course": 318.72,
            "speed": 2.5,
            "depth": 0.0
          },
          {
            "time": "2010-01-12T13:30:50+00:00",
            "course": 327.93,
            "speed": 2.5,
            "depth": 0.0
          },
          {
            "time": "2010-01-12T13:31:40+00:00",
            "course": 337.15,
            "speed": 2.5,
            "depth": 0.0
          },
          {
            "time": "2010-01-12T13:32:30+00:00",
            "course": 346.36,
            "speed": 2.5,
            "depth": 0.0
          },
          {
            "time": "2010-01-12T13:33:20+00:00",
            "course": 354.22,
            "speed": 2.5,
            "depth": 0.0
          },
          {
            "time": "2010-01-12T13:34:10+00:00",
            "course": 354.3,
            "speed": 2.5,
            "depth": 0.0
          },
          {
            "time": "2010-01-12T13:35:00+00:00",
            "course": 354.3,
            "speed": 2.5,
            "depth": 0.0
          },
          {
            "time": "2010-01-12T13:35:50+00:00",
            "course": 354.3,
            "speed": 2.5,
            "depth": 0.0
          },
          {
            "time": "2010-01-12T13:36:40+00:00",
            "course": 354.3,
            "speed": 2.5,
            "depth": 0.0
          },
          {
            "time": "2010-01-12T13:37:30+00:00",
            "course": 354.3,
            "speed": 2.5,
            "depth": 0.0
          },
          {
            "time": "2010-01-12T13:38:20+00:00",
            "course": 354.3,
            "speed": 2.5,
            "depth": 0.0
          },
          {
            "time": "2010-01-12T13:39:10+00:00",
            "course": 354.3,
            "speed": 2.5,
            "depth": 0.0
          },
          {
            "time": "2010-01-12T13:40:00+00:00",
            "course": 354.3,
            "speed": 2.5,
            "depth": 0.0
          },
          {
            "time": "2010-01-12T13:40:50+00:00",
            "course": 354.3,
            "speed": 2.5,
            "depth": 0.0
          },
          {
            "time": "2010-01-12T13:41:40+00:00",
            "course": 354.3,
            "speed": 2.5,
            "depth": 0.0
          },
          {
            "time": "2010-01-12T13:42:30+00:00",
            "course": 354.3,
            "speed": 2.5,
            "depth": 0.0
          },
          {
            "time": "2010-01-12T13:43:20+00:00",
            "course": 354.3,
            "speed": 2.5,
            "depth": 0.0
          },
          {
            "time": "2010-01-12T13:44:10+00:00",
            "course": 354.3,
            "speed": 2.5,
            "depth": 0.0
          },
          {
            "time": "2010-01-12T13:45:00+00:00",
            "course": 354.3,
            "speed": 2.5,
            "depth": 0.0
          },
          {
            "time": "2010-01-12T13:45:50+00:00",
            "course": 354.3,
            "speed": 2.5,
            "depth": 0.0
          },
          {
            "time": "2010-01-12T13:46:40+00:00",
            "course": 354.3,
            "speed": 2.5,
            "depth": 0.0
          },
          {
            "time": "2010-01-12T13:47:30+00:00",
            "course": 354.3,
            "speed": 2.5,
            "depth": 0.0
          },
          {
            "time": "2010-01-12T13:48:20+00:00",
            "course": 354.3,
            "speed": 2.5,
            "depth": 0.0
          },
          {
            "time": "2010-01-12T13:49:10+00:00",
            "course": 354.3,
            "speed": 2.5,
            "depth": 0.0
          },
          {
            "time": "2010-01-12T13:50:00+00:00",
            "course": 354.3,
            "speed": 2.5,
            "depth": 0.0
          },
          {
            "time": "2010-01-12T13:50:50+00:00",
            "course": 354.3,
            "speed": 2.5,
            "depth": 0.0
          },
          {
            "time": "2010-01-12T13:51:40+00:00",
            "course": 354.3,
            "speed": 2.5,
            "depth": 0.0
          },
          {
            "time": "2010-01-12T13:52:30+00:00",
            "course": 354.3,
            "speed": 2.5,
            "depth": 0.0
          },
          {
            "time": "2010-01-12T13:53:20+00:00",
            "course": 354.3,
            "speed": 2.5,
            "depth": 0.0
          },
          {
            "time": "2010-01-12T13:54:10+00:00",
            "course": 354.3,
            "speed": 2.5,
            "depth": 0.0
          },
          {
            "time": "2010-01-12T13:55:00+00:00",
            "course": 354.3,
            "speed": 2.5,
            "depth": 0.0
          },
          {
            "time": "2010-01-12T13:55:50+00:00",
            "course": 354.3,
            "speed": 2.5,
            "depth": 0.0
          },
          {
            "time": "2010-01-12T13:56:40+00:00",
            "course": 354.3,
            "speed": 2.5,
            "depth": 0.0
          },
          {
            "time": "2010-01-12T13:57:30+00:00",
            "course": 354.3,
            "speed": 2.5,
            "depth": 0.0
          },
          {
            "time": "2010-01-12T13:58:20+00:00",
            "course": 354.3,
            "speed": 2.5,
            "depth": 0.0
          },
          {
            "time": "2010-01-12T13:59:10+00:00",
            "course": 354.3,
            "speed": 2.5,
            "depth": 0.0
          },
          {
            "time": "2010-01-12T14:00:00+00:00",
            "course": 354.3,
            "speed": 2.5,
            "depth": 0.0
          }
        ],
        "style": {
          "line": {
            "color": "#808080"
          },
          "point": {
            "shape": "circle",
            "radius": 3.0,
            "fill_color": "#808080",
            "color": "#808080"
          }
        },
        "default_position_style": {
          "show_symbol": false,
          "symbol": "circle",
          "show_label": false
        },
        "symbol_interval": "PT10M",
        "label_interval": "PT30M",
        "provenance": [
          {
            "activity_id": "1c0f84be-c428-4086-8e5f-1de4623ea674",
            "timestamp": "2026-03-21T10:15:01.892280Z",
            "was_generated_by": {
              "tool": "dpf-parser",
              "tool_version": "1.0.0",
              "parameters": []
            },
            "used": [],
            "generated": [
              "28d3ad22-04ba-4e9d-8e08-c4e375d728f2"
            ],
            "execution_duration": "PT0S"
          }
        ]
      }
    },
    {
      "type": "Feature",
      "id": "71ee4f11-9b6a-40e7-a667-46ac496ecea2",
      "geometry": null,
      "properties": {
        "kind": "SENSOR_CONTACT",
        "parent_track": "TURN",
        "sensor_name": "Plain",
        "bearing": 180.0,
        "time": "2010-01-12T12:00:00+00:00",
        "label": "Cookie SUBJECT held on Plain Cookie",
        "provenance": [
          {
            "activity_id": "1c0f84be-c428-4086-8e5f-1de4623ea674",
            "timestamp": "2026-03-21T10:15:01.892280Z",
            "was_generated_by": {
              "tool": "dpf-parser",
              "tool_version": "1.0.0",
              "parameters": []
            },
            "used": [],
            "generated": [
              "71ee4f11-9b6a-40e7-a667-46ac496ecea2"
            ],
            "execution_duration": "PT0S"
          }
        ]
      }
    },
    {
      "type": "Feature",
      "id": "d33867fa-72ad-4efc-9ae8-c6dea9102277",
      "geometry": null,
      "properties": {
        "kind": "SENSOR_CONTACT",
        "parent_track": "TURN",
        "sensor_name": "Plain",
        "bearing": -179.5,
        "time": "2010-01-12T12:00:50+00:00",
        "label": "Cookie SUBJECT held on Plain Cookie",
        "provenance": [
          {
            "activity_id": "1c0f84be-c428-4086-8e5f-1de4623ea674",
            "timestamp": "2026-03-21T10:15:01.892280Z",
            "was_generated_by": {
              "tool": "dpf-parser",
              "tool_version": "1.0.0",
              "parameters": []
            },
            "used": [],
            "generated": [
              "d33867fa-72ad-4efc-9ae8-c6dea9102277"
            ],
            "execution_duration": "PT0S"
          }
        ]
      }
    },
    {
      "type": "Feature",
      "id": "9df421bd-74f4-459c-a1b1-4c8dace08e25",
      "geometry": null,
      "properties": {
        "kind": "SENSOR_CONTACT",
        "parent_track": "TURN",
        "sensor_name": "Plain",
        "bearing": -179.0,
        "time": "2010-01-12T12:01:40+00:00",
        "label": "Cookie SUBJECT held on Plain Cookie",
        "provenance": [
          {
            "activity_id": "1c0f84be-c428-4086-8e5f-1de4623ea674",
            "timestamp": "2026-03-21T10:15:01.892280Z",
            "was_generated_by": {
              "tool": "dpf-parser",
              "tool_version": "1.0.0",
              "parameters": []
            },
            "used": [],
            "generated": [
              "9df421bd-74f4-459c-a1b1-4c8dace08e25"
            ],
            "execution_duration": "PT0S"
          }
        ]
      }
    },
    {
      "type": "Feature",
      "id": "628de0fc-d06e-4f1b-ad4c-08938fdc9bff",
      "geometry": null,
      "properties": {
        "kind": "SENSOR_CONTACT",
        "parent_track": "TURN",
        "sensor_name": "Plain",
        "bearing": -178.4,
        "time": "2010-01-12T12:02:30+00:00",
        "label": "Cookie SUBJECT held on Plain Cookie",
        "provenance": [
          {
            "activity_id": "1c0f84be-c428-4086-8e5f-1de4623ea674",
            "timestamp": "2026-03-21T10:15:01.892280Z",
            "was_generated_by": {
              "tool": "dpf-parser",
              "tool_version": "1.0.0",
              "parameters": []
            },
            "used": [],
            "generated": [
              "628de0fc-d06e-4f1b-ad4c-08938fdc9bff"
            ],
            "execution_duration": "PT0S"
          }
        ]
      }
    },
    {
      "type": "Feature",
      "id": "d5f536cb-f17f-453d-8087-a749fa157e23",
      "geometry": null,
      "properties": {
        "kind": "SENSOR_CONTACT",
        "parent_track": "TURN",
        "sensor_name": "Plain",
        "bearing": -177.9,
        "time": "2010-01-12T12:03:20+00:00",
        "label": "Cookie SUBJECT held on Plain Cookie",
        "provenance": [
          {
            "activity_id": "1c0f84be-c428-4086-8e5f-1de4623ea674",
            "timestamp": "2026-03-21T10:15:01.892280Z",
            "was_generated_by": {
              "tool": "dpf-parser",
              "tool_version": "1.0.0",
              "parameters": []
            },
            "used": [],
            "generated": [
              "d5f536cb-f17f-453d-8087-a749fa157e23"
            ],
            "execution_duration": "PT0S"
          }
        ]
      }
    },
    {
      "type": "Feature",
      "id": "6a02f634-d191-4601-bf82-7694039dd2cb",
      "geometry": null,
      "properties": {
        "kind": "SENSOR_CONTACT",
        "parent_track": "TURN",
        "sensor_name": "Plain",
        "bearing": -177.3,
        "time": "2010-01-12T12:04:10+00:00",
        "label": "Cookie SUBJECT held on Plain Cookie",
        "provenance": [
          {
            "activity_id": "1c0f84be-c428-4086-8e5f-1de4623ea674",
            "timestamp": "2026-03-21T10:15:01.892280Z",
            "was_generated_by": {
              "tool": "dpf-parser",
              "tool_version": "1.0.0",
              "parameters": []
            },
            "used": [],
            "generated": [
              "6a02f634-d191-4601-bf82-7694039dd2cb"
            ],
            "execution_duration": "PT0S"
          }
        ]
      }
    },
    {
      "type": "Feature",
      "id": "6fd3426d-1105-4e0b-9d0e-5587a491cf88",
      "geometry": null,
      "properties": {
        "kind": "SENSOR_CONTACT",
        "parent_track": "TURN",
        "sensor_name": "Plain",
        "bearing": -176.7,
        "time": "2010-01-12T12:05:00+00:00",
        "label": "Cookie SUBJECT held on Plain Cookie",
        "provenance": [
          {
            "activity_id": "1c0f84be-c428-4086-8e5f-1de4623ea674",
            "timestamp": "2026-03-21T10:15:01.892280Z",
            "was_generated_by": {
              "tool": "dpf-parser",
              "tool_version": "1.0.0",
              "parameters": []
            },
            "used": [],
            "generated": [
              "6fd3426d-1105-4e0b-9d0e-5587a491cf88"
            ],
            "execution_duration": "PT0S"
          }
        ]
      }
    },
    {
      "type": "Feature",
      "id": "cbfcf5a7-a68b-4267-81c2-f69b4792a450",
      "geometry": null,
      "properties": {
        "kind": "SENSOR_CONTACT",
        "parent_track": "TURN",
        "sensor_name": "Plain",
        "bearing": -176.1,
        "time": "2010-01-12T12:05:50+00:00",
        "label": "Cookie SUBJECT held on Plain Cookie",
        "provenance": [
          {
            "activity_id": "1c0f84be-c428-4086-8e5f-1de4623ea674",
            "timestamp": "2026-03-21T10:15:01.892280Z",
            "was_generated_by": {
              "tool": "dpf-parser",
              "tool_version": "1.0.0",
              "parameters": []
            },
            "used": [],
            "generated": [
              "cbfcf5a7-a68b-4267-81c2-f69b4792a450"
            ],
            "execution_duration": "PT0S"
          }
        ]
      }
    },
    {
      "type": "Feature",
      "id": "1f0eb300-899f-4681-8219-5c912e25b166",
      "geometry": null,
      "properties": {
        "kind": "SENSOR_CONTACT",
        "parent_track": "TURN",
        "sensor_name": "Plain",
        "bearing": -175.5,
        "time": "2010-01-12T12:06:40+00:00",
        "label": "Cookie SUBJECT held on Plain Cookie",
        "provenance": [
          {
            "activity_id": "1c0f84be-c428-4086-8e5f-1de4623ea674",
            "timestamp": "2026-03-21T10:15:01.892280Z",
            "was_generated_by": {
              "tool": "dpf-parser",
              "tool_version": "1.0.0",
              "parameters": []
            },
            "used": [],
            "generated": [
              "1f0eb300-899f-4681-8219-5c912e25b166"
            ],
            "execution_duration": "PT0S"
          }
        ]
      }
    },
    {
      "type": "Feature",
      "id": "1017be1d-410e-4042-928b-b1a01f7728c1",
      "geometry": null,
      "properties": {
        "kind": "SENSOR_CONTACT",
        "parent_track": "TURN",
        "sensor_name": "Plain",
        "bearing": -174.9,
        "time": "2010-01-12T12:07:30+00:00",
        "label": "Cookie SUBJECT held on Plain Cookie",
        "provenance": [
          {
            "activity_id": "1c0f84be-c428-4086-8e5f-1de4623ea674",
            "timestamp": "2026-03-21T10:15:01.892280Z",
            "was_generated_by": {
              "tool": "dpf-parser",
              "tool_version": "1.0.0",
              "parameters": []
            },
            "used": [],
            "generated": [
              "1017be1d-410e-4042-928b-b1a01f7728c1"
            ],
            "execution_duration": "PT0S"
          }
        ]
      }
    },
    {
      "type": "Feature",
      "id": "3151a365-6d1e-4b83-b1f6-5733e602afe9",
      "geometry": null,
      "properties": {
        "kind": "SENSOR_CONTACT",
        "parent_track": "TURN",
        "sensor_name": "Plain",
        "bearing": -174.3,
        "time": "2010-01-12T12:08:20+00:00",
        "label": "Cookie SUBJECT held on Plain Cookie",
        "provenance": [
          {
            "activity_id": "1c0f84be-c428-4086-8e5f-1de4623ea674",
            "timestamp": "2026-03-21T10:15:01.892280Z",
            "was_generated_by": {
              "tool": "dpf-parser",
              "tool_version": "1.0.0",
              "parameters": []
            },
            "used": [],
            "generated": [
              "3151a365-6d1e-4b83-b1f6-5733e602afe9"
            ],
            "execution_duration": "PT0S"
          }
        ]
      }
    },
    {
      "type": "Feature",
      "id": "4863db66-909b-4572-a453-e4519ebfd3dc",
      "geometry": null,
      "properties": {
        "kind": "SENSOR_CONTACT",
        "parent_track": "TURN",
        "sensor_name": "Plain",
        "bearing": -173.6,
        "time": "2010-01-12T12:09:10+00:00",
        "label": "Cookie SUBJECT held on Plain Cookie",
        "provenance": [
          {
            "activity_id": "1c0f84be-c428-4086-8e5f-1de4623ea674",
            "timestamp": "2026-03-21T10:15:01.892280Z",
            "was_generated_by": {
              "tool": "dpf-parser",
              "tool_version": "1.0.0",
              "parameters": []
            },
            "used": [],
            "generated": [
              "4863db66-909b-4572-a453-e4519ebfd3dc"
            ],
            "execution_duration": "PT0S"
          }
        ]
      }
    },
    {
      "type": "Feature",
      "id": "bf7571e4-7a95-4663-92c4-2bcc57f2afec",
      "geometry": null,
      "properties": {
        "kind": "SENSOR_CONTACT",
        "parent_track": "TURN",
        "sensor_name": "Plain",
        "bearing": -173.1,
        "time": "2010-01-12T12:10:00+00:00",
        "label": "Cookie SUBJECT held on Plain Cookie",
        "provenance": [
          {
            "activity_id": "1c0f84be-c428-4086-8e5f-1de4623ea674",
            "timestamp": "2026-03-21T10:15:01.892280Z",
            "was_generated_by": {
              "tool": "dpf-parser",
              "tool_version": "1.0.0",
              "parameters": []
            },
            "used": [],
            "generated": [
              "bf7571e4-7a95-4663-92c4-2bcc57f2afec"
            ],
            "execution_duration": "PT0S"
          }
        ]
      }
    },
    {
      "type": "Feature",
      "id": "d5b1e0ed-fd13-47c2-ba4c-9ad67e62ca24",
      "geometry": null,
      "properties": {
        "kind": "SENSOR_CONTACT",
        "parent_track": "TURN",
        "sensor_name": "Plain",
        "bearing": -172.5,
        "time": "2010-01-12T12:10:50+00:00",
        "label": "Cookie SUBJECT held on Plain Cookie",
        "provenance": [
          {
            "activity_id": "1c0f84be-c428-4086-8e5f-1de4623ea674",
            "timestamp": "2026-03-21T10:15:01.892280Z",
            "was_generated_by": {
              "tool": "dpf-parser",
              "tool_version": "1.0.0",
              "parameters": []
            },
            "used": [],
            "generated": [
              "d5b1e0ed-fd13-47c2-ba4c-9ad67e62ca24"
            ],
            "execution_duration": "PT0S"
          }
        ]
      }
    },
    {
      "type": "Feature",
      "id": "fcae7a12-2889-451d-b35c-9fbf0f37ba7b",
      "geometry": null,
      "properties": {
        "kind": "SENSOR_CONTACT",
        "parent_track": "TURN",
        "sensor_name": "Plain",
        "bearing": -171.9,
        "time": "2010-01-12T12:11:40+00:00",
        "label": "Cookie SUBJECT held on Plain Cookie",
        "provenance": [
          {
            "activity_id": "1c0f84be-c428-4086-8e5f-1de4623ea674",
            "timestamp": "2026-03-21T10:15:01.892280Z",
            "was_generated_by": {
              "tool": "dpf-parser",
              "tool_version": "1.0.0",
              "parameters": []
            },
            "used": [],
            "generated": [
              "fcae7a12-2889-451d-b35c-9fbf0f37ba7b"
            ],
            "execution_duration": "PT0S"
          }
        ]
      }
    },
    {
      "type": "Feature",
      "id": "c2ea77b4-6260-48e7-81cd-42f35e7c683f",
      "geometry": null,
      "properties": {
        "kind": "SENSOR_CONTACT",
        "parent_track": "TURN",
        "sensor_name": "Plain",
        "bearing": -171.4,
        "time": "2010-01-12T12:12:30+00:00",
        "label": "Cookie SUBJECT held on Plain Cookie",
        "provenance": [
          {
            "activity_id": "1c0f84be-c428-4086-8e5f-1de4623ea674",
            "timestamp": "2026-03-21T10:15:01.892280Z",
            "was_generated_by": {
              "tool": "dpf-parser",
              "tool_version": "1.0.0",
              "parameters": []
            },
            "used": [],
            "generated": [
              "c2ea77b4-6260-48e7-81cd-42f35e7c683f"
            ],
            "execution_duration": "PT0S"
          }
        ]
      }
    },
    {
      "type": "Feature",
      "id": "5e338b82-06e0-4e8c-924a-d682587ec97b",
      "geometry": null,
      "properties": {
        "kind": "SENSOR_CONTACT",
        "parent_track": "TURN",
        "sensor_name": "Plain",
        "bearing": -170.8,
        "time": "2010-01-12T12:13:20+00:00",
        "label": "Cookie SUBJECT held on Plain Cookie",
        "provenance": [
          {
            "activity_id": "1c0f84be-c428-4086-8e5f-1de4623ea674",
            "timestamp": "2026-03-21T10:15:01.892280Z",
            "was_generated_by": {
              "tool": "dpf-parser",
              "tool_version": "1.0.0",
              "parameters": []
            },
            "used": [],
            "generated": [
              "5e338b82-06e0-4e8c-924a-d682587ec97b"
            ],
            "execution_duration": "PT0S"
          }
        ]
      }
    },
    {
      "type": "Feature",
      "id": "2fda2ec9-addb-4629-b4bb-85a41c5487ac",
      "geometry": null,
      "properties": {
        "kind": "SENSOR_CONTACT",
        "parent_track": "TURN",
        "sensor_name": "Plain",
        "bearing": -170.3,
        "time": "2010-01-12T12:14:10+00:00",
        "label": "Cookie SUBJECT held on Plain Cookie",
        "provenance": [
          {
            "activity_id": "1c0f84be-c428-4086-8e5f-1de4623ea674",
            "timestamp": "2026-03-21T10:15:01.892280Z",
            "was_generated_by": {
              "tool": "dpf-parser",
              "tool_version": "1.0.0",
              "parameters": []
            },
            "used": [],
            "generated": [
              "2fda2ec9-addb-4629-b4bb-85a41c5487ac"
            ],
            "execution_duration": "PT0S"
          }
        ]
      }
    },
    {
      "type": "Feature",
      "id": "5f0b16cd-3650-4038-b6e1-5ea454990c03",
      "geometry": null,
      "properties": {
        "kind": "SENSOR_CONTACT",
        "parent_track": "TURN",
        "sensor_name": "Plain",
        "bearing": -169.8,
        "time": "2010-01-12T12:15:00+00:00",
        "label": "Cookie SUBJECT held on Plain Cookie",
        "provenance": [
          {
            "activity_id": "1c0f84be-c428-4086-8e5f-1de4623ea674",
            "timestamp": "2026-03-21T10:15:01.892280Z",
            "was_generated_by": {
              "tool": "dpf-parser",
              "tool_version": "1.0.0",
              "parameters": []
            },
            "used": [],
            "generated": [
              "5f0b16cd-3650-4038-b6e1-5ea454990c03"
            ],
            "execution_duration": "PT0S"
          }
        ]
      }
    },
    {
      "type": "Feature",
      "id": "4d0be4a9-efcb-4fc5-8105-5a2113feb14a",
      "geometry": null,
      "properties": {
        "kind": "SENSOR_CONTACT",
        "parent_track": "TURN",
        "sensor_name": "Plain",
        "bearing": -169.3,
        "time": "2010-01-12T12:15:50+00:00",
        "label": "Cookie SUBJECT held on Plain Cookie",
        "provenance": [
          {
            "activity_id": "1c0f84be-c428-4086-8e5f-1de4623ea674",
            "timestamp": "2026-03-21T10:15:01.892280Z",
            "was_generated_by": {
              "tool": "dpf-parser",
              "tool_version": "1.0.0",
              "parameters": []
            },
            "used": [],
            "generated": [
              "4d0be4a9-efcb-4fc5-8105-5a2113feb14a"
            ],
            "execution_duration": "PT0S"
          }
        ]
      }
    },
    {
      "type": "Feature",
      "id": "339c494b-0baa-4085-8232-ded27677a699",
      "geometry": null,
      "properties": {
        "kind": "SENSOR_CONTACT",
        "parent_track": "TURN",
        "sensor_name": "Plain",
        "bearing": -168.8,
        "time": "2010-01-12T12:16:40+00:00",
        "label": "Cookie SUBJECT held on Plain Cookie",
        "provenance": [
          {
            "activity_id": "1c0f84be-c428-4086-8e5f-1de4623ea674",
            "timestamp": "2026-03-21T10:15:01.892280Z",
            "was_generated_by": {
              "tool": "dpf-parser",
              "tool_version": "1.0.0",
              "parameters": []
            },
            "used": [],
            "generated": [
              "339c494b-0baa-4085-8232-ded27677a699"
            ],
            "execution_duration": "PT0S"
          }
        ]
      }
    },
    {
      "type": "Feature",
      "id": "daeba383-d903-49d6-850e-90786af1c22c",
      "geometry": null,
      "properties": {
        "kind": "SENSOR_CONTACT",
        "parent_track": "TURN",
        "sensor_name": "Plain",
        "bearing": -168.3,
        "time": "2010-01-12T12:17:30+00:00",
        "label": "Cookie SUBJECT held on Plain Cookie",
        "provenance": [
          {
            "activity_id": "1c0f84be-c428-4086-8e5f-1de4623ea674",
            "timestamp": "2026-03-21T10:15:01.892280Z",
            "was_generated_by": {
              "tool": "dpf-parser",
              "tool_version": "1.0.0",
              "parameters": []
            },
            "used": [],
            "generated": [
              "daeba383-d903-49d6-850e-90786af1c22c"
            ],
            "execution_duration": "PT0S"
          }
        ]
      }
    },
    {
      "type": "Feature",
      "id": "8f32c3cd-80c3-4dc5-a76a-2a333f17c210",
      "geometry": null,
      "properties": {
        "kind": "SENSOR_CONTACT",
        "parent_track": "TURN",
        "sensor_name": "Plain",
        "bearing": -167.8,
        "time": "2010-01-12T12:18:20+00:00",
        "label": "Cookie SUBJECT held on Plain Cookie",
        "provenance": [
          {
            "activity_id": "1c0f84be-c428-4086-8e5f-1de4623ea674",
            "timestamp": "2026-03-21T10:15:01.892280Z",
            "was_generated_by": {
              "tool": "dpf-parser",
              "tool_version": "1.0.0",
              "parameters": []
            },
            "used": [],
            "generated": [
              "8f32c3cd-80c3-4dc5-a76a-2a333f17c210"
            ],
            "execution_duration": "PT0S"
          }
        ]
      }
    },
    {
      "type": "Feature",
      "id": "e91fbf98-22d7-4e44-a9d4-e2eabf455c8a",
      "geometry": null,
      "properties": {
        "kind": "SENSOR_CONTACT",
        "parent_track": "TURN",
        "sensor_name": "Plain",
        "bearing": -167.3,
        "time": "2010-01-12T12:19:10+00:00",
        "label": "Cookie SUBJECT held on Plain Cookie",
        "provenance": [
          {
            "activity_id": "1c0f84be-c428-4086-8e5f-1de4623ea674",
            "timestamp": "2026-03-21T10:15:01.892280Z",
            "was_generated_by": {
              "tool": "dpf-parser",
              "tool_version": "1.0.0",
              "parameters": []
            },
            "used": [],
            "generated": [
              "e91fbf98-22d7-4e44-a9d4-e2eabf455c8a"
            ],
            "execution_duration": "PT0S"
          }
        ]
      }
    },
    {
      "type": "Feature",
      "id": "26a665d1-a349-4f18-a44a-1bc8153244dc",
      "geometry": null,
      "properties": {
        "kind": "SENSOR_CONTACT",
        "parent_track": "TURN",
        "sensor_name": "Plain",
        "bearing": -166.7,
        "time": "2010-01-12T12:20:00+00:00",
        "label": "Cookie SUBJECT held on Plain Cookie",
        "provenance": [
          {
            "activity_id": "1c0f84be-c428-4086-8e5f-1de4623ea674",
            "timestamp": "2026-03-21T10:15:01.892280Z",
            "was_generated_by": {
              "tool": "dpf-parser",
              "tool_version": "1.0.0",
              "parameters": []
            },
            "used": [],
            "generated": [
              "26a665d1-a349-4f18-a44a-1bc8153244dc"
            ],
            "execution_duration": "PT0S"
          }
        ]
      }
    },
    {
      "type": "Feature",
      "id": "88b2bbb7-afe9-4702-b4c4-e8691ea670a3",
      "geometry": null,
      "properties": {
        "kind": "SENSOR_CONTACT",
        "parent_track": "TURN",
        "sensor_name": "Plain",
        "bearing": -166.2,
        "time": "2010-01-12T12:20:50+00:00",
        "label": "Cookie SUBJECT held on Plain Cookie",
        "provenance": [
          {
            "activity_id": "1c0f84be-c428-4086-8e5f-1de4623ea674",
            "timestamp": "2026-03-21T10:15:01.892280Z",
            "was_generated_by": {
              "tool": "dpf-parser",
              "tool_version": "1.0.0",
              "parameters": []
            },
            "used": [],
            "generated": [
              "88b2bbb7-afe9-4702-b4c4-e8691ea670a3"
            ],
            "execution_duration": "PT0S"
          }
        ]
      }
    },
    {
      "type": "Feature",
      "id": "d7b9394a-ece9-4cc2-93da-9098995f5109",
      "geometry": null,
      "properties": {
        "kind": "SENSOR_CONTACT",
        "parent_track": "TURN",
        "sensor_name": "Plain",
        "bearing": -165.6,
        "time": "2010-01-12T12:21:40+00:00",
        "label": "Cookie SUBJECT held on Plain Cookie",
        "provenance": [
          {
            "activity_id": "1c0f84be-c428-4086-8e5f-1de4623ea674",
            "timestamp": "2026-03-21T10:15:01.892280Z",
            "was_generated_by": {
              "tool": "dpf-parser",
              "tool_version": "1.0.0",
              "parameters": []
            },
            "used": [],
            "generated": [
              "d7b9394a-ece9-4cc2-93da-9098995f5109"
            ],
            "execution_duration": "PT0S"
          }
        ]
      }
    },
    {
      "type": "Feature",
      "id": "16bc8c9d-67c2-4fe2-bd02-ea8aee2bb24c",
      "geometry": null,
      "properties": {
        "kind": "SENSOR_CONTACT",
        "parent_track": "TURN",
        "sensor_name": "Plain",
        "bearing": -165.0,
        "time": "2010-01-12T12:22:30+00:00",
        "label": "Cookie SUBJECT held on Plain Cookie",
        "provenance": [
          {
            "activity_id": "1c0f84be-c428-4086-8e5f-1de4623ea674",
            "timestamp": "2026-03-21T10:15:01.892280Z",
            "was_generated_by": {
              "tool": "dpf-parser",
              "tool_version": "1.0.0",
              "parameters": []
            },
            "used": [],
            "generated": [
              "16bc8c9d-67c2-4fe2-bd02-ea8aee2bb24c"
            ],
            "execution_duration": "PT0S"
          }
        ]
      }
    },
    {
      "type": "Feature",
      "id": "2835f921-46c7-45fb-ba3e-539f5b87dd00",
      "geometry": null,
      "properties": {
        "kind": "SENSOR_CONTACT",
        "parent_track": "TURN",
        "sensor_name": "Plain",
        "bearing": -164.4,
        "time": "2010-01-12T12:23:20+00:00",
        "label": "Cookie SUBJECT held on Plain Cookie",
        "provenance": [
          {
            "activity_id": "1c0f84be-c428-4086-8e5f-1de4623ea674",
            "timestamp": "2026-03-21T10:15:01.892280Z",
            "was_generated_by": {
              "tool": "dpf-parser",
              "tool_version": "1.0.0",
              "parameters": []
            },
            "used": [],
            "generated": [
              "2835f921-46c7-45fb-ba3e-539f5b87dd00"
            ],
            "execution_duration": "PT0S"
          }
        ]
      }
    },
    {
      "type": "Feature",
      "id": "32f4a5e2-0228-47e1-8b97-c13d08d323b7",
      "geometry": null,
      "properties": {
        "kind": "SENSOR_CONTACT",
        "parent_track": "TURN",
        "sensor_name": "Plain",
        "bearing": -163.8,
        "time": "2010-01-12T12:24:10+00:00",
        "label": "Cookie SUBJECT held on Plain Cookie",
        "provenance": [
          {
            "activity_id": "1c0f84be-c428-4086-8e5f-1de4623ea674",
            "timestamp": "2026-03-21T10:15:01.892280Z",
            "was_generated_by": {
              "tool": "dpf-parser",
              "tool_version": "1.0.0",
              "parameters": []
            },
            "used": [],
            "generated": [
              "32f4a5e2-0228-47e1-8b97-c13d08d323b7"
            ],
            "execution_duration": "PT0S"
          }
        ]
      }
    },
    {
      "type": "Feature",
      "id": "d4bc164f-1b77-4e03-b7ec-148001f8b733",
      "geometry": null,
      "properties": {
        "kind": "SENSOR_CONTACT",
        "parent_track": "TURN",
        "sensor_name": "Plain",
        "bearing": -163.2,
        "time": "2010-01-12T12:25:00+00:00",
        "label": "Cookie SUBJECT held on Plain Cookie",
        "provenance": [
          {
            "activity_id": "1c0f84be-c428-4086-8e5f-1de4623ea674",
            "timestamp": "2026-03-21T10:15:01.892280Z",
            "was_generated_by": {
              "tool": "dpf-parser",
              "tool_version": "1.0.0",
              "parameters": []
            },
            "used": [],
            "generated": [
              "d4bc164f-1b77-4e03-b7ec-148001f8b733"
            ],
            "execution_duration": "PT0S"
          }
        ]
      }
    },
    {
      "type": "Feature",
      "id": "d2f12f9d-68af-4a61-97e8-61ae6e4687ab",
      "geometry": null,
      "properties": {
        "kind": "SENSOR_CONTACT",
        "parent_track": "TURN",
        "sensor_name": "Plain",
        "bearing": -162.6,
        "time": "2010-01-12T12:25:50+00:00",
        "label": "Cookie SUBJECT held on Plain Cookie",
        "provenance": [
          {
            "activity_id": "1c0f84be-c428-4086-8e5f-1de4623ea674",
            "timestamp": "2026-03-21T10:15:01.892280Z",
            "was_generated_by": {
              "tool": "dpf-parser",
              "tool_version": "1.0.0",
              "parameters": []
            },
            "used": [],
            "generated": [
              "d2f12f9d-68af-4a61-97e8-61ae6e4687ab"
            ],
            "execution_duration": "PT0S"
          }
        ]
      }
    },
    {
      "type": "Feature",
      "id": "3741201f-f197-4412-976f-9129d44cc99f",
      "geometry": null,
      "properties": {
        "kind": "SENSOR_CONTACT",
        "parent_track": "TURN",
        "sensor_name": "Plain",
        "bearing": -161.9,
        "time": "2010-01-12T12:26:40+00:00",
        "label": "Cookie SUBJECT held on Plain Cookie",
        "provenance": [
          {
            "activity_id": "1c0f84be-c428-4086-8e5f-1de4623ea674",
            "timestamp": "2026-03-21T10:15:01.892280Z",
            "was_generated_by": {
              "tool": "dpf-parser",
              "tool_version": "1.0.0",
              "parameters": []
            },
            "used": [],
            "generated": [
              "3741201f-f197-4412-976f-9129d44cc99f"
            ],
            "execution_duration": "PT0S"
          }
        ]
      }
    },
    {
      "type": "Feature",
      "id": "5f3d440f-68d7-4813-8991-2c8426422669",
      "geometry": null,
      "properties": {
        "kind": "SENSOR_CONTACT",
        "parent_track": "TURN",
        "sensor_name": "Plain",
        "bearing": -161.3,
        "time": "2010-01-12T12:27:30+00:00",
        "label": "Cookie SUBJECT held on Plain Cookie",
        "provenance": [
          {
            "activity_id": "1c0f84be-c428-4086-8e5f-1de4623ea674",
            "timestamp": "2026-03-21T10:15:01.892280Z",
            "was_generated_by": {
              "tool": "dpf-parser",
              "tool_version": "1.0.0",
              "parameters": []
            },
            "used": [],
            "generated": [
              "5f3d440f-68d7-4813-8991-2c8426422669"
            ],
            "execution_duration": "PT0S"
          }
        ]
      }
    },
    {
      "type": "Feature",
      "id": "38421796-3988-4107-b7e0-3a34c18e2ece",
      "geometry": null,
      "properties": {
        "kind": "SENSOR_CONTACT",
        "parent_track": "TURN",
        "sensor_name": "Plain",
        "bearing": -160.6,
        "time": "2010-01-12T12:28:20+00:00",
        "label": "Cookie SUBJECT held on Plain Cookie",
        "provenance": [
          {
            "activity_id": "1c0f84be-c428-4086-8e5f-1de4623ea674",
            "timestamp": "2026-03-21T10:15:01.892280Z",
            "was_generated_by": {
              "tool": "dpf-parser",
              "tool_version": "1.0.0",
              "parameters": []
            },
            "used": [],
            "generated": [
              "38421796-3988-4107-b7e0-3a34c18e2ece"
            ],
            "execution_duration": "PT0S"
          }
        ]
      }
    },
    {
      "type": "Feature",
      "id": "2349dadd-ced3-486d-a370-9aa2acd010dd",
      "geometry": null,
      "properties": {
        "kind": "SENSOR_CONTACT",
        "parent_track": "TURN",
        "sensor_name": "Plain",
        "bearing": -159.9,
        "time": "2010-01-12T12:29:10+00:00",
        "label": "Cookie SUBJECT held on Plain Cookie",
        "provenance": [
          {
            "activity_id": "1c0f84be-c428-4086-8e5f-1de4623ea674",
            "timestamp": "2026-03-21T10:15:01.892280Z",
            "was_generated_by": {
              "tool": "dpf-parser",
              "tool_version": "1.0.0",
              "parameters": []
            },
            "used": [],
            "generated": [
              "2349dadd-ced3-486d-a370-9aa2acd010dd"
            ],
            "execution_duration": "PT0S"
          }
        ]
      }
    },
    {
      "type": "Feature",
      "id": "5e46e335-7c86-412d-8ae0-55d3cbdb8380",
      "geometry": null,
      "properties": {
        "kind": "SENSOR_CONTACT",
        "parent_track": "TURN",
        "sensor_name": "Plain",
        "bearing": -159.2,
        "time": "2010-01-12T12:30:00+00:00",
        "label": "Cookie SUBJECT held on Plain Cookie",
        "provenance": [
          {
            "activity_id": "1c0f84be-c428-4086-8e5f-1de4623ea674",
            "timestamp": "2026-03-21T10:15:01.892280Z",
            "was_generated_by": {
              "tool": "dpf-parser",
              "tool_version": "1.0.0",
              "parameters": []
            },
            "used": [],
            "generated": [
              "5e46e335-7c86-412d-8ae0-55d3cbdb8380"
            ],
            "execution_duration": "PT0S"
          }
        ]
      }
    },
    {
      "type": "Feature",
      "id": "b67c060e-6f1a-4182-bb8d-5fe0e238f7f8",
      "geometry": null,
      "properties": {
        "kind": "SENSOR_CONTACT",
        "parent_track": "TURN",
        "sensor_name": "Plain",
        "bearing": -158.4,
        "time": "2010-01-12T12:30:50+00:00",
        "label": "Cookie SUBJECT held on Plain Cookie",
        "provenance": [
          {
            "activity_id": "1c0f84be-c428-4086-8e5f-1de4623ea674",
            "timestamp": "2026-03-21T10:15:01.892280Z",
            "was_generated_by": {
              "tool": "dpf-parser",
              "tool_version": "1.0.0",
              "parameters": []
            },
            "used": [],
            "generated": [
              "b67c060e-6f1a-4182-bb8d-5fe0e238f7f8"
            ],
            "execution_duration": "PT0S"
          }
        ]
      }
    },
    {
      "type": "Feature",
      "id": "0363b914-9fb2-4ed6-bed9-ddf2990e5b4f",
      "geometry": null,
      "properties": {
        "kind": "SENSOR_CONTACT",
        "parent_track": "TURN",
        "sensor_name": "Plain",
        "bearing": -157.7,
        "time": "2010-01-12T12:31:40+00:00",
        "label": "Cookie SUBJECT held on Plain Cookie",
        "provenance": [
          {
            "activity_id": "1c0f84be-c428-4086-8e5f-1de4623ea674",
            "timestamp": "2026-03-21T10:15:01.892280Z",
            "was_generated_by": {
              "tool": "dpf-parser",
              "tool_version": "1.0.0",
              "parameters": []
            },
            "used": [],
            "generated": [
              "0363b914-9fb2-4ed6-bed9-ddf2990e5b4f"
            ],
            "execution_duration": "PT0S"
          }
        ]
      }
    },
    {
      "type": "Feature",
      "id": "bc0ca449-17d3-4f57-a830-2b05b6cb0291",
      "geometry": null,
      "properties": {
        "kind": "SENSOR_CONTACT",
        "parent_track": "TURN",
        "sensor_name": "Plain",
        "bearing": -156.9,
        "time": "2010-01-12T12:32:30+00:00",
        "label": "Cookie SUBJECT held on Plain Cookie",
        "provenance": [
          {
            "activity_id": "1c0f84be-c428-4086-8e5f-1de4623ea674",
            "timestamp": "2026-03-21T10:15:01.892280Z",
            "was_generated_by": {
              "tool": "dpf-parser",
              "tool_version": "1.0.0",
              "parameters": []
            },
            "used": [],
            "generated": [
              "bc0ca449-17d3-4f57-a830-2b05b6cb0291"
            ],
            "execution_duration": "PT0S"
          }
        ]
      }
    },
    {
      "type": "Feature",
      "id": "3a85c4f0-16b2-44b8-8b98-bd836f9d528c",
      "geometry": null,
      "properties": {
        "kind": "SENSOR_CONTACT",
        "parent_track": "TURN",
        "sensor_name": "Plain",
        "bearing": -156.1,
        "time": "2010-01-12T12:33:20+00:00",
        "label": "Cookie SUBJECT held on Plain Cookie",
        "provenance": [
          {
            "activity_id": "1c0f84be-c428-4086-8e5f-1de4623ea674",
            "timestamp": "2026-03-21T10:15:01.892280Z",
            "was_generated_by": {
              "tool": "dpf-parser",
              "tool_version": "1.0.0",
              "parameters": []
            },
            "used": [],
            "generated": [
              "3a85c4f0-16b2-44b8-8b98-bd836f9d528c"
            ],
            "execution_duration": "PT0S"
          }
        ]
      }
    },
    {
      "type": "Feature",
      "id": "bcb9c9b4-489a-4a53-8b35-2526d8f5920f",
      "geometry": null,
      "properties": {
        "kind": "SENSOR_CONTACT",
        "parent_track": "TURN",
        "sensor_name": "Plain",
        "bearing": -155.3,
        "time": "2010-01-12T12:34:10+00:00",
        "label": "Cookie SUBJECT held on Plain Cookie",
        "provenance": [
          {
            "activity_id": "1c0f84be-c428-4086-8e5f-1de4623ea674",
            "timestamp": "2026-03-21T10:15:01.892280Z",
            "was_generated_by": {
              "tool": "dpf-parser",
              "tool_version": "1.0.0",
              "parameters": []
            },
            "used": [],
            "generated": [
              "bcb9c9b4-489a-4a53-8b35-2526d8f5920f"
            ],
            "execution_duration": "PT0S"
          }
        ]
      }
    },
    {
      "type": "Feature",
      "id": "27c0a581-a7af-4a3f-89fd-155230f13512",
      "geometry": null,
      "properties": {
        "kind": "SENSOR_CONTACT",
        "parent_track": "TURN",
        "sensor_name": "Plain",
        "bearing": -154.5,
        "time": "2010-01-12T12:35:00+00:00",
        "label": "Cookie SUBJECT held on Plain Cookie",
        "provenance": [
          {
            "activity_id": "1c0f84be-c428-4086-8e5f-1de4623ea674",
            "timestamp": "2026-03-21T10:15:01.892280Z",
            "was_generated_by": {
              "tool": "dpf-parser",
              "tool_version": "1.0.0",
              "parameters": []
            },
            "used": [],
            "generated": [
              "27c0a581-a7af-4a3f-89fd-155230f13512"
            ],
            "execution_duration": "PT0S"
          }
        ]
      }
    },
    {
      "type": "Feature",
      "id": "75262688-440e-4fbc-a36f-1e7edbe80fd8",
      "geometry": null,
      "properties": {
        "kind": "SENSOR_CONTACT",
        "parent_track": "TURN",
        "sensor_name": "Plain",
        "bearing": -153.7,
        "time": "2010-01-12T12:35:50+00:00",
        "label": "Cookie SUBJECT held on Plain Cookie",
        "provenance": [
          {
            "activity_id": "1c0f84be-c428-4086-8e5f-1de4623ea674",
            "timestamp": "2026-03-21T10:15:01.892280Z",
            "was_generated_by": {
              "tool": "dpf-parser",
              "tool_version": "1.0.0",
              "parameters": []
            },
            "used": [],
            "generated": [
              "75262688-440e-4fbc-a36f-1e7edbe80fd8"
            ],
            "execution_duration": "PT0S"
          }
        ]
      }
    },
    {
      "type": "Feature",
      "id": "a64c98c7-e247-4dc0-aaf3-fd6ae9af04da",
      "geometry": null,
      "properties": {
        "kind": "SENSOR_CONTACT",
        "parent_track": "TURN",
        "sensor_name": "Plain",
        "bearing": -152.8,
        "time": "2010-01-12T12:36:40+00:00",
        "label": "Cookie SUBJECT held on Plain Cookie",
        "provenance": [
          {
            "activity_id": "1c0f84be-c428-4086-8e5f-1de4623ea674",
            "timestamp": "2026-03-21T10:15:01.892280Z",
            "was_generated_by": {
              "tool": "dpf-parser",
              "tool_version": "1.0.0",
              "parameters": []
            },
            "used": [],
            "generated": [
              "a64c98c7-e247-4dc0-aaf3-fd6ae9af04da"
            ],
            "execution_duration": "PT0S"
          }
        ]
      }
    },
    {
      "type": "Feature",
      "id": "89c476e6-782d-40e7-9906-90469fcd6ead",
      "geometry": null,
      "properties": {
        "kind": "SENSOR_CONTACT",
        "parent_track": "TURN",
        "sensor_name": "Plain",
        "bearing": -152.1,
        "time": "2010-01-12T12:37:30+00:00",
        "label": "Cookie SUBJECT held on Plain Cookie",
        "provenance": [
          {
            "activity_id": "1c0f84be-c428-4086-8e5f-1de4623ea674",
            "timestamp": "2026-03-21T10:15:01.892280Z",
            "was_generated_by": {
              "tool": "dpf-parser",
              "tool_version": "1.0.0",
              "parameters": []
            },
            "used": [],
            "generated": [
              "89c476e6-782d-40e7-9906-90469fcd6ead"
            ],
            "execution_duration": "PT0S"
          }
        ]
      }
    },
    {
      "type": "Feature",
      "id": "f5d837d0-e803-4725-9a1f-f0a013c14cb9",
      "geometry": null,
      "properties": {
        "kind": "SENSOR_CONTACT",
        "parent_track": "TURN",
        "sensor_name": "Plain",
        "bearing": -151.5,
        "time": "2010-01-12T12:38:20+00:00",
        "label": "Cookie SUBJECT held on Plain Cookie",
        "provenance": [
          {
            "activity_id": "1c0f84be-c428-4086-8e5f-1de4623ea674",
            "timestamp": "2026-03-21T10:15:01.892280Z",
            "was_generated_by": {
              "tool": "dpf-parser",
              "tool_version": "1.0.0",
              "parameters": []
            },
            "used": [],
            "generated": [
              "f5d837d0-e803-4725-9a1f-f0a013c14cb9"
            ],
            "execution_duration": "PT0S"
          }
        ]
      }
    },
    {
      "type": "Feature",
      "id": "ca1315de-1c46-434d-aa63-b8030c30b9e5",
      "geometry": null,
      "properties": {
        "kind": "SENSOR_CONTACT",
        "parent_track": "TURN",
        "sensor_name": "Plain",
        "bearing": -150.9,
        "time": "2010-01-12T12:39:10+00:00",
        "label": "Cookie SUBJECT held on Plain Cookie",
        "provenance": [
          {
            "activity_id": "1c0f84be-c428-4086-8e5f-1de4623ea674",
            "timestamp": "2026-03-21T10:15:01.892280Z",
            "was_generated_by": {
              "tool": "dpf-parser",
              "tool_version": "1.0.0",
              "parameters": []
            },
            "used": [],
            "generated": [
              "ca1315de-1c46-434d-aa63-b8030c30b9e5"
            ],
            "execution_duration": "PT0S"
          }
        ]
      }
    },
    {
      "type": "Feature",
      "id": "19809c4d-9c91-4692-979c-44c4b2556ff3",
      "geometry": null,
      "properties": {
        "kind": "SENSOR_CONTACT",
        "parent_track": "TURN",
        "sensor_name": "Plain",
        "bearing": -150.3,
        "time": "2010-01-12T12:40:00+00:00",
        "label": "Cookie SUBJECT held on Plain Cookie",
        "provenance": [
          {
            "activity_id": "1c0f84be-c428-4086-8e5f-1de4623ea674",
            "timestamp": "2026-03-21T10:15:01.892280Z",
            "was_generated_by": {
              "tool": "dpf-parser",
              "tool_version": "1.0.0",
              "parameters": []
            },
            "used": [],
            "generated": [
              "19809c4d-9c91-4692-979c-44c4b2556ff3"
            ],
            "execution_duration": "PT0S"
          }
        ]
      }
    },
    {
      "type": "Feature",
      "id": "956c7c8f-aa08-454f-83cd-ac8fa2a06eec",
      "geometry": null,
      "properties": {
        "kind": "SENSOR_CONTACT",
        "parent_track": "TURN",
        "sensor_name": "Plain",
        "bearing": -149.6,
        "time": "2010-01-12T12:40:50+00:00",
        "label": "Cookie SUBJECT held on Plain Cookie",
        "provenance": [
          {
            "activity_id": "1c0f84be-c428-4086-8e5f-1de4623ea674",
            "timestamp": "2026-03-21T10:15:01.892280Z",
            "was_generated_by": {
              "tool": "dpf-parser",
              "tool_version": "1.0.0",
              "parameters": []
            },
            "used": [],
            "generated": [
              "956c7c8f-aa08-454f-83cd-ac8fa2a06eec"
            ],
            "execution_duration": "PT0S"
          }
        ]
      }
    },
    {
      "type": "Feature",
      "id": "f952acc0-85a1-470a-8dae-89a0062a002a",
      "geometry": null,
      "properties": {
        "kind": "SENSOR_CONTACT",
        "parent_track": "TURN",
        "sensor_name": "Plain",
        "bearing": -148.9,
        "time": "2010-01-12T12:41:40+00:00",
        "label": "Cookie SUBJECT held on Plain Cookie",
        "provenance": [
          {
            "activity_id": "1c0f84be-c428-4086-8e5f-1de4623ea674",
            "timestamp": "2026-03-21T10:15:01.892280Z",
            "was_generated_by": {
              "tool": "dpf-parser",
              "tool_version": "1.0.0",
              "parameters": []
            },
            "used": [],
            "generated": [
              "f952acc0-85a1-470a-8dae-89a0062a002a"
            ],
            "execution_duration": "PT0S"
          }
        ]
      }
    },
    {
      "type": "Feature",
      "id": "337f4046-050a-445d-b33c-450849e8acdf",
      "geometry": null,
      "properties": {
        "kind": "SENSOR_CONTACT",
        "parent_track": "TURN",
        "sensor_name": "Plain",
        "bearing": -148.2,
        "time": "2010-01-12T12:42:30+00:00",
        "label": "Cookie SUBJECT held on Plain Cookie",
        "provenance": [
          {
            "activity_id": "1c0f84be-c428-4086-8e5f-1de4623ea674",
            "timestamp": "2026-03-21T10:15:01.892280Z",
            "was_generated_by": {
              "tool": "dpf-parser",
              "tool_version": "1.0.0",
              "parameters": []
            },
            "used": [],
            "generated": [
              "337f4046-050a-445d-b33c-450849e8acdf"
            ],
            "execution_duration": "PT0S"
          }
        ]
      }
    },
    {
      "type": "Feature",
      "id": "a3f893eb-cc12-4afa-b0d0-452f317d0427",
      "geometry": null,
      "properties": {
        "kind": "SENSOR_CONTACT",
        "parent_track": "TURN",
        "sensor_name": "Plain",
        "bearing": -147.4,
        "time": "2010-01-12T12:43:20+00:00",
        "label": "Cookie SUBJECT held on Plain Cookie",
        "provenance": [
          {
            "activity_id": "1c0f84be-c428-4086-8e5f-1de4623ea674",
            "timestamp": "2026-03-21T10:15:01.892280Z",
            "was_generated_by": {
              "tool": "dpf-parser",
              "tool_version": "1.0.0",
              "parameters": []
            },
            "used": [],
            "generated": [
              "a3f893eb-cc12-4afa-b0d0-452f317d0427"
            ],
            "execution_duration": "PT0S"
          }
        ]
      }
    },
    {
      "type": "Feature",
      "id": "8ddc550a-ae5e-4d35-a5d6-115a1d170f66",
      "geometry": null,
      "properties": {
        "kind": "SENSOR_CONTACT",
        "parent_track": "TURN",
        "sensor_name": "Plain",
        "bearing": -146.7,
        "time": "2010-01-12T12:44:10+00:00",
        "label": "Cookie SUBJECT held on Plain Cookie",
        "provenance": [
          {
            "activity_id": "1c0f84be-c428-4086-8e5f-1de4623ea674",
            "timestamp": "2026-03-21T10:15:01.892280Z",
            "was_generated_by": {
              "tool": "dpf-parser",
              "tool_version": "1.0.0",
              "parameters": []
            },
            "used": [],
            "generated": [
              "8ddc550a-ae5e-4d35-a5d6-115a1d170f66"
            ],
            "execution_duration": "PT0S"
          }
        ]
      }
    },
    {
      "type": "Feature",
      "id": "aa6b6400-a43b-455c-8701-98740b879182",
      "geometry": null,
      "properties": {
        "kind": "SENSOR_CONTACT",
        "parent_track": "TURN",
        "sensor_name": "Plain",
        "bearing": -145.9,
        "time": "2010-01-12T12:45:00+00:00",
        "label": "Cookie SUBJECT held on Plain Cookie",
        "provenance": [
          {
            "activity_id": "1c0f84be-c428-4086-8e5f-1de4623ea674",
            "timestamp": "2026-03-21T10:15:01.892280Z",
            "was_generated_by": {
              "tool": "dpf-parser",
              "tool_version": "1.0.0",
              "parameters": []
            },
            "used": [],
            "generated": [
              "aa6b6400-a43b-455c-8701-98740b879182"
            ],
            "execution_duration": "PT0S"
          }
        ]
      }
    },
    {
      "type": "Feature",
      "id": "6f88be04-e98e-4c23-8e39-db3f67e69278",
      "geometry": null,
      "properties": {
        "kind": "SENSOR_CONTACT",
        "parent_track": "TURN",
        "sensor_name": "Plain",
        "bearing": -145.0,
        "time": "2010-01-12T12:45:50+00:00",
        "label": "Cookie SUBJECT held on Plain Cookie",
        "provenance": [
          {
            "activity_id": "1c0f84be-c428-4086-8e5f-1de4623ea674",
            "timestamp": "2026-03-21T10:15:01.892280Z",
            "was_generated_by": {
              "tool": "dpf-parser",
              "tool_version": "1.0.0",
              "parameters": []
            },
            "used": [],
            "generated": [
              "6f88be04-e98e-4c23-8e39-db3f67e69278"
            ],
            "execution_duration": "PT0S"
          }
        ]
      }
    },
    {
      "type": "Feature",
      "id": "ba078f2d-0c26-4de3-97ec-67505164033a",
      "geometry": null,
      "properties": {
        "kind": "SENSOR_CONTACT",
        "parent_track": "TURN",
        "sensor_name": "Plain",
        "bearing": -144.2,
        "time": "2010-01-12T12:46:40+00:00",
        "label": "Cookie SUBJECT held on Plain Cookie",
        "provenance": [
          {
            "activity_id": "1c0f84be-c428-4086-8e5f-1de4623ea674",
            "timestamp": "2026-03-21T10:15:01.892280Z",
            "was_generated_by": {
              "tool": "dpf-parser",
              "tool_version": "1.0.0",
              "parameters": []
            },
            "used": [],
            "generated": [
              "ba078f2d-0c26-4de3-97ec-67505164033a"
            ],
            "execution_duration": "PT0S"
          }
        ]
      }
    },
    {
      "type": "Feature",
      "id": "a080ae90-5e3a-47ae-a7df-ab13c198b59c",
      "geometry": null,
      "properties": {
        "kind": "SENSOR_CONTACT",
        "parent_track": "TURN",
        "sensor_name": "Plain",
        "bearing": -143.3,
        "time": "2010-01-12T12:47:30+00:00",
        "label": "Cookie SUBJECT held on Plain Cookie",
        "provenance": [
          {
            "activity_id": "1c0f84be-c428-4086-8e5f-1de4623ea674",
            "timestamp": "2026-03-21T10:15:01.892280Z",
            "was_generated_by": {
              "tool": "dpf-parser",
              "tool_version": "1.0.0",
              "parameters": []
            },
            "used": [],
            "generated": [
              "a080ae90-5e3a-47ae-a7df-ab13c198b59c"
            ],
            "execution_duration": "PT0S"
          }
        ]
      }
    },
    {
      "type": "Feature",
      "id": "6404e4a9-bb58-4448-af8d-3e322c0627ba",
      "geometry": null,
      "properties": {
        "kind": "SENSOR_CONTACT",
        "parent_track": "TURN",
        "sensor_name": "Plain",
        "bearing": -142.3,
        "time": "2010-01-12T12:48:20+00:00",
        "label": "Cookie SUBJECT held on Plain Cookie",
        "provenance": [
          {
            "activity_id": "1c0f84be-c428-4086-8e5f-1de4623ea674",
            "timestamp": "2026-03-21T10:15:01.892280Z",
            "was_generated_by": {
              "tool": "dpf-parser",
              "tool_version": "1.0.0",
              "parameters": []
            },
            "used": [],
            "generated": [
              "6404e4a9-bb58-4448-af8d-3e322c0627ba"
            ],
            "execution_duration": "PT0S"
          }
        ]
      }
    },
    {
      "type": "Feature",
      "id": "65e4b97c-e987-4545-80cf-da800c5318e8",
      "geometry": null,
      "properties": {
        "kind": "SENSOR_CONTACT",
        "parent_track": "TURN",
        "sensor_name": "Plain",
        "bearing": -141.3,
        "time": "2010-01-12T12:49:10+00:00",
        "label": "Cookie SUBJECT held on Plain Cookie",
        "provenance": [
          {
            "activity_id": "1c0f84be-c428-4086-8e5f-1de4623ea674",
            "timestamp": "2026-03-21T10:15:01.892280Z",
            "was_generated_by": {
              "tool": "dpf-parser",
              "tool_version": "1.0.0",
              "parameters": []
            },
            "used": [],
            "generated": [
              "65e4b97c-e987-4545-80cf-da800c5318e8"
            ],
            "execution_duration": "PT0S"
          }
        ]
      }
    },
    {
      "type": "Feature",
      "id": "40191403-bbd4-4a85-970a-3e120728e221",
      "geometry": null,
      "properties": {
        "kind": "SENSOR_CONTACT",
        "parent_track": "TURN",
        "sensor_name": "Plain",
        "bearing": -140.3,
        "time": "2010-01-12T12:50:00+00:00",
        "label": "Cookie SUBJECT held on Plain Cookie",
        "provenance": [
          {
            "activity_id": "1c0f84be-c428-4086-8e5f-1de4623ea674",
            "timestamp": "2026-03-21T10:15:01.892280Z",
            "was_generated_by": {
              "tool": "dpf-parser",
              "tool_version": "1.0.0",
              "parameters": []
            },
            "used": [],
            "generated": [
              "40191403-bbd4-4a85-970a-3e120728e221"
            ],
            "execution_duration": "PT0S"
          }
        ]
      }
    },
    {
      "type": "Feature",
      "id": "ac5b5d60-0b1c-4d6b-a11d-d716e4b4afe2",
      "geometry": null,
      "properties": {
        "kind": "SENSOR_CONTACT",
        "parent_track": "TURN",
        "sensor_name": "Plain",
        "bearing": -139.2,
        "time": "2010-01-12T12:50:50+00:00",
        "label": "Cookie SUBJECT held on Plain Cookie",
        "provenance": [
          {
            "activity_id": "1c0f84be-c428-4086-8e5f-1de4623ea674",
            "timestamp": "2026-03-21T10:15:01.892280Z",
            "was_generated_by": {
              "tool": "dpf-parser",
              "tool_version": "1.0.0",
              "parameters": []
            },
            "used": [],
            "generated": [
              "ac5b5d60-0b1c-4d6b-a11d-d716e4b4afe2"
            ],
            "execution_duration": "PT0S"
          }
        ]
      }
    },
    {
      "type": "Feature",
      "id": "13614939-521b-4990-8017-6478cfccb0b6",
      "geometry": null,
      "properties": {
        "kind": "SENSOR_CONTACT",
        "parent_track": "TURN",
        "sensor_name": "Plain",
        "bearing": -138.1,
        "time": "2010-01-12T12:51:40+00:00",
        "label": "Cookie SUBJECT held on Plain Cookie",
        "provenance": [
          {
            "activity_id": "1c0f84be-c428-4086-8e5f-1de4623ea674",
            "timestamp": "2026-03-21T10:15:01.892280Z",
            "was_generated_by": {
              "tool": "dpf-parser",
              "tool_version": "1.0.0",
              "parameters": []
            },
            "used": [],
            "generated": [
              "13614939-521b-4990-8017-6478cfccb0b6"
            ],
            "execution_duration": "PT0S"
          }
        ]
      }
    },
    {
      "type": "Feature",
      "id": "042449e9-4107-4e24-9749-1d9679ea75f8",
      "geometry": null,
      "properties": {
        "kind": "SENSOR_CONTACT",
        "parent_track": "TURN",
        "sensor_name": "Plain",
        "bearing": -137.0,
        "time": "2010-01-12T12:52:30+00:00",
        "label": "Cookie SUBJECT held on Plain Cookie",
        "provenance": [
          {
            "activity_id": "1c0f84be-c428-4086-8e5f-1de4623ea674",
            "timestamp": "2026-03-21T10:15:01.892280Z",
            "was_generated_by": {
              "tool": "dpf-parser",
              "tool_version": "1.0.0",
              "parameters": []
            },
            "used": [],
            "generated": [
              "042449e9-4107-4e24-9749-1d9679ea75f8"
            ],
            "execution_duration": "PT0S"
          }
        ]
      }
    },
    {
      "type": "Feature",
      "id": "19349ff4-f87c-4067-9b7e-e6c1033f2c26",
      "geometry": null,
      "properties": {
        "kind": "SENSOR_CONTACT",
        "parent_track": "TURN",
        "sensor_name": "Plain",
        "bearing": -135.8,
        "time": "2010-01-12T12:53:20+00:00",
        "label": "Cookie SUBJECT held on Plain Cookie",
        "provenance": [
          {
            "activity_id": "1c0f84be-c428-4086-8e5f-1de4623ea674",
            "timestamp": "2026-03-21T10:15:01.892280Z",
            "was_generated_by": {
              "tool": "dpf-parser",
              "tool_version": "1.0.0",
              "parameters": []
            },
            "used": [],
            "generated": [
              "19349ff4-f87c-4067-9b7e-e6c1033f2c26"
            ],
            "execution_duration": "PT0S"
          }
        ]
      }
    },
    {
      "type": "Feature",
      "id": "9819ce1b-9b28-4996-8357-a1da2ef8b20d",
      "geometry": null,
      "properties": {
        "kind": "SENSOR_CONTACT",
        "parent_track": "TURN",
        "sensor_name": "Plain",
        "bearing": -134.5,
        "time": "2010-01-12T12:54:10+00:00",
        "label": "Cookie SUBJECT held on Plain Cookie",
        "provenance": [
          {
            "activity_id": "1c0f84be-c428-4086-8e5f-1de4623ea674",
            "timestamp": "2026-03-21T10:15:01.892280Z",
            "was_generated_by": {
              "tool": "dpf-parser",
              "tool_version": "1.0.0",
              "parameters": []
            },
            "used": [],
            "generated": [
              "9819ce1b-9b28-4996-8357-a1da2ef8b20d"
            ],
            "execution_duration": "PT0S"
          }
        ]
      }
    },
    {
      "type": "Feature",
      "id": "f6728eb8-2704-4e08-b1e6-49c94c554db0",
      "geometry": null,
      "properties": {
        "kind": "SENSOR_CONTACT",
        "parent_track": "TURN",
        "sensor_name": "Plain",
        "bearing": -133.2,
        "time": "2010-01-12T12:55:00+00:00",
        "label": "Cookie SUBJECT held on Plain Cookie",
        "provenance": [
          {
            "activity_id": "1c0f84be-c428-4086-8e5f-1de4623ea674",
            "timestamp": "2026-03-21T10:15:01.892280Z",
            "was_generated_by": {
              "tool": "dpf-parser",
              "tool_version": "1.0.0",
              "parameters": []
            },
            "used": [],
            "generated": [
              "f6728eb8-2704-4e08-b1e6-49c94c554db0"
            ],
            "execution_duration": "PT0S"
          }
        ]
      }
    },
    {
      "type": "Feature",
      "id": "9271692a-e267-41cb-8b84-24974bbcb88a",
      "geometry": null,
      "properties": {
        "kind": "SENSOR_CONTACT",
        "parent_track": "TURN",
        "sensor_name": "Plain",
        "bearing": -131.8,
        "time": "2010-01-12T12:55:50+00:00",
        "label": "Cookie SUBJECT held on Plain Cookie",
        "provenance": [
          {
            "activity_id": "1c0f84be-c428-4086-8e5f-1de4623ea674",
            "timestamp": "2026-03-21T10:15:01.892280Z",
            "was_generated_by": {
              "tool": "dpf-parser",
              "tool_version": "1.0.0",
              "parameters": []
            },
            "used": [],
            "generated": [
              "9271692a-e267-41cb-8b84-24974bbcb88a"
            ],
            "execution_duration": "PT0S"
          }
        ]
      }
    },
    {
      "type": "Feature",
      "id": "af65d0b4-3e54-462e-ad80-fb9b54743732",
      "geometry": null,
      "properties": {
        "kind": "SENSOR_CONTACT",
        "parent_track": "TURN",
        "sensor_name": "Plain",
        "bearing": -130.4,
        "time": "2010-01-12T12:56:40+00:00",
        "label": "Cookie SUBJECT held on Plain Cookie",
        "provenance": [
          {
            "activity_id": "1c0f84be-c428-4086-8e5f-1de4623ea674",
            "timestamp": "2026-03-21T10:15:01.892280Z",
            "was_generated_by": {
              "tool": "dpf-parser",
              "tool_version": "1.0.0",
              "parameters": []
            },
            "used": [],
            "generated": [
              "af65d0b4-3e54-462e-ad80-fb9b54743732"
            ],
            "execution_duration": "PT0S"
          }
        ]
      }
    },
    {
      "type": "Feature",
      "id": "d9e3694e-3cbb-4078-9ae7-f87defe435ba",
      "geometry": null,
      "properties": {
        "kind": "SENSOR_CONTACT",
        "parent_track": "TURN",
        "sensor_name": "Plain",
        "bearing": -128.9,
        "time": "2010-01-12T12:57:30+00:00",
        "label": "Cookie SUBJECT held on Plain Cookie",
        "provenance": [
          {
            "activity_id": "1c0f84be-c428-4086-8e5f-1de4623ea674",
            "timestamp": "2026-03-21T10:15:01.892280Z",
            "was_generated_by": {
              "tool": "dpf-parser",
              "tool_version": "1.0.0",
              "parameters": []
            },
            "used": [],
            "generated": [
              "d9e3694e-3cbb-4078-9ae7-f87defe435ba"
            ],
            "execution_duration": "PT0S"
          }
        ]
      }
    },
    {
      "type": "Feature",
      "id": "83c80aff-ace2-4301-a1bd-783c31df8bb8",
      "geometry": null,
      "properties": {
        "kind": "SENSOR_CONTACT",
        "parent_track": "TURN",
        "sensor_name": "Plain",
        "bearing": -127.4,
        "time": "2010-01-12T12:58:20+00:00",
        "label": "Cookie SUBJECT held on Plain Cookie",
        "provenance": [
          {
            "activity_id": "1c0f84be-c428-4086-8e5f-1de4623ea674",
            "timestamp": "2026-03-21T10:15:01.892280Z",
            "was_generated_by": {
              "tool": "dpf-parser",
              "tool_version": "1.0.0",
              "parameters": []
            },
            "used": [],
            "generated": [
              "83c80aff-ace2-4301-a1bd-783c31df8bb8"
            ],
            "execution_duration": "PT0S"
          }
        ]
      }
    },
    {
      "type": "Feature",
      "id": "e66b3acd-8e41-4b5f-acee-f4329dc76cec",
      "geometry": null,
      "properties": {
        "kind": "SENSOR_CONTACT",
        "parent_track": "TURN",
        "sensor_name": "Plain",
        "bearing": -125.8,
        "time": "2010-01-12T12:59:10+00:00",
        "label": "Cookie SUBJECT held on Plain Cookie",
        "provenance": [
          {
            "activity_id": "1c0f84be-c428-4086-8e5f-1de4623ea674",
            "timestamp": "2026-03-21T10:15:01.892280Z",
            "was_generated_by": {
              "tool": "dpf-parser",
              "tool_version": "1.0.0",
              "parameters": []
            },
            "used": [],
            "generated": [
              "e66b3acd-8e41-4b5f-acee-f4329dc76cec"
            ],
            "execution_duration": "PT0S"
          }
        ]
      }
    },
    {
      "type": "Feature",
      "id": "cb1c8e30-5f01-48c8-a471-9dd14d1bc902",
      "geometry": null,
      "properties": {
        "kind": "SENSOR_CONTACT",
        "parent_track": "TURN",
        "sensor_name": "Plain",
        "bearing": -124.1,
        "time": "2010-01-12T13:00:00+00:00",
        "label": "Cookie SUBJECT held on Plain Cookie",
        "provenance": [
          {
            "activity_id": "1c0f84be-c428-4086-8e5f-1de4623ea674",
            "timestamp": "2026-03-21T10:15:01.892280Z",
            "was_generated_by": {
              "tool": "dpf-parser",
              "tool_version": "1.0.0",
              "parameters": []
            },
            "used": [],
            "generated": [
              "cb1c8e30-5f01-48c8-a471-9dd14d1bc902"
            ],
            "execution_duration": "PT0S"
          }
        ]
      }
    },
    {
      "type": "Feature",
      "id": "7d4755a9-7b83-4e14-99c9-068000483a14",
      "geometry": null,
      "properties": {
        "kind": "SENSOR_CONTACT",
        "parent_track": "TURN",
        "sensor_name": "Plain",
        "bearing": -122.4,
        "time": "2010-01-12T13:00:50+00:00",
        "label": "Cookie SUBJECT held on Plain Cookie",
        "provenance": [
          {
            "activity_id": "1c0f84be-c428-4086-8e5f-1de4623ea674",
            "timestamp": "2026-03-21T10:15:01.892280Z",
            "was_generated_by": {
              "tool": "dpf-parser",
              "tool_version": "1.0.0",
              "parameters": []
            },
            "used": [],
            "generated": [
              "7d4755a9-7b83-4e14-99c9-068000483a14"
            ],
            "execution_duration": "PT0S"
          }
        ]
      }
    },
    {
      "type": "Feature",
      "id": "4e7bc915-94c8-4ab5-a18c-8656d66576f6",
      "geometry": null,
      "properties": {
        "kind": "SENSOR_CONTACT",
        "parent_track": "TURN",
        "sensor_name": "Plain",
        "bearing": -120.6,
        "time": "2010-01-12T13:01:40+00:00",
        "label": "Cookie SUBJECT held on Plain Cookie",
        "provenance": [
          {
            "activity_id": "1c0f84be-c428-4086-8e5f-1de4623ea674",
            "timestamp": "2026-03-21T10:15:01.892280Z",
            "was_generated_by": {
              "tool": "dpf-parser",
              "tool_version": "1.0.0",
              "parameters": []
            },
            "used": [],
            "generated": [
              "4e7bc915-94c8-4ab5-a18c-8656d66576f6"
            ],
            "execution_duration": "PT0S"
          }
        ]
      }
    },
    {
      "type": "Feature",
      "id": "3d13d3ef-ee38-4860-a486-b1c62a803bc3",
      "geometry": null,
      "properties": {
        "kind": "SENSOR_CONTACT",
        "parent_track": "TURN",
        "sensor_name": "Plain",
        "bearing": -118.7,
        "time": "2010-01-12T13:02:30+00:00",
        "label": "Cookie SUBJECT held on Plain Cookie",
        "provenance": [
          {
            "activity_id": "1c0f84be-c428-4086-8e5f-1de4623ea674",
            "timestamp": "2026-03-21T10:15:01.892280Z",
            "was_generated_by": {
              "tool": "dpf-parser",
              "tool_version": "1.0.0",
              "parameters": []
            },
            "used": [],
            "generated": [
              "3d13d3ef-ee38-4860-a486-b1c62a803bc3"
            ],
            "execution_duration": "PT0S"
          }
        ]
      }
    },
    {
      "type": "Feature",
      "id": "ff4399b2-2872-4935-89f5-e063fa223cb2",
      "geometry": null,
      "properties": {
        "kind": "SENSOR_CONTACT",
        "parent_track": "TURN",
        "sensor_name": "Plain",
        "bearing": -116.8,
        "time": "2010-01-12T13:03:20+00:00",
        "label": "Cookie SUBJECT held on Plain Cookie",
        "provenance": [
          {
            "activity_id": "1c0f84be-c428-4086-8e5f-1de4623ea674",
            "timestamp": "2026-03-21T10:15:01.892280Z",
            "was_generated_by": {
              "tool": "dpf-parser",
              "tool_version": "1.0.0",
              "parameters": []
            },
            "used": [],
            "generated": [
              "ff4399b2-2872-4935-89f5-e063fa223cb2"
            ],
            "execution_duration": "PT0S"
          }
        ]
      }
    },
    {
      "type": "Feature",
      "id": "3f566025-a9e5-4113-b98d-96056121a376",
      "geometry": null,
      "properties": {
        "kind": "SENSOR_CONTACT",
        "parent_track": "TURN",
        "sensor_name": "Plain",
        "bearing": -114.8,
        "time": "2010-01-12T13:04:10+00:00",
        "label": "Cookie SUBJECT held on Plain Cookie",
        "provenance": [
          {
            "activity_id": "1c0f84be-c428-4086-8e5f-1de4623ea674",
            "timestamp": "2026-03-21T10:15:01.892280Z",
            "was_generated_by": {
              "tool": "dpf-parser",
              "tool_version": "1.0.0",
              "parameters": []
            },
            "used": [],
            "generated": [
              "3f566025-a9e5-4113-b98d-96056121a376"
            ],
            "execution_duration": "PT0S"
          }
        ]
      }
    },
    {
      "type": "Feature",
      "id": "fe24aab0-5ae1-4226-85f1-1867815a6fc7",
      "geometry": null,
      "properties": {
        "kind": "SENSOR_CONTACT",
        "parent_track": "TURN",
        "sensor_name": "Plain",
        "bearing": -112.8,
        "time": "2010-01-12T13:05:00+00:00",
        "label": "Cookie SUBJECT held on Plain Cookie",
        "provenance": [
          {
            "activity_id": "1c0f84be-c428-4086-8e5f-1de4623ea674",
            "timestamp": "2026-03-21T10:15:01.892280Z",
            "was_generated_by": {
              "tool": "dpf-parser",
              "tool_version": "1.0.0",
              "parameters": []
            },
            "used": [],
            "generated": [
              "fe24aab0-5ae1-4226-85f1-1867815a6fc7"
            ],
            "execution_duration": "PT0S"
          }
        ]
      }
    },
    {
      "type": "Feature",
      "id": "4f71b1f8-3885-4c2c-8802-e26e59629a6c",
      "geometry": null,
      "properties": {
        "kind": "SENSOR_CONTACT",
        "parent_track": "TURN",
        "sensor_name": "Plain",
        "bearing": -110.7,
        "time": "2010-01-12T13:05:50+00:00",
        "label": "Cookie SUBJECT held on Plain Cookie",
        "provenance": [
          {
            "activity_id": "1c0f84be-c428-4086-8e5f-1de4623ea674",
            "timestamp": "2026-03-21T10:15:01.892280Z",
            "was_generated_by": {
              "tool": "dpf-parser",
              "tool_version": "1.0.0",
              "parameters": []
            },
            "used": [],
            "generated": [
              "4f71b1f8-3885-4c2c-8802-e26e59629a6c"
            ],
            "execution_duration": "PT0S"
          }
        ]
      }
    },
    {
      "type": "Feature",
      "id": "2da5296e-1613-4c8b-8e15-f18df3230d9b",
      "geometry": null,
      "properties": {
        "kind": "SENSOR_CONTACT",
        "parent_track": "TURN",
        "sensor_name": "Plain",
        "bearing": -108.5,
        "time": "2010-01-12T13:06:40+00:00",
        "label": "Cookie SUBJECT held on Plain Cookie",
        "provenance": [
          {
            "activity_id": "1c0f84be-c428-4086-8e5f-1de4623ea674",
            "timestamp": "2026-03-21T10:15:01.892280Z",
            "was_generated_by": {
              "tool": "dpf-parser",
              "tool_version": "1.0.0",
              "parameters": []
            },
            "used": [],
            "generated": [
              "2da5296e-1613-4c8b-8e15-f18df3230d9b"
            ],
            "execution_duration": "PT0S"
          }
        ]
      }
    },
    {
      "type": "Feature",
      "id": "08ffebe3-be63-4ff4-ab58-7cf3ea220674",
      "geometry": null,
      "properties": {
        "kind": "SENSOR_CONTACT",
        "parent_track": "TURN",
        "sensor_name": "Plain",
        "bearing": -106.3,
        "time": "2010-01-12T13:07:30+00:00",
        "label": "Cookie SUBJECT held on Plain Cookie",
        "provenance": [
          {
            "activity_id": "1c0f84be-c428-4086-8e5f-1de4623ea674",
            "timestamp": "2026-03-21T10:15:01.892280Z",
            "was_generated_by": {
              "tool": "dpf-parser",
              "tool_version": "1.0.0",
              "parameters": []
            },
            "used": [],
            "generated": [
              "08ffebe3-be63-4ff4-ab58-7cf3ea220674"
            ],
            "execution_duration": "PT0S"
          }
        ]
      }
    },
    {
      "type": "Feature",
      "id": "c757bf93-e60e-46fb-b172-ff2fce7e3fa8",
      "geometry": null,
      "properties": {
        "kind": "SENSOR_CONTACT",
        "parent_track": "TURN",
        "sensor_name": "Plain",
        "bearing": -104.1,
        "time": "2010-01-12T13:08:20+00:00",
        "label": "Cookie SUBJECT held on Plain Cookie",
        "provenance": [
          {
            "activity_id": "1c0f84be-c428-4086-8e5f-1de4623ea674",
            "timestamp": "2026-03-21T10:15:01.892280Z",
            "was_generated_by": {
              "tool": "dpf-parser",
              "tool_version": "1.0.0",
              "parameters": []
            },
            "used": [],
            "generated": [
              "c757bf93-e60e-46fb-b172-ff2fce7e3fa8"
            ],
            "execution_duration": "PT0S"
          }
        ]
      }
    },
    {
      "type": "Feature",
      "id": "7497085f-e713-45af-97fe-d1dd9a3f39d0",
      "geometry": null,
      "properties": {
        "kind": "SENSOR_CONTACT",
        "parent_track": "TURN",
        "sensor_name": "Plain",
        "bearing": -101.8,
        "time": "2010-01-12T13:09:10+00:00",
        "label": "Cookie SUBJECT held on Plain Cookie",
        "provenance": [
          {
            "activity_id": "1c0f84be-c428-4086-8e5f-1de4623ea674",
            "timestamp": "2026-03-21T10:15:01.892280Z",
            "was_generated_by": {
              "tool": "dpf-parser",
              "tool_version": "1.0.0",
              "parameters": []
            },
            "used": [],
            "generated": [
              "7497085f-e713-45af-97fe-d1dd9a3f39d0"
            ],
            "execution_duration": "PT0S"
          }
        ]
      }
    },
    {
      "type": "Feature",
      "id": "124415d8-9309-4d7b-9180-cf68006f1394",
      "geometry": null,
      "properties": {
        "kind": "SENSOR_CONTACT",
        "parent_track": "TURN",
        "sensor_name": "Plain",
        "bearing": -99.5,
        "time": "2010-01-12T13:10:00+00:00",
        "label": "Cookie SUBJECT held on Plain Cookie",
        "provenance": [
          {
            "activity_id": "1c0f84be-c428-4086-8e5f-1de4623ea674",
            "timestamp": "2026-03-21T10:15:01.892280Z",
            "was_generated_by": {
              "tool": "dpf-parser",
              "tool_version": "1.0.0",
              "parameters": []
            },
            "used": [],
            "generated": [
              "124415d8-9309-4d7b-9180-cf68006f1394"
            ],
            "execution_duration": "PT0S"
          }
        ]
      }
    },
    {
      "type": "Feature",
      "id": "23a25f25-b579-424b-8365-2bbfca9746de",
      "geometry": null,
      "properties": {
        "kind": "SENSOR_CONTACT",
        "parent_track": "TURN",
        "sensor_name": "Plain",
        "bearing": -97.1,
        "time": "2010-01-12T13:10:50+00:00",
        "label": "Cookie SUBJECT held on Plain Cookie",
        "provenance": [
          {
            "activity_id": "1c0f84be-c428-4086-8e5f-1de4623ea674",
            "timestamp": "2026-03-21T10:15:01.892280Z",
            "was_generated_by": {
              "tool": "dpf-parser",
              "tool_version": "1.0.0",
              "parameters": []
            },
            "used": [],
            "generated": [
              "23a25f25-b579-424b-8365-2bbfca9746de"
            ],
            "execution_duration": "PT0S"
          }
        ]
      }
    },
    {
      "type": "Feature",
      "id": "d6f6f287-8906-4eff-a97e-f9aae01a2167",
      "geometry": null,
      "properties": {
        "kind": "SENSOR_CONTACT",
        "parent_track": "TURN",
        "sensor_name": "Plain",
        "bearing": -94.8,
        "time": "2010-01-12T13:11:40+00:00",
        "label": "Cookie SUBJECT held on Plain Cookie",
        "provenance": [
          {
            "activity_id": "1c0f84be-c428-4086-8e5f-1de4623ea674",
            "timestamp": "2026-03-21T10:15:01.892280Z",
            "was_generated_by": {
              "tool": "dpf-parser",
              "tool_version": "1.0.0",
              "parameters": []
            },
            "used": [],
            "generated": [
              "d6f6f287-8906-4eff-a97e-f9aae01a2167"
            ],
            "execution_duration": "PT0S"
          }
        ]
      }
    },
    {
      "type": "Feature",
      "id": "c15a64d3-94be-42fb-95cd-f4bcfd3a766c",
      "geometry": null,
      "properties": {
        "kind": "SENSOR_CONTACT",
        "parent_track": "TURN",
        "sensor_name": "Plain",
        "bearing": -92.4,
        "time": "2010-01-12T13:12:30+00:00",
        "label": "Cookie SUBJECT held on Plain Cookie",
        "provenance": [
          {
            "activity_id": "1c0f84be-c428-4086-8e5f-1de4623ea674",
            "timestamp": "2026-03-21T10:15:01.892280Z",
            "was_generated_by": {
              "tool": "dpf-parser",
              "tool_version": "1.0.0",
              "parameters": []
            },
            "used": [],
            "generated": [
              "c15a64d3-94be-42fb-95cd-f4bcfd3a766c"
            ],
            "execution_duration": "PT0S"
          }
        ]
      }
    },
    {
      "type": "Feature",
      "id": "17091c4c-a108-40ad-a9b2-a961af2910fc",
      "geometry": null,
      "properties": {
        "kind": "SENSOR_CONTACT",
        "parent_track": "TURN",
        "sensor_name": "Plain",
        "bearing": -90.0,
        "time": "2010-01-12T13:13:20+00:00",
        "label": "Cookie SUBJECT held on Plain Cookie",
        "provenance": [
          {
            "activity_id": "1c0f84be-c428-4086-8e5f-1de4623ea674",
            "timestamp": "2026-03-21T10:15:01.892280Z",
            "was_generated_by": {
              "tool": "dpf-parser",
              "tool_version": "1.0.0",
              "parameters": []
            },
            "used": [],
            "generated": [
              "17091c4c-a108-40ad-a9b2-a961af2910fc"
            ],
            "execution_duration": "PT0S"
          }
        ]
      }
    },
    {
      "type": "Feature",
      "id": "effc4fea-d269-473f-b557-11bbe901042d",
      "geometry": null,
      "properties": {
        "kind": "SENSOR_CONTACT",
        "parent_track": "TURN",
        "sensor_name": "Plain",
        "bearing": -87.7,
        "time": "2010-01-12T13:14:10+00:00",
        "label": "Cookie SUBJECT held on Plain Cookie",
        "provenance": [
          {
            "activity_id": "1c0f84be-c428-4086-8e5f-1de4623ea674",
            "timestamp": "2026-03-21T10:15:01.892280Z",
            "was_generated_by": {
              "tool": "dpf-parser",
              "tool_version": "1.0.0",
              "parameters": []
            },
            "used": [],
            "generated": [
              "effc4fea-d269-473f-b557-11bbe901042d"
            ],
            "execution_duration": "PT0S"
          }
        ]
      }
    },
    {
      "type": "Feature",
      "id": "dbf504b9-6ebf-4dc3-b129-a179fa2ede09",
      "geometry": null,
      "properties": {
        "kind": "SENSOR_CONTACT",
        "parent_track": "TURN",
        "sensor_name": "Plain",
        "bearing": -85.3,
        "time": "2010-01-12T13:15:00+00:00",
        "label": "Cookie SUBJECT held on Plain Cookie",
        "provenance": [
          {
            "activity_id": "1c0f84be-c428-4086-8e5f-1de4623ea674",
            "timestamp": "2026-03-21T10:15:01.892280Z",
            "was_generated_by": {
              "tool": "dpf-parser",
              "tool_version": "1.0.0",
              "parameters": []
            },
            "used": [],
            "generated": [
              "dbf504b9-6ebf-4dc3-b129-a179fa2ede09"
            ],
            "execution_duration": "PT0S"
          }
        ]
      }
    },
    {
      "type": "Feature",
      "id": "424092b1-be73-4525-9fb1-0e3d924b9c6d",
      "geometry": null,
      "properties": {
        "kind": "SENSOR_CONTACT",
        "parent_track": "TURN",
        "sensor_name": "Plain",
        "bearing": -83.0,
        "time": "2010-01-12T13:15:50+00:00",
        "label": "Cookie SUBJECT held on Plain Cookie",
        "provenance": [
          {
            "activity_id": "1c0f84be-c428-4086-8e5f-1de4623ea674",
            "timestamp": "2026-03-21T10:15:01.892280Z",
            "was_generated_by": {
              "tool": "dpf-parser",
              "tool_version": "1.0.0",
              "parameters": []
            },
            "used": [],
            "generated": [
              "424092b1-be73-4525-9fb1-0e3d924b9c6d"
            ],
            "execution_duration": "PT0S"
          }
        ]
      }
    },
    {
      "type": "Feature",
      "id": "b11187f4-c543-46d9-bed3-50d55cbbfe0b",
      "geometry": null,
      "properties": {
        "kind": "SENSOR_CONTACT",
        "parent_track": "TURN",
        "sensor_name": "Plain",
        "bearing": -80.7,
        "time": "2010-01-12T13:16:40+00:00",
        "label": "Cookie SUBJECT held on Plain Cookie",
        "provenance": [
          {
            "activity_id": "1c0f84be-c428-4086-8e5f-1de4623ea674",
            "timestamp": "2026-03-21T10:15:01.892280Z",
            "was_generated_by": {
              "tool": "dpf-parser",
              "tool_version": "1.0.0",
              "parameters": []
            },
            "used": [],
            "generated": [
              "b11187f4-c543-46d9-bed3-50d55cbbfe0b"
            ],
            "execution_duration": "PT0S"
          }
        ]
      }
    },
    {
      "type": "Feature",
      "id": "34ebf3a6-39b1-4e61-a91e-93276fa4c203",
      "geometry": null,
      "properties": {
        "kind": "SENSOR_CONTACT",
        "parent_track": "TURN",
        "sensor_name": "Plain",
        "bearing": -78.4,
        "time": "2010-01-12T13:17:30+00:00",
        "label": "Cookie SUBJECT held on Plain Cookie",
        "provenance": [
          {
            "activity_id": "1c0f84be-c428-4086-8e5f-1de4623ea674",
            "timestamp": "2026-03-21T10:15:01.892280Z",
            "was_generated_by": {
              "tool": "dpf-parser",
              "tool_version": "1.0.0",
              "parameters": []
            },
            "used": [],
            "generated": [
              "34ebf3a6-39b1-4e61-a91e-93276fa4c203"
            ],
            "execution_duration": "PT0S"
          }
        ]
      }
    },
    {
      "type": "Feature",
      "id": "b8193862-70d3-4000-bd0d-691bb4c0c9c2",
      "geometry": null,
      "properties": {
        "kind": "SENSOR_CONTACT",
        "parent_track": "TURN",
        "sensor_name": "Plain",
        "bearing": -76.2,
        "time": "2010-01-12T13:18:20+00:00",
        "label": "Cookie SUBJECT held on Plain Cookie",
        "provenance": [
          {
            "activity_id": "1c0f84be-c428-4086-8e5f-1de4623ea674",
            "timestamp": "2026-03-21T10:15:01.892280Z",
            "was_generated_by": {
              "tool": "dpf-parser",
              "tool_version": "1.0.0",
              "parameters": []
            },
            "used": [],
            "generated": [
              "b8193862-70d3-4000-bd0d-691bb4c0c9c2"
            ],
            "execution_duration": "PT0S"
          }
        ]
      }
    },
    {
      "type": "Feature",
      "id": "1b1bec63-94ff-4300-9a32-af8284f377cc",
      "geometry": null,
      "properties": {
        "kind": "SENSOR_CONTACT",
        "parent_track": "TURN",
        "sensor_name": "Plain",
        "bearing": -74.0,
        "time": "2010-01-12T13:19:10+00:00",
        "label": "Cookie SUBJECT held on Plain Cookie",
        "provenance": [
          {
            "activity_id": "1c0f84be-c428-4086-8e5f-1de4623ea674",
            "timestamp": "2026-03-21T10:15:01.892280Z",
            "was_generated_by": {
              "tool": "dpf-parser",
              "tool_version": "1.0.0",
              "parameters": []
            },
            "used": [],
            "generated": [
              "1b1bec63-94ff-4300-9a32-af8284f377cc"
            ],
            "execution_duration": "PT0S"
          }
        ]
      }
    },
    {
      "type": "Feature",
      "id": "c0437801-816a-4109-b10b-33fe9d989321",
      "geometry": null,
      "properties": {
        "kind": "SENSOR_CONTACT",
        "parent_track": "TURN",
        "sensor_name": "Plain",
        "bearing": -71.9,
        "time": "2010-01-12T13:20:00+00:00",
        "label": "Cookie SUBJECT held on Plain Cookie",
        "provenance": [
          {
            "activity_id": "1c0f84be-c428-4086-8e5f-1de4623ea674",
            "timestamp": "2026-03-21T10:15:01.892280Z",
            "was_generated_by": {
              "tool": "dpf-parser",
              "tool_version": "1.0.0",
              "parameters": []
            },
            "used": [],
            "generated": [
              "c0437801-816a-4109-b10b-33fe9d989321"
            ],
            "execution_duration": "PT0S"
          }
        ]
      }
    },
    {
      "type": "Feature",
      "id": "077e75b6-a529-47eb-90dc-b4b01d1bc0ef",
      "geometry": null,
      "properties": {
        "kind": "SENSOR_CONTACT",
        "parent_track": "TURN",
        "sensor_name": "Plain",
        "bearing": -69.8,
        "time": "2010-01-12T13:20:50+00:00",
        "label": "Cookie SUBJECT held on Plain Cookie",
        "provenance": [
          {
            "activity_id": "1c0f84be-c428-4086-8e5f-1de4623ea674",
            "timestamp": "2026-03-21T10:15:01.892280Z",
            "was_generated_by": {
              "tool": "dpf-parser",
              "tool_version": "1.0.0",
              "parameters": []
            },
            "used": [],
            "generated": [
              "077e75b6-a529-47eb-90dc-b4b01d1bc0ef"
            ],
            "execution_duration": "PT0S"
          }
        ]
      }
    },
    {
      "type": "Feature",
      "id": "d6c1cca4-42a1-4b9d-b3c3-c3aecc6b17a0",
      "geometry": null,
      "properties": {
        "kind": "SENSOR_CONTACT",
        "parent_track": "TURN",
        "sensor_name": "Plain",
        "bearing": -67.8,
        "time": "2010-01-12T13:21:40+00:00",
        "label": "Cookie SUBJECT held on Plain Cookie",
        "provenance": [
          {
            "activity_id": "1c0f84be-c428-4086-8e5f-1de4623ea674",
            "timestamp": "2026-03-21T10:15:01.892280Z",
            "was_generated_by": {
              "tool": "dpf-parser",
              "tool_version": "1.0.0",
              "parameters": []
            },
            "used": [],
            "generated": [
              "d6c1cca4-42a1-4b9d-b3c3-c3aecc6b17a0"
            ],
            "execution_duration": "PT0S"
          }
        ]
      }
    },
    {
      "type": "Feature",
      "id": "b38d7ecf-a6b0-4c01-ad38-31d8bf24ce3c",
      "geometry": null,
      "properties": {
        "kind": "SENSOR_CONTACT",
        "parent_track": "TURN",
        "sensor_name": "Plain",
        "bearing": -65.9,
        "time": "2010-01-12T13:22:30+00:00",
        "label": "Cookie SUBJECT held on Plain Cookie",
        "provenance": [
          {
            "activity_id": "1c0f84be-c428-4086-8e5f-1de4623ea674",
            "timestamp": "2026-03-21T10:15:01.892280Z",
            "was_generated_by": {
              "tool": "dpf-parser",
              "tool_version": "1.0.0",
              "parameters": []
            },
            "used": [],
            "generated": [
              "b38d7ecf-a6b0-4c01-ad38-31d8bf24ce3c"
            ],
            "execution_duration": "PT0S"
          }
        ]
      }
    },
    {
      "type": "Feature",
      "id": "65af3d21-1eb5-4307-a147-8dc2df329d35",
      "geometry": null,
      "properties": {
        "kind": "SENSOR_CONTACT",
        "parent_track": "TURN",
        "sensor_name": "Plain",
        "bearing": -64.1,
        "time": "2010-01-12T13:23:20+00:00",
        "label": "Cookie SUBJECT held on Plain Cookie",
        "provenance": [
          {
            "activity_id": "1c0f84be-c428-4086-8e5f-1de4623ea674",
            "timestamp": "2026-03-21T10:15:01.892280Z",
            "was_generated_by": {
              "tool": "dpf-parser",
              "tool_version": "1.0.0",
              "parameters": []
            },
            "used": [],
            "generated": [
              "65af3d21-1eb5-4307-a147-8dc2df329d35"
            ],
            "execution_duration": "PT0S"
          }
        ]
      }
    },
    {
      "type": "Feature",
      "id": "20457de1-920f-41ef-becc-2e306469d30e",
      "geometry": null,
      "properties": {
        "kind": "SENSOR_CONTACT",
        "parent_track": "TURN",
        "sensor_name": "Plain",
        "bearing": -62.4,
        "time": "2010-01-12T13:24:10+00:00",
        "label": "Cookie SUBJECT held on Plain Cookie",
        "provenance": [
          {
            "activity_id": "1c0f84be-c428-4086-8e5f-1de4623ea674",
            "timestamp": "2026-03-21T10:15:01.892280Z",
            "was_generated_by": {
              "tool": "dpf-parser",
              "tool_version": "1.0.0",
              "parameters": []
            },
            "used": [],
            "generated": [
              "20457de1-920f-41ef-becc-2e306469d30e"
            ],
            "execution_duration": "PT0S"
          }
        ]
      }
    },
    {
      "type": "Feature",
      "id": "2c3b160a-55bc-4c9e-a689-5a259c51c6ad",
      "geometry": null,
      "properties": {
        "kind": "SENSOR_CONTACT",
        "parent_track": "TURN",
        "sensor_name": "Plain",
        "bearing": -60.8,
        "time": "2010-01-12T13:25:00+00:00",
        "label": "Cookie SUBJECT held on Plain Cookie",
        "provenance": [
          {
            "activity_id": "1c0f84be-c428-4086-8e5f-1de4623ea674",
            "timestamp": "2026-03-21T10:15:01.892280Z",
            "was_generated_by": {
              "tool": "dpf-parser",
              "tool_version": "1.0.0",
              "parameters": []
            },
            "used": [],
            "generated": [
              "2c3b160a-55bc-4c9e-a689-5a259c51c6ad"
            ],
            "execution_duration": "PT0S"
          }
        ]
      }
    },
    {
      "type": "Feature",
      "id": "a5092001-48bc-4b46-96c0-6abf84fc579b",
      "geometry": null,
      "properties": {
        "kind": "SENSOR_CONTACT",
        "parent_track": "TURN",
        "sensor_name": "Plain",
        "bearing": -59.2,
        "time": "2010-01-12T13:25:50+00:00",
        "label": "Cookie SUBJECT held on Plain Cookie",
        "provenance": [
          {
            "activity_id": "1c0f84be-c428-4086-8e5f-1de4623ea674",
            "timestamp": "2026-03-21T10:15:01.892280Z",
            "was_generated_by": {
              "tool": "dpf-parser",
              "tool_version": "1.0.0",
              "parameters": []
            },
            "used": [],
            "generated": [
              "a5092001-48bc-4b46-96c0-6abf84fc579b"
            ],
            "execution_duration": "PT0S"
          }
        ]
      }
    },
    {
      "type": "Feature",
      "id": "f39a0a4e-a044-454f-9466-e0fc36f54fd9",
      "geometry": null,
      "properties": {
        "kind": "SENSOR_CONTACT",
        "parent_track": "TURN",
        "sensor_name": "Plain",
        "bearing": -57.8,
        "time": "2010-01-12T13:26:40+00:00",
        "label": "Cookie SUBJECT held on Plain Cookie",
        "provenance": [
          {
            "activity_id": "1c0f84be-c428-4086-8e5f-1de4623ea674",
            "timestamp": "2026-03-21T10:15:01.892280Z",
            "was_generated_by": {
              "tool": "dpf-parser",
              "tool_version": "1.0.0",
              "parameters": []
            },
            "used": [],
            "generated": [
              "f39a0a4e-a044-454f-9466-e0fc36f54fd9"
            ],
            "execution_duration": "PT0S"
          }
        ]
      }
    },
    {
      "type": "Feature",
      "id": "67a90e72-b36a-4639-b333-1998b8feb9a4",
      "geometry": null,
      "properties": {
        "kind": "SENSOR_CONTACT",
        "parent_track": "TURN",
        "sensor_name": "Plain",
        "bearing": -56.5,
        "time": "2010-01-12T13:27:30+00:00",
        "label": "Cookie SUBJECT held on Plain Cookie",
        "provenance": [
          {
            "activity_id": "1c0f84be-c428-4086-8e5f-1de4623ea674",
            "timestamp": "2026-03-21T10:15:01.892280Z",
            "was_generated_by": {
              "tool": "dpf-parser",
              "tool_version": "1.0.0",
              "parameters": []
            },
            "used": [],
            "generated": [
              "67a90e72-b36a-4639-b333-1998b8feb9a4"
            ],
            "execution_duration": "PT0S"
          }
        ]
      }
    },
    {
      "type": "Feature",
      "id": "4eccb262-0963-43e3-a6d1-ea82d12ef6b6",
      "geometry": null,
      "properties": {
        "kind": "SENSOR_CONTACT",
        "parent_track": "TURN",
        "sensor_name": "Plain",
        "bearing": -55.3,
        "time": "2010-01-12T13:28:20+00:00",
        "label": "Cookie SUBJECT held on Plain Cookie",
        "provenance": [
          {
            "activity_id": "1c0f84be-c428-4086-8e5f-1de4623ea674",
            "timestamp": "2026-03-21T10:15:01.892280Z",
            "was_generated_by": {
              "tool": "dpf-parser",
              "tool_version": "1.0.0",
              "parameters": []
            },
            "used": [],
            "generated": [
              "4eccb262-0963-43e3-a6d1-ea82d12ef6b6"
            ],
            "execution_duration": "PT0S"
          }
        ]
      }
    },
    {
      "type": "Feature",
      "id": "c87a412e-fb88-4c0a-a940-e2adce178d09",
      "geometry": null,
      "properties": {
        "kind": "SENSOR_CONTACT",
        "parent_track": "TURN",
        "sensor_name": "Plain",
        "bearing": -54.1,
        "time": "2010-01-12T13:29:10+00:00",
        "label": "Cookie SUBJECT held on Plain Cookie",
        "provenance": [
          {
            "activity_id": "1c0f84be-c428-4086-8e5f-1de4623ea674",
            "timestamp": "2026-03-21T10:15:01.892280Z",
            "was_generated_by": {
              "tool": "dpf-parser",
              "tool_version": "1.0.0",
              "parameters": []
            },
            "used": [],
            "generated": [
              "c87a412e-fb88-4c0a-a940-e2adce178d09"
            ],
            "execution_duration": "PT0S"
          }
        ]
      }
    },
    {
      "type": "Feature",
      "id": "abd99465-a3f1-4d10-9e6e-c182c446972b",
      "geometry": null,
      "properties": {
        "kind": "SENSOR_CONTACT",
        "parent_track": "TURN",
        "sensor_name": "Plain",
        "bearing": -53.1,
        "time": "2010-01-12T13:30:00+00:00",
        "label": "Cookie SUBJECT held on Plain Cookie",
        "provenance": [
          {
            "activity_id": "1c0f84be-c428-4086-8e5f-1de4623ea674",
            "timestamp": "2026-03-21T10:15:01.892280Z",
            "was_generated_by": {
              "tool": "dpf-parser",
              "tool_version": "1.0.0",
              "parameters": []
            },
            "used": [],
            "generated": [
              "abd99465-a3f1-4d10-9e6e-c182c446972b"
            ],
            "execution_duration": "PT0S"
          }
        ]
      }
    },
    {
      "type": "Feature",
      "id": "70431877-fe05-4776-9946-d5c156f2be01",
      "geometry": null,
      "properties": {
        "kind": "SENSOR_CONTACT",
        "parent_track": "TURN",
        "sensor_name": "Plain",
        "bearing": -52.2,
        "time": "2010-01-12T13:30:50+00:00",
        "label": "Cookie SUBJECT held on Plain Cookie",
        "provenance": [
          {
            "activity_id": "1c0f84be-c428-4086-8e5f-1de4623ea674",
            "timestamp": "2026-03-21T10:15:01.892280Z",
            "was_generated_by": {
              "tool": "dpf-parser",
              "tool_version": "1.0.0",
              "parameters": []
            },
            "used": [],
            "generated": [
              "70431877-fe05-4776-9946-d5c156f2be01"
            ],
            "execution_duration": "PT0S"
          }
        ]
      }
    },
    {
      "type": "Feature",
      "id": "0a4b2253-abc8-4e15-8585-2c5d2814dcd4",
      "geometry": null,
      "properties": {
        "kind": "SENSOR_CONTACT",
        "parent_track": "TURN",
        "sensor_name": "Plain",
        "bearing": -51.3,
        "time": "2010-01-12T13:31:40+00:00",
        "label": "Cookie SUBJECT held on Plain Cookie",
        "provenance": [
          {
            "activity_id": "1c0f84be-c428-4086-8e5f-1de4623ea674",
            "timestamp": "2026-03-21T10:15:01.892280Z",
            "was_generated_by": {
              "tool": "dpf-parser",
              "tool_version": "1.0.0",
              "parameters": []
            },
            "used": [],
            "generated": [
              "0a4b2253-abc8-4e15-8585-2c5d2814dcd4"
            ],
            "execution_duration": "PT0S"
          }
        ]
      }
    },
    {
      "type": "Feature",
      "id": "1f82ba04-14d8-4fc9-8a93-0e7d86912172",
      "geometry": null,
      "properties": {
        "kind": "SENSOR_CONTACT",
        "parent_track": "TURN",
        "sensor_name": "Plain",
        "bearing": -50.5,
        "time": "2010-01-12T13:32:30+00:00",
        "label": "Cookie SUBJECT held on Plain Cookie",
        "provenance": [
          {
            "activity_id": "1c0f84be-c428-4086-8e5f-1de4623ea674",
            "timestamp": "2026-03-21T10:15:01.892280Z",
            "was_generated_by": {
              "tool": "dpf-parser",
              "tool_version": "1.0.0",
              "parameters": []
            },
            "used": [],
            "generated": [
              "1f82ba04-14d8-4fc9-8a93-0e7d86912172"
            ],
            "execution_duration": "PT0S"
          }
        ]
      }
    },
    {
      "type": "Feature",
      "id": "0709d83b-d619-4181-8ba5-bfd194c43b4d",
      "geometry": null,
      "properties": {
        "kind": "SENSOR_CONTACT",
        "parent_track": "TURN",
        "sensor_name": "Plain",
        "bearing": -49.8,
        "time": "2010-01-12T13:33:20+00:00",
        "label": "Cookie SUBJECT held on Plain Cookie",
        "provenance": [
          {
            "activity_id": "1c0f84be-c428-4086-8e5f-1de4623ea674",
            "timestamp": "2026-03-21T10:15:01.892280Z",
            "was_generated_by": {
              "tool": "dpf-parser",
              "tool_version": "1.0.0",
              "parameters": []
            },
            "used": [],
            "generated": [
              "0709d83b-d619-4181-8ba5-bfd194c43b4d"
            ],
            "execution_duration": "PT0S"
          }
        ]
      }
    },
    {
      "type": "Feature",
      "id": "b3fdde92-c743-41c3-b3de-fb44cc8ce0a4",
      "geometry": null,
      "properties": {
        "kind": "SENSOR_CONTACT",
        "parent_track": "TURN",
        "sensor_name": "Plain",
        "bearing": -49.2,
        "time": "2010-01-12T13:34:10+00:00",
        "label": "Cookie SUBJECT held on Plain Cookie",
        "provenance": [
          {
            "activity_id": "1c0f84be-c428-4086-8e5f-1de4623ea674",
            "timestamp": "2026-03-21T10:15:01.892280Z",
            "was_generated_by": {
              "tool": "dpf-parser",
              "tool_version": "1.0.0",
              "parameters": []
            },
            "used": [],
            "generated": [
              "b3fdde92-c743-41c3-b3de-fb44cc8ce0a4"
            ],
            "execution_duration": "PT0S"
          }
        ]
      }
    },
    {
      "type": "Feature",
      "id": "fce70c12-516b-4595-862c-7e12f15e6bab",
      "geometry": null,
      "properties": {
        "kind": "SENSOR_CONTACT",
        "parent_track": "TURN",
        "sensor_name": "Plain",
        "bearing": -48.5,
        "time": "2010-01-12T13:35:00+00:00",
        "label": "Cookie SUBJECT held on Plain Cookie",
        "provenance": [
          {
            "activity_id": "1c0f84be-c428-4086-8e5f-1de4623ea674",
            "timestamp": "2026-03-21T10:15:01.892280Z",
            "was_generated_by": {
              "tool": "dpf-parser",
              "tool_version": "1.0.0",
              "parameters": []
            },
            "used": [],
            "generated": [
              "fce70c12-516b-4595-862c-7e12f15e6bab"
            ],
            "execution_duration": "PT0S"
          }
        ]
      }
    },
    {
      "type": "Feature",
      "id": "acab98b0-05be-454b-b958-39361893cd85",
      "geometry": null,
      "properties": {
        "kind": "SENSOR_CONTACT",
        "parent_track": "TURN",
        "sensor_name": "Plain",
        "bearing": -47.9,
        "time": "2010-01-12T13:35:50+00:00",
        "label": "Cookie SUBJECT held on Plain Cookie",
        "provenance": [
          {
            "activity_id": "1c0f84be-c428-4086-8e5f-1de4623ea674",
            "timestamp": "2026-03-21T10:15:01.892280Z",
            "was_generated_by": {
              "tool": "dpf-parser",
              "tool_version": "1.0.0",
              "parameters": []
            },
            "used": [],
            "generated": [
              "acab98b0-05be-454b-b958-39361893cd85"
            ],
            "execution_duration": "PT0S"
          }
        ]
      }
    },
    {
      "type": "Feature",
      "id": "0b1d46dd-ca57-4daf-a60d-4bc550c1c5fd",
      "geometry": null,
      "properties": {
        "kind": "SENSOR_CONTACT",
        "parent_track": "TURN",
        "sensor_name": "Plain",
        "bearing": -47.3,
        "time": "2010-01-12T13:36:40+00:00",
        "label": "Cookie SUBJECT held on Plain Cookie",
        "provenance": [
          {
            "activity_id": "1c0f84be-c428-4086-8e5f-1de4623ea674",
            "timestamp": "2026-03-21T10:15:01.892280Z",
            "was_generated_by": {
              "tool": "dpf-parser",
              "tool_version": "1.0.0",
              "parameters": []
            },
            "used": [],
            "generated": [
              "0b1d46dd-ca57-4daf-a60d-4bc550c1c5fd"
            ],
            "execution_duration": "PT0S"
          }
        ]
      }
    },
    {
      "type": "Feature",
      "id": "270a519d-23f9-4605-99ed-494619f4213b",
      "geometry": null,
      "properties": {
        "kind": "SENSOR_CONTACT",
        "parent_track": "TURN",
        "sensor_name": "Plain",
        "bearing": -46.7,
        "time": "2010-01-12T13:37:30+00:00",
        "label": "Cookie SUBJECT held on Plain Cookie",
        "provenance": [
          {
            "activity_id": "1c0f84be-c428-4086-8e5f-1de4623ea674",
            "timestamp": "2026-03-21T10:15:01.892280Z",
            "was_generated_by": {
              "tool": "dpf-parser",
              "tool_version": "1.0.0",
              "parameters": []
            },
            "used": [],
            "generated": [
              "270a519d-23f9-4605-99ed-494619f4213b"
            ],
            "execution_duration": "PT0S"
          }
        ]
      }
    },
    {
      "type": "Feature",
      "id": "b609f494-9099-40d7-8e53-7ebda3194403",
      "geometry": null,
      "properties": {
        "kind": "SENSOR_CONTACT",
        "parent_track": "TURN",
        "sensor_name": "Plain",
        "bearing": -46.2,
        "time": "2010-01-12T13:38:20+00:00",
        "label": "Cookie SUBJECT held on Plain Cookie",
        "provenance": [
          {
            "activity_id": "1c0f84be-c428-4086-8e5f-1de4623ea674",
            "timestamp": "2026-03-21T10:15:01.892280Z",
            "was_generated_by": {
              "tool": "dpf-parser",
              "tool_version": "1.0.0",
              "parameters": []
            },
            "used": [],
            "generated": [
              "b609f494-9099-40d7-8e53-7ebda3194403"
            ],
            "execution_duration": "PT0S"
          }
        ]
      }
    },
    {
      "type": "Feature",
      "id": "6f01f3ce-ace3-45f1-9c06-a8f48110c7f6",
      "geometry": null,
      "properties": {
        "kind": "SENSOR_CONTACT",
        "parent_track": "TURN",
        "sensor_name": "Plain",
        "bearing": -45.6,
        "time": "2010-01-12T13:39:10+00:00",
        "label": "Cookie SUBJECT held on Plain Cookie",
        "provenance": [
          {
            "activity_id": "1c0f84be-c428-4086-8e5f-1de4623ea674",
            "timestamp": "2026-03-21T10:15:01.892280Z",
            "was_generated_by": {
              "tool": "dpf-parser",
              "tool_version": "1.0.0",
              "parameters": []
            },
            "used": [],
            "generated": [
              "6f01f3ce-ace3-45f1-9c06-a8f48110c7f6"
            ],
            "execution_duration": "PT0S"
          }
        ]
      }
    },
    {
      "type": "Feature",
      "id": "8c42c611-9461-47f2-ac1a-30e99e2d832e",
      "geometry": null,
      "properties": {
        "kind": "SENSOR_CONTACT",
        "parent_track": "TURN",
        "sensor_name": "Plain",
        "bearing": -45.1,
        "time": "2010-01-12T13:40:00+00:00",
        "label": "Cookie SUBJECT held on Plain Cookie",
        "provenance": [
          {
            "activity_id": "1c0f84be-c428-4086-8e5f-1de4623ea674",
            "timestamp": "2026-03-21T10:15:01.892280Z",
            "was_generated_by": {
              "tool": "dpf-parser",
              "tool_version": "1.0.0",
              "parameters": []
            },
            "used": [],
            "generated": [
              "8c42c611-9461-47f2-ac1a-30e99e2d832e"
            ],
            "execution_duration": "PT0S"
          }
        ]
      }
    },
    {
      "type": "Feature",
      "id": "0ee330ec-899d-4a62-a7f9-50ef66b12339",
      "geometry": null,
      "properties": {
        "kind": "SENSOR_CONTACT",
        "parent_track": "TURN",
        "sensor_name": "Plain",
        "bearing": -44.6,
        "time": "2010-01-12T13:40:50+00:00",
        "label": "Cookie SUBJECT held on Plain Cookie",
        "provenance": [
          {
            "activity_id": "1c0f84be-c428-4086-8e5f-1de4623ea674",
            "timestamp": "2026-03-21T10:15:01.892280Z",
            "was_generated_by": {
              "tool": "dpf-parser",
              "tool_version": "1.0.0",
              "parameters": []
            },
            "used": [],
            "generated": [
              "0ee330ec-899d-4a62-a7f9-50ef66b12339"
            ],
            "execution_duration": "PT0S"
          }
        ]
      }
    },
    {
      "type": "Feature",
      "id": "25f6a43d-5c9e-4b30-9253-6fbdec96e500",
      "geometry": null,
      "properties": {
        "kind": "SENSOR_CONTACT",
        "parent_track": "TURN",
        "sensor_name": "Plain",
        "bearing": -44.4,
        "time": "2010-01-12T13:41:40+00:00",
        "label": "Cookie SUBJECT held on Plain Cookie",
        "provenance": [
          {
            "activity_id": "1c0f84be-c428-4086-8e5f-1de4623ea674",
            "timestamp": "2026-03-21T10:15:01.892280Z",
            "was_generated_by": {
              "tool": "dpf-parser",
              "tool_version": "1.0.0",
              "parameters": []
            },
            "used": [],
            "generated": [
              "25f6a43d-5c9e-4b30-9253-6fbdec96e500"
            ],
            "execution_duration": "PT0S"
          }
        ]
      }
    },
    {
      "type": "Feature",
      "id": "2c5f1c92-5f0f-4648-8a8c-8135aa0921ae",
      "geometry": null,
      "properties": {
        "kind": "SENSOR_CONTACT",
        "parent_track": "TURN",
        "sensor_name": "Plain",
        "bearing": -44.7,
        "time": "2010-01-12T13:42:30+00:00",
        "label": "Cookie SUBJECT held on Plain Cookie",
        "provenance": [
          {
            "activity_id": "1c0f84be-c428-4086-8e5f-1de4623ea674",
            "timestamp": "2026-03-21T10:15:01.892280Z",
            "was_generated_by": {
              "tool": "dpf-parser",
              "tool_version": "1.0.0",
              "parameters": []
            },
            "used": [],
            "generated": [
              "2c5f1c92-5f0f-4648-8a8c-8135aa0921ae"
            ],
            "execution_duration": "PT0S"
          }
        ]
      }
    },
    {
      "type": "Feature",
      "id": "11bd8760-305e-4bf1-b55d-f3de9d29ed7d",
      "geometry": null,
      "properties": {
        "kind": "SENSOR_CONTACT",
        "parent_track": "TURN",
        "sensor_name": "Plain",
        "bearing": -45.1,
        "time": "2010-01-12T13:43:20+00:00",
        "label": "Cookie SUBJECT held on Plain Cookie",
        "provenance": [
          {
            "activity_id": "1c0f84be-c428-4086-8e5f-1de4623ea674",
            "timestamp": "2026-03-21T10:15:01.892280Z",
            "was_generated_by": {
              "tool": "dpf-parser",
              "tool_version": "1.0.0",
              "parameters": []
            },
            "used": [],
            "generated": [
              "11bd8760-305e-4bf1-b55d-f3de9d29ed7d"
            ],
            "execution_duration": "PT0S"
          }
        ]
      }
    },
    {
      "type": "Feature",
      "id": "51c5fa9a-7997-49db-847a-e6684c3fde92",
      "geometry": null,
      "properties": {
        "kind": "SENSOR_CONTACT",
        "parent_track": "TURN",
        "sensor_name": "Plain",
        "bearing": -45.4,
        "time": "2010-01-12T13:44:10+00:00",
        "label": "Cookie SUBJECT held on Plain Cookie",
        "provenance": [
          {
            "activity_id": "1c0f84be-c428-4086-8e5f-1de4623ea674",
            "timestamp": "2026-03-21T10:15:01.892280Z",
            "was_generated_by": {
              "tool": "dpf-parser",
              "tool_version": "1.0.0",
              "parameters": []
            },
            "used": [],
            "generated": [
              "51c5fa9a-7997-49db-847a-e6684c3fde92"
            ],
            "execution_duration": "PT0S"
          }
        ]
      }
    },
    {
      "type": "Feature",
      "id": "6df1661e-038f-40fe-8ab3-43e849d7b968",
      "geometry": null,
      "properties": {
        "kind": "SENSOR_CONTACT",
        "parent_track": "TURN",
        "sensor_name": "Plain",
        "bearing": -45.7,
        "time": "2010-01-12T13:45:00+00:00",
        "label": "Cookie SUBJECT held on Plain Cookie",
        "provenance": [
          {
            "activity_id": "1c0f84be-c428-4086-8e5f-1de4623ea674",
            "timestamp": "2026-03-21T10:15:01.892280Z",
            "was_generated_by": {
              "tool": "dpf-parser",
              "tool_version": "1.0.0",
              "parameters": []
            },
            "used": [],
            "generated": [
              "6df1661e-038f-40fe-8ab3-43e849d7b968"
            ],
            "execution_duration": "PT0S"
          }
        ]
      }
    },
    {
      "type": "Feature",
      "id": "4ab4a78d-32e3-4bc2-bd2f-48c734e29534",
      "geometry": null,
      "properties": {
        "kind": "SENSOR_CONTACT",
        "parent_track": "TURN",
        "sensor_name": "Plain",
        "bearing": -46.0,
        "time": "2010-01-12T13:45:50+00:00",
        "label": "Cookie SUBJECT held on Plain Cookie",
        "provenance": [
          {
            "activity_id": "1c0f84be-c428-4086-8e5f-1de4623ea674",
            "timestamp": "2026-03-21T10:15:01.892280Z",
            "was_generated_by": {
              "tool": "dpf-parser",
              "tool_version": "1.0.0",
              "parameters": []
            },
            "used": [],
            "generated": [
              "4ab4a78d-32e3-4bc2-bd2f-48c734e29534"
            ],
            "execution_duration": "PT0S"
          }
        ]
      }
    },
    {
      "type": "Feature",
      "id": "efa934f5-5ff4-4bbc-93b7-c33b5daffa8f",
      "geometry": null,
      "properties": {
        "kind": "SENSOR_CONTACT",
        "parent_track": "TURN",
        "sensor_name": "Plain",
        "bearing": -46.3,
        "time": "2010-01-12T13:46:40+00:00",
        "label": "Cookie SUBJECT held on Plain Cookie",
        "provenance": [
          {
            "activity_id": "1c0f84be-c428-4086-8e5f-1de4623ea674",
            "timestamp": "2026-03-21T10:15:01.892280Z",
            "was_generated_by": {
              "tool": "dpf-parser",
              "tool_version": "1.0.0",
              "parameters": []
            },
            "used": [],
            "generated": [
              "efa934f5-5ff4-4bbc-93b7-c33b5daffa8f"
            ],
            "execution_duration": "PT0S"
          }
        ]
      }
    },
    {
      "type": "Feature",
      "id": "377c46c8-6c0e-48df-9f07-de2979220801",
      "geometry": null,
      "properties": {
        "kind": "SENSOR_CONTACT",
        "parent_track": "TURN",
        "sensor_name": "Plain",
        "bearing": -46.6,
        "time": "2010-01-12T13:47:30+00:00",
        "label": "Cookie SUBJECT held on Plain Cookie",
        "provenance": [
          {
            "activity_id": "1c0f84be-c428-4086-8e5f-1de4623ea674",
            "timestamp": "2026-03-21T10:15:01.892280Z",
            "was_generated_by": {
              "tool": "dpf-parser",
              "tool_version": "1.0.0",
              "parameters": []
            },
            "used": [],
            "generated": [
              "377c46c8-6c0e-48df-9f07-de2979220801"
            ],
            "execution_duration": "PT0S"
          }
        ]
      }
    },
    {
      "type": "Feature",
      "id": "7711fde5-28e1-47e6-94b4-cd62728aee15",
      "geometry": null,
      "properties": {
        "kind": "SENSOR_CONTACT",
        "parent_track": "TURN",
        "sensor_name": "Plain",
        "bearing": -46.9,
        "time": "2010-01-12T13:48:20+00:00",
        "label": "Cookie SUBJECT held on Plain Cookie",
        "provenance": [
          {
            "activity_id": "1c0f84be-c428-4086-8e5f-1de4623ea674",
            "timestamp": "2026-03-21T10:15:01.892280Z",
            "was_generated_by": {
              "tool": "dpf-parser",
              "tool_version": "1.0.0",
              "parameters": []
            },
            "used": [],
            "generated": [
              "7711fde5-28e1-47e6-94b4-cd62728aee15"
            ],
            "execution_duration": "PT0S"
          }
        ]
      }
    },
    {
      "type": "Feature",
      "id": "a01f0e1d-082e-4991-a6ca-979e4b76a6a6",
      "geometry": null,
      "properties": {
        "kind": "SENSOR_CONTACT",
        "parent_track": "TURN",
        "sensor_name": "Plain",
        "bearing": -47.2,
        "time": "2010-01-12T13:49:10+00:00",
        "label": "Cookie SUBJECT held on Plain Cookie",
        "provenance": [
          {
            "activity_id": "1c0f84be-c428-4086-8e5f-1de4623ea674",
            "timestamp": "2026-03-21T10:15:01.892280Z",
            "was_generated_by": {
              "tool": "dpf-parser",
              "tool_version": "1.0.0",
              "parameters": []
            },
            "used": [],
            "generated": [
              "a01f0e1d-082e-4991-a6ca-979e4b76a6a6"
            ],
            "execution_duration": "PT0S"
          }
        ]
      }
    },
    {
      "type": "Feature",
      "id": "6b6ccffa-8667-41ba-ae47-3a695e5fd91f",
      "geometry": null,
      "properties": {
        "kind": "SENSOR_CONTACT",
        "parent_track": "TURN",
        "sensor_name": "Plain",
        "bearing": -47.5,
        "time": "2010-01-12T13:50:00+00:00",
        "label": "Cookie SUBJECT held on Plain Cookie",
        "provenance": [
          {
            "activity_id": "1c0f84be-c428-4086-8e5f-1de4623ea674",
            "timestamp": "2026-03-21T10:15:01.892280Z",
            "was_generated_by": {
              "tool": "dpf-parser",
              "tool_version": "1.0.0",
              "parameters": []
            },
            "used": [],
            "generated": [
              "6b6ccffa-8667-41ba-ae47-3a695e5fd91f"
            ],
            "execution_duration": "PT0S"
          }
        ]
      }
    },
    {
      "type": "Feature",
      "id": "1687c6b5-7770-454c-bee1-a60c9b8ceb6e",
      "geometry": null,
      "properties": {
        "kind": "SENSOR_CONTACT",
        "parent_track": "TURN",
        "sensor_name": "Plain",
        "bearing": -47.7,
        "time": "2010-01-12T13:50:50+00:00",
        "label": "Cookie SUBJECT held on Plain Cookie",
        "provenance": [
          {
            "activity_id": "1c0f84be-c428-4086-8e5f-1de4623ea674",
            "timestamp": "2026-03-21T10:15:01.892280Z",
            "was_generated_by": {
              "tool": "dpf-parser",
              "tool_version": "1.0.0",
              "parameters": []
            },
            "used": [],
            "generated": [
              "1687c6b5-7770-454c-bee1-a60c9b8ceb6e"
            ],
            "execution_duration": "PT0S"
          }
        ]
      }
    },
    {
      "type": "Feature",
      "id": "ae6074aa-3760-4c62-a3dc-c1c95d818a93",
      "geometry": null,
      "properties": {
        "kind": "SENSOR_CONTACT",
        "parent_track": "TURN",
        "sensor_name": "Plain",
        "bearing": -48.0,
        "time": "2010-01-12T13:51:40+00:00",
        "label": "Cookie SUBJECT held on Plain Cookie",
        "provenance": [
          {
            "activity_id": "1c0f84be-c428-4086-8e5f-1de4623ea674",
            "timestamp": "2026-03-21T10:15:01.892280Z",
            "was_generated_by": {
              "tool": "dpf-parser",
              "tool_version": "1.0.0",
              "parameters": []
            },
            "used": [],
            "generated": [
              "ae6074aa-3760-4c62-a3dc-c1c95d818a93"
            ],
            "execution_duration": "PT0S"
          }
        ]
      }
    },
    {
      "type": "Feature",
      "id": "6d078baf-ed18-456f-8cdd-416af89e71e9",
      "geometry": null,
      "properties": {
        "kind": "SENSOR_CONTACT",
        "parent_track": "TURN",
        "sensor_name": "Plain",
        "bearing": -48.2,
        "time": "2010-01-12T13:52:30+00:00",
        "label": "Cookie SUBJECT held on Plain Cookie",
        "provenance": [
          {
            "activity_id": "1c0f84be-c428-4086-8e5f-1de4623ea674",
            "timestamp": "2026-03-21T10:15:01.892280Z",
            "was_generated_by": {
              "tool": "dpf-parser",
              "tool_version": "1.0.0",
              "parameters": []
            },
            "used": [],
            "generated": [
              "6d078baf-ed18-456f-8cdd-416af89e71e9"
            ],
            "execution_duration": "PT0S"
          }
        ]
      }
    },
    {
      "type": "Feature",
      "id": "682bf760-bc12-45b4-80ff-b2d600b7918d",
      "geometry": null,
      "properties": {
        "kind": "SENSOR_CONTACT",
        "parent_track": "TURN",
        "sensor_name": "Plain",
        "bearing": -48.5,
        "time": "2010-01-12T13:53:20+00:00",
        "label": "Cookie SUBJECT held on Plain Cookie",
        "provenance": [
          {
            "activity_id": "1c0f84be-c428-4086-8e5f-1de4623ea674",
            "timestamp": "2026-03-21T10:15:01.892280Z",
            "was_generated_by": {
              "tool": "dpf-parser",
              "tool_version": "1.0.0",
              "parameters": []
            },
            "used": [],
            "generated": [
              "682bf760-bc12-45b4-80ff-b2d600b7918d"
            ],
            "execution_duration": "PT0S"
          }
        ]
      }
    },
    {
      "type": "Feature",
      "id": "e06b6036-b32d-424f-af28-8750fc99018b",
      "geometry": null,
      "properties": {
        "kind": "SENSOR_CONTACT",
        "parent_track": "TURN",
        "sensor_name": "Plain",
        "bearing": -48.7,
        "time": "2010-01-12T13:54:10+00:00",
        "label": "Cookie SUBJECT held on Plain Cookie",
        "provenance": [
          {
            "activity_id": "1c0f84be-c428-4086-8e5f-1de4623ea674",
            "timestamp": "2026-03-21T10:15:01.892280Z",
            "was_generated_by": {
              "tool": "dpf-parser",
              "tool_version": "1.0.0",
              "parameters": []
            },
            "used": [],
            "generated": [
              "e06b6036-b32d-424f-af28-8750fc99018b"
            ],
            "execution_duration": "PT0S"
          }
        ]
      }
    },
    {
      "type": "Feature",
      "id": "2d2b28ad-0d31-447d-8ee9-da049a085f9e",
      "geometry": null,
      "properties": {
        "kind": "SENSOR_CONTACT",
        "parent_track": "TURN",
        "sensor_name": "Plain",
        "bearing": -48.9,
        "time": "2010-01-12T13:55:00+00:00",
        "label": "Cookie SUBJECT held on Plain Cookie",
        "provenance": [
          {
            "activity_id": "1c0f84be-c428-4086-8e5f-1de4623ea674",
            "timestamp": "2026-03-21T10:15:01.892280Z",
            "was_generated_by": {
              "tool": "dpf-parser",
              "tool_version": "1.0.0",
              "parameters": []
            },
            "used": [],
            "generated": [
              "2d2b28ad-0d31-447d-8ee9-da049a085f9e"
            ],
            "execution_duration": "PT0S"
          }
        ]
      }
    },
    {
      "type": "Feature",
      "id": "31a0a725-aedc-4889-9bef-085c36e0b9ef",
      "geometry": null,
      "properties": {
        "kind": "SENSOR_CONTACT",
        "parent_track": "TURN",
        "sensor_name": "Plain",
        "bearing": -49.1,
        "time": "2010-01-12T13:55:50+00:00",
        "label": "Cookie SUBJECT held on Plain Cookie",
        "provenance": [
          {
            "activity_id": "1c0f84be-c428-4086-8e5f-1de4623ea674",
            "timestamp": "2026-03-21T10:15:01.892280Z",
            "was_generated_by": {
              "tool": "dpf-parser",
              "tool_version": "1.0.0",
              "parameters": []
            },
            "used": [],
            "generated": [
              "31a0a725-aedc-4889-9bef-085c36e0b9ef"
            ],
            "execution_duration": "PT0S"
          }
        ]
      }
    },
    {
      "type": "Feature",
      "id": "371f46c5-ba67-427f-924c-c030af0a7e95",
      "geometry": null,
      "properties": {
        "kind": "SENSOR_CONTACT",
        "parent_track": "TURN",
        "sensor_name": "Plain",
        "bearing": -49.4,
        "time": "2010-01-12T13:56:40+00:00",
        "label": "Cookie SUBJECT held on Plain Cookie",
        "provenance": [
          {
            "activity_id": "1c0f84be-c428-4086-8e5f-1de4623ea674",
            "timestamp": "2026-03-21T10:15:01.892280Z",
            "was_generated_by": {
              "tool": "dpf-parser",
              "tool_version": "1.0.0",
              "parameters": []
            },
            "used": [],
            "generated": [
              "371f46c5-ba67-427f-924c-c030af0a7e95"
            ],
            "execution_duration": "PT0S"
          }
        ]
      }
    },
    {
      "type": "Feature",
      "id": "ac39c461-2754-4207-997e-fef7b6b104ad",
      "geometry": null,
      "properties": {
        "kind": "SENSOR_CONTACT",
        "parent_track": "TURN",
        "sensor_name": "Plain",
        "bearing": -49.6,
        "time": "2010-01-12T13:57:30+00:00",
        "label": "Cookie SUBJECT held on Plain Cookie",
        "provenance": [
          {
            "activity_id": "1c0f84be-c428-4086-8e5f-1de4623ea674",
            "timestamp": "2026-03-21T10:15:01.892280Z",
            "was_generated_by": {
              "tool": "dpf-parser",
              "tool_version": "1.0.0",
              "parameters": []
            },
            "used": [],
            "generated": [
              "ac39c461-2754-4207-997e-fef7b6b104ad"
            ],
            "execution_duration": "PT0S"
          }
        ]
      }
    },
    {
      "type": "Feature",
      "id": "d58233a8-1faf-43b8-a554-3f1ac65e165a",
      "geometry": null,
      "properties": {
        "kind": "SENSOR_CONTACT",
        "parent_track": "TURN",
        "sensor_name": "Plain",
        "bearing": -49.8,
        "time": "2010-01-12T13:58:20+00:00",
        "label": "Cookie SUBJECT held on Plain Cookie",
        "provenance": [
          {
            "activity_id": "1c0f84be-c428-4086-8e5f-1de4623ea674",
            "timestamp": "2026-03-21T10:15:01.892280Z",
            "was_generated_by": {
              "tool": "dpf-parser",
              "tool_version": "1.0.0",
              "parameters": []
            },
            "used": [],
            "generated": [
              "d58233a8-1faf-43b8-a554-3f1ac65e165a"
            ],
            "execution_duration": "PT0S"
          }
        ]
      }
    },
    {
      "type": "Feature",
      "id": "ebe31ecb-c18b-4cfe-90a5-8c1c87750f94",
      "geometry": null,
      "properties": {
        "kind": "SENSOR_CONTACT",
        "parent_track": "TURN",
        "sensor_name": "Plain",
        "bearing": -50.0,
        "time": "2010-01-12T13:59:10+00:00",
        "label": "Cookie SUBJECT held on Plain Cookie",
        "provenance": [
          {
            "activity_id": "1c0f84be-c428-4086-8e5f-1de4623ea674",
            "timestamp": "2026-03-21T10:15:01.892280Z",
            "was_generated_by": {
              "tool": "dpf-parser",
              "tool_version": "1.0.0",
              "parameters": []
            },
            "used": [],
            "generated": [
              "ebe31ecb-c18b-4cfe-90a5-8c1c87750f94"
            ],
            "execution_duration": "PT0S"
          }
        ]
      }
    },
    {
      "type": "Feature",
      "id": "6303ec36-3b8b-4dec-9765-8d0b8fe22c99",
      "geometry": null,
      "properties": {
        "kind": "SENSOR_CONTACT",
        "parent_track": "TURN",
        "sensor_name": "Plain",
        "bearing": -50.2,
        "time": "2010-01-12T14:00:00+00:00",
        "label": "Cookie SUBJECT held on Plain Cookie",
        "provenance": [
          {
            "activity_id": "1c0f84be-c428-4086-8e5f-1de4623ea674",
            "timestamp": "2026-03-21T10:15:01.892280Z",
            "was_generated_by": {
              "tool": "dpf-parser",
              "tool_version": "1.0.0",
              "parameters": []
            },
            "used": [],
            "generated": [
              "6303ec36-3b8b-4dec-9765-8d0b8fe22c99"
            ],
            "execution_duration": "PT0S"
          }
        ]
      }
    },
    {
      "type": "Feature",
      "id": "221bbaec-e6a4-4204-b65b-2ed0b93f463c",
      "geometry": {
        "type": "LineString",
        "coordinates": [
          [
            -0.0,
            -0.0
          ],
          [
            -0.0013389,
            0.0015972
          ],
          [
            -0.0026778,
            0.0031917
          ],
          [
            -0.0040167,
            0.0047889
          ],
          [
            -0.0053556,
            0.0063833
          ],
          [
            -0.0066944,
            0.0079806
          ],
          [
            -0.0080361,
            0.009575
          ],
          [
            -0.009375,
            0.0111722
          ],
          [
            -0.0107139,
            0.0127667
          ],
          [
            -0.0120528,
            0.0143639
          ],
          [
            -0.0133917,
            0.0159583
          ],
          [
            -0.0147306,
            0.0175556
          ],
          [
            -0.0160694,
            0.01915
          ],
          [
            -0.0174083,
            0.0207472
          ],
          [
            -0.0187472,
            0.0223417
          ],
          [
            -0.0200861,
            0.0239389
          ],
          [
            -0.021425,
            0.0255361
          ],
          [
            -0.0227667,
            0.0271306
          ],
          [
            -0.0241056,
            0.0287278
          ],
          [
            -0.0254444,
            0.0303222
          ],
          [
            -0.0267833,
            0.0319194
          ],
          [
            -0.0281222,
            0.0335139
          ],
          [
            -0.0294611,
            0.0351111
          ],
          [
            -0.0308,
            0.0367056
          ],
          [
            -0.0321389,
            0.0383028
          ],
          [
            -0.0334778,
            0.0398972
          ],
          [
            -0.0348167,
            0.0414944
          ],
          [
            -0.0361556,
            0.0430889
          ],
          [
            -0.0374972,
            0.0446861
          ],
          [
            -0.0388361,
            0.0462806
          ],
          [
            -0.040175,
            0.0478778
          ],
          [
            -0.0415139,
            0.049475
          ],
          [
            -0.0428528,
            0.0510694
          ],
          [
            -0.0441917,
            0.0526667
          ],
          [
            -0.0455306,
            0.0542611
          ],
          [
            -0.0468694,
            0.0558583
          ],
          [
            -0.0482083,
            0.0574528
          ],
          [
            -0.0495472,
            0.05905
          ],
          [
            -0.0508861,
            0.0606444
          ],
          [
            -0.0522278,
            0.0622417
          ],
          [
            -0.0535667,
            0.0638361
          ],
          [
            -0.0549056,
            0.0654333
          ],
          [
            -0.0562444,
            0.0670278
          ],
          [
            -0.0575833,
            0.068625
          ],
          [
            -0.0589222,
            0.0702194
          ],
          [
            -0.0597444,
            0.0721056
          ],
          [
            -0.0601,
            0.0741583
          ],
          [
            -0.0604556,
            0.0762111
          ],
          [
            -0.0608111,
            0.0782639
          ],
          [
            -0.0611667,
            0.0803167
          ],
          [
            -0.0615222,
            0.0823694
          ],
          [
            -0.0618778,
            0.0844222
          ],
          [
            -0.0622333,
            0.086475
          ],
          [
            -0.0625889,
            0.0885278
          ],
          [
            -0.0629444,
            0.0905806
          ],
          [
            -0.0633,
            0.0926333
          ],
          [
            -0.0636556,
            0.0946861
          ],
          [
            -0.0640111,
            0.0967389
          ],
          [
            -0.0643667,
            0.0987917
          ],
          [
            -0.0647222,
            0.1008444
          ],
          [
            -0.0650778,
            0.1028972
          ],
          [
            -0.0654333,
            0.10495
          ],
          [
            -0.0657889,
            0.1070028
          ],
          [
            -0.0661444,
            0.1090556
          ],
          [
            -0.0665,
            0.1111083
          ],
          [
            -0.0668556,
            0.1131611
          ],
          [
            -0.0672111,
            0.1152139
          ],
          [
            -0.0675667,
            0.1172667
          ],
          [
            -0.0679222,
            0.1193194
          ],
          [
            -0.0682778,
            0.1213722
          ],
          [
            -0.0686333,
            0.123425
          ],
          [
            -0.0689889,
            0.1254778
          ],
          [
            -0.0693444,
            0.1275306
          ],
          [
            -0.0697,
            0.1295833
          ],
          [
            -0.0700556,
            0.1316361
          ],
          [
            -0.0704111,
            0.1336889
          ],
          [
            -0.0707667,
            0.1357417
          ],
          [
            -0.0711222,
            0.1377944
          ],
          [
            -0.0714778,
            0.1398472
          ],
          [
            -0.0718333,
            0.1419
          ],
          [
            -0.0721889,
            0.1439528
          ],
          [
            -0.0725444,
            0.1460056
          ],
          [
            -0.0729028,
            0.1480583
          ],
          [
            -0.0732583,
            0.1501111
          ],
          [
            -0.0736139,
            0.1521639
          ],
          [
            -0.0739694,
            0.1542167
          ],
          [
            -0.074325,
            0.1562694
          ],
          [
            -0.0746806,
            0.1583222
          ],
          [
            -0.0750361,
            0.160375
          ],
          [
            -0.0753917,
            0.1624278
          ],
          [
            -0.0757472,
            0.1644806
          ],
          [
            -0.0761028,
            0.1665333
          ],
          [
            -0.0764583,
            0.1685861
          ],
          [
            -0.0768139,
            0.1706389
          ],
          [
            -0.0771694,
            0.1726917
          ],
          [
            -0.077525,
            0.1747417
          ],
          [
            -0.0778806,
            0.1767944
          ],
          [
            -0.0782361,
            0.1788472
          ],
          [
            -0.0785917,
            0.1809
          ],
          [
            -0.0789472,
            0.1829528
          ],
          [
            -0.0793028,
            0.1850056
          ],
          [
            -0.0796583,
            0.1870583
          ],
          [
            -0.0800139,
            0.1891111
          ],
          [
            -0.0803694,
            0.1911639
          ],
          [
            -0.080725,
            0.1932167
          ],
          [
            -0.0810806,
            0.1952694
          ],
          [
            -0.0814361,
            0.1973222
          ],
          [
            -0.0817917,
            0.199375
          ],
          [
            -0.0821472,
            0.2014278
          ],
          [
            -0.0825028,
            0.2034806
          ],
          [
            -0.0828583,
            0.2055333
          ],
          [
            -0.0832139,
            0.2075861
          ],
          [
            -0.0835694,
            0.2096389
          ],
          [
            -0.083925,
            0.2116917
          ],
          [
            -0.0842806,
            0.2137444
          ],
          [
            -0.0846361,
            0.2157972
          ],
          [
            -0.0849917,
            0.21785
          ],
          [
            -0.0853472,
            0.2199028
          ],
          [
            -0.0857028,
            0.2219556
          ],
          [
            -0.0860583,
            0.2240083
          ],
          [
            -0.0864139,
            0.2260611
          ],
          [
            -0.0867694,
            0.2281139
          ],
          [
            -0.0876833,
            0.2299556
          ],
          [
            -0.089275,
            0.2312972
          ],
          [
            -0.0908889,
            0.2326167
          ],
          [
            -0.0925028,
            0.2339333
          ],
          [
            -0.0941139,
            0.2352528
          ],
          [
            -0.0957278,
            0.2365694
          ],
          [
            -0.0973417,
            0.2378889
          ],
          [
            -0.0989556,
            0.2392056
          ],
          [
            -0.1005694,
            0.240525
          ],
          [
            -0.1021833,
            0.2418417
          ],
          [
            -0.1037972,
            0.2431583
          ],
          [
            -0.1054083,
            0.2444778
          ],
          [
            -0.1070222,
            0.2457944
          ],
          [
            -0.1086361,
            0.2471139
          ],
          [
            -0.11025,
            0.2484306
          ],
          [
            -0.1118639,
            0.24975
          ],
          [
            -0.1134778,
            0.2510667
          ],
          [
            -0.1150917,
            0.2523861
          ],
          [
            -0.1167028,
            0.2537028
          ],
          [
            -0.1183167,
            0.2550222
          ],
          [
            -0.1199306,
            0.2563389
          ],
          [
            -0.1215444,
            0.2576556
          ],
          [
            -0.1231583,
            0.258975
          ]
        ]
      },
      "properties": {
        "kind": "TRACK",
        "platform_id": "SUBJECT",
        "platform_name": "SUBJECT",
        "track_type": "CONTACT",
        "start_time": "2010-01-12T12:00:00+00:00",
        "end_time": "2010-01-12T14:00:00+00:00",
        "positions": [
          {
            "time": "2010-01-12T12:00:00+00:00",
            "course": 320.0,
            "speed": 9.0,
            "depth": 0.0
          },
          {
            "time": "2010-01-12T12:00:50+00:00",
            "course": 320.0,
            "speed": 9.0,
            "depth": 0.0
          },
          {
            "time": "2010-01-12T12:01:40+00:00",
            "course": 320.0,
            "speed": 9.0,
            "depth": 0.0
          },
          {
            "time": "2010-01-12T12:02:30+00:00",
            "course": 320.0,
            "speed": 9.0,
            "depth": 0.0
          },
          {
            "time": "2010-01-12T12:03:20+00:00",
            "course": 320.0,
            "speed": 9.0,
            "depth": 0.0
          },
          {
            "time": "2010-01-12T12:04:10+00:00",
            "course": 320.0,
            "speed": 9.0,
            "depth": 0.0
          },
          {
            "time": "2010-01-12T12:05:00+00:00",
            "course": 320.0,
            "speed": 9.0,
            "depth": 0.0
          },
          {
            "time": "2010-01-12T12:05:50+00:00",
            "course": 320.0,
            "speed": 9.0,
            "depth": 0.0
          },
          {
            "time": "2010-01-12T12:06:40+00:00",
            "course": 320.0,
            "speed": 9.0,
            "depth": 0.0
          },
          {
            "time": "2010-01-12T12:07:30+00:00",
            "course": 320.0,
            "speed": 9.0,
            "depth": 0.0
          },
          {
            "time": "2010-01-12T12:08:20+00:00",
            "course": 320.0,
            "speed": 9.0,
            "depth": 0.0
          },
          {
            "time": "2010-01-12T12:09:10+00:00",
            "course": 320.0,
            "speed": 9.0,
            "depth": 0.0
          },
          {
            "time": "2010-01-12T12:10:00+00:00",
            "course": 320.0,
            "speed": 9.0,
            "depth": 0.0
          },
          {
            "time": "2010-01-12T12:10:50+00:00",
            "course": 320.0,
            "speed": 9.0,
            "depth": 0.0
          },
          {
            "time": "2010-01-12T12:11:40+00:00",
            "course": 320.0,
            "speed": 9.0,
            "depth": 0.0
          },
          {
            "time": "2010-01-12T12:12:30+00:00",
            "course": 320.0,
            "speed": 9.0,
            "depth": 0.0
          },
          {
            "time": "2010-01-12T12:13:20+00:00",
            "course": 320.0,
            "speed": 9.0,
            "depth": 0.0
          },
          {
            "time": "2010-01-12T12:14:10+00:00",
            "course": 320.0,
            "speed": 9.0,
            "depth": 0.0
          },
          {
            "time": "2010-01-12T12:15:00+00:00",
            "course": 320.0,
            "speed": 9.0,
            "depth": 0.0
          },
          {
            "time": "2010-01-12T12:15:50+00:00",
            "course": 320.0,
            "speed": 9.0,
            "depth": 0.0
          },
          {
            "time": "2010-01-12T12:16:40+00:00",
            "course": 320.0,
            "speed": 9.0,
            "depth": 0.0
          },
          {
            "time": "2010-01-12T12:17:30+00:00",
            "course": 320.0,
            "speed": 9.0,
            "depth": 0.0
          },
          {
            "time": "2010-01-12T12:18:20+00:00",
            "course": 320.0,
            "speed": 9.0,
            "depth": 0.0
          },
          {
            "time": "2010-01-12T12:19:10+00:00",
            "course": 320.0,
            "speed": 9.0,
            "depth": 0.0
          },
          {
            "time": "2010-01-12T12:20:00+00:00",
            "course": 320.0,
            "speed": 9.0,
            "depth": 0.0
          },
          {
            "time": "2010-01-12T12:20:50+00:00",
            "course": 320.0,
            "speed": 9.0,
            "depth": 0.0
          },
          {
            "time": "2010-01-12T12:21:40+00:00",
            "course": 320.0,
            "speed": 9.0,
            "depth": 0.0
          },
          {
            "time": "2010-01-12T12:22:30+00:00",
            "course": 320.0,
            "speed": 9.0,
            "depth": 0.0
          },
          {
            "time": "2010-01-12T12:23:20+00:00",
            "course": 320.0,
            "speed": 9.0,
            "depth": 0.0
          },
          {
            "time": "2010-01-12T12:24:10+00:00",
            "course": 320.0,
            "speed": 9.0,
            "depth": 0.0
          },
          {
            "time": "2010-01-12T12:25:00+00:00",
            "course": 320.0,
            "speed": 9.0,
            "depth": 0.0
          },
          {
            "time": "2010-01-12T12:25:50+00:00",
            "course": 320.0,
            "speed": 9.0,
            "depth": 0.0
          },
          {
            "time": "2010-01-12T12:26:40+00:00",
            "course": 320.0,
            "speed": 9.0,
            "depth": 0.0
          },
          {
            "time": "2010-01-12T12:27:30+00:00",
            "course": 320.0,
            "speed": 9.0,
            "depth": 0.0
          },
          {
            "time": "2010-01-12T12:28:20+00:00",
            "course": 320.0,
            "speed": 9.0,
            "depth": 0.0
          },
          {
            "time": "2010-01-12T12:29:10+00:00",
            "course": 320.0,
            "speed": 9.0,
            "depth": 0.0
          },
          {
            "time": "2010-01-12T12:30:00+00:00",
            "course": 320.0,
            "speed": 9.0,
            "depth": 0.0
          },
          {
            "time": "2010-01-12T12:30:50+00:00",
            "course": 320.0,
            "speed": 9.0,
            "depth": 0.0
          },
          {
            "time": "2010-01-12T12:31:40+00:00",
            "course": 320.0,
            "speed": 9.0,
            "depth": 0.0
          },
          {
            "time": "2010-01-12T12:32:30+00:00",
            "course": 320.0,
            "speed": 9.0,
            "depth": 0.0
          },
          {
            "time": "2010-01-12T12:33:20+00:00",
            "course": 320.0,
            "speed": 9.0,
            "depth": 0.0
          },
          {
            "time": "2010-01-12T12:34:10+00:00",
            "course": 320.0,
            "speed": 9.0,
            "depth": 0.0
          },
          {
            "time": "2010-01-12T12:35:00+00:00",
            "course": 320.0,
            "speed": 9.0,
            "depth": 0.0
          },
          {
            "time": "2010-01-12T12:35:50+00:00",
            "course": 320.0,
            "speed": 9.0,
            "depth": 0.0
          },
          {
            "time": "2010-01-12T12:36:40+00:00",
            "course": 320.0,
            "speed": 9.0,
            "depth": 0.0
          },
          {
            "time": "2010-01-12T12:37:30+00:00",
            "course": 350.0,
            "speed": 9.0,
            "depth": 0.0
          },
          {
            "time": "2010-01-12T12:38:20+00:00",
            "course": 350.17,
            "speed": 9.0,
            "depth": 0.0
          },
          {
            "time": "2010-01-12T12:39:10+00:00",
            "course": 350.17,
            "speed": 9.0,
            "depth": 0.0
          },
          {
            "time": "2010-01-12T12:40:00+00:00",
            "course": 350.17,
            "speed": 9.0,
            "depth": 0.0
          },
          {
            "time": "2010-01-12T12:40:50+00:00",
            "course": 350.17,
            "speed": 9.0,
            "depth": 0.0
          },
          {
            "time": "2010-01-12T12:41:40+00:00",
            "course": 350.17,
            "speed": 9.0,
            "depth": 0.0
          },
          {
            "time": "2010-01-12T12:42:30+00:00",
            "course": 350.17,
            "speed": 9.0,
            "depth": 0.0
          },
          {
            "time": "2010-01-12T12:43:20+00:00",
            "course": 350.17,
            "speed": 9.0,
            "depth": 0.0
          },
          {
            "time": "2010-01-12T12:44:10+00:00",
            "course": 350.17,
            "speed": 9.0,
            "depth": 0.0
          },
          {
            "time": "2010-01-12T12:45:00+00:00",
            "course": 350.17,
            "speed": 9.0,
            "depth": 0.0
          },
          {
            "time": "2010-01-12T12:45:50+00:00",
            "course": 350.17,
            "speed": 9.0,
            "depth": 0.0
          },
          {
            "time": "2010-01-12T12:46:40+00:00",
            "course": 350.17,
            "speed": 9.0,
            "depth": 0.0
          },
          {
            "time": "2010-01-12T12:47:30+00:00",
            "course": 350.17,
            "speed": 9.0,
            "depth": 0.0
          },
          {
            "time": "2010-01-12T12:48:20+00:00",
            "course": 350.17,
            "speed": 9.0,
            "depth": 0.0
          },
          {
            "time": "2010-01-12T12:49:10+00:00",
            "course": 350.17,
            "speed": 9.0,
            "depth": 0.0
          },
          {
            "time": "2010-01-12T12:50:00+00:00",
            "course": 350.17,
            "speed": 9.0,
            "depth": 0.0
          },
          {
            "time": "2010-01-12T12:50:50+00:00",
            "course": 350.17,
            "speed": 9.0,
            "depth": 0.0
          },
          {
            "time": "2010-01-12T12:51:40+00:00",
            "course": 350.17,
            "speed": 9.0,
            "depth": 0.0
          },
          {
            "time": "2010-01-12T12:52:30+00:00",
            "course": 350.17,
            "speed": 9.0,
            "depth": 0.0
          },
          {
            "time": "2010-01-12T12:53:20+00:00",
            "course": 350.17,
            "speed": 9.0,
            "depth": 0.0
          },
          {
            "time": "2010-01-12T12:54:10+00:00",
            "course": 350.17,
            "speed": 9.0,
            "depth": 0.0
          },
          {
            "time": "2010-01-12T12:55:00+00:00",
            "course": 350.17,
            "speed": 9.0,
            "depth": 0.0
          },
          {
            "time": "2010-01-12T12:55:50+00:00",
            "course": 350.17,
            "speed": 9.0,
            "depth": 0.0
          },
          {
            "time": "2010-01-12T12:56:40+00:00",
            "course": 350.17,
            "speed": 9.0,
            "depth": 0.0
          },
          {
            "time": "2010-01-12T12:57:30+00:00",
            "course": 350.17,
            "speed": 9.0,
            "depth": 0.0
          },
          {
            "time": "2010-01-12T12:58:20+00:00",
            "course": 350.17,
            "speed": 9.0,
            "depth": 0.0
          },
          {
            "time": "2010-01-12T12:59:10+00:00",
            "course": 350.17,
            "speed": 9.0,
            "depth": 0.0
          },
          {
            "time": "2010-01-12T13:00:00+00:00",
            "course": 350.17,
            "speed": 9.0,
            "depth": 0.0
          },
          {
            "time": "2010-01-12T13:00:50+00:00",
            "course": 350.17,
            "speed": 9.0,
            "depth": 0.0
          },
          {
            "time": "2010-01-12T13:01:40+00:00",
            "course": 350.17,
            "speed": 9.0,
            "depth": 0.0
          },
          {
            "time": "2010-01-12T13:02:30+00:00",
            "course": 350.17,
            "speed": 9.0,
            "depth": 0.0
          },
          {
            "time": "2010-01-12T13:03:20+00:00",
            "course": 350.17,
            "speed": 9.0,
            "depth": 0.0
          },
          {
            "time": "2010-01-12T13:04:10+00:00",
            "course": 350.17,
            "speed": 9.0,
            "depth": 0.0
          },
          {
            "time": "2010-01-12T13:05:00+00:00",
            "course": 350.17,
            "speed": 9.0,
            "depth": 0.0
          },
          {
            "time": "2010-01-12T13:05:50+00:00",
            "course": 350.17,
            "speed": 9.0,
            "depth": 0.0
          },
          {
            "time": "2010-01-12T13:06:40+00:00",
            "course": 350.17,
            "speed": 9.0,
            "depth": 0.0
          },
          {
            "time": "2010-01-12T13:07:30+00:00",
            "course": 350.17,
            "speed": 9.0,
            "depth": 0.0
          },
          {
            "time": "2010-01-12T13:08:20+00:00",
            "course": 350.17,
            "speed": 9.0,
            "depth": 0.0
          },
          {
            "time": "2010-01-12T13:09:10+00:00",
            "course": 350.17,
            "speed": 9.0,
            "depth": 0.0
          },
          {
            "time": "2010-01-12T13:10:00+00:00",
            "course": 350.17,
            "speed": 9.0,
            "depth": 0.0
          },
          {
            "time": "2010-01-12T13:10:50+00:00",
            "course": 350.17,
            "speed": 9.0,
            "depth": 0.0
          },
          {
            "time": "2010-01-12T13:11:40+00:00",
            "course": 350.17,
            "speed": 9.0,
            "depth": 0.0
          },
          {
            "time": "2010-01-12T13:12:30+00:00",
            "course": 350.17,
            "speed": 9.0,
            "depth": 0.0
          },
          {
            "time": "2010-01-12T13:13:20+00:00",
            "course": 350.17,
            "speed": 9.0,
            "depth": 0.0
          },
          {
            "time": "2010-01-12T13:14:10+00:00",
            "course": 350.17,
            "speed": 9.0,
            "depth": 0.0
          },
          {
            "time": "2010-01-12T13:15:00+00:00",
            "course": 350.17,
            "speed": 9.0,
            "depth": 0.0
          },
          {
            "time": "2010-01-12T13:15:50+00:00",
            "course": 350.17,
            "speed": 9.0,
            "depth": 0.0
          },
          {
            "time": "2010-01-12T13:16:40+00:00",
            "course": 350.17,
            "speed": 9.0,
            "depth": 0.0
          },
          {
            "time": "2010-01-12T13:17:30+00:00",
            "course": 350.17,
            "speed": 9.0,
            "depth": 0.0
          },
          {
            "time": "2010-01-12T13:18:20+00:00",
            "course": 350.17,
            "speed": 9.0,
            "depth": 0.0
          },
          {
            "time": "2010-01-12T13:19:10+00:00",
            "course": 350.17,
            "speed": 9.0,
            "depth": 0.0
          },
          {
            "time": "2010-01-12T13:20:00+00:00",
            "course": 350.17,
            "speed": 9.0,
            "depth": 0.0
          },
          {
            "time": "2010-01-12T13:20:50+00:00",
            "course": 350.17,
            "speed": 9.0,
            "depth": 0.0
          },
          {
            "time": "2010-01-12T13:21:40+00:00",
            "course": 350.17,
            "speed": 9.0,
            "depth": 0.0
          },
          {
            "time": "2010-01-12T13:22:30+00:00",
            "course": 350.17,
            "speed": 9.0,
            "depth": 0.0
          },
          {
            "time": "2010-01-12T13:23:20+00:00",
            "course": 350.17,
            "speed": 9.0,
            "depth": 0.0
          },
          {
            "time": "2010-01-12T13:24:10+00:00",
            "course": 350.17,
            "speed": 9.0,
            "depth": 0.0
          },
          {
            "time": "2010-01-12T13:25:00+00:00",
            "course": 350.17,
            "speed": 9.0,
            "depth": 0.0
          },
          {
            "time": "2010-01-12T13:25:50+00:00",
            "course": 350.17,
            "speed": 9.0,
            "depth": 0.0
          },
          {
            "time": "2010-01-12T13:26:40+00:00",
            "course": 350.17,
            "speed": 9.0,
            "depth": 0.0
          },
          {
            "time": "2010-01-12T13:27:30+00:00",
            "course": 350.17,
            "speed": 9.0,
            "depth": 0.0
          },
          {
            "time": "2010-01-12T13:28:20+00:00",
            "course": 350.17,
            "speed": 9.0,
            "depth": 0.0
          },
          {
            "time": "2010-01-12T13:29:10+00:00",
            "course": 350.17,
            "speed": 9.0,
            "depth": 0.0
          },
          {
            "time": "2010-01-12T13:30:00+00:00",
            "course": 350.17,
            "speed": 9.0,
            "depth": 0.0
          },
          {
            "time": "2010-01-12T13:30:50+00:00",
            "course": 350.17,
            "speed": 9.0,
            "depth": 0.0
          },
          {
            "time": "2010-01-12T13:31:40+00:00",
            "course": 350.17,
            "speed": 9.0,
            "depth": 0.0
          },
          {
            "time": "2010-01-12T13:32:30+00:00",
            "course": 350.17,
            "speed": 9.0,
            "depth": 0.0
          },
          {
            "time": "2010-01-12T13:33:20+00:00",
            "course": 350.17,
            "speed": 9.0,
            "depth": 0.0
          },
          {
            "time": "2010-01-12T13:34:10+00:00",
            "course": 350.17,
            "speed": 9.0,
            "depth": 0.0
          },
          {
            "time": "2010-01-12T13:35:00+00:00",
            "course": 350.17,
            "speed": 9.0,
            "depth": 0.0
          },
          {
            "time": "2010-01-12T13:35:50+00:00",
            "course": 350.17,
            "speed": 9.0,
            "depth": 0.0
          },
          {
            "time": "2010-01-12T13:36:40+00:00",
            "course": 350.17,
            "speed": 9.0,
            "depth": 0.0
          },
          {
            "time": "2010-01-12T13:37:30+00:00",
            "course": 350.17,
            "speed": 9.0,
            "depth": 0.0
          },
          {
            "time": "2010-01-12T13:38:20+00:00",
            "course": 350.17,
            "speed": 9.0,
            "depth": 0.0
          },
          {
            "time": "2010-01-12T13:39:10+00:00",
            "course": 350.17,
            "speed": 9.0,
            "depth": 0.0
          },
          {
            "time": "2010-01-12T13:40:00+00:00",
            "course": 350.17,
            "speed": 9.0,
            "depth": 0.0
          },
          {
            "time": "2010-01-12T13:40:50+00:00",
            "course": 350.17,
            "speed": 9.0,
            "depth": 0.0
          },
          {
            "time": "2010-01-12T13:41:40+00:00",
            "course": 317.01,
            "speed": 9.0,
            "depth": 0.0
          },
          {
            "time": "2010-01-12T13:42:30+00:00",
            "course": 309.27,
            "speed": 9.0,
            "depth": 0.0
          },
          {
            "time": "2010-01-12T13:43:20+00:00",
            "course": 309.24,
            "speed": 9.0,
            "depth": 0.0
          },
          {
            "time": "2010-01-12T13:44:10+00:00",
            "course": 309.24,
            "speed": 9.0,
            "depth": 0.0
          },
          {
            "time": "2010-01-12T13:45:00+00:00",
            "course": 309.24,
            "speed": 9.0,
            "depth": 0.0
          },
          {
            "time": "2010-01-12T13:45:50+00:00",
            "course": 309.24,
            "speed": 9.0,
            "depth": 0.0
          },
          {
            "time": "2010-01-12T13:46:40+00:00",
            "course": 309.24,
            "speed": 9.0,
            "depth": 0.0
          },
          {
            "time": "2010-01-12T13:47:30+00:00",
            "course": 309.24,
            "speed": 9.0,
            "depth": 0.0
          },
          {
            "time": "2010-01-12T13:48:20+00:00",
            "course": 309.24,
            "speed": 9.0,
            "depth": 0.0
          },
          {
            "time": "2010-01-12T13:49:10+00:00",
            "course": 309.24,
            "speed": 9.0,
            "depth": 0.0
          },
          {
            "time": "2010-01-12T13:50:00+00:00",
            "course": 309.24,
            "speed": 9.0,
            "depth": 0.0
          },
          {
            "time": "2010-01-12T13:50:50+00:00",
            "course": 309.24,
            "speed": 9.0,
            "depth": 0.0
          },
          {
            "time": "2010-01-12T13:51:40+00:00",
            "course": 309.24,
            "speed": 9.0,
            "depth": 0.0
          },
          {
            "time": "2010-01-12T13:52:30+00:00",
            "course": 309.24,
            "speed": 9.0,
            "depth": 0.0
          },
          {
            "time": "2010-01-12T13:53:20+00:00",
            "course": 309.24,
            "speed": 9.0,
            "depth": 0.0
          },
          {
            "time": "2010-01-12T13:54:10+00:00",
            "course": 309.24,
            "speed": 9.0,
            "depth": 0.0
          },
          {
            "time": "2010-01-12T13:55:00+00:00",
            "course": 309.24,
            "speed": 9.0,
            "depth": 0.0
          },
          {
            "time": "2010-01-12T13:55:50+00:00",
            "course": 309.24,
            "speed": 9.0,
            "depth": 0.0
          },
          {
            "time": "2010-01-12T13:56:40+00:00",
            "course": 309.24,
            "speed": 9.0,
            "depth": 0.0
          },
          {
            "time": "2010-01-12T13:57:30+00:00",
            "course": 309.24,
            "speed": 9.0,
            "depth": 0.0
          },
          {
            "time": "2010-01-12T13:58:20+00:00",
            "course": 309.24,
            "speed": 9.0,
            "depth": 0.0
          },
          {
            "time": "2010-01-12T13:59:10+00:00",
            "course": 309.24,
            "speed": 9.0,
            "depth": 0.0
          },
          {
            "time": "2010-01-12T14:00:00+00:00",
            "course": 309.24,
            "speed": 9.0,
            "depth": 0.0
          }
        ],
        "style": {
          "line": {
            "color": "#808080"
          },
          "point": {
            "shape": "circle",
            "radius": 3.0,
            "fill_color": "#808080",
            "color": "#808080"
          }
        },
        "default_position_style": {
          "show_symbol": false,
          "symbol": "circle",
          "show_label": false
        },
        "symbol_interval": "PT10M",
        "label_interval": "PT30M",
        "provenance": [
          {
            "activity_id": "1c0f84be-c428-4086-8e5f-1de4623ea674",
            "timestamp": "2026-03-21T10:15:01.892280Z",
            "was_generated_by": {
              "tool": "dpf-parser",
              "tool_version": "1.0.0",
              "parameters": []
            },
            "used": [],
            "generated": [
              "221bbaec-e6a4-4204-b65b-2ed0b93f463c"
            ],
            "execution_duration": "PT0S"
          }
        ]
      }
    },
    {
      "type": "Feature",
      "id": "1764a0e5-f3a9-4506-9a25-89ac20236200",
      "geometry": {
        "type": "LineString",
        "coordinates": [
          [
            -0.0,
            0.2
          ],
          [
            0.0004056,
            0.2004111
          ],
          [
            0.0008722,
            0.2007528
          ],
          [
            0.0013889,
            0.2010139
          ],
          [
            0.0019389,
            0.2011917
          ],
          [
            0.0025111,
            0.2012778
          ],
          [
            0.0030889,
            0.2012694
          ],
          [
            0.0036583,
            0.2011722
          ],
          [
            0.0042028,
            0.2009833
          ],
          [
            0.0047139,
            0.2007083
          ],
          [
            0.0051722,
            0.2003556
          ],
          [
            0.0055667,
            0.1999361
          ],
          [
            0.0058917,
            0.1994556
          ],
          [
            0.0061333,
            0.1989333
          ],
          [
            0.0062917,
            0.198375
          ],
          [
            0.0063556,
            0.1978
          ],
          [
            0.0063278,
            0.197225
          ],
          [
            0.0062083,
            0.1966583
          ],
          [
            0.0059972,
            0.1961194
          ],
          [
            0.0057278,
            0.1956083
          ],
          [
            0.0054556,
            0.1950972
          ],
          [
            0.0051806,
            0.1945889
          ],
          [
            0.0049083,
            0.1940778
          ],
          [
            0.0046333,
            0.1935667
          ],
          [
            0.0043611,
            0.1930583
          ],
          [
            0.0040889,
            0.1925472
          ],
          [
            0.0038139,
            0.1920389
          ],
          [
            0.0035417,
            0.1915278
          ],
          [
            0.0032667,
            0.1910167
          ],
          [
            0.0029944,
            0.1905083
          ],
          [
            0.0027194,
            0.1899972
          ],
          [
            0.0024472,
            0.1894861
          ],
          [
            0.002175,
            0.1889778
          ],
          [
            0.0019,
            0.1884667
          ],
          [
            0.0016278,
            0.1879583
          ],
          [
            0.0013528,
            0.1874472
          ],
          [
            0.0010806,
            0.1869361
          ],
          [
            0.0008083,
            0.1864278
          ],
          [
            0.0005333,
            0.1859167
          ],
          [
            0.0002611,
            0.1854056
          ],
          [
            -1.39e-05,
            0.1848972
          ],
          [
            -0.0002861,
            0.1843861
          ],
          [
            -0.0005611,
            0.1838778
          ],
          [
            -0.0008333,
            0.1833667
          ],
          [
            -0.0011056,
            0.1828556
          ],
          [
            -0.0013806,
            0.1823472
          ],
          [
            -0.0016528,
            0.1818361
          ],
          [
            -0.0019278,
            0.181325
          ],
          [
            -0.0022,
            0.1808167
          ],
          [
            -0.002475,
            0.1803056
          ],
          [
            -0.0027472,
            0.1797972
          ],
          [
            -0.0030194,
            0.1792861
          ],
          [
            -0.0032944,
            0.178775
          ],
          [
            -0.0035667,
            0.1782667
          ],
          [
            -0.0038417,
            0.1777556
          ],
          [
            -0.0041139,
            0.1772444
          ],
          [
            -0.0043861,
            0.1767361
          ],
          [
            -0.0046611,
            0.176225
          ],
          [
            -0.0049333,
            0.1757167
          ],
          [
            -0.0052083,
            0.1752056
          ],
          [
            -0.0054806,
            0.1746944
          ],
          [
            -0.0057556,
            0.1741861
          ],
          [
            -0.0060278,
            0.173675
          ],
          [
            -0.0063,
            0.1731667
          ],
          [
            -0.006575,
            0.1726556
          ],
          [
            -0.0068472,
            0.1721444
          ],
          [
            -0.0071222,
            0.1716361
          ],
          [
            -0.0073944,
            0.171125
          ],
          [
            -0.0076667,
            0.1706139
          ],
          [
            -0.0079417,
            0.1701056
          ],
          [
            -0.0082139,
            0.1695944
          ],
          [
            -0.0084889,
            0.1690861
          ],
          [
            -0.0087611,
            0.168575
          ],
          [
            -0.0090361,
            0.1680639
          ],
          [
            -0.0093083,
            0.1675556
          ],
          [
            -0.0095806,
            0.1670444
          ],
          [
            -0.0098556,
            0.1665333
          ],
          [
            -0.0101278,
            0.166025
          ],
          [
            -0.0104028,
            0.1655139
          ],
          [
            -0.010675,
            0.1650056
          ],
          [
            -0.0109472,
            0.1644944
          ],
          [
            -0.0112222,
            0.1639833
          ],
          [
            -0.0114944,
            0.163475
          ],
          [
            -0.0117694,
            0.1629639
          ],
          [
            -0.0120417,
            0.1624528
          ],
          [
            -0.0123167,
            0.1619444
          ],
          [
            -0.0125889,
            0.1614333
          ],
          [
            -0.0128611,
            0.160925
          ],
          [
            -0.0131361,
            0.1604139
          ],
          [
            -0.0134083,
            0.1599028
          ],
          [
            -0.0136833,
            0.1593944
          ],
          [
            -0.0139556,
            0.1588833
          ],
          [
            -0.0142278,
            0.158375
          ],
          [
            -0.0145028,
            0.1578639
          ],
          [
            -0.014775,
            0.1573528
          ],
          [
            -0.01505,
            0.1568444
          ],
          [
            -0.0153222,
            0.1563333
          ],
          [
            -0.0155972,
            0.1558222
          ],
          [
            -0.0158694,
            0.1553139
          ],
          [
            -0.0161417,
            0.1548028
          ],
          [
            -0.0164167,
            0.1542944
          ],
          [
            -0.0166889,
            0.1537833
          ],
          [
            -0.0169639,
            0.1532722
          ],
          [
            -0.0172361,
            0.1527639
          ],
          [
            -0.0175111,
            0.1522528
          ],
          [
            -0.0177833,
            0.1517417
          ],
          [
            -0.0180556,
            0.1512333
          ],
          [
            -0.0183306,
            0.1507222
          ],
          [
            -0.0186028,
            0.1502139
          ],
          [
            -0.0188778,
            0.1497028
          ],
          [
            -0.01915,
            0.1491917
          ],
          [
            -0.0194222,
            0.1486833
          ],
          [
            -0.0196972,
            0.1481722
          ],
          [
            -0.0199694,
            0.1476611
          ],
          [
            -0.0202444,
            0.1471528
          ],
          [
            -0.0205167,
            0.1466417
          ],
          [
            -0.0207917,
            0.1461333
          ],
          [
            -0.0210639,
            0.1456222
          ],
          [
            -0.0213361,
            0.1451111
          ],
          [
            -0.0216111,
            0.1446028
          ],
          [
            -0.0218833,
            0.1440917
          ],
          [
            -0.0221583,
            0.1435833
          ],
          [
            -0.0224306,
            0.1430722
          ],
          [
            -0.0227028,
            0.1425611
          ],
          [
            -0.0229778,
            0.1420528
          ],
          [
            -0.02325,
            0.1415417
          ],
          [
            -0.023525,
            0.1410306
          ],
          [
            -0.0237972,
            0.1405222
          ],
          [
            -0.0240722,
            0.1400111
          ],
          [
            -0.0243444,
            0.1395028
          ],
          [
            -0.0246167,
            0.1389917
          ],
          [
            -0.0248917,
            0.1384806
          ],
          [
            -0.0251639,
            0.1379722
          ],
          [
            -0.0254389,
            0.1374611
          ],
          [
            -0.0257111,
            0.13695
          ],
          [
            -0.0259833,
            0.1364417
          ],
          [
            -0.0262583,
            0.1359306
          ],
          [
            -0.0265306,
            0.1354222
          ],
          [
            -0.0268056,
            0.1349111
          ],
          [
            -0.0270778,
            0.1344
          ],
          [
            -0.0273528,
            0.1338917
          ],
          [
            -0.027625,
            0.1333806
          ],
          [
            -0.0278972,
            0.1328694
          ],
          [
            -0.0281722,
            0.1323611
          ],
          [
            -0.0284444,
            0.13185
          ]
        ]
      },
      "properties": {
        "kind": "TRACK",
        "platform_id": "NO TURN",
        "platform_name": "NO TURN",
        "track_type": "CONTACT",
        "start_time": "2010-01-12T12:00:00+00:00",
        "end_time": "2010-01-12T14:00:00+00:00",
        "positions": [
          {
            "time": "2010-01-12T12:00:00+00:00",
            "course": 40.0,
            "speed": 2.5,
            "depth": 0.0
          },
          {
            "time": "2010-01-12T12:00:50+00:00",
            "course": 49.21,
            "speed": 2.5,
            "depth": 0.0
          },
          {
            "time": "2010-01-12T12:01:40+00:00",
            "course": 58.42,
            "speed": 2.5,
            "depth": 0.0
          },
          {
            "time": "2010-01-12T12:02:30+00:00",
            "course": 67.63,
            "speed": 2.5,
            "depth": 0.0
          },
          {
            "time": "2010-01-12T12:03:20+00:00",
            "course": 76.84,
            "speed": 2.5,
            "depth": 0.0
          },
          {
            "time": "2010-01-12T12:04:10+00:00",
            "course": 86.06,
            "speed": 2.5,
            "depth": 0.0
          },
          {
            "time": "2010-01-12T12:05:00+00:00",
            "course": 95.27,
            "speed": 2.5,
            "depth": 0.0
          },
          {
            "time": "2010-01-12T12:05:50+00:00",
            "course": 104.48,
            "speed": 2.5,
            "depth": 0.0
          },
          {
            "time": "2010-01-12T12:06:40+00:00",
            "course": 113.69,
            "speed": 2.5,
            "depth": 0.0
          },
          {
            "time": "2010-01-12T12:07:30+00:00",
            "course": 122.9,
            "speed": 2.5,
            "depth": 0.0
          },
          {
            "time": "2010-01-12T12:08:20+00:00",
            "course": 132.11,
            "speed": 2.5,
            "depth": 0.0
          },
          {
            "time": "2010-01-12T12:09:10+00:00",
            "course": 141.32,
            "speed": 2.5,
            "depth": 0.0
          },
          {
            "time": "2010-01-12T12:10:00+00:00",
            "course": 150.53,
            "speed": 2.5,
            "depth": 0.0
          },
          {
            "time": "2010-01-12T12:10:50+00:00",
            "course": 159.74,
            "speed": 2.5,
            "depth": 0.0
          },
          {
            "time": "2010-01-12T12:11:40+00:00",
            "course": 168.96,
            "speed": 2.5,
            "depth": 0.0
          },
          {
            "time": "2010-01-12T12:12:30+00:00",
            "course": 178.17,
            "speed": 2.5,
            "depth": 0.0
          },
          {
            "time": "2010-01-12T12:13:20+00:00",
            "course": 187.38,
            "speed": 2.5,
            "depth": 0.0
          },
          {
            "time": "2010-01-12T12:14:10+00:00",
            "course": 196.59,
            "speed": 2.5,
            "depth": 0.0
          },
          {
            "time": "2010-01-12T12:15:00+00:00",
            "course": 205.8,
            "speed": 2.5,
            "depth": 0.0
          },
          {
            "time": "2010-01-12T12:15:50+00:00",
            "course": 208.19,
            "speed": 2.5,
            "depth": 0.0
          },
          {
            "time": "2010-01-12T12:16:40+00:00",
            "course": 208.19,
            "speed": 2.5,
            "depth": 0.0
          },
          {
            "time": "2010-01-12T12:17:30+00:00",
            "course": 208.19,
            "speed": 2.5,
            "depth": 0.0
          },
          {
            "time": "2010-01-12T12:18:20+00:00",
            "course": 208.19,
            "speed": 2.5,
            "depth": 0.0
          },
          {
            "time": "2010-01-12T12:19:10+00:00",
            "course": 208.19,
            "speed": 2.5,
            "depth": 0.0
          },
          {
            "time": "2010-01-12T12:20:00+00:00",
            "course": 208.19,
            "speed": 2.5,
            "depth": 0.0
          },
          {
            "time": "2010-01-12T12:20:50+00:00",
            "course": 208.19,
            "speed": 2.5,
            "depth": 0.0
          },
          {
            "time": "2010-01-12T12:21:40+00:00",
            "course": 208.19,
            "speed": 2.5,
            "depth": 0.0
          },
          {
            "time": "2010-01-12T12:22:30+00:00",
            "course": 208.19,
            "speed": 2.5,
            "depth": 0.0
          },
          {
            "time": "2010-01-12T12:23:20+00:00",
            "course": 208.19,
            "speed": 2.5,
            "depth": 0.0
          },
          {
            "time": "2010-01-12T12:24:10+00:00",
            "course": 208.19,
            "speed": 2.5,
            "depth": 0.0
          },
          {
            "time": "2010-01-12T12:25:00+00:00",
            "course": 208.19,
            "speed": 2.5,
            "depth": 0.0
          },
          {
            "time": "2010-01-12T12:25:50+00:00",
            "course": 208.19,
            "speed": 2.5,
            "depth": 0.0
          },
          {
            "time": "2010-01-12T12:26:40+00:00",
            "course": 208.19,
            "speed": 2.5,
            "depth": 0.0
          },
          {
            "time": "2010-01-12T12:27:30+00:00",
            "course": 208.19,
            "speed": 2.5,
            "depth": 0.0
          },
          {
            "time": "2010-01-12T12:28:20+00:00",
            "course": 208.19,
            "speed": 2.5,
            "depth": 0.0
          },
          {
            "time": "2010-01-12T12:29:10+00:00",
            "course": 208.19,
            "speed": 2.5,
            "depth": 0.0
          },
          {
            "time": "2010-01-12T12:30:00+00:00",
            "course": 208.19,
            "speed": 2.5,
            "depth": 0.0
          },
          {
            "time": "2010-01-12T12:30:50+00:00",
            "course": 208.19,
            "speed": 2.5,
            "depth": 0.0
          },
          {
            "time": "2010-01-12T12:31:40+00:00",
            "course": 208.19,
            "speed": 2.5,
            "depth": 0.0
          },
          {
            "time": "2010-01-12T12:32:30+00:00",
            "course": 208.19,
            "speed": 2.5,
            "depth": 0.0
          },
          {
            "time": "2010-01-12T12:33:20+00:00",
            "course": 208.19,
            "speed": 2.5,
            "depth": 0.0
          },
          {
            "time": "2010-01-12T12:34:10+00:00",
            "course": 208.19,
            "speed": 2.5,
            "depth": 0.0
          },
          {
            "time": "2010-01-12T12:35:00+00:00",
            "course": 208.19,
            "speed": 2.5,
            "depth": 0.0
          },
          {
            "time": "2010-01-12T12:35:50+00:00",
            "course": 208.19,
            "speed": 2.5,
            "depth": 0.0
          },
          {
            "time": "2010-01-12T12:36:40+00:00",
            "course": 208.19,
            "speed": 2.5,
            "depth": 0.0
          },
          {
            "time": "2010-01-12T12:37:30+00:00",
            "course": 208.19,
            "speed": 2.5,
            "depth": 0.0
          },
          {
            "time": "2010-01-12T12:38:20+00:00",
            "course": 208.19,
            "speed": 2.5,
            "depth": 0.0
          },
          {
            "time": "2010-01-12T12:39:10+00:00",
            "course": 208.19,
            "speed": 2.5,
            "depth": 0.0
          },
          {
            "time": "2010-01-12T12:40:00+00:00",
            "course": 208.19,
            "speed": 2.5,
            "depth": 0.0
          },
          {
            "time": "2010-01-12T12:40:50+00:00",
            "course": 208.19,
            "speed": 2.5,
            "depth": 0.0
          },
          {
            "time": "2010-01-12T12:41:40+00:00",
            "course": 208.19,
            "speed": 2.5,
            "depth": 0.0
          },
          {
            "time": "2010-01-12T12:42:30+00:00",
            "course": 208.19,
            "speed": 2.5,
            "depth": 0.0
          },
          {
            "time": "2010-01-12T12:43:20+00:00",
            "course": 208.19,
            "speed": 2.5,
            "depth": 0.0
          },
          {
            "time": "2010-01-12T12:44:10+00:00",
            "course": 208.19,
            "speed": 2.5,
            "depth": 0.0
          },
          {
            "time": "2010-01-12T12:45:00+00:00",
            "course": 208.19,
            "speed": 2.5,
            "depth": 0.0
          },
          {
            "time": "2010-01-12T12:45:50+00:00",
            "course": 208.19,
            "speed": 2.5,
            "depth": 0.0
          },
          {
            "time": "2010-01-12T12:46:40+00:00",
            "course": 208.19,
            "speed": 2.5,
            "depth": 0.0
          },
          {
            "time": "2010-01-12T12:47:30+00:00",
            "course": 208.19,
            "speed": 2.5,
            "depth": 0.0
          },
          {
            "time": "2010-01-12T12:48:20+00:00",
            "course": 208.19,
            "speed": 2.5,
            "depth": 0.0
          },
          {
            "time": "2010-01-12T12:49:10+00:00",
            "course": 208.19,
            "speed": 2.5,
            "depth": 0.0
          },
          {
            "time": "2010-01-12T12:50:00+00:00",
            "course": 208.19,
            "speed": 2.5,
            "depth": 0.0
          },
          {
            "time": "2010-01-12T12:50:50+00:00",
            "course": 208.19,
            "speed": 2.5,
            "depth": 0.0
          },
          {
            "time": "2010-01-12T12:51:40+00:00",
            "course": 208.19,
            "speed": 2.5,
            "depth": 0.0
          },
          {
            "time": "2010-01-12T12:52:30+00:00",
            "course": 208.19,
            "speed": 2.5,
            "depth": 0.0
          },
          {
            "time": "2010-01-12T12:53:20+00:00",
            "course": 208.19,
            "speed": 2.5,
            "depth": 0.0
          },
          {
            "time": "2010-01-12T12:54:10+00:00",
            "course": 208.19,
            "speed": 2.5,
            "depth": 0.0
          },
          {
            "time": "2010-01-12T12:55:00+00:00",
            "course": 208.19,
            "speed": 2.5,
            "depth": 0.0
          },
          {
            "time": "2010-01-12T12:55:50+00:00",
            "course": 208.19,
            "speed": 2.5,
            "depth": 0.0
          },
          {
            "time": "2010-01-12T12:56:40+00:00",
            "course": 208.19,
            "speed": 2.5,
            "depth": 0.0
          },
          {
            "time": "2010-01-12T12:57:30+00:00",
            "course": 208.19,
            "speed": 2.5,
            "depth": 0.0
          },
          {
            "time": "2010-01-12T12:58:20+00:00",
            "course": 208.19,
            "speed": 2.5,
            "depth": 0.0
          },
          {
            "time": "2010-01-12T12:59:10+00:00",
            "course": 208.19,
            "speed": 2.5,
            "depth": 0.0
          },
          {
            "time": "2010-01-12T13:00:00+00:00",
            "course": 208.19,
            "speed": 2.5,
            "depth": 0.0
          },
          {
            "time": "2010-01-12T13:00:50+00:00",
            "course": 208.19,
            "speed": 2.5,
            "depth": 0.0
          },
          {
            "time": "2010-01-12T13:01:40+00:00",
            "course": 208.19,
            "speed": 2.5,
            "depth": 0.0
          },
          {
            "time": "2010-01-12T13:02:30+00:00",
            "course": 208.19,
            "speed": 2.5,
            "depth": 0.0
          },
          {
            "time": "2010-01-12T13:03:20+00:00",
            "course": 208.19,
            "speed": 2.5,
            "depth": 0.0
          },
          {
            "time": "2010-01-12T13:04:10+00:00",
            "course": 208.19,
            "speed": 2.5,
            "depth": 0.0
          },
          {
            "time": "2010-01-12T13:05:00+00:00",
            "course": 208.19,
            "speed": 2.5,
            "depth": 0.0
          },
          {
            "time": "2010-01-12T13:05:50+00:00",
            "course": 208.19,
            "speed": 2.5,
            "depth": 0.0
          },
          {
            "time": "2010-01-12T13:06:40+00:00",
            "course": 208.19,
            "speed": 2.5,
            "depth": 0.0
          },
          {
            "time": "2010-01-12T13:07:30+00:00",
            "course": 208.19,
            "speed": 2.5,
            "depth": 0.0
          },
          {
            "time": "2010-01-12T13:08:20+00:00",
            "course": 208.19,
            "speed": 2.5,
            "depth": 0.0
          },
          {
            "time": "2010-01-12T13:09:10+00:00",
            "course": 208.19,
            "speed": 2.5,
            "depth": 0.0
          },
          {
            "time": "2010-01-12T13:10:00+00:00",
            "course": 208.19,
            "speed": 2.5,
            "depth": 0.0
          },
          {
            "time": "2010-01-12T13:10:50+00:00",
            "course": 208.19,
            "speed": 2.5,
            "depth": 0.0
          },
          {
            "time": "2010-01-12T13:11:40+00:00",
            "course": 208.19,
            "speed": 2.5,
            "depth": 0.0
          },
          {
            "time": "2010-01-12T13:12:30+00:00",
            "course": 208.19,
            "speed": 2.5,
            "depth": 0.0
          },
          {
            "time": "2010-01-12T13:13:20+00:00",
            "course": 208.19,
            "speed": 2.5,
            "depth": 0.0
          },
          {
            "time": "2010-01-12T13:14:10+00:00",
            "course": 208.19,
            "speed": 2.5,
            "depth": 0.0
          },
          {
            "time": "2010-01-12T13:15:00+00:00",
            "course": 208.19,
            "speed": 2.5,
            "depth": 0.0
          },
          {
            "time": "2010-01-12T13:15:50+00:00",
            "course": 208.19,
            "speed": 2.5,
            "depth": 0.0
          },
          {
            "time": "2010-01-12T13:16:40+00:00",
            "course": 208.19,
            "speed": 2.5,
            "depth": 0.0
          },
          {
            "time": "2010-01-12T13:17:30+00:00",
            "course": 208.19,
            "speed": 2.5,
            "depth": 0.0
          },
          {
            "time": "2010-01-12T13:18:20+00:00",
            "course": 208.19,
            "speed": 2.5,
            "depth": 0.0
          },
          {
            "time": "2010-01-12T13:19:10+00:00",
            "course": 208.19,
            "speed": 2.5,
            "depth": 0.0
          },
          {
            "time": "2010-01-12T13:20:00+00:00",
            "course": 208.19,
            "speed": 2.5,
            "depth": 0.0
          },
          {
            "time": "2010-01-12T13:20:50+00:00",
            "course": 208.19,
            "speed": 2.5,
            "depth": 0.0
          },
          {
            "time": "2010-01-12T13:21:40+00:00",
            "course": 208.19,
            "speed": 2.5,
            "depth": 0.0
          },
          {
            "time": "2010-01-12T13:22:30+00:00",
            "course": 208.19,
            "speed": 2.5,
            "depth": 0.0
          },
          {
            "time": "2010-01-12T13:23:20+00:00",
            "course": 208.19,
            "speed": 2.5,
            "depth": 0.0
          },
          {
            "time": "2010-01-12T13:24:10+00:00",
            "course": 208.19,
            "speed": 2.5,
            "depth": 0.0
          },
          {
            "time": "2010-01-12T13:25:00+00:00",
            "course": 208.19,
            "speed": 2.5,
            "depth": 0.0
          },
          {
            "time": "2010-01-12T13:25:50+00:00",
            "course": 208.19,
            "speed": 2.5,
            "depth": 0.0
          },
          {
            "time": "2010-01-12T13:26:40+00:00",
            "course": 208.19,
            "speed": 2.5,
            "depth": 0.0
          },
          {
            "time": "2010-01-12T13:27:30+00:00",
            "course": 208.19,
            "speed": 2.5,
            "depth": 0.0
          },
          {
            "time": "2010-01-12T13:28:20+00:00",
            "course": 208.19,
            "speed": 2.5,
            "depth": 0.0
          },
          {
            "time": "2010-01-12T13:29:10+00:00",
            "course": 208.19,
            "speed": 2.5,
            "depth": 0.0
          },
          {
            "time": "2010-01-12T13:30:00+00:00",
            "course": 208.19,
            "speed": 2.5,
            "depth": 0.0
          },
          {
            "time": "2010-01-12T13:30:50+00:00",
            "course": 208.19,
            "speed": 2.5,
            "depth": 0.0
          },
          {
            "time": "2010-01-12T13:31:40+00:00",
            "course": 208.19,
            "speed": 2.5,
            "depth": 0.0
          },
          {
            "time": "2010-01-12T13:32:30+00:00",
            "course": 208.19,
            "speed": 2.5,
            "depth": 0.0
          },
          {
            "time": "2010-01-12T13:33:20+00:00",
            "course": 208.19,
            "speed": 2.5,
            "depth": 0.0
          },
          {
            "time": "2010-01-12T13:34:10+00:00",
            "course": 208.19,
            "speed": 2.5,
            "depth": 0.0
          },
          {
            "time": "2010-01-12T13:35:00+00:00",
            "course": 208.19,
            "speed": 2.5,
            "depth": 0.0
          },
          {
            "time": "2010-01-12T13:35:50+00:00",
            "course": 208.19,
            "speed": 2.5,
            "depth": 0.0
          },
          {
            "time": "2010-01-12T13:36:40+00:00",
            "course": 208.19,
            "speed": 2.5,
            "depth": 0.0
          },
          {
            "time": "2010-01-12T13:37:30+00:00",
            "course": 208.19,
            "speed": 2.5,
            "depth": 0.0
          },
          {
            "time": "2010-01-12T13:38:20+00:00",
            "course": 208.19,
            "speed": 2.5,
            "depth": 0.0
          },
          {
            "time": "2010-01-12T13:39:10+00:00",
            "course": 208.19,
            "speed": 2.5,
            "depth": 0.0
          },
          {
            "time": "2010-01-12T13:40:00+00:00",
            "course": 208.19,
            "speed": 2.5,
            "depth": 0.0
          },
          {
            "time": "2010-01-12T13:40:50+00:00",
            "course": 208.19,
            "speed": 2.5,
            "depth": 0.0
          },
          {
            "time": "2010-01-12T13:41:40+00:00",
            "course": 208.19,
            "speed": 2.5,
            "depth": 0.0
          },
          {
            "time": "2010-01-12T13:42:30+00:00",
            "course": 208.19,
            "speed": 2.5,
            "depth": 0.0
          },
          {
            "time": "2010-01-12T13:43:20+00:00",
            "course": 208.19,
            "speed": 2.5,
            "depth": 0.0
          },
          {
            "time": "2010-01-12T13:44:10+00:00",
            "course": 208.19,
            "speed": 2.5,
            "depth": 0.0
          },
          {
            "time": "2010-01-12T13:45:00+00:00",
            "course": 208.19,
            "speed": 2.5,
            "depth": 0.0
          },
          {
            "time": "2010-01-12T13:45:50+00:00",
            "course": 208.19,
            "speed": 2.5,
            "depth": 0.0
          },
          {
            "time": "2010-01-12T13:46:40+00:00",
            "course": 208.19,
            "speed": 2.5,
            "depth": 0.0
          },
          {
            "time": "2010-01-12T13:47:30+00:00",
            "course": 208.19,
            "speed": 2.5,
            "depth": 0.0
          },
          {
            "time": "2010-01-12T13:48:20+00:00",
            "course": 208.19,
            "speed": 2.5,
            "depth": 0.0
          },
          {
            "time": "2010-01-12T13:49:10+00:00",
            "course": 208.19,
            "speed": 2.5,
            "depth": 0.0
          },
          {
            "time": "2010-01-12T13:50:00+00:00",
            "course": 208.19,
            "speed": 2.5,
            "depth": 0.0
          },
          {
            "time": "2010-01-12T13:50:50+00:00",
            "course": 208.19,
            "speed": 2.5,
            "depth": 0.0
          },
          {
            "time": "2010-01-12T13:51:40+00:00",
            "course": 208.19,
            "speed": 2.5,
            "depth": 0.0
          },
          {
            "time": "2010-01-12T13:52:30+00:00",
            "course": 208.19,
            "speed": 2.5,
            "depth": 0.0
          },
          {
            "time": "2010-01-12T13:53:20+00:00",
            "course": 208.19,
            "speed": 2.5,
            "depth": 0.0
          },
          {
            "time": "2010-01-12T13:54:10+00:00",
            "course": 208.19,
            "speed": 2.5,
            "depth": 0.0
          },
          {
            "time": "2010-01-12T13:55:00+00:00",
            "course": 208.19,
            "speed": 2.5,
            "depth": 0.0
          },
          {
            "time": "2010-01-12T13:55:50+00:00",
            "course": 208.19,
            "speed": 2.5,
            "depth": 0.0
          },
          {
            "time": "2010-01-12T13:56:40+00:00",
            "course": 208.19,
            "speed": 2.5,
            "depth": 0.0
          },
          {
            "time": "2010-01-12T13:57:30+00:00",
            "course": 208.19,
            "speed": 2.5,
            "depth": 0.0
          },
          {
            "time": "2010-01-12T13:58:20+00:00",
            "course": 208.19,
            "speed": 2.5,
            "depth": 0.0
          },
          {
            "time": "2010-01-12T13:59:10+00:00",
            "course": 208.19,
            "speed": 2.5,
            "depth": 0.0
          },
          {
            "time": "2010-01-12T14:00:00+00:00",
            "course": 208.19,
            "speed": 2.5,
            "depth": 0.0
          }
        ],
        "style": {
          "line": {
            "color": "#808080"
          },
          "point": {
            "shape": "circle",
            "radius": 3.0,
            "fill_color": "#808080",
            "color": "#808080"
          }
        },
        "default_position_style": {
          "show_symbol": false,
          "symbol": "circle",
          "show_label": false
        },
        "symbol_interval": "PT10M",
        "label_interval": "PT30M",
        "provenance": [
          {
            "activity_id": "1c0f84be-c428-4086-8e5f-1de4623ea674",
            "timestamp": "2026-03-21T10:15:01.892280Z",
            "was_generated_by": {
              "tool": "dpf-parser",
              "tool_version": "1.0.0",
              "parameters": []
            },
            "used": [],
            "generated": [
              "1764a0e5-f3a9-4506-9a25-89ac20236200"
            ],
            "execution_duration": "PT0S"
          }
        ]
      }
    }
  ]
}
