{
  "type": "FeatureCollection",
  "features": [
    {
      "type": "Feature",
      "id": "9bb27242-a9a9-448a-8180-2d2fe8b51fbd",
      "geometry": {
        "type": "LineString",
        "coordinates": [
          [
            30.9332722,
            5.1814778
          ],
          [
            30.9328417,
            5.1814972
          ],
          [
            30.9323889,
            5.1815667
          ],
          [
            30.9319389,
            5.1816278
          ],
          [
            30.9315083,
            5.1816694
          ],
          [
            30.9311222,
            5.1817167
          ],
          [
            30.9306083,
            5.1817778
          ],
          [
            30.9301806,
            5.1818194
          ],
          [
            30.9297306,
            5.1818861
          ],
          [
            30.9292778,
            5.1819278
          ],
          [
            30.92885,
            5.1819972
          ],
          [
            30.9284222,
            5.1820389
          ],
          [
            30.9279722,
            5.1821
          ],
          [
            30.9275417,
            5.1821472
          ],
          [
            30.9271111,
            5.1822083
          ],
          [
            30.9266583,
            5.1822694
          ],
          [
            30.9262333,
            5.1822972
          ],
          [
            30.9257806,
            5.1823583
          ],
          [
            30.92535,
            5.1824194
          ],
          [
            30.9249,
            5.1824889
          ],
          [
            30.9245139,
            5.1825306
          ],
          [
            30.9240222,
            5.1825972
          ],
          [
            30.9235722,
            5.1826389
          ],
          [
            30.9231222,
            5.1827
          ],
          [
            30.9226694,
            5.1827472
          ],
          [
            30.9222389,
            5.1827889
          ],
          [
            30.9217889,
            5.18285
          ],
          [
            30.9213389,
            5.1829
          ],
          [
            30.9208889,
            5.1829611
          ],
          [
            30.9204611,
            5.1830222
          ],
          [
            30.9200111,
            5.1830417
          ],
          [
            30.9195806,
            5.1831111
          ],
          [
            30.9191278,
            5.1831722
          ],
          [
            30.9187,
            5.1831917
          ],
          [
            30.9182472,
            5.1832611
          ],
          [
            30.9178611,
            5.1833028
          ],
          [
            30.9173694,
            5.1833694
          ],
          [
            30.9169389,
            5.1834306
          ],
          [
            30.9165111,
            5.1834722
          ],
          [
            30.9160583,
            5.1835194
          ],
          [
            30.9156333,
            5.1835806
          ],
          [
            30.9152028,
            5.1836222
          ],
          [
            30.91475,
            5.1836917
          ],
          [
            30.914325,
            5.1837306
          ],
          [
            30.9138722,
            5.1837917
          ],
          [
            30.9134417,
            5.1838417
          ],
          [
            30.9129917,
            5.1839028
          ],
          [
            30.9125611,
            5.1839444
          ],
          [
            30.9121111,
            5.1839917
          ],
          [
            30.9116833,
            5.1840528
          ],
          [
            30.9112972,
            5.1840944
          ],
          [
            30.9108028,
            5.1841611
          ],
          [
            30.9103722,
            5.1842028
          ],
          [
            30.9099222,
            5.1842444
          ],
          [
            30.9094944,
            5.1843111
          ],
          [
            30.9090639,
            5.1843528
          ],
          [
            30.9086139,
            5.1843944
          ],
          [
            30.9081861,
            5.1844639
          ],
          [
            30.9077556,
            5.184525
          ],
          [
            30.9073278,
            5.1845722
          ],
          [
            30.906875,
            5.1846333
          ],
          [
            30.90645,
            5.184675
          ],
          [
            30.8967917,
            5.1876194
          ],
          [
            30.8963639,
            5.1876806
          ],
          [
            30.8959333,
            5.1877194
          ],
          [
            30.8955472,
            5.1877694
          ],
          [
            30.8950528,
            5.1878306
          ],
          [
            30.894625,
            5.1878917
          ],
          [
            30.8941944,
            5.1879389
          ],
          [
            30.8937667,
            5.1879806
          ],
          [
            30.8933389,
            5.1880417
          ],
          [
            30.8928889,
            5.1880889
          ],
          [
            30.8924583,
            5.18815
          ],
          [
            30.8920278,
            5.1881917
          ],
          [
            30.891575,
            5.1882389
          ],
          [
            30.89115,
            5.1883
          ],
          [
            30.8907194,
            5.1883417
          ],
          [
            30.8902694,
            5.1884111
          ],
          [
            30.8898389,
            5.18845
          ],
          [
            30.8894111,
            5.1884917
          ],
          [
            30.889025,
            5.1885611
          ],
          [
            30.8885306,
            5.1886222
          ],
          [
            30.8881,
            5.1886694
          ],
          [
            30.8876722,
            5.1887306
          ],
          [
            30.8872417,
            5.1887722
          ],
          [
            30.8868111,
            5.1888417
          ],
          [
            30.8863861,
            5.1888806
          ],
          [
            30.8859556,
            5.1889222
          ],
          [
            30.8855056,
            5.1889917
          ],
          [
            30.8850778,
            5.1890333
          ],
          [
            30.8846472,
            5.1890944
          ],
          [
            30.8841972,
            5.1891417
          ],
          [
            30.8837667,
            5.1891833
          ],
          [
            30.8833389,
            5.1892444
          ],
          [
            30.8828889,
            5.1892917
          ],
          [
            30.8825028,
            5.1893333
          ],
          [
            30.8820278,
            5.1893944
          ],
          [
            30.8815778,
            5.1894417
          ],
          [
            30.88115,
            5.1895028
          ],
          [
            30.8807194,
            5.1895444
          ],
          [
            30.8802889,
            5.1895917
          ],
          [
            30.8798611,
            5.1896528
          ],
          [
            30.8794333,
            5.1896944
          ],
          [
            30.8790028,
            5.1897639
          ],
          [
            30.878575,
            5.189825
          ],
          [
            30.878125,
            5.1898722
          ],
          [
            30.8776944,
            5.1899333
          ],
          [
            30.8772639,
            5.189975
          ],
          [
            30.8768361,
            5.1900417
          ],
          [
            30.8764056,
            5.1900833
          ],
          [
            30.8760194,
            5.190125
          ],
          [
            30.87555,
            5.1901917
          ],
          [
            30.8751194,
            5.1902333
          ],
          [
            30.8746889,
            5.1902944
          ],
          [
            30.8742611,
            5.1903444
          ],
          [
            30.8738306,
            5.1903833
          ],
          [
            30.8733806,
            5.1904444
          ],
          [
            30.8729528,
            5.1904944
          ],
          [
            30.8725222,
            5.1905333
          ],
          [
            30.8720722,
            5.1905972
          ],
          [
            30.8716417,
            5.1906444
          ],
          [
            30.8711917,
            5.1906861
          ],
          [
            30.8707639,
            5.1907472
          ],
          [
            30.8703139,
            5.1907944
          ],
          [
            30.8698639,
            5.1908556
          ],
          [
            30.8694528,
            5.1908972
          ],
          [
            30.8689417,
            5.1909639
          ],
          [
            30.8684917,
            5.1910278
          ],
          [
            30.8680389,
            5.1910667
          ],
          [
            30.8675889,
            5.1911361
          ],
          [
            30.8671167,
            5.1911778
          ],
          [
            30.8666667,
            5.1912444
          ],
          [
            30.8661917,
            5.1912861
          ],
          [
            30.8657417,
            5.1913472
          ],
          [
            30.8652694,
            5.1914167
          ],
          [
            30.8648194,
            5.1914778
          ],
          [
            30.8643667,
            5.1914972
          ],
          [
            30.8639167,
            5.1915667
          ],
          [
            30.8634917,
            5.1916278
          ],
          [
            30.8630389,
            5.1916694
          ],
          [
            30.8626528,
            5.1917361
          ],
          [
            30.8621583,
            5.1917778
          ],
          [
            30.8617083,
            5.1918472
          ],
          [
            30.8612556,
            5.1918861
          ],
          [
            30.8608056,
            5.1919472
          ],
          [
            30.8603556,
            5.1919972
          ],
          [
            30.8599056,
            5.1920583
          ],
          [
            30.8594778,
            5.1921194
          ],
          [
            30.8590472,
            5.1921667
          ],
          [
            30.8585972,
            5.1922278
          ],
          [
            30.8581667,
            5.1922694
          ],
          [
            30.8577167,
            5.1923167
          ],
          [
            30.8572889,
            5.1923778
          ],
          [
            30.8568583,
            5.1924194
          ],
          [
            30.8564278,
            5.1924667
          ],
          [
            30.8560417,
            5.1925278
          ],
          [
            30.8555694,
            5.1925694
          ],
          [
            30.8551444,
            5.1926167
          ],
          [
            30.8547139,
            5.1926778
          ],
          [
            30.8542833,
            5.1927194
          ],
          [
            30.8538556,
            5.1927889
          ],
          [
            30.8534472,
            5.1928306
          ],
          [
            30.8530167,
            5.1928694
          ],
          [
            30.8526111,
            5.1929389
          ],
          [
            30.8521806,
            5.1929806
          ],
          [
            30.8517528,
            5.1930417
          ],
          [
            30.8513222,
            5.1930889
          ],
          [
            30.8509167,
            5.1931306
          ],
          [
            30.8505056,
            5.1931917
          ],
          [
            30.8500806,
            5.1932389
          ],
          [
            30.8497139,
            5.1932806
          ],
          [
            30.8492417,
            5.1933222
          ],
          [
            30.8488333,
            5.1933694
          ],
          [
            30.8484056,
            5.1934306
          ],
          [
            30.8479972,
            5.1934722
          ],
          [
            30.8475694,
            5.1935194
          ],
          [
            30.8471611,
            5.1935806
          ],
          [
            30.8467528,
            5.1936222
          ],
          [
            30.8463444,
            5.1936694
          ],
          [
            30.8459361,
            5.1937306
          ],
          [
            30.8455306,
            5.1937722
          ],
          [
            30.8451194,
            5.1938194
          ],
          [
            30.8447139,
            5.1938806
          ],
          [
            30.8443056,
            5.1939222
          ],
          [
            30.8438972,
            5.1939694
          ],
          [
            30.8435333,
            5.1940111
          ],
          [
            30.8430833,
            5.1940722
          ],
          [
            30.842675,
            5.1941194
          ],
          [
            30.8422694,
            5.1941611
          ],
          [
            30.8418583,
            5.1942222
          ],
          [
            30.8414528,
            5.1942444
          ],
          [
            30.8410417,
            5.1943111
          ],
          [
            30.8406361,
            5.1943528
          ],
          [
            30.8402056,
            5.1943944
          ],
          [
            30.8398,
            5.1944417
          ],
          [
            30.8394139,
            5.1944833
          ],
          [
            30.8390083,
            5.1945444
          ],
          [
            30.8385972,
            5.1945917
          ],
          [
            30.8381917,
            5.1946333
          ],
          [
            30.8377806,
            5.1946944
          ],
          [
            30.8374389,
            5.1947417
          ],
          [
            30.8369889,
            5.1947833
          ],
          [
            30.8365583,
            5.1948444
          ],
          [
            30.8361722,
            5.1948917
          ],
          [
            30.8357667,
            5.1949333
          ],
          [
            30.8353556,
            5.194975
          ],
          [
            30.83495,
            5.1950417
          ],
          [
            30.8345444,
            5.1950833
          ],
          [
            30.8341333,
            5.195125
          ],
          [
            30.8337083,
            5.1951667
          ],
          [
            30.8332972,
            5.1952333
          ],
          [
            30.8328917,
            5.195275
          ],
          [
            30.8324806,
            5.1953167
          ],
          [
            30.832075,
            5.1953639
          ],
          [
            30.8316694,
            5.195425
          ],
          [
            30.8313028,
            5.1954444
          ],
          [
            30.8308333,
            5.1955139
          ],
          [
            30.8304222,
            5.1955556
          ],
          [
            30.8300167,
            5.1955972
          ],
          [
            30.8296083,
            5.1956444
          ],
          [
            30.8292,
            5.1957056
          ],
          [
            30.8287917,
            5.1957472
          ],
          [
            30.8283833,
            5.1957944
          ],
          [
            30.8279778,
            5.1958361
          ],
          [
            30.8275694,
            5.1958972
          ],
          [
            30.8271611,
            5.1959444
          ],
          [
            30.8267333,
            5.1959861
          ],
          [
            30.8263444,
            5.1960472
          ],
          [
            30.8259389,
            5.1960944
          ],
          [
            30.8255306,
            5.1961361
          ],
          [
            30.8251667,
            5.196175
          ],
          [
            30.8247139,
            5.1962444
          ],
          [
            30.8242861,
            5.1962861
          ],
          [
            30.8238778,
            5.1963278
          ],
          [
            30.8234722,
            5.1963944
          ],
          [
            30.8230639,
            5.1964361
          ],
          [
            30.8226333,
            5.1964778
          ],
          [
            30.822225,
            5.1965444
          ],
          [
            30.8218194,
            5.1965861
          ],
          [
            30.8214111,
            5.1966278
          ],
          [
            30.8210028,
            5.1966667
          ],
          [
            30.8206167,
            5.1967361
          ],
          [
            30.8201861,
            5.1967778
          ],
          [
            30.8197806,
            5.1968194
          ],
          [
            30.8193694,
            5.1968861
          ],
          [
            30.8190083,
            5.1969278
          ],
          [
            30.8185333,
            5.1969694
          ],
          [
            30.8181083,
            5.1970167
          ],
          [
            30.8176778,
            5.1970583
          ],
          [
            30.817225,
            5.1970778
          ],
          [
            30.8167556,
            5.1971194
          ],
          [
            30.8163056,
            5.1971472
          ],
          [
            30.8158333,
            5.1971667
          ],
          [
            30.8153389,
            5.1971861
          ],
          [
            30.8148667,
            5.1971861
          ],
          [
            30.8143944,
            5.1971861
          ],
          [
            30.8139,
            5.1971861
          ],
          [
            30.8134083,
            5.1971861
          ],
          [
            30.8129139,
            5.1971667
          ],
          [
            30.8124417,
            5.1971472
          ],
          [
            30.8120111,
            5.1971194
          ],
          [
            30.7908139,
            5.200725
          ],
          [
            30.7903389,
            5.2006833
          ],
          [
            30.7898667,
            5.2006167
          ],
          [
            30.7893972,
            5.200575
          ],
          [
            30.788925,
            5.2004917
          ],
          [
            30.788475,
            5.200425
          ],
          [
            30.788025,
            5.2003417
          ],
          [
            30.7875944,
            5.2002333
          ],
          [
            30.7871639,
            5.2001444
          ],
          [
            30.7867556,
            5.2000417
          ],
          [
            30.7863694,
            5.1999333
          ],
          [
            30.7860056,
            5.1998028
          ],
          [
            30.7856389,
            5.199675
          ],
          [
            30.7853,
            5.1995444
          ],
          [
            30.7850194,
            5.1994194
          ],
          [
            30.7846778,
            5.1992417
          ],
          [
            30.7843972,
            5.1990917
          ],
          [
            30.7841167,
            5.1989417
          ],
          [
            30.7838806,
            5.1987917
          ],
          [
            30.7836667,
            5.1986417
          ],
          [
            30.7834944,
            5.1984722
          ],
          [
            30.783325,
            5.1983
          ],
          [
            30.7831944,
            5.1981306
          ],
          [
            30.7830639,
            5.1979806
          ],
          [
            30.7829806,
            5.1977889
          ],
          [
            30.7828944,
            5.1976167
          ],
          [
            30.78285,
            5.1974472
          ],
          [
            30.7828083,
            5.1972694
          ],
          [
            30.7828083,
            5.1971194
          ],
          [
            30.7828083,
            5.1969694
          ],
          [
            30.78285,
            5.1967778
          ],
          [
            30.7828944,
            5.1966056
          ],
          [
            30.7829583,
            5.1964361
          ],
          [
            30.7830444,
            5.1962861
          ],
          [
            30.78315,
            5.1961139
          ],
          [
            30.7832806,
            5.1959639
          ],
          [
            30.7834306,
            5.1958139
          ],
          [
            30.7835806,
            5.1956639
          ],
          [
            30.783775,
            5.1955139
          ],
          [
            30.7839667,
            5.1953639
          ],
          [
            30.7841611,
            5.1952333
          ],
          [
            30.784375,
            5.1950833
          ],
          [
            30.7846111,
            5.1949333
          ],
          [
            30.7848472,
            5.1948028
          ],
          [
            30.7850389,
            5.1946944
          ],
          [
            30.7853194,
            5.1945444
          ],
          [
            30.7855556,
            5.1943944
          ],
          [
            30.7857889,
            5.1942694
          ],
          [
            30.786025,
            5.1941417
          ],
          [
            30.7862611,
            5.1939917
          ],
          [
            30.7865,
            5.1938806
          ],
          [
            30.7867111,
            5.1937306
          ],
          [
            30.7869528,
            5.1936028
          ],
          [
            30.7871861,
            5.1934722
          ],
          [
            30.7874222,
            5.1933222
          ],
          [
            30.7876583,
            5.1931917
          ],
          [
            30.7878944,
            5.1930417
          ],
          [
            30.7881083,
            5.1929194
          ],
          [
            30.7883639,
            5.1927889
          ],
          [
            30.7885611,
            5.1926778
          ],
          [
            30.7888167,
            5.1925278
          ],
          [
            30.7890528,
            5.1923778
          ],
          [
            30.7892889,
            5.1922694
          ],
          [
            30.7895278,
            5.1921194
          ],
          [
            30.7897389,
            5.1919972
          ],
          [
            30.789975,
            5.1918472
          ],
          [
            30.7902139,
            5.1917167
          ],
          [
            30.7904472,
            5.1915861
          ],
          [
            30.7906639,
            5.1914556
          ],
          [
            30.7909,
            5.1913278
          ],
          [
            30.7911361,
            5.1911778
          ],
          [
            30.79135,
            5.1910472
          ],
          [
            30.7915861,
            5.1909167
          ],
          [
            30.7918222,
            5.1907944
          ],
          [
            30.7920139,
            5.1906639
          ],
          [
            30.7922917,
            5.1905139
          ],
          [
            30.7925083,
            5.1903833
          ],
          [
            30.7927444,
            5.1902556
          ],
          [
            30.7929778,
            5.190125
          ],
          [
            30.7932139,
            5.1899944
          ],
          [
            30.7934306,
            5.1898444
          ],
          [
            30.7936667,
            5.1897417
          ],
          [
            30.7939,
            5.1895917
          ],
          [
            30.7941167,
            5.1894611
          ],
          [
            30.7943528,
            5.1893333
          ],
          [
            30.7945861,
            5.1892028
          ],
          [
            30.7948028,
            5.1890722
          ],
          [
            30.7950167,
            5.1889444
          ],
          [
            30.7952528,
            5.1887917
          ],
          [
            30.7954472,
            5.1886917
          ],
          [
            30.7957028,
            5.1885389
          ],
          [
            30.7959194,
            5.1884111
          ],
          [
            30.7961556,
            5.1882806
          ],
          [
            30.7963694,
            5.18815
          ],
          [
            30.7966056,
            5.1880222
          ],
          [
            30.7968417,
            5.1878694
          ],
          [
            30.7970556,
            5.1877472
          ],
          [
            30.7972917,
            5.1876194
          ],
          [
            30.7975278,
            5.1874889
          ],
          [
            30.7977639,
            5.1873583
          ],
          [
            30.798,
            5.1872278
          ],
          [
            30.7982139,
            5.1870778
          ],
          [
            30.79845,
            5.1869694
          ],
          [
            30.7986861,
            5.1868194
          ],
          [
            30.7988806,
            5.1866972
          ],
          [
            30.7991361,
            5.1865444
          ],
          [
            30.799375,
            5.1864167
          ],
          [
            30.7995861,
            5.1862861
          ],
          [
            30.7998028,
            5.1861556
          ],
          [
            30.8000389,
            5.1860278
          ],
          [
            30.8002528,
            5.185875
          ],
          [
            30.8004889,
            5.1857472
          ],
          [
            30.800725,
            5.1856167
          ],
          [
            30.8009389,
            5.1854944
          ],
          [
            30.801175,
            5.1853444
          ],
          [
            30.8014111,
            5.1852333
          ],
          [
            30.80165,
            5.1850833
          ],
          [
            30.8018861,
            5.1849556
          ],
          [
            30.8021222,
            5.184825
          ],
          [
            30.8023361,
            5.1846944
          ],
          [
            30.8025917,
            5.1845444
          ],
          [
            30.8028278,
            5.1844417
          ],
          [
            30.8030639,
            5.1842917
          ],
          [
            30.8032806,
            5.1841611
          ],
          [
            30.8035139,
            5.1840333
          ],
          [
            30.80375,
            5.1838806
          ],
          [
            30.8039861,
            5.1837528
          ],
          [
            30.8042,
            5.1836222
          ],
          [
            30.8044361,
            5.1834917
          ],
          [
            30.8046722,
            5.1833417
          ],
          [
            30.8049111,
            5.1832194
          ],
          [
            30.8051472,
            5.1830889
          ],
          [
            30.8053611,
            5.1829389
          ],
          [
            30.8055972,
            5.1828111
          ],
          [
            30.8058083,
            5.1827
          ],
          [
            30.8060694,
            5.18255
          ],
          [
            30.8063056,
            5.1824194
          ],
          [
            30.8065417,
            5.1822694
          ],
          [
            30.806775,
            5.1821472
          ],
          [
            30.8070111,
            5.1820167
          ],
          [
            30.8072472,
            5.1818861
          ],
          [
            30.8074861,
            5.1817361
          ],
          [
            30.8077222,
            5.1816083
          ],
          [
            30.8079333,
            5.1814778
          ],
          [
            30.8081722,
            5.1813472
          ],
          [
            30.8083861,
            5.1811972
          ],
          [
            30.808625,
            5.1810667
          ],
          [
            30.8088361,
            5.1809444
          ],
          [
            30.809075,
            5.1807944
          ],
          [
            30.8092667,
            5.1806861
          ],
          [
            30.8095222,
            5.1805361
          ],
          [
            30.8097611,
            5.1803861
          ],
          [
            30.8099972,
            5.1802556
          ],
          [
            30.8102111,
            5.180125
          ],
          [
            30.8104472,
            5.1799944
          ],
          [
            30.8106833,
            5.1798444
          ],
          [
            30.8109194,
            5.1797222
          ],
          [
            30.8111528,
            5.1795917
          ],
          [
            30.8113889,
            5.1794639
          ],
          [
            30.8116056,
            5.1793333
          ],
          [
            30.8118417,
            5.1791833
          ],
          [
            30.8120778,
            5.1790528
          ],
          [
            30.8123111,
            5.1789222
          ],
          [
            30.8125278,
            5.1787944
          ],
          [
            30.8127417,
            5.1786694
          ],
          [
            30.8129972,
            5.1785194
          ],
          [
            30.8132139,
            5.1783917
          ],
          [
            30.81345,
            5.1782417
          ],
          [
            30.8136833,
            5.1781111
          ],
          [
            30.8139222,
            5.1779806
          ],
          [
            30.8141583,
            5.17785
          ],
          [
            30.8143944,
            5.1777222
          ],
          [
            30.8146111,
            5.1775694
          ],
          [
            30.8148472,
            5.1774472
          ],
          [
            30.8150806,
            5.1773167
          ],
          [
            30.8153167,
            5.1771889
          ],
          [
            30.8155528,
            5.1770389
          ],
          [
            30.8157889,
            5.1769278
          ],
          [
            30.8160028,
            5.1767778
          ],
          [
            30.8162194,
            5.17665
          ],
          [
            30.8164556,
            5.1765
          ],
          [
            30.8166889,
            5.1763972
          ],
          [
            30.816925,
            5.1762472
          ],
          [
            30.8171417,
            5.1761167
          ],
          [
            30.817375,
            5.1759861
          ],
          [
            30.8175917,
            5.1758361
          ],
          [
            30.8178056,
            5.1757278
          ],
          [
            30.8180417,
            5.175575
          ],
          [
            30.8182583,
            5.1754472
          ],
          [
            30.8184917,
            5.1752972
          ],
          [
            30.8187083,
            5.1751944
          ],
          [
            30.8189444,
            5.1750444
          ],
          [
            30.8191583,
            5.1749139
          ],
          [
            30.8193944,
            5.1747833
          ],
          [
            30.8196111,
            5.174675
          ],
          [
            30.8198667,
            5.174525
          ],
          [
            30.8201028,
            5.174375
          ],
          [
            30.8203361,
            5.1742444
          ],
          [
            30.8205722,
            5.1741222
          ],
          [
            30.8208083,
            5.1739917
          ],
          [
            30.8210472,
            5.1738417
          ],
          [
            30.8212583,
            5.1737111
          ],
          [
            30.8214944,
            5.1735833
          ],
          [
            30.8217333,
            5.1734528
          ],
          [
            30.8219694,
            5.1733222
          ],
          [
            30.8221861,
            5.1731722
          ],
          [
            30.8224194,
            5.17305
          ],
          [
            30.8226333,
            5.1729
          ],
          [
            30.8228722,
            5.1727694
          ],
          [
            30.8230639,
            5.1726611
          ],
          [
            30.8233222,
            5.1725111
          ],
          [
            30.8235583,
            5.1723806
          ],
          [
            30.8237944,
            5.1722306
          ],
          [
            30.8240083,
            5.1721
          ],
          [
            30.8242444,
            5.1719694
          ],
          [
            30.8244806,
            5.1718472
          ],
          [
            30.8247139,
            5.1716972
          ],
          [
            30.82495,
            5.1715667
          ],
          [
            30.8251861,
            5.1714361
          ],
          [
            30.8254028,
            5.1713083
          ],
          [
            30.8256389,
            5.1711778
          ],
          [
            30.8258722,
            5.1710278
          ],
          [
            30.8261083,
            5.1708972
          ],
          [
            30.826325,
            5.170775
          ],
          [
            30.8265389,
            5.1706444
          ],
          [
            30.8267944,
            5.1704944
          ],
          [
            30.8270111,
            5.1703861
          ],
          [
            30.8272472,
            5.1702361
          ],
          [
            30.8274611,
            5.1701056
          ],
          [
            30.8276972,
            5.169975
          ],
          [
            30.8279333,
            5.1698472
          ],
          [
            30.8281472,
            5.1696972
          ],
          [
            30.8283833,
            5.1695722
          ],
          [
            30.8286194,
            5.1694417
          ],
          [
            30.8288333,
            5.1693139
          ],
          [
            30.8290694,
            5.1691833
          ],
          [
            30.8292861,
            5.1690528
          ],
          [
            30.8295194,
            5.168925
          ],
          [
            30.8297556,
            5.1687944
          ],
          [
            30.82995,
            5.1686722
          ],
          [
            30.8302083,
            5.1685417
          ],
          [
            30.8304472,
            5.1683917
          ],
          [
            30.8306583,
            5.1682611
          ],
          [
            30.8308972,
            5.1681306
          ],
          [
            30.8311083,
            5.1680028
          ],
          [
            30.8313444,
            5.1678722
          ],
          [
            30.8315583,
            5.16775
          ],
          [
            30.8317944,
            5.1676194
          ],
          [
            30.8320111,
            5.1674889
          ],
          [
            30.8322444,
            5.1673611
          ],
          [
            30.8324611,
            5.1672306
          ],
          [
            30.8326972,
            5.1671
          ],
          [
            30.8329333,
            5.16695
          ],
          [
            30.8331472,
            5.1668194
          ],
          [
            30.8333611,
            5.1667167
          ],
          [
            30.8335972,
            5.1665667
          ],
          [
            30.8338333,
            5.1664389
          ],
          [
            30.8340694,
            5.1663083
          ],
          [
            30.8342861,
            5.1661778
          ],
          [
            30.8345194,
            5.1660472
          ],
          [
            30.8347556,
            5.165925
          ],
          [
            30.8349944,
            5.1657972
          ],
          [
            30.8352056,
            5.1656667
          ],
          [
            30.8354444,
            5.1655361
          ],
          [
            30.8356806,
            5.1654056
          ],
          [
            30.8359167,
            5.1652778
          ],
          [
            30.8361333,
            5.165125
          ],
          [
            30.8363694,
            5.1649972
          ]
        ]
      },
      "properties": {
        "kind": "TRACK",
        "platform_id": "MAYO",
        "platform_name": "MAYO",
        "track_type": "CONTACT",
        "start_time": "2009-04-22T17:59:58.490000+00:00",
        "end_time": "2009-04-22T19:10:22.390000+00:00",
        "positions": [
          {
            "time": "2009-04-22T17:59:58.490000+00:00",
            "course": 289.78,
            "speed": 4.34,
            "depth": 18.81
          },
          {
            "time": "2009-04-22T18:00:06.370000+00:00",
            "course": 289.61,
            "speed": 4.37,
            "depth": 18.81
          },
          {
            "time": "2009-04-22T18:00:14.370000+00:00",
            "course": 289.37,
            "speed": 4.3,
            "depth": 18.56
          },
          {
            "time": "2009-04-22T18:00:22.370000+00:00",
            "course": 289.18,
            "speed": 4.28,
            "depth": 18.32
          },
          {
            "time": "2009-04-22T18:00:30.370000+00:00",
            "course": 289.0,
            "speed": 4.34,
            "depth": 18.2
          },
          {
            "time": "2009-04-22T18:00:37.380000+00:00",
            "course": 289.0,
            "speed": 4.29,
            "depth": 18.2
          },
          {
            "time": "2009-04-22T18:00:46.380000+00:00",
            "course": 289.08,
            "speed": 4.35,
            "depth": 18.44
          },
          {
            "time": "2009-04-22T18:00:54.390000+00:00",
            "course": 289.38,
            "speed": 4.31,
            "depth": 18.81
          },
          {
            "time": "2009-04-22T18:01:02.450000+00:00",
            "course": 289.52,
            "speed": 4.32,
            "depth": 18.93
          },
          {
            "time": "2009-04-22T18:01:10.390000+00:00",
            "course": 289.6,
            "speed": 4.32,
            "depth": 18.93
          },
          {
            "time": "2009-04-22T18:01:18.390000+00:00",
            "course": 289.7,
            "speed": 4.25,
            "depth": 18.81
          },
          {
            "time": "2009-04-22T18:01:26.390000+00:00",
            "course": 289.73,
            "speed": 4.22,
            "depth": 18.44
          },
          {
            "time": "2009-04-22T18:01:34.390000+00:00",
            "course": 289.69,
            "speed": 4.24,
            "depth": 18.2
          },
          {
            "time": "2009-04-22T18:01:42.390000+00:00",
            "course": 289.73,
            "speed": 4.23,
            "depth": 18.2
          },
          {
            "time": "2009-04-22T18:01:50.390000+00:00",
            "course": 289.79,
            "speed": 4.29,
            "depth": 18.32
          },
          {
            "time": "2009-04-22T18:01:58.470000+00:00",
            "course": 289.85,
            "speed": 4.31,
            "depth": 18.69
          },
          {
            "time": "2009-04-22T18:02:06.410000+00:00",
            "course": 289.94,
            "speed": 4.3,
            "depth": 18.93
          },
          {
            "time": "2009-04-22T18:02:14.410000+00:00",
            "course": 289.98,
            "speed": 4.31,
            "depth": 18.93
          },
          {
            "time": "2009-04-22T18:02:22.410000+00:00",
            "course": 290.19,
            "speed": 4.32,
            "depth": 18.56
          },
          {
            "time": "2009-04-22T18:02:30.410000+00:00",
            "course": 290.2,
            "speed": 4.33,
            "depth": 18.56
          },
          {
            "time": "2009-04-22T18:02:37.410000+00:00",
            "course": 290.24,
            "speed": 4.33,
            "depth": 18.44
          },
          {
            "time": "2009-04-22T18:02:46.410000+00:00",
            "course": 290.14,
            "speed": 4.38,
            "depth": 18.44
          },
          {
            "time": "2009-04-22T18:02:54.410000+00:00",
            "course": 290.0,
            "speed": 4.35,
            "depth": 18.32
          },
          {
            "time": "2009-04-22T18:03:02.480000+00:00",
            "course": 289.79,
            "speed": 4.34,
            "depth": 18.44
          },
          {
            "time": "2009-04-22T18:03:10.410000+00:00",
            "course": 289.56,
            "speed": 4.35,
            "depth": 18.56
          },
          {
            "time": "2009-04-22T18:03:18.370000+00:00",
            "course": 289.26,
            "speed": 4.36,
            "depth": 18.56
          },
          {
            "time": "2009-04-22T18:03:26.430000+00:00",
            "course": 289.04,
            "speed": 4.37,
            "depth": 18.56
          },
          {
            "time": "2009-04-22T18:03:34.370000+00:00",
            "course": 288.87,
            "speed": 4.28,
            "depth": 18.56
          },
          {
            "time": "2009-04-22T18:03:42.370000+00:00",
            "course": 288.71,
            "speed": 4.3,
            "depth": 18.44
          },
          {
            "time": "2009-04-22T18:03:50.370000+00:00",
            "course": 288.54,
            "speed": 4.3,
            "depth": 18.32
          },
          {
            "time": "2009-04-22T18:03:58.430000+00:00",
            "course": 288.58,
            "speed": 4.25,
            "depth": 18.2
          },
          {
            "time": "2009-04-22T18:04:06.370000+00:00",
            "course": 288.62,
            "speed": 4.29,
            "depth": 18.32
          },
          {
            "time": "2009-04-22T18:04:14.370000+00:00",
            "course": 288.7,
            "speed": 4.29,
            "depth": 18.56
          },
          {
            "time": "2009-04-22T18:04:22.370000+00:00",
            "course": 288.8,
            "speed": 4.29,
            "depth": 18.69
          },
          {
            "time": "2009-04-22T18:04:30.370000+00:00",
            "course": 289.03,
            "speed": 4.28,
            "depth": 18.81
          },
          {
            "time": "2009-04-22T18:04:37.440000+00:00",
            "course": 289.13,
            "speed": 4.24,
            "depth": 18.56
          },
          {
            "time": "2009-04-22T18:04:46.380000+00:00",
            "course": 289.34,
            "speed": 4.24,
            "depth": 18.56
          },
          {
            "time": "2009-04-22T18:04:54.380000+00:00",
            "course": 289.57,
            "speed": 4.23,
            "depth": 18.56
          },
          {
            "time": "2009-04-22T18:05:02.510000+00:00",
            "course": 289.77,
            "speed": 4.26,
            "depth": 18.56
          },
          {
            "time": "2009-04-22T18:05:10.380000+00:00",
            "course": 289.87,
            "speed": 4.28,
            "depth": 18.44
          },
          {
            "time": "2009-04-22T18:05:18.390000+00:00",
            "course": 289.94,
            "speed": 4.28,
            "depth": 18.56
          },
          {
            "time": "2009-04-22T18:05:26.390000+00:00",
            "course": 289.92,
            "speed": 4.28,
            "depth": 18.44
          },
          {
            "time": "2009-04-22T18:05:34.400000+00:00",
            "course": 289.92,
            "speed": 4.28,
            "depth": 18.44
          },
          {
            "time": "2009-04-22T18:05:42.400000+00:00",
            "course": 289.84,
            "speed": 4.28,
            "depth": 18.56
          },
          {
            "time": "2009-04-22T18:05:50.270000+00:00",
            "course": 289.73,
            "speed": 4.29,
            "depth": 18.56
          },
          {
            "time": "2009-04-22T18:05:58.270000+00:00",
            "course": 289.6,
            "speed": 4.29,
            "depth": 18.81
          },
          {
            "time": "2009-04-22T18:06:06.340000+00:00",
            "course": 289.47,
            "speed": 4.28,
            "depth": 18.56
          },
          {
            "time": "2009-04-22T18:06:14.280000+00:00",
            "course": 289.34,
            "speed": 4.28,
            "depth": 18.56
          },
          {
            "time": "2009-04-22T18:06:22.280000+00:00",
            "course": 289.18,
            "speed": 4.23,
            "depth": 18.44
          },
          {
            "time": "2009-04-22T18:06:30.280000+00:00",
            "course": 289.03,
            "speed": 4.27,
            "depth": 18.44
          },
          {
            "time": "2009-04-22T18:06:37.290000+00:00",
            "course": 288.92,
            "speed": 4.26,
            "depth": 18.56
          },
          {
            "time": "2009-04-22T18:06:46.290000+00:00",
            "course": 288.93,
            "speed": 4.26,
            "depth": 18.56
          },
          {
            "time": "2009-04-22T18:06:54.230000+00:00",
            "course": 288.86,
            "speed": 4.26,
            "depth": 18.56
          },
          {
            "time": "2009-04-22T18:07:02.290000+00:00",
            "course": 288.83,
            "speed": 4.26,
            "depth": 18.56
          },
          {
            "time": "2009-04-22T18:07:10.290000+00:00",
            "course": 288.96,
            "speed": 4.26,
            "depth": 18.56
          },
          {
            "time": "2009-04-22T18:07:18.420000+00:00",
            "course": 289.1,
            "speed": 4.23,
            "depth": 18.44
          },
          {
            "time": "2009-04-22T18:07:26.420000+00:00",
            "course": 289.25,
            "speed": 4.24,
            "depth": 18.56
          },
          {
            "time": "2009-04-22T18:07:34.420000+00:00",
            "course": 289.41,
            "speed": 4.26,
            "depth": 18.81
          },
          {
            "time": "2009-04-22T18:07:42.360000+00:00",
            "course": 289.56,
            "speed": 4.24,
            "depth": 18.69
          },
          {
            "time": "2009-04-22T18:07:50.240000+00:00",
            "course": 289.73,
            "speed": 4.19,
            "depth": 18.81
          },
          {
            "time": "2009-04-22T18:07:58.250000+00:00",
            "course": 289.75,
            "speed": 4.23,
            "depth": 18.69
          },
          {
            "time": "2009-04-22T18:08:06.310000+00:00",
            "course": 289.77,
            "speed": 4.24,
            "depth": 18.56
          },
          {
            "time": "2009-04-22T18:08:14.380000+00:00",
            "course": 289.89,
            "speed": 4.28,
            "depth": 18.56
          },
          {
            "time": "2009-04-22T18:08:22.380000+00:00",
            "course": 290.04,
            "speed": 4.21,
            "depth": 18.44
          },
          {
            "time": "2009-04-22T18:08:30.380000+00:00",
            "course": 290.07,
            "speed": 4.23,
            "depth": 18.44
          },
          {
            "time": "2009-04-22T18:08:37.380000+00:00",
            "course": 290.08,
            "speed": 4.24,
            "depth": 18.56
          },
          {
            "time": "2009-04-22T18:08:46.380000+00:00",
            "course": 290.08,
            "speed": 4.26,
            "depth": 18.44
          },
          {
            "time": "2009-04-22T18:08:54.380000+00:00",
            "course": 290.06,
            "speed": 4.21,
            "depth": 18.44
          },
          {
            "time": "2009-04-22T18:09:02.380000+00:00",
            "course": 289.76,
            "speed": 4.24,
            "depth": 18.44
          },
          {
            "time": "2009-04-22T18:09:10.380000+00:00",
            "course": 289.53,
            "speed": 4.24,
            "depth": 18.44
          },
          {
            "time": "2009-04-22T18:09:18.380000+00:00",
            "course": 289.31,
            "speed": 4.22,
            "depth": 18.44
          },
          {
            "time": "2009-04-22T18:09:26.390000+00:00",
            "course": 289.09,
            "speed": 4.23,
            "depth": 18.56
          },
          {
            "time": "2009-04-22T18:09:34.390000+00:00",
            "course": 289.17,
            "speed": 4.26,
            "depth": 18.56
          },
          {
            "time": "2009-04-22T18:09:42.390000+00:00",
            "course": 289.13,
            "speed": 4.25,
            "depth": 18.44
          },
          {
            "time": "2009-04-22T18:09:50.390000+00:00",
            "course": 289.17,
            "speed": 4.28,
            "depth": 18.56
          },
          {
            "time": "2009-04-22T18:09:58.400000+00:00",
            "course": 289.28,
            "speed": 4.2,
            "depth": 18.93
          },
          {
            "time": "2009-04-22T18:10:06.530000+00:00",
            "course": 289.31,
            "speed": 4.23,
            "depth": 18.81
          },
          {
            "time": "2009-04-22T18:10:14.410000+00:00",
            "course": 289.44,
            "speed": 4.25,
            "depth": 18.81
          },
          {
            "time": "2009-04-22T18:10:22.410000+00:00",
            "course": 289.53,
            "speed": 4.26,
            "depth": 18.69
          },
          {
            "time": "2009-04-22T18:10:30.410000+00:00",
            "course": 289.78,
            "speed": 4.18,
            "depth": 18.56
          },
          {
            "time": "2009-04-22T18:10:37.410000+00:00",
            "course": 289.8,
            "speed": 4.21,
            "depth": 18.56
          },
          {
            "time": "2009-04-22T18:10:46.410000+00:00",
            "course": 289.96,
            "speed": 4.25,
            "depth": 18.81
          },
          {
            "time": "2009-04-22T18:10:54.410000+00:00",
            "course": 290.04,
            "speed": 4.25,
            "depth": 18.81
          },
          {
            "time": "2009-04-22T18:11:02.410000+00:00",
            "course": 290.04,
            "speed": 4.22,
            "depth": 18.93
          },
          {
            "time": "2009-04-22T18:11:10.540000+00:00",
            "course": 290.06,
            "speed": 4.21,
            "depth": 18.93
          },
          {
            "time": "2009-04-22T18:11:18.420000+00:00",
            "course": 290.06,
            "speed": 4.22,
            "depth": 18.81
          },
          {
            "time": "2009-04-22T18:11:26.420000+00:00",
            "course": 289.92,
            "speed": 4.19,
            "depth": 18.56
          },
          {
            "time": "2009-04-22T18:11:34.420000+00:00",
            "course": 289.69,
            "speed": 4.21,
            "depth": 18.56
          },
          {
            "time": "2009-04-22T18:11:42.430000+00:00",
            "course": 289.47,
            "speed": 4.26,
            "depth": 18.56
          },
          {
            "time": "2009-04-22T18:11:50.370000+00:00",
            "course": 289.09,
            "speed": 4.28,
            "depth": 18.56
          },
          {
            "time": "2009-04-22T18:11:58.430000+00:00",
            "course": 288.81,
            "speed": 4.23,
            "depth": 18.93
          },
          {
            "time": "2009-04-22T18:12:06.370000+00:00",
            "course": 288.72,
            "speed": 4.26,
            "depth": 18.93
          },
          {
            "time": "2009-04-22T18:12:14.430000+00:00",
            "course": 288.68,
            "speed": 4.26,
            "depth": 18.93
          },
          {
            "time": "2009-04-22T18:12:22.370000+00:00",
            "course": 288.74,
            "speed": 4.26,
            "depth": 18.93
          },
          {
            "time": "2009-04-22T18:12:30.370000+00:00",
            "course": 288.84,
            "speed": 4.26,
            "depth": 18.93
          },
          {
            "time": "2009-04-22T18:12:37.380000+00:00",
            "course": 289.17,
            "speed": 4.22,
            "depth": 18.69
          },
          {
            "time": "2009-04-22T18:12:46.380000+00:00",
            "course": 289.44,
            "speed": 4.17,
            "depth": 18.56
          },
          {
            "time": "2009-04-22T18:12:54.380000+00:00",
            "course": 289.69,
            "speed": 4.23,
            "depth": 18.69
          },
          {
            "time": "2009-04-22T18:13:02.390000+00:00",
            "course": 289.83,
            "speed": 4.22,
            "depth": 18.69
          },
          {
            "time": "2009-04-22T18:13:10.510000+00:00",
            "course": 289.81,
            "speed": 4.21,
            "depth": 18.81
          },
          {
            "time": "2009-04-22T18:13:18.390000+00:00",
            "course": 289.92,
            "speed": 4.23,
            "depth": 18.93
          },
          {
            "time": "2009-04-22T18:13:26.390000+00:00",
            "course": 289.95,
            "speed": 4.21,
            "depth": 18.81
          },
          {
            "time": "2009-04-22T18:13:34.390000+00:00",
            "course": 290.0,
            "speed": 4.23,
            "depth": 18.69
          },
          {
            "time": "2009-04-22T18:13:42.390000+00:00",
            "course": 289.99,
            "speed": 4.24,
            "depth": 18.93
          },
          {
            "time": "2009-04-22T18:13:50.390000+00:00",
            "course": 290.01,
            "speed": 4.19,
            "depth": 19.05
          },
          {
            "time": "2009-04-22T18:13:58.390000+00:00",
            "course": 289.94,
            "speed": 4.23,
            "depth": 19.17
          },
          {
            "time": "2009-04-22T18:14:06.390000+00:00",
            "course": 289.92,
            "speed": 4.24,
            "depth": 19.29
          },
          {
            "time": "2009-04-22T18:14:14.520000+00:00",
            "course": 289.9,
            "speed": 4.24,
            "depth": 19.17
          },
          {
            "time": "2009-04-22T18:14:22.400000+00:00",
            "course": 289.89,
            "speed": 4.19,
            "depth": 19.05
          },
          {
            "time": "2009-04-22T18:14:30.400000+00:00",
            "course": 289.79,
            "speed": 4.18,
            "depth": 19.05
          },
          {
            "time": "2009-04-22T18:14:37.410000+00:00",
            "course": 289.7,
            "speed": 4.16,
            "depth": 18.93
          },
          {
            "time": "2009-04-22T18:14:46.410000+00:00",
            "course": 289.64,
            "speed": 4.17,
            "depth": 18.93
          },
          {
            "time": "2009-04-22T18:14:54.410000+00:00",
            "course": 289.53,
            "speed": 4.19,
            "depth": 18.93
          },
          {
            "time": "2009-04-22T18:15:02.420000+00:00",
            "course": 289.42,
            "speed": 4.21,
            "depth": 18.93
          },
          {
            "time": "2009-04-22T18:15:10.420000+00:00",
            "course": 289.19,
            "speed": 4.19,
            "depth": 18.93
          },
          {
            "time": "2009-04-22T18:15:18.410000+00:00",
            "course": 288.98,
            "speed": 4.19,
            "depth": 18.93
          },
          {
            "time": "2009-04-22T18:15:26.420000+00:00",
            "course": 288.84,
            "speed": 4.22,
            "depth": 18.93
          },
          {
            "time": "2009-04-22T18:15:34.420000+00:00",
            "course": 288.68,
            "speed": 4.25,
            "depth": 18.93
          },
          {
            "time": "2009-04-22T18:15:42.420000+00:00",
            "course": 288.57,
            "speed": 4.26,
            "depth": 19.05
          },
          {
            "time": "2009-04-22T18:15:50.420000+00:00",
            "course": 288.67,
            "speed": 4.23,
            "depth": 19.05
          },
          {
            "time": "2009-04-22T18:15:58.430000+00:00",
            "course": 288.87,
            "speed": 4.28,
            "depth": 18.93
          },
          {
            "time": "2009-04-22T18:16:06.370000+00:00",
            "course": 289.09,
            "speed": 4.3,
            "depth": 18.93
          },
          {
            "time": "2009-04-22T18:16:14.560000+00:00",
            "course": 289.18,
            "speed": 4.33,
            "depth": 18.81
          },
          {
            "time": "2009-04-22T18:16:22.370000+00:00",
            "course": 289.43,
            "speed": 4.38,
            "depth": 18.93
          },
          {
            "time": "2009-04-22T18:16:30.370000+00:00",
            "course": 289.58,
            "speed": 4.41,
            "depth": 18.81
          },
          {
            "time": "2009-04-22T18:16:37.370000+00:00",
            "course": 289.54,
            "speed": 4.45,
            "depth": 18.93
          },
          {
            "time": "2009-04-22T18:16:46.370000+00:00",
            "course": 289.6,
            "speed": 4.46,
            "depth": 19.05
          },
          {
            "time": "2009-04-22T18:16:54.380000+00:00",
            "course": 289.69,
            "speed": 4.45,
            "depth": 19.05
          },
          {
            "time": "2009-04-22T18:17:02.380000+00:00",
            "course": 289.74,
            "speed": 4.45,
            "depth": 18.93
          },
          {
            "time": "2009-04-22T18:17:10.440000+00:00",
            "course": 289.7,
            "speed": 4.48,
            "depth": 18.93
          },
          {
            "time": "2009-04-22T18:17:18.390000+00:00",
            "course": 289.71,
            "speed": 4.5,
            "depth": 18.69
          },
          {
            "time": "2009-04-22T18:17:26.390000+00:00",
            "course": 289.65,
            "speed": 4.48,
            "depth": 18.56
          },
          {
            "time": "2009-04-22T18:17:34.390000+00:00",
            "course": 289.5,
            "speed": 4.48,
            "depth": 18.44
          },
          {
            "time": "2009-04-22T18:17:42.390000+00:00",
            "course": 289.52,
            "speed": 4.47,
            "depth": 18.69
          },
          {
            "time": "2009-04-22T18:17:50.390000+00:00",
            "course": 289.46,
            "speed": 4.46,
            "depth": 18.56
          },
          {
            "time": "2009-04-22T18:17:58.400000+00:00",
            "course": 289.48,
            "speed": 4.42,
            "depth": 18.44
          },
          {
            "time": "2009-04-22T18:18:06.400000+00:00",
            "course": 289.53,
            "speed": 4.36,
            "depth": 18.44
          },
          {
            "time": "2009-04-22T18:18:14.520000+00:00",
            "course": 289.54,
            "speed": 4.36,
            "depth": 18.44
          },
          {
            "time": "2009-04-22T18:18:22.400000+00:00",
            "course": 289.53,
            "speed": 4.33,
            "depth": 18.32
          },
          {
            "time": "2009-04-22T18:18:30.400000+00:00",
            "course": 289.56,
            "speed": 4.33,
            "depth": 18.2
          },
          {
            "time": "2009-04-22T18:18:37.410000+00:00",
            "course": 289.65,
            "speed": 4.3,
            "depth": 18.32
          },
          {
            "time": "2009-04-22T18:18:46.410000+00:00",
            "course": 289.73,
            "speed": 4.29,
            "depth": 18.44
          },
          {
            "time": "2009-04-22T18:18:54.410000+00:00",
            "course": 289.81,
            "speed": 4.3,
            "depth": 18.56
          },
          {
            "time": "2009-04-22T18:19:02.420000+00:00",
            "course": 289.97,
            "speed": 4.35,
            "depth": 18.44
          },
          {
            "time": "2009-04-22T18:19:10.420000+00:00",
            "course": 290.04,
            "speed": 4.42,
            "depth": 18.44
          },
          {
            "time": "2009-04-22T18:19:18.480000+00:00",
            "course": 290.09,
            "speed": 4.38,
            "depth": 18.44
          },
          {
            "time": "2009-04-22T18:19:26.420000+00:00",
            "course": 290.08,
            "speed": 4.34,
            "depth": 18.32
          },
          {
            "time": "2009-04-22T18:19:34.430000+00:00",
            "course": 290.0,
            "speed": 4.26,
            "depth": 18.08
          },
          {
            "time": "2009-04-22T18:19:42.420000+00:00",
            "course": 289.78,
            "speed": 4.25,
            "depth": 18.08
          },
          {
            "time": "2009-04-22T18:19:50.430000+00:00",
            "course": 289.4,
            "speed": 4.26,
            "depth": 18.2
          },
          {
            "time": "2009-04-22T18:19:58.420000+00:00",
            "course": 289.15,
            "speed": 4.28,
            "depth": 18.44
          },
          {
            "time": "2009-04-22T18:20:06.360000+00:00",
            "course": 288.9,
            "speed": 4.23,
            "depth": 18.56
          },
          {
            "time": "2009-04-22T18:20:14.420000+00:00",
            "course": 288.74,
            "speed": 4.21,
            "depth": 18.56
          },
          {
            "time": "2009-04-22T18:20:22.360000+00:00",
            "course": 288.7,
            "speed": 4.22,
            "depth": 18.56
          },
          {
            "time": "2009-04-22T18:20:30.370000+00:00",
            "course": 288.73,
            "speed": 4.17,
            "depth": 18.56
          },
          {
            "time": "2009-04-22T18:20:37.380000+00:00",
            "course": 288.7,
            "speed": 4.16,
            "depth": 18.56
          },
          {
            "time": "2009-04-22T18:20:46.380000+00:00",
            "course": 288.78,
            "speed": 4.17,
            "depth": 18.56
          },
          {
            "time": "2009-04-22T18:20:54.380000+00:00",
            "course": 289.01,
            "speed": 4.17,
            "depth": 18.44
          },
          {
            "time": "2009-04-22T18:21:02.380000+00:00",
            "course": 289.29,
            "speed": 4.17,
            "depth": 18.44
          },
          {
            "time": "2009-04-22T18:21:10.440000+00:00",
            "course": 289.61,
            "speed": 4.12,
            "depth": 18.44
          },
          {
            "time": "2009-04-22T18:21:18.510000+00:00",
            "course": 289.9,
            "speed": 4.13,
            "depth": 18.32
          },
          {
            "time": "2009-04-22T18:21:26.380000+00:00",
            "course": 290.21,
            "speed": 4.1,
            "depth": 18.2
          },
          {
            "time": "2009-04-22T18:21:34.390000+00:00",
            "course": 290.2,
            "speed": 4.13,
            "depth": 18.08
          },
          {
            "time": "2009-04-22T18:21:42.390000+00:00",
            "course": 290.18,
            "speed": 4.14,
            "depth": 17.96
          },
          {
            "time": "2009-04-22T18:21:50.390000+00:00",
            "course": 290.06,
            "speed": 4.15,
            "depth": 19.17
          },
          {
            "time": "2009-04-22T18:21:58.400000+00:00",
            "course": 289.8,
            "speed": 4.15,
            "depth": 18.93
          },
          {
            "time": "2009-04-22T18:22:06.400000+00:00",
            "course": 289.44,
            "speed": 4.08,
            "depth": 18.81
          },
          {
            "time": "2009-04-22T18:22:14.400000+00:00",
            "course": 289.19,
            "speed": 4.06,
            "depth": 18.81
          },
          {
            "time": "2009-04-22T18:22:22.400000+00:00",
            "course": 288.92,
            "speed": 4.01,
            "depth": 18.69
          },
          {
            "time": "2009-04-22T18:22:30.400000+00:00",
            "course": 288.63,
            "speed": 4.01,
            "depth": 18.56
          },
          {
            "time": "2009-04-22T18:22:37.390000+00:00",
            "course": 288.22,
            "speed": 4.03,
            "depth": 18.44
          },
          {
            "time": "2009-04-22T18:22:46.400000+00:00",
            "course": 288.2,
            "speed": 4.05,
            "depth": 18.32
          },
          {
            "time": "2009-04-22T18:22:54.400000+00:00",
            "course": 288.29,
            "speed": 4.05,
            "depth": 18.08
          },
          {
            "time": "2009-04-22T18:23:02.400000+00:00",
            "course": 288.53,
            "speed": 4.08,
            "depth": 18.08
          },
          {
            "time": "2009-04-22T18:23:10.400000+00:00",
            "course": 288.86,
            "speed": 4.08,
            "depth": 18.08
          },
          {
            "time": "2009-04-22T18:23:18.410000+00:00",
            "course": 289.25,
            "speed": 4.05,
            "depth": 18.56
          },
          {
            "time": "2009-04-22T18:23:26.410000+00:00",
            "course": 289.53,
            "speed": 4.0,
            "depth": 18.44
          },
          {
            "time": "2009-04-22T18:23:34.410000+00:00",
            "course": 289.84,
            "speed": 4.0,
            "depth": 18.44
          },
          {
            "time": "2009-04-22T18:23:42.410000+00:00",
            "course": 289.97,
            "speed": 4.0,
            "depth": 18.2
          },
          {
            "time": "2009-04-22T18:23:50.420000+00:00",
            "course": 290.1,
            "speed": 3.98,
            "depth": 18.08
          },
          {
            "time": "2009-04-22T18:23:58.430000+00:00",
            "course": 290.37,
            "speed": 4.0,
            "depth": 18.08
          },
          {
            "time": "2009-04-22T18:24:06.360000+00:00",
            "course": 290.47,
            "speed": 4.01,
            "depth": 18.08
          },
          {
            "time": "2009-04-22T18:24:14.430000+00:00",
            "course": 290.31,
            "speed": 4.01,
            "depth": 17.96
          },
          {
            "time": "2009-04-22T18:24:22.430000+00:00",
            "course": 290.03,
            "speed": 3.98,
            "depth": 18.08
          },
          {
            "time": "2009-04-22T18:24:30.440000+00:00",
            "course": 289.68,
            "speed": 3.99,
            "depth": 18.08
          },
          {
            "time": "2009-04-22T18:24:37.370000+00:00",
            "course": 289.44,
            "speed": 3.98,
            "depth": 18.56
          },
          {
            "time": "2009-04-22T18:24:46.370000+00:00",
            "course": 289.27,
            "speed": 3.99,
            "depth": 18.44
          },
          {
            "time": "2009-04-22T18:24:54.370000+00:00",
            "course": 289.03,
            "speed": 3.93,
            "depth": 18.44
          },
          {
            "time": "2009-04-22T18:25:02.370000+00:00",
            "course": 288.75,
            "speed": 3.95,
            "depth": 18.32
          },
          {
            "time": "2009-04-22T18:25:10.440000+00:00",
            "course": 288.57,
            "speed": 3.96,
            "depth": 18.2
          },
          {
            "time": "2009-04-22T18:25:18.380000+00:00",
            "course": 288.49,
            "speed": 3.98,
            "depth": 18.08
          },
          {
            "time": "2009-04-22T18:25:26.390000+00:00",
            "course": 288.53,
            "speed": 3.99,
            "depth": 18.08
          },
          {
            "time": "2009-04-22T18:25:34.390000+00:00",
            "course": 288.54,
            "speed": 4.01,
            "depth": 18.08
          },
          {
            "time": "2009-04-22T18:25:42.390000+00:00",
            "course": 288.72,
            "speed": 3.96,
            "depth": 18.44
          },
          {
            "time": "2009-04-22T18:25:50.390000+00:00",
            "course": 288.84,
            "speed": 3.94,
            "depth": 18.56
          },
          {
            "time": "2009-04-22T18:25:58.390000+00:00",
            "course": 289.11,
            "speed": 3.95,
            "depth": 18.44
          },
          {
            "time": "2009-04-22T18:26:06.390000+00:00",
            "course": 289.37,
            "speed": 3.94,
            "depth": 18.44
          },
          {
            "time": "2009-04-22T18:26:14.390000+00:00",
            "course": 289.57,
            "speed": 3.96,
            "depth": 18.32
          },
          {
            "time": "2009-04-22T18:26:22.520000+00:00",
            "course": 289.73,
            "speed": 3.95,
            "depth": 18.2
          },
          {
            "time": "2009-04-22T18:26:30.400000+00:00",
            "course": 289.91,
            "speed": 3.94,
            "depth": 17.96
          },
          {
            "time": "2009-04-22T18:26:37.390000+00:00",
            "course": 289.96,
            "speed": 3.95,
            "depth": 18.08
          },
          {
            "time": "2009-04-22T18:26:46.400000+00:00",
            "course": 289.94,
            "speed": 3.95,
            "depth": 18.69
          },
          {
            "time": "2009-04-22T18:26:54.400000+00:00",
            "course": 289.86,
            "speed": 3.96,
            "depth": 18.44
          },
          {
            "time": "2009-04-22T18:27:02.400000+00:00",
            "course": 289.62,
            "speed": 3.96,
            "depth": 18.44
          },
          {
            "time": "2009-04-22T18:27:10.400000+00:00",
            "course": 289.34,
            "speed": 3.94,
            "depth": 18.32
          },
          {
            "time": "2009-04-22T18:27:18.410000+00:00",
            "course": 289.25,
            "speed": 3.92,
            "depth": 18.2
          },
          {
            "time": "2009-04-22T18:27:26.410000+00:00",
            "course": 289.03,
            "speed": 3.96,
            "depth": 18.08
          },
          {
            "time": "2009-04-22T18:27:34.410000+00:00",
            "course": 288.76,
            "speed": 3.98,
            "depth": 18.08
          },
          {
            "time": "2009-04-22T18:27:42.420000+00:00",
            "course": 288.69,
            "speed": 3.99,
            "depth": 18.08
          },
          {
            "time": "2009-04-22T18:27:50.420000+00:00",
            "course": 288.61,
            "speed": 4.01,
            "depth": 18.32
          },
          {
            "time": "2009-04-22T18:27:58.420000+00:00",
            "course": 288.62,
            "speed": 4.01,
            "depth": 18.44
          },
          {
            "time": "2009-04-22T18:28:06.420000+00:00",
            "course": 288.64,
            "speed": 4.01,
            "depth": 18.44
          },
          {
            "time": "2009-04-22T18:28:14.420000+00:00",
            "course": 288.71,
            "speed": 3.98,
            "depth": 18.32
          },
          {
            "time": "2009-04-22T18:28:22.420000+00:00",
            "course": 288.79,
            "speed": 3.99,
            "depth": 18.2
          },
          {
            "time": "2009-04-22T18:28:30.420000+00:00",
            "course": 288.9,
            "speed": 4.0,
            "depth": 18.2
          },
          {
            "time": "2009-04-22T18:28:37.370000+00:00",
            "course": 288.93,
            "speed": 4.0,
            "depth": 17.84
          },
          {
            "time": "2009-04-22T18:28:46.370000+00:00",
            "course": 288.96,
            "speed": 3.99,
            "depth": 18.69
          },
          {
            "time": "2009-04-22T18:28:54.370000+00:00",
            "course": 289.15,
            "speed": 3.98,
            "depth": 19.17
          },
          {
            "time": "2009-04-22T18:29:02.380000+00:00",
            "course": 289.27,
            "speed": 3.98,
            "depth": 18.32
          },
          {
            "time": "2009-04-22T18:29:10.440000+00:00",
            "course": 289.31,
            "speed": 3.96,
            "depth": 18.08
          },
          {
            "time": "2009-04-22T18:29:18.380000+00:00",
            "course": 289.32,
            "speed": 3.99,
            "depth": 18.08
          },
          {
            "time": "2009-04-22T18:29:26.500000+00:00",
            "course": 289.38,
            "speed": 3.99,
            "depth": 18.08
          },
          {
            "time": "2009-04-22T18:29:34.380000+00:00",
            "course": 289.24,
            "speed": 3.99,
            "depth": 18.08
          },
          {
            "time": "2009-04-22T18:29:42.440000+00:00",
            "course": 289.22,
            "speed": 3.99,
            "depth": 18.08
          },
          {
            "time": "2009-04-22T18:29:50.380000+00:00",
            "course": 289.35,
            "speed": 3.99,
            "depth": 18.08
          },
          {
            "time": "2009-04-22T18:29:58.390000+00:00",
            "course": 289.38,
            "speed": 3.99,
            "depth": 18.2
          },
          {
            "time": "2009-04-22T18:30:06.390000+00:00",
            "course": 289.42,
            "speed": 3.99,
            "depth": 18.44
          },
          {
            "time": "2009-04-22T18:30:14.400000+00:00",
            "course": 289.55,
            "speed": 3.95,
            "depth": 18.44
          },
          {
            "time": "2009-04-22T18:30:22.400000+00:00",
            "course": 289.54,
            "speed": 3.94,
            "depth": 18.32
          },
          {
            "time": "2009-04-22T18:30:30.400000+00:00",
            "course": 289.54,
            "speed": 3.94,
            "depth": 18.2
          },
          {
            "time": "2009-04-22T18:30:37.400000+00:00",
            "course": 289.53,
            "speed": 3.96,
            "depth": 18.08
          },
          {
            "time": "2009-04-22T18:30:46.400000+00:00",
            "course": 289.41,
            "speed": 4.0,
            "depth": 18.08
          },
          {
            "time": "2009-04-22T18:30:54.400000+00:00",
            "course": 289.42,
            "speed": 4.02,
            "depth": 18.08
          },
          {
            "time": "2009-04-22T18:31:02.400000+00:00",
            "course": 289.42,
            "speed": 4.03,
            "depth": 18.08
          },
          {
            "time": "2009-04-22T18:31:10.410000+00:00",
            "course": 289.29,
            "speed": 4.03,
            "depth": 19.17
          },
          {
            "time": "2009-04-22T18:31:18.400000+00:00",
            "course": 289.38,
            "speed": 3.98,
            "depth": 18.44
          },
          {
            "time": "2009-04-22T18:31:26.410000+00:00",
            "course": 289.3,
            "speed": 4.0,
            "depth": 18.44
          },
          {
            "time": "2009-04-22T18:31:34.410000+00:00",
            "course": 289.31,
            "speed": 4.01,
            "depth": 18.44
          },
          {
            "time": "2009-04-22T18:31:42.410000+00:00",
            "course": 289.39,
            "speed": 3.98,
            "depth": 18.44
          },
          {
            "time": "2009-04-22T18:31:50.410000+00:00",
            "course": 289.44,
            "speed": 3.94,
            "depth": 18.44
          },
          {
            "time": "2009-04-22T18:31:58.420000+00:00",
            "course": 289.63,
            "speed": 3.98,
            "depth": 18.81
          },
          {
            "time": "2009-04-22T18:32:06.420000+00:00",
            "course": 289.64,
            "speed": 3.99,
            "depth": 18.93
          },
          {
            "time": "2009-04-22T18:32:14.420000+00:00",
            "course": 289.82,
            "speed": 3.96,
            "depth": 18.93
          },
          {
            "time": "2009-04-22T18:32:22.420000+00:00",
            "course": 289.65,
            "speed": 4.0,
            "depth": 18.93
          },
          {
            "time": "2009-04-22T18:32:30.550000+00:00",
            "course": 289.05,
            "speed": 4.02,
            "depth": 18.93
          },
          {
            "time": "2009-04-22T18:32:37.430000+00:00",
            "course": 288.47,
            "speed": 4.04,
            "depth": 18.93
          },
          {
            "time": "2009-04-22T18:32:46.430000+00:00",
            "course": 287.08,
            "speed": 4.1,
            "depth": 18.93
          },
          {
            "time": "2009-04-22T18:32:54.370000+00:00",
            "course": 285.75,
            "speed": 4.15,
            "depth": 18.81
          },
          {
            "time": "2009-04-22T18:33:02.430000+00:00",
            "course": 284.25,
            "speed": 4.2,
            "depth": 18.81
          },
          {
            "time": "2009-04-22T18:33:10.430000+00:00",
            "course": 282.56,
            "speed": 4.29,
            "depth": 18.93
          },
          {
            "time": "2009-04-22T18:33:18.380000+00:00",
            "course": 280.81,
            "speed": 4.32,
            "depth": 18.93
          },
          {
            "time": "2009-04-22T18:33:26.380000+00:00",
            "course": 278.95,
            "speed": 4.37,
            "depth": 19.05
          },
          {
            "time": "2009-04-22T18:33:34.380000+00:00",
            "course": 276.89,
            "speed": 4.36,
            "depth": 19.05
          },
          {
            "time": "2009-04-22T18:33:42.450000+00:00",
            "course": 274.68,
            "speed": 4.4,
            "depth": 18.93
          },
          {
            "time": "2009-04-22T18:33:50.390000+00:00",
            "course": 272.67,
            "speed": 4.45,
            "depth": 18.69
          },
          {
            "time": "2009-04-22T18:33:58.390000+00:00",
            "course": 270.3,
            "speed": 4.46,
            "depth": 18.56
          },
          {
            "time": "2009-04-22T18:34:06.390000+00:00",
            "course": 267.95,
            "speed": 4.48,
            "depth": 18.44
          },
          {
            "time": "2009-04-22T18:34:14.390000+00:00",
            "course": 265.43,
            "speed": 4.51,
            "depth": 18.56
          },
          {
            "time": "2009-04-22T18:34:22.270000+00:00",
            "course": 262.96,
            "speed": 4.54,
            "depth": 18.81
          },
          {
            "time": "2009-04-22T18:34:30.270000+00:00",
            "course": 260.52,
            "speed": 4.57,
            "depth": 18.69
          },
          {
            "time": "2009-04-22T18:34:37.270000+00:00",
            "course": 258.45,
            "speed": 4.6,
            "depth": 18.69
          },
          {
            "time": "2009-04-22T18:34:46.390000+00:00",
            "course": 255.64,
            "speed": 4.59,
            "depth": 18.44
          },
          {
            "time": "2009-04-22T18:34:54.390000+00:00",
            "course": 252.94,
            "speed": 4.6,
            "depth": 18.44
          },
          {
            "time": "2009-04-22T18:35:02.400000+00:00",
            "course": 250.37,
            "speed": 4.6,
            "depth": 18.32
          },
          {
            "time": "2009-04-22T18:35:10.400000+00:00",
            "course": 247.8,
            "speed": 4.62,
            "depth": 18.32
          },
          {
            "time": "2009-04-22T18:35:18.410000+00:00",
            "course": 245.04,
            "speed": 4.67,
            "depth": 18.44
          },
          {
            "time": "2009-04-22T18:35:26.410000+00:00",
            "course": 242.18,
            "speed": 4.7,
            "depth": 18.69
          },
          {
            "time": "2009-04-22T18:35:34.410000+00:00",
            "course": 239.28,
            "speed": 4.69,
            "depth": 18.56
          },
          {
            "time": "2009-04-22T18:35:42.410000+00:00",
            "course": 236.54,
            "speed": 4.7,
            "depth": 18.44
          },
          {
            "time": "2009-04-22T18:35:50.410000+00:00",
            "course": 233.84,
            "speed": 4.72,
            "depth": 18.44
          },
          {
            "time": "2009-04-22T18:35:58.420000+00:00",
            "course": 231.19,
            "speed": 4.72,
            "depth": 18.32
          },
          {
            "time": "2009-04-22T18:36:06.420000+00:00",
            "course": 228.46,
            "speed": 4.75,
            "depth": 18.44
          },
          {
            "time": "2009-04-22T18:36:14.360000+00:00",
            "course": 225.62,
            "speed": 4.78,
            "depth": 18.69
          },
          {
            "time": "2009-04-22T18:36:22.370000+00:00",
            "course": 222.7,
            "speed": 4.75,
            "depth": 18.81
          },
          {
            "time": "2009-04-22T18:36:30.430000+00:00",
            "course": 219.89,
            "speed": 4.76,
            "depth": 18.81
          },
          {
            "time": "2009-04-22T18:36:37.490000+00:00",
            "course": 217.64,
            "speed": 4.79,
            "depth": 18.56
          },
          {
            "time": "2009-04-22T18:36:46.430000+00:00",
            "course": 214.37,
            "speed": 4.78,
            "depth": 18.44
          },
          {
            "time": "2009-04-22T18:36:54.370000+00:00",
            "course": 211.54,
            "speed": 4.83,
            "depth": 18.2
          },
          {
            "time": "2009-04-22T18:37:02.370000+00:00",
            "course": 208.53,
            "speed": 4.85,
            "depth": 18.44
          },
          {
            "time": "2009-04-22T18:37:10.370000+00:00",
            "course": 205.68,
            "speed": 4.79,
            "depth": 18.69
          },
          {
            "time": "2009-04-22T18:37:18.370000+00:00",
            "course": 202.96,
            "speed": 4.8,
            "depth": 18.81
          },
          {
            "time": "2009-04-22T18:37:26.430000+00:00",
            "course": 200.13,
            "speed": 4.74,
            "depth": 18.56
          },
          {
            "time": "2009-04-22T18:37:34.560000+00:00",
            "course": 197.07,
            "speed": 4.75,
            "depth": 18.32
          },
          {
            "time": "2009-04-22T18:37:42.380000+00:00",
            "course": 194.06,
            "speed": 4.76,
            "depth": 18.2
          },
          {
            "time": "2009-04-22T18:37:50.380000+00:00",
            "course": 191.51,
            "speed": 4.77,
            "depth": 18.32
          },
          {
            "time": "2009-04-22T18:37:58.380000+00:00",
            "course": 189.55,
            "speed": 4.71,
            "depth": 18.44
          },
          {
            "time": "2009-04-22T18:38:06.380000+00:00",
            "course": 187.26,
            "speed": 4.74,
            "depth": 18.69
          },
          {
            "time": "2009-04-22T18:38:14.380000+00:00",
            "course": 184.97,
            "speed": 4.74,
            "depth": 18.93
          },
          {
            "time": "2009-04-22T18:38:22.380000+00:00",
            "course": 182.74,
            "speed": 4.64,
            "depth": 18.93
          },
          {
            "time": "2009-04-22T18:38:30.380000+00:00",
            "course": 180.18,
            "speed": 4.55,
            "depth": 18.69
          },
          {
            "time": "2009-04-22T18:38:37.390000+00:00",
            "course": 178.1,
            "speed": 4.56,
            "depth": 18.69
          },
          {
            "time": "2009-04-22T18:38:46.400000+00:00",
            "course": 175.63,
            "speed": 4.53,
            "depth": 18.81
          },
          {
            "time": "2009-04-22T18:38:54.400000+00:00",
            "course": 173.18,
            "speed": 4.47,
            "depth": 18.69
          },
          {
            "time": "2009-04-22T18:39:02.400000+00:00",
            "course": 170.78,
            "speed": 4.48,
            "depth": 18.81
          },
          {
            "time": "2009-04-22T18:39:10.400000+00:00",
            "course": 168.67,
            "speed": 4.47,
            "depth": 18.93
          },
          {
            "time": "2009-04-22T18:39:18.400000+00:00",
            "course": 166.09,
            "speed": 4.43,
            "depth": 18.81
          },
          {
            "time": "2009-04-22T18:39:26.400000+00:00",
            "course": 163.47,
            "speed": 4.38,
            "depth": 18.81
          },
          {
            "time": "2009-04-22T18:39:34.400000+00:00",
            "course": 161.32,
            "speed": 4.36,
            "depth": 18.81
          },
          {
            "time": "2009-04-22T18:39:42.400000+00:00",
            "course": 159.04,
            "speed": 4.34,
            "depth": 18.69
          },
          {
            "time": "2009-04-22T18:39:50.410000+00:00",
            "course": 156.82,
            "speed": 4.33,
            "depth": 18.56
          },
          {
            "time": "2009-04-22T18:39:58.420000+00:00",
            "course": 155.07,
            "speed": 4.35,
            "depth": 18.56
          },
          {
            "time": "2009-04-22T18:40:06.420000+00:00",
            "course": 153.41,
            "speed": 4.29,
            "depth": 19.05
          },
          {
            "time": "2009-04-22T18:40:14.360000+00:00",
            "course": 151.73,
            "speed": 4.27,
            "depth": 18.56
          },
          {
            "time": "2009-04-22T18:40:22.420000+00:00",
            "course": 150.21,
            "speed": 4.24,
            "depth": 18.56
          },
          {
            "time": "2009-04-22T18:40:30.360000+00:00",
            "course": 149.76,
            "speed": 4.27,
            "depth": 18.69
          },
          {
            "time": "2009-04-22T18:40:37.360000+00:00",
            "course": 149.18,
            "speed": 4.26,
            "depth": 18.56
          },
          {
            "time": "2009-04-22T18:40:46.300000+00:00",
            "course": 148.86,
            "speed": 4.25,
            "depth": 18.56
          },
          {
            "time": "2009-04-22T18:40:54.240000+00:00",
            "course": 148.89,
            "speed": 4.18,
            "depth": 18.32
          },
          {
            "time": "2009-04-22T18:41:02.240000+00:00",
            "course": 149.1,
            "speed": 4.19,
            "depth": 18.44
          },
          {
            "time": "2009-04-22T18:41:10.240000+00:00",
            "course": 149.1,
            "speed": 4.26,
            "depth": 18.44
          },
          {
            "time": "2009-04-22T18:41:18.250000+00:00",
            "course": 149.39,
            "speed": 4.27,
            "depth": 18.69
          },
          {
            "time": "2009-04-22T18:41:26.250000+00:00",
            "course": 149.53,
            "speed": 4.22,
            "depth": 18.56
          },
          {
            "time": "2009-04-22T18:41:34.250000+00:00",
            "course": 149.72,
            "speed": 4.24,
            "depth": 18.56
          },
          {
            "time": "2009-04-22T18:41:42.250000+00:00",
            "course": 149.81,
            "speed": 4.26,
            "depth": 18.56
          },
          {
            "time": "2009-04-22T18:41:50.260000+00:00",
            "course": 149.81,
            "speed": 4.28,
            "depth": 18.56
          },
          {
            "time": "2009-04-22T18:41:58.260000+00:00",
            "course": 149.63,
            "speed": 4.15,
            "depth": 18.56
          },
          {
            "time": "2009-04-22T18:42:06.260000+00:00",
            "course": 149.6,
            "speed": 4.23,
            "depth": 18.44
          },
          {
            "time": "2009-04-22T18:42:14.260000+00:00",
            "course": 149.45,
            "speed": 4.29,
            "depth": 18.44
          },
          {
            "time": "2009-04-22T18:42:22.260000+00:00",
            "course": 149.4,
            "speed": 4.21,
            "depth": 18.32
          },
          {
            "time": "2009-04-22T18:42:30.260000+00:00",
            "course": 149.24,
            "speed": 4.19,
            "depth": 18.2
          },
          {
            "time": "2009-04-22T18:42:37.260000+00:00",
            "course": 149.32,
            "speed": 4.25,
            "depth": 18.44
          },
          {
            "time": "2009-04-22T18:42:46.270000+00:00",
            "course": 149.33,
            "speed": 4.21,
            "depth": 18.44
          },
          {
            "time": "2009-04-22T18:42:54.270000+00:00",
            "course": 149.39,
            "speed": 4.21,
            "depth": 18.56
          },
          {
            "time": "2009-04-22T18:43:02.280000+00:00",
            "course": 149.31,
            "speed": 4.17,
            "depth": 18.56
          },
          {
            "time": "2009-04-22T18:43:10.280000+00:00",
            "course": 149.43,
            "speed": 4.19,
            "depth": 18.44
          },
          {
            "time": "2009-04-22T18:43:18.280000+00:00",
            "course": 149.87,
            "speed": 4.21,
            "depth": 18.44
          },
          {
            "time": "2009-04-22T18:43:26.410000+00:00",
            "course": 149.89,
            "speed": 4.17,
            "depth": 18.32
          },
          {
            "time": "2009-04-22T18:43:34.410000+00:00",
            "course": 149.77,
            "speed": 4.21,
            "depth": 18.44
          },
          {
            "time": "2009-04-22T18:43:42.410000+00:00",
            "course": 149.75,
            "speed": 4.2,
            "depth": 18.44
          },
          {
            "time": "2009-04-22T18:43:50.410000+00:00",
            "course": 149.87,
            "speed": 4.21,
            "depth": 18.44
          },
          {
            "time": "2009-04-22T18:43:58.410000+00:00",
            "course": 149.69,
            "speed": 4.18,
            "depth": 18.44
          },
          {
            "time": "2009-04-22T18:44:06.410000+00:00",
            "course": 149.69,
            "speed": 4.19,
            "depth": 18.44
          },
          {
            "time": "2009-04-22T18:44:14.410000+00:00",
            "course": 149.73,
            "speed": 4.18,
            "depth": 18.32
          },
          {
            "time": "2009-04-22T18:44:22.410000+00:00",
            "course": 149.79,
            "speed": 4.16,
            "depth": 18.32
          },
          {
            "time": "2009-04-22T18:44:30.350000+00:00",
            "course": 149.69,
            "speed": 4.16,
            "depth": 18.44
          },
          {
            "time": "2009-04-22T18:44:37.410000+00:00",
            "course": 149.53,
            "speed": 4.21,
            "depth": 18.56
          },
          {
            "time": "2009-04-22T18:44:46.430000+00:00",
            "course": 149.38,
            "speed": 4.18,
            "depth": 18.44
          },
          {
            "time": "2009-04-22T18:44:54.360000+00:00",
            "course": 149.32,
            "speed": 4.14,
            "depth": 18.44
          },
          {
            "time": "2009-04-22T18:45:02.370000+00:00",
            "course": 149.08,
            "speed": 4.15,
            "depth": 18.44
          },
          {
            "time": "2009-04-22T18:45:10.370000+00:00",
            "course": 149.07,
            "speed": 4.17,
            "depth": 18.44
          },
          {
            "time": "2009-04-22T18:45:18.370000+00:00",
            "course": 149.08,
            "speed": 4.14,
            "depth": 18.56
          },
          {
            "time": "2009-04-22T18:45:26.430000+00:00",
            "course": 149.19,
            "speed": 4.15,
            "depth": 18.56
          },
          {
            "time": "2009-04-22T18:45:34.370000+00:00",
            "course": 149.29,
            "speed": 4.14,
            "depth": 18.44
          },
          {
            "time": "2009-04-22T18:45:42.370000+00:00",
            "course": 149.46,
            "speed": 4.14,
            "depth": 18.44
          },
          {
            "time": "2009-04-22T18:45:50.370000+00:00",
            "course": 149.69,
            "speed": 4.16,
            "depth": 18.44
          },
          {
            "time": "2009-04-22T18:45:58.390000+00:00",
            "course": 149.95,
            "speed": 4.1,
            "depth": 18.44
          },
          {
            "time": "2009-04-22T18:46:06.380000+00:00",
            "course": 150.13,
            "speed": 4.13,
            "depth": 18.44
          },
          {
            "time": "2009-04-22T18:46:14.390000+00:00",
            "course": 150.21,
            "speed": 4.15,
            "depth": 18.44
          },
          {
            "time": "2009-04-22T18:46:22.390000+00:00",
            "course": 150.27,
            "speed": 4.16,
            "depth": 18.44
          },
          {
            "time": "2009-04-22T18:46:30.390000+00:00",
            "course": 150.22,
            "speed": 4.12,
            "depth": 18.32
          },
          {
            "time": "2009-04-22T18:46:37.390000+00:00",
            "course": 150.22,
            "speed": 4.1,
            "depth": 18.44
          },
          {
            "time": "2009-04-22T18:46:46.390000+00:00",
            "course": 150.07,
            "speed": 4.15,
            "depth": 18.56
          },
          {
            "time": "2009-04-22T18:46:54.390000+00:00",
            "course": 150.01,
            "speed": 4.16,
            "depth": 18.69
          },
          {
            "time": "2009-04-22T18:47:02.390000+00:00",
            "course": 149.88,
            "speed": 4.1,
            "depth": 18.56
          },
          {
            "time": "2009-04-22T18:47:10.390000+00:00",
            "course": 149.64,
            "speed": 4.12,
            "depth": 18.44
          },
          {
            "time": "2009-04-22T18:47:18.390000+00:00",
            "course": 149.49,
            "speed": 4.17,
            "depth": 18.44
          },
          {
            "time": "2009-04-22T18:47:26.400000+00:00",
            "course": 149.23,
            "speed": 4.12,
            "depth": 18.2
          },
          {
            "time": "2009-04-22T18:47:34.400000+00:00",
            "course": 148.84,
            "speed": 4.1,
            "depth": 18.2
          },
          {
            "time": "2009-04-22T18:47:42.400000+00:00",
            "course": 148.95,
            "speed": 4.19,
            "depth": 18.32
          },
          {
            "time": "2009-04-22T18:47:50.400000+00:00",
            "course": 148.99,
            "speed": 4.21,
            "depth": 18.44
          },
          {
            "time": "2009-04-22T18:47:58.400000+00:00",
            "course": 148.99,
            "speed": 4.15,
            "depth": 18.44
          },
          {
            "time": "2009-04-22T18:48:06.420000+00:00",
            "course": 149.1,
            "speed": 4.17,
            "depth": 18.69
          },
          {
            "time": "2009-04-22T18:48:14.410000+00:00",
            "course": 149.41,
            "speed": 4.2,
            "depth": 18.69
          },
          {
            "time": "2009-04-22T18:48:22.420000+00:00",
            "course": 149.74,
            "speed": 4.19,
            "depth": 18.56
          },
          {
            "time": "2009-04-22T18:48:30.420000+00:00",
            "course": 150.0,
            "speed": 4.19,
            "depth": 18.32
          },
          {
            "time": "2009-04-22T18:48:37.350000+00:00",
            "course": 150.14,
            "speed": 4.18,
            "depth": 18.2
          },
          {
            "time": "2009-04-22T18:48:46.420000+00:00",
            "course": 150.35,
            "speed": 4.2,
            "depth": 18.2
          },
          {
            "time": "2009-04-22T18:48:54.360000+00:00",
            "course": 150.52,
            "speed": 4.17,
            "depth": 18.2
          },
          {
            "time": "2009-04-22T18:49:02.360000+00:00",
            "course": 150.56,
            "speed": 4.13,
            "depth": 18.2
          },
          {
            "time": "2009-04-22T18:49:10.360000+00:00",
            "course": 150.38,
            "speed": 4.18,
            "depth": 18.32
          },
          {
            "time": "2009-04-22T18:49:18.360000+00:00",
            "course": 150.3,
            "speed": 4.19,
            "depth": 18.44
          },
          {
            "time": "2009-04-22T18:49:26.430000+00:00",
            "course": 150.07,
            "speed": 4.14,
            "depth": 18.44
          },
          {
            "time": "2009-04-22T18:49:34.370000+00:00",
            "course": 149.73,
            "speed": 4.19,
            "depth": 18.56
          },
          {
            "time": "2009-04-22T18:49:42.370000+00:00",
            "course": 149.41,
            "speed": 4.2,
            "depth": 18.56
          },
          {
            "time": "2009-04-22T18:49:50.380000+00:00",
            "course": 149.19,
            "speed": 4.15,
            "depth": 18.44
          },
          {
            "time": "2009-04-22T18:49:58.380000+00:00",
            "course": 149.02,
            "speed": 4.17,
            "depth": 18.32
          },
          {
            "time": "2009-04-22T18:50:06.380000+00:00",
            "course": 148.89,
            "speed": 4.19,
            "depth": 18.32
          },
          {
            "time": "2009-04-22T18:50:14.380000+00:00",
            "course": 148.78,
            "speed": 4.19,
            "depth": 18.44
          },
          {
            "time": "2009-04-22T18:50:22.380000+00:00",
            "course": 148.79,
            "speed": 4.19,
            "depth": 18.44
          },
          {
            "time": "2009-04-22T18:50:30.380000+00:00",
            "course": 148.82,
            "speed": 4.2,
            "depth": 18.56
          },
          {
            "time": "2009-04-22T18:50:37.380000+00:00",
            "course": 148.89,
            "speed": 4.16,
            "depth": 18.56
          },
          {
            "time": "2009-04-22T18:50:46.390000+00:00",
            "course": 149.29,
            "speed": 4.17,
            "depth": 18.32
          },
          {
            "time": "2009-04-22T18:50:54.390000+00:00",
            "course": 149.65,
            "speed": 4.19,
            "depth": 18.32
          },
          {
            "time": "2009-04-22T18:51:02.400000+00:00",
            "course": 149.68,
            "speed": 4.23,
            "depth": 18.32
          },
          {
            "time": "2009-04-22T18:51:10.400000+00:00",
            "course": 149.8,
            "speed": 4.24,
            "depth": 18.44
          },
          {
            "time": "2009-04-22T18:51:18.400000+00:00",
            "course": 149.87,
            "speed": 4.17,
            "depth": 18.44
          },
          {
            "time": "2009-04-22T18:51:26.400000+00:00",
            "course": 149.81,
            "speed": 4.23,
            "depth": 18.56
          },
          {
            "time": "2009-04-22T18:51:34.400000+00:00",
            "course": 149.89,
            "speed": 4.22,
            "depth": 18.44
          },
          {
            "time": "2009-04-22T18:51:42.400000+00:00",
            "course": 149.88,
            "speed": 4.24,
            "depth": 18.44
          },
          {
            "time": "2009-04-22T18:51:50.400000+00:00",
            "course": 149.83,
            "speed": 4.24,
            "depth": 18.44
          },
          {
            "time": "2009-04-22T18:51:58.400000+00:00",
            "course": 149.81,
            "speed": 4.24,
            "depth": 18.44
          },
          {
            "time": "2009-04-22T18:52:06.410000+00:00",
            "course": 149.68,
            "speed": 4.27,
            "depth": 18.44
          },
          {
            "time": "2009-04-22T18:52:14.420000+00:00",
            "course": 149.61,
            "speed": 4.25,
            "depth": 18.69
          },
          {
            "time": "2009-04-22T18:52:22.420000+00:00",
            "course": 149.55,
            "speed": 4.18,
            "depth": 18.44
          },
          {
            "time": "2009-04-22T18:52:30.360000+00:00",
            "course": 149.26,
            "speed": 4.21,
            "depth": 18.44
          },
          {
            "time": "2009-04-22T18:52:37.420000+00:00",
            "course": 149.02,
            "speed": 4.19,
            "depth": 18.32
          },
          {
            "time": "2009-04-22T18:52:46.420000+00:00",
            "course": 148.89,
            "speed": 4.23,
            "depth": 18.2
          },
          {
            "time": "2009-04-22T18:52:54.360000+00:00",
            "course": 149.05,
            "speed": 4.21,
            "depth": 18.2
          },
          {
            "time": "2009-04-22T18:53:02.360000+00:00",
            "course": 149.04,
            "speed": 4.17,
            "depth": 18.2
          },
          {
            "time": "2009-04-22T18:53:10.360000+00:00",
            "course": 149.07,
            "speed": 4.19,
            "depth": 18.2
          },
          {
            "time": "2009-04-22T18:53:18.360000+00:00",
            "course": 149.19,
            "speed": 4.19,
            "depth": 18.2
          },
          {
            "time": "2009-04-22T18:53:26.440000+00:00",
            "course": 149.36,
            "speed": 4.25,
            "depth": 18.32
          },
          {
            "time": "2009-04-22T18:53:34.380000+00:00",
            "course": 149.46,
            "speed": 4.23,
            "depth": 18.44
          },
          {
            "time": "2009-04-22T18:53:42.380000+00:00",
            "course": 149.8,
            "speed": 4.21,
            "depth": 18.32
          },
          {
            "time": "2009-04-22T18:53:50.380000+00:00",
            "course": 150.12,
            "speed": 4.19,
            "depth": 18.44
          },
          {
            "time": "2009-04-22T18:53:58.380000+00:00",
            "course": 150.24,
            "speed": 4.24,
            "depth": 18.44
          },
          {
            "time": "2009-04-22T18:54:06.380000+00:00",
            "course": 150.35,
            "speed": 4.23,
            "depth": 18.56
          },
          {
            "time": "2009-04-22T18:54:14.380000+00:00",
            "course": 150.49,
            "speed": 4.19,
            "depth": 18.56
          },
          {
            "time": "2009-04-22T18:54:22.380000+00:00",
            "course": 150.62,
            "speed": 4.24,
            "depth": 18.32
          },
          {
            "time": "2009-04-22T18:54:30.380000+00:00",
            "course": 150.57,
            "speed": 4.19,
            "depth": 17.84
          },
          {
            "time": "2009-04-22T18:54:37.380000+00:00",
            "course": 150.38,
            "speed": 4.25,
            "depth": 17.72
          },
          {
            "time": "2009-04-22T18:54:46.390000+00:00",
            "course": 150.23,
            "speed": 4.24,
            "depth": 17.96
          },
          {
            "time": "2009-04-22T18:54:54.390000+00:00",
            "course": 150.06,
            "speed": 4.21,
            "depth": 18.08
          },
          {
            "time": "2009-04-22T18:55:02.390000+00:00",
            "course": 149.79,
            "speed": 4.15,
            "depth": 18.2
          },
          {
            "time": "2009-04-22T18:55:10.390000+00:00",
            "course": 149.47,
            "speed": 4.22,
            "depth": 18.32
          },
          {
            "time": "2009-04-22T18:55:18.390000+00:00",
            "course": 149.21,
            "speed": 4.22,
            "depth": 18.44
          },
          {
            "time": "2009-04-22T18:55:26.390000+00:00",
            "course": 149.18,
            "speed": 4.19,
            "depth": 18.44
          },
          {
            "time": "2009-04-22T18:55:34.390000+00:00",
            "course": 149.19,
            "speed": 4.21,
            "depth": 18.44
          },
          {
            "time": "2009-04-22T18:55:42.400000+00:00",
            "course": 149.11,
            "speed": 4.16,
            "depth": 18.2
          },
          {
            "time": "2009-04-22T18:55:50.400000+00:00",
            "course": 149.23,
            "speed": 4.19,
            "depth": 18.08
          },
          {
            "time": "2009-04-22T18:55:58.400000+00:00",
            "course": 149.57,
            "speed": 4.19,
            "depth": 17.96
          },
          {
            "time": "2009-04-22T18:56:06.410000+00:00",
            "course": 149.88,
            "speed": 4.18,
            "depth": 17.96
          },
          {
            "time": "2009-04-22T18:56:14.410000+00:00",
            "course": 150.04,
            "speed": 4.23,
            "depth": 18.08
          },
          {
            "time": "2009-04-22T18:56:22.410000+00:00",
            "course": 150.0,
            "speed": 4.23,
            "depth": 19.17
          },
          {
            "time": "2009-04-22T18:56:30.410000+00:00",
            "course": 150.04,
            "speed": 4.24,
            "depth": 18.44
          },
          {
            "time": "2009-04-22T18:56:37.410000+00:00",
            "course": 150.17,
            "speed": 4.24,
            "depth": 18.32
          },
          {
            "time": "2009-04-22T18:56:46.420000+00:00",
            "course": 150.04,
            "speed": 4.22,
            "depth": 18.2
          },
          {
            "time": "2009-04-22T18:56:54.360000+00:00",
            "course": 149.65,
            "speed": 4.2,
            "depth": 18.08
          },
          {
            "time": "2009-04-22T18:57:02.360000+00:00",
            "course": 149.46,
            "speed": 4.21,
            "depth": 18.2
          },
          {
            "time": "2009-04-22T18:57:10.370000+00:00",
            "course": 149.46,
            "speed": 4.19,
            "depth": 18.32
          },
          {
            "time": "2009-04-22T18:57:18.360000+00:00",
            "course": 149.31,
            "speed": 4.17,
            "depth": 18.32
          },
          {
            "time": "2009-04-22T18:57:26.430000+00:00",
            "course": 149.35,
            "speed": 4.24,
            "depth": 18.32
          },
          {
            "time": "2009-04-22T18:57:34.370000+00:00",
            "course": 149.3,
            "speed": 4.24,
            "depth": 18.44
          },
          {
            "time": "2009-04-22T18:57:42.370000+00:00",
            "course": 149.16,
            "speed": 4.17,
            "depth": 18.32
          },
          {
            "time": "2009-04-22T18:57:50.370000+00:00",
            "course": 149.16,
            "speed": 4.21,
            "depth": 18.32
          },
          {
            "time": "2009-04-22T18:57:58.370000+00:00",
            "course": 149.24,
            "speed": 4.22,
            "depth": 18.44
          },
          {
            "time": "2009-04-22T18:58:06.430000+00:00",
            "course": 149.19,
            "speed": 4.19,
            "depth": 18.44
          },
          {
            "time": "2009-04-22T18:58:14.370000+00:00",
            "course": 149.3,
            "speed": 4.16,
            "depth": 18.44
          },
          {
            "time": "2009-04-22T18:58:22.380000+00:00",
            "course": 149.72,
            "speed": 4.17,
            "depth": 18.32
          },
          {
            "time": "2009-04-22T18:58:30.380000+00:00",
            "course": 149.94,
            "speed": 4.19,
            "depth": 18.2
          },
          {
            "time": "2009-04-22T18:58:37.380000+00:00",
            "course": 149.81,
            "speed": 4.21,
            "depth": 18.2
          },
          {
            "time": "2009-04-22T18:58:46.390000+00:00",
            "course": 150.01,
            "speed": 4.19,
            "depth": 18.44
          },
          {
            "time": "2009-04-22T18:58:54.390000+00:00",
            "course": 150.16,
            "speed": 4.19,
            "depth": 18.44
          },
          {
            "time": "2009-04-22T18:59:02.390000+00:00",
            "course": 150.3,
            "speed": 4.19,
            "depth": 18.44
          },
          {
            "time": "2009-04-22T18:59:10.390000+00:00",
            "course": 150.4,
            "speed": 4.19,
            "depth": 18.32
          },
          {
            "time": "2009-04-22T18:59:18.390000+00:00",
            "course": 150.45,
            "speed": 4.14,
            "depth": 18.2
          },
          {
            "time": "2009-04-22T18:59:26.400000+00:00",
            "course": 150.43,
            "speed": 4.15,
            "depth": 18.2
          },
          {
            "time": "2009-04-22T18:59:34.410000+00:00",
            "course": 150.39,
            "speed": 4.14,
            "depth": 18.44
          },
          {
            "time": "2009-04-22T18:59:42.410000+00:00",
            "course": 150.2,
            "speed": 4.17,
            "depth": 18.44
          },
          {
            "time": "2009-04-22T18:59:50.410000+00:00",
            "course": 150.19,
            "speed": 4.17,
            "depth": 18.44
          },
          {
            "time": "2009-04-22T18:59:58.410000+00:00",
            "course": 150.03,
            "speed": 4.14,
            "depth": 18.44
          },
          {
            "time": "2009-04-22T19:00:06.410000+00:00",
            "course": 149.81,
            "speed": 4.17,
            "depth": 18.44
          },
          {
            "time": "2009-04-22T19:00:14.410000+00:00",
            "course": 149.72,
            "speed": 4.21,
            "depth": 18.44
          },
          {
            "time": "2009-04-22T19:00:22.410000+00:00",
            "course": 149.65,
            "speed": 4.18,
            "depth": 18.56
          },
          {
            "time": "2009-04-22T19:00:30.410000+00:00",
            "course": 149.41,
            "speed": 4.15,
            "depth": 18.44
          },
          {
            "time": "2009-04-22T19:00:37.410000+00:00",
            "course": 149.29,
            "speed": 4.2,
            "depth": 18.32
          },
          {
            "time": "2009-04-22T19:00:46.430000+00:00",
            "course": 149.22,
            "speed": 4.22,
            "depth": 18.32
          },
          {
            "time": "2009-04-22T19:00:54.430000+00:00",
            "course": 149.21,
            "speed": 4.18,
            "depth": 18.32
          },
          {
            "time": "2009-04-22T19:01:02.370000+00:00",
            "course": 149.17,
            "speed": 4.21,
            "depth": 18.32
          },
          {
            "time": "2009-04-22T19:01:10.370000+00:00",
            "course": 149.28,
            "speed": 4.21,
            "depth": 18.32
          },
          {
            "time": "2009-04-22T19:01:18.370000+00:00",
            "course": 149.23,
            "speed": 4.19,
            "depth": 18.44
          },
          {
            "time": "2009-04-22T19:01:26.430000+00:00",
            "course": 149.43,
            "speed": 4.26,
            "depth": 18.44
          },
          {
            "time": "2009-04-22T19:01:34.370000+00:00",
            "course": 149.61,
            "speed": 4.26,
            "depth": 18.56
          },
          {
            "time": "2009-04-22T19:01:42.370000+00:00",
            "course": 149.68,
            "speed": 4.2,
            "depth": 18.44
          },
          {
            "time": "2009-04-22T19:01:50.370000+00:00",
            "course": 149.88,
            "speed": 4.21,
            "depth": 18.32
          },
          {
            "time": "2009-04-22T19:01:58.370000+00:00",
            "course": 150.21,
            "speed": 4.18,
            "depth": 18.2
          },
          {
            "time": "2009-04-22T19:02:06.440000+00:00",
            "course": 150.3,
            "speed": 4.16,
            "depth": 18.2
          },
          {
            "time": "2009-04-22T19:02:14.380000+00:00",
            "course": 150.3,
            "speed": 4.2,
            "depth": 18.32
          },
          {
            "time": "2009-04-22T19:02:22.380000+00:00",
            "course": 150.27,
            "speed": 4.21,
            "depth": 18.44
          },
          {
            "time": "2009-04-22T19:02:30.380000+00:00",
            "course": 150.3,
            "speed": 4.24,
            "depth": 18.44
          },
          {
            "time": "2009-04-22T19:02:37.380000+00:00",
            "course": 149.99,
            "speed": 4.24,
            "depth": 18.44
          },
          {
            "time": "2009-04-22T19:02:46.390000+00:00",
            "course": 149.86,
            "speed": 4.21,
            "depth": 18.44
          },
          {
            "time": "2009-04-22T19:02:54.390000+00:00",
            "course": 149.89,
            "speed": 4.18,
            "depth": 18.44
          },
          {
            "time": "2009-04-22T19:03:02.390000+00:00",
            "course": 149.68,
            "speed": 4.17,
            "depth": 18.32
          },
          {
            "time": "2009-04-22T19:03:10.400000+00:00",
            "course": 149.35,
            "speed": 4.16,
            "depth": 18.2
          },
          {
            "time": "2009-04-22T19:03:18.390000+00:00",
            "course": 149.23,
            "speed": 4.2,
            "depth": 18.2
          },
          {
            "time": "2009-04-22T19:03:26.400000+00:00",
            "course": 149.28,
            "speed": 4.2,
            "depth": 18.32
          },
          {
            "time": "2009-04-22T19:03:34.400000+00:00",
            "course": 149.26,
            "speed": 4.19,
            "depth": 18.44
          },
          {
            "time": "2009-04-22T19:03:42.400000+00:00",
            "course": 149.21,
            "speed": 4.17,
            "depth": 18.56
          },
          {
            "time": "2009-04-22T19:03:50.400000+00:00",
            "course": 149.22,
            "speed": 4.17,
            "depth": 18.69
          },
          {
            "time": "2009-04-22T19:03:58.400000+00:00",
            "course": 149.18,
            "speed": 4.15,
            "depth": 18.56
          },
          {
            "time": "2009-04-22T19:04:06.410000+00:00",
            "course": 149.34,
            "speed": 4.17,
            "depth": 18.44
          },
          {
            "time": "2009-04-22T19:04:14.410000+00:00",
            "course": 149.56,
            "speed": 4.2,
            "depth": 18.44
          },
          {
            "time": "2009-04-22T19:04:22.420000+00:00",
            "course": 149.58,
            "speed": 4.15,
            "depth": 18.32
          },
          {
            "time": "2009-04-22T19:04:30.420000+00:00",
            "course": 149.64,
            "speed": 4.15,
            "depth": 18.32
          },
          {
            "time": "2009-04-22T19:04:37.420000+00:00",
            "course": 149.88,
            "speed": 4.21,
            "depth": 18.32
          },
          {
            "time": "2009-04-22T19:04:46.430000+00:00",
            "course": 149.8,
            "speed": 4.19,
            "depth": 18.32
          },
          {
            "time": "2009-04-22T19:04:54.430000+00:00",
            "course": 149.79,
            "speed": 4.13,
            "depth": 18.32
          },
          {
            "time": "2009-04-22T19:05:02.430000+00:00",
            "course": 149.85,
            "speed": 4.19,
            "depth": 18.44
          },
          {
            "time": "2009-04-22T19:05:10.430000+00:00",
            "course": 149.83,
            "speed": 4.17,
            "depth": 18.69
          },
          {
            "time": "2009-04-22T19:05:18.370000+00:00",
            "course": 149.77,
            "speed": 4.12,
            "depth": 18.69
          },
          {
            "time": "2009-04-22T19:05:26.430000+00:00",
            "course": 149.71,
            "speed": 4.16,
            "depth": 18.69
          },
          {
            "time": "2009-04-22T19:05:34.370000+00:00",
            "course": 149.71,
            "speed": 4.17,
            "depth": 18.44
          },
          {
            "time": "2009-04-22T19:05:42.380000+00:00",
            "course": 149.71,
            "speed": 4.17,
            "depth": 18.32
          },
          {
            "time": "2009-04-22T19:05:50.380000+00:00",
            "course": 149.71,
            "speed": 4.15,
            "depth": 18.2
          },
          {
            "time": "2009-04-22T19:05:58.380000+00:00",
            "course": 149.68,
            "speed": 4.13,
            "depth": 18.2
          },
          {
            "time": "2009-04-22T19:06:06.440000+00:00",
            "course": 149.66,
            "speed": 4.14,
            "depth": 18.32
          },
          {
            "time": "2009-04-22T19:06:14.380000+00:00",
            "course": 149.44,
            "speed": 4.12,
            "depth": 18.56
          },
          {
            "time": "2009-04-22T19:06:22.380000+00:00",
            "course": 149.15,
            "speed": 4.12,
            "depth": 18.69
          },
          {
            "time": "2009-04-22T19:06:30.380000+00:00",
            "course": 149.33,
            "speed": 4.12,
            "depth": 18.81
          },
          {
            "time": "2009-04-22T19:06:37.380000+00:00",
            "course": 149.43,
            "speed": 4.11,
            "depth": 18.69
          },
          {
            "time": "2009-04-22T19:06:46.380000+00:00",
            "course": 149.42,
            "speed": 4.11,
            "depth": 18.44
          },
          {
            "time": "2009-04-22T19:06:54.380000+00:00",
            "course": 149.61,
            "speed": 4.16,
            "depth": 18.44
          },
          {
            "time": "2009-04-22T19:07:02.390000+00:00",
            "course": 149.68,
            "speed": 4.08,
            "depth": 18.32
          },
          {
            "time": "2009-04-22T19:07:10.390000+00:00",
            "course": 149.63,
            "speed": 4.03,
            "depth": 18.2
          },
          {
            "time": "2009-04-22T19:07:18.390000+00:00",
            "course": 149.56,
            "speed": 4.17,
            "depth": 18.44
          },
          {
            "time": "2009-04-22T19:07:26.400000+00:00",
            "course": 149.44,
            "speed": 4.14,
            "depth": 18.56
          },
          {
            "time": "2009-04-22T19:07:34.400000+00:00",
            "course": 149.1,
            "speed": 4.08,
            "depth": 18.81
          },
          {
            "time": "2009-04-22T19:07:42.400000+00:00",
            "course": 149.23,
            "speed": 4.07,
            "depth": 18.81
          },
          {
            "time": "2009-04-22T19:07:50.400000+00:00",
            "course": 149.42,
            "speed": 4.08,
            "depth": 18.81
          },
          {
            "time": "2009-04-22T19:07:58.400000+00:00",
            "course": 149.42,
            "speed": 4.12,
            "depth": 18.69
          },
          {
            "time": "2009-04-22T19:08:06.410000+00:00",
            "course": 149.49,
            "speed": 4.08,
            "depth": 18.44
          },
          {
            "time": "2009-04-22T19:08:14.410000+00:00",
            "course": 149.44,
            "speed": 4.12,
            "depth": 18.44
          },
          {
            "time": "2009-04-22T19:08:22.410000+00:00",
            "course": 149.49,
            "speed": 4.12,
            "depth": 18.44
          },
          {
            "time": "2009-04-22T19:08:30.410000+00:00",
            "course": 149.4,
            "speed": 4.12,
            "depth": 18.44
          },
          {
            "time": "2009-04-22T19:08:37.410000+00:00",
            "course": 149.53,
            "speed": 4.08,
            "depth": 18.44
          },
          {
            "time": "2009-04-22T19:08:46.420000+00:00",
            "course": 149.43,
            "speed": 4.06,
            "depth": 18.44
          },
          {
            "time": "2009-04-22T19:08:54.420000+00:00",
            "course": 149.32,
            "speed": 4.09,
            "depth": 18.44
          },
          {
            "time": "2009-04-22T19:09:02.360000+00:00",
            "course": 149.1,
            "speed": 4.11,
            "depth": 18.44
          },
          {
            "time": "2009-04-22T19:09:10.430000+00:00",
            "course": 149.1,
            "speed": 4.12,
            "depth": 18.56
          },
          {
            "time": "2009-04-22T19:09:18.430000+00:00",
            "course": 148.94,
            "speed": 4.1,
            "depth": 18.44
          },
          {
            "time": "2009-04-22T19:09:26.430000+00:00",
            "course": 148.75,
            "speed": 4.12,
            "depth": 18.44
          },
          {
            "time": "2009-04-22T19:09:34.360000+00:00",
            "course": 148.64,
            "speed": 4.08,
            "depth": 18.2
          },
          {
            "time": "2009-04-22T19:09:42.370000+00:00",
            "course": 148.73,
            "speed": 4.13,
            "depth": 18.08
          },
          {
            "time": "2009-04-22T19:09:50.370000+00:00",
            "course": 149.07,
            "speed": 4.12,
            "depth": 18.08
          },
          {
            "time": "2009-04-22T19:09:58.370000+00:00",
            "course": 149.23,
            "speed": 4.12,
            "depth": 18.2
          },
          {
            "time": "2009-04-22T19:10:06.450000+00:00",
            "course": 149.37,
            "speed": 4.18,
            "depth": 18.32
          },
          {
            "time": "2009-04-22T19:10:14.390000+00:00",
            "course": 149.66,
            "speed": 4.13,
            "depth": 18.69
          },
          {
            "time": "2009-04-22T19:10:22.390000+00:00",
            "course": 149.99,
            "speed": 4.08,
            "depth": 18.81
          }
        ],
        "style": {
          "line": {
            "color": "#808080"
          },
          "point": {
            "shape": "circle",
            "radius": 3.0,
            "fill_color": "#808080",
            "color": "#808080"
          }
        },
        "default_position_style": {
          "show_symbol": false,
          "symbol": "circle",
          "show_label": false
        },
        "symbol_interval": "PT5M",
        "label_interval": "PT15M",
        "sensors": [
          {
            "name": "BowMerchantvessel",
            "contacts": [
              {
                "time": "2009-04-22T18:24:00+00:00",
                "bearing": 259.1,
                "frequency": 300.528,
                "label": "1824"
              },
              {
                "time": "2009-04-22T18:25:00+00:00",
                "bearing": 259.0,
                "frequency": 300.528,
                "label": "1825"
              },
              {
                "time": "2009-04-22T18:26:00+00:00",
                "bearing": 259.0,
                "frequency": 300.529,
                "label": "1826"
              },
              {
                "time": "2009-04-22T18:27:00+00:00",
                "bearing": 258.9,
                "frequency": 300.528,
                "label": "1827"
              },
              {
                "time": "2009-04-22T18:28:00+00:00",
                "bearing": 258.9,
                "frequency": 300.534,
                "label": "1828"
              },
              {
                "time": "2009-04-22T18:29:00+00:00",
                "bearing": 258.7,
                "frequency": 300.528,
                "label": "1829"
              },
              {
                "time": "2009-04-22T18:30:00+00:00",
                "bearing": 258.6,
                "frequency": 300.528,
                "label": "1830"
              },
              {
                "time": "2009-04-22T18:31:00+00:00",
                "bearing": 258.5,
                "frequency": 300.535,
                "label": "1831"
              },
              {
                "time": "2009-04-22T18:32:00+00:00",
                "bearing": 258.3,
                "frequency": 300.528,
                "label": "1832"
              },
              {
                "time": "2009-04-22T18:33:00+00:00",
                "bearing": 258.3,
                "frequency": 300.566,
                "label": "1833"
              },
              {
                "time": "2009-04-22T18:34:00+00:00",
                "bearing": 258.4,
                "frequency": 300.635,
                "label": "1834"
              },
              {
                "time": "2009-04-22T18:35:00+00:00",
                "bearing": 259.4,
                "frequency": 300.651,
                "label": "1835"
              },
              {
                "time": "2009-04-22T18:36:00+00:00",
                "bearing": 261.5,
                "frequency": 300.612,
                "label": "1836"
              },
              {
                "time": "2009-04-22T18:37:00+00:00",
                "bearing": 265.2,
                "frequency": 300.451,
                "label": "1837"
              },
              {
                "time": "2009-04-22T18:38:00+00:00",
                "bearing": 269.7,
                "frequency": 300.236,
                "label": "1838"
              },
              {
                "time": "2009-04-22T18:39:00+00:00",
                "bearing": 274.9,
                "frequency": 300.011,
                "label": "1839"
              },
              {
                "time": "2009-04-22T18:40:00+00:00",
                "bearing": 279.7,
                "frequency": 299.844,
                "label": "1840"
              },
              {
                "time": "2009-04-22T18:41:00+00:00",
                "bearing": 283.8,
                "frequency": 299.767,
                "label": "1841"
              },
              {
                "time": "2009-04-22T18:42:00+00:00",
                "bearing": 287.5,
                "frequency": 299.737,
                "label": "1842"
              },
              {
                "time": "2009-04-22T18:43:00+00:00",
                "bearing": 291.1,
                "frequency": 299.698,
                "label": "1843"
              },
              {
                "time": "2009-04-22T18:44:00+00:00",
                "bearing": 294.6,
                "frequency": 299.69,
                "label": "1844"
              },
              {
                "time": "2009-04-22T18:45:00+00:00",
                "bearing": 297.5,
                "frequency": 299.652,
                "label": "1845"
              },
              {
                "time": "2009-04-22T18:46:00+00:00",
                "bearing": 300.5,
                "frequency": 299.629,
                "label": "1846"
              },
              {
                "time": "2009-04-22T18:47:00+00:00",
                "bearing": 303.1,
                "frequency": 299.606,
                "label": "1847"
              },
              {
                "time": "2009-04-22T18:47:00+00:00",
                "bearing": 304.1,
                "frequency": 299.606,
                "label": "1847"
              },
              {
                "time": "2009-04-22T18:48:00+00:00",
                "bearing": 305.6,
                "frequency": 299.583,
                "label": "1848"
              }
            ]
          }
        ],
        "provenance": [
          {
            "activity_id": "c757ff6d-1b0a-4038-a2a0-17d9cccbac10",
            "timestamp": "2026-04-13T23:12:33.240621Z",
            "was_generated_by": {
              "tool": "dpf-parser",
              "tool_version": "1.0.0",
              "parameters": []
            },
            "used": [],
            "generated": [
              "9bb27242-a9a9-448a-8180-2d2fe8b51fbd"
            ],
            "execution_duration": "PT0.005511S"
          }
        ]
      }
    },
    {
      "type": "Feature",
      "id": "2402f94d-48cf-477c-ae7f-ac5bf86dc731",
      "geometry": {
        "type": "LineString",
        "coordinates": [
          [
            30.7714313,
            5.1783026
          ],
          [
            30.7707573,
            5.1798395
          ],
          [
            30.7700834,
            5.1813764
          ],
          [
            30.7694094,
            5.1829134
          ],
          [
            30.7687354,
            5.1844503
          ],
          [
            30.7680614,
            5.1859872
          ],
          [
            30.7673874,
            5.1875242
          ],
          [
            30.7667134,
            5.1890611
          ],
          [
            30.7660394,
            5.190598
          ],
          [
            30.7653654,
            5.1921349
          ],
          [
            30.7646915,
            5.1936719
          ],
          [
            30.7640175,
            5.1952088
          ],
          [
            30.7633435,
            5.1967457
          ],
          [
            30.7626695,
            5.1982826
          ],
          [
            30.7619955,
            5.1998196
          ],
          [
            30.7613215,
            5.2013565
          ],
          [
            30.7606475,
            5.2028934
          ],
          [
            30.7599735,
            5.2044304
          ],
          [
            30.7592996,
            5.2059673
          ],
          [
            30.7586256,
            5.2075042
          ],
          [
            30.7579516,
            5.2090411
          ],
          [
            30.7572776,
            5.2105781
          ],
          [
            30.7566036,
            5.212115
          ]
        ]
      },
      "properties": {
        "kind": "TRACK",
        "platform_id": "T-second attempt",
        "platform_name": "T-second attempt",
        "track_type": "CONTACT",
        "start_time": "2009-04-22T18:24:00+00:00",
        "end_time": "2009-04-22T18:46:00+00:00",
        "positions": [
          {
            "time": "2009-04-22T18:24:00+00:00",
            "course": 336.321,
            "speed": 6.046,
            "depth": 0.0
          },
          {
            "time": "2009-04-22T18:25:00+00:00",
            "course": 336.321,
            "speed": 6.046,
            "depth": 0.0
          },
          {
            "time": "2009-04-22T18:26:00+00:00",
            "course": 336.321,
            "speed": 6.046,
            "depth": 0.0
          },
          {
            "time": "2009-04-22T18:27:00+00:00",
            "course": 336.321,
            "speed": 6.046,
            "depth": 0.0
          },
          {
            "time": "2009-04-22T18:28:00+00:00",
            "course": 336.321,
            "speed": 6.046,
            "depth": 0.0
          },
          {
            "time": "2009-04-22T18:29:00+00:00",
            "course": 336.321,
            "speed": 6.046,
            "depth": 0.0
          },
          {
            "time": "2009-04-22T18:30:00+00:00",
            "course": 336.321,
            "speed": 6.046,
            "depth": 0.0
          },
          {
            "time": "2009-04-22T18:31:00+00:00",
            "course": 336.321,
            "speed": 6.046,
            "depth": 0.0
          },
          {
            "time": "2009-04-22T18:32:00+00:00",
            "course": 336.321,
            "speed": 6.046,
            "depth": 0.0
          },
          {
            "time": "2009-04-22T18:33:00+00:00",
            "course": 336.321,
            "speed": 6.046,
            "depth": 0.0
          },
          {
            "time": "2009-04-22T18:34:00+00:00",
            "course": 336.321,
            "speed": 6.046,
            "depth": 0.0
          },
          {
            "time": "2009-04-22T18:35:00+00:00",
            "course": 336.321,
            "speed": 6.046,
            "depth": 0.0
          },
          {
            "time": "2009-04-22T18:36:00+00:00",
            "course": 336.321,
            "speed": 6.046,
            "depth": 0.0
          },
          {
            "time": "2009-04-22T18:37:00+00:00",
            "course": 336.321,
            "speed": 6.046,
            "depth": 0.0
          },
          {
            "time": "2009-04-22T18:38:00+00:00",
            "course": 336.321,
            "speed": 6.046,
            "depth": 0.0
          },
          {
            "time": "2009-04-22T18:39:00+00:00",
            "course": 336.321,
            "speed": 6.046,
            "depth": 0.0
          },
          {
            "time": "2009-04-22T18:40:00+00:00",
            "course": 336.321,
            "speed": 6.046,
            "depth": 0.0
          },
          {
            "time": "2009-04-22T18:41:00+00:00",
            "course": 336.321,
            "speed": 6.046,
            "depth": 0.0
          },
          {
            "time": "2009-04-22T18:42:00+00:00",
            "course": 336.321,
            "speed": 6.046,
            "depth": 0.0
          },
          {
            "time": "2009-04-22T18:43:00+00:00",
            "course": 336.321,
            "speed": 6.046,
            "depth": 0.0
          },
          {
            "time": "2009-04-22T18:44:00+00:00",
            "course": 336.321,
            "speed": 6.046,
            "depth": 0.0
          },
          {
            "time": "2009-04-22T18:45:00+00:00",
            "course": 336.321,
            "speed": 6.046,
            "depth": 0.0
          },
          {
            "time": "2009-04-22T18:46:00+00:00",
            "course": 336.321,
            "speed": 6.046,
            "depth": 0.0
          }
        ],
        "style": {
          "line": {
            "color": "#808080"
          },
          "point": {
            "shape": "circle",
            "radius": 3.0,
            "fill_color": "#808080",
            "color": "#808080"
          }
        },
        "default_position_style": {
          "show_symbol": false,
          "symbol": "circle",
          "show_label": false
        },
        "symbol_interval": "PT1M",
        "label_interval": "PT5M",
        "provenance": [
          {
            "activity_id": "c757ff6d-1b0a-4038-a2a0-17d9cccbac10",
            "timestamp": "2026-04-13T23:12:33.240621Z",
            "was_generated_by": {
              "tool": "dpf-parser",
              "tool_version": "1.0.0",
              "parameters": []
            },
            "used": [],
            "generated": [
              "2402f94d-48cf-477c-ae7f-ac5bf86dc731"
            ],
            "execution_duration": "PT0.005511S"
          }
        ]
      }
    }
  ]
}