{
  "type": "FeatureCollection",
  "features": [
    {
      "type": "Feature",
      "id": "95e911a0-f336-40ec-aa97-e7c5f80aafee",
      "geometry": {
        "type": "LineString",
        "coordinates": [
          [
            29.9800744,
            4.9818109
          ],
          [
            29.9800063,
            4.9816921
          ],
          [
            29.9799182,
            4.9815427
          ],
          [
            29.9798391,
            4.981412
          ],
          [
            29.979756,
            4.9812825
          ],
          [
            29.9796683,
            4.9811547
          ],
          [
            29.9795775,
            4.9810318
          ],
          [
            29.9794827,
            4.980912
          ],
          [
            29.9793839,
            4.9807954
          ],
          [
            29.9792803,
            4.9806829
          ],
          [
            29.9791723,
            4.9805748
          ],
          [
            29.9790604,
            4.9804716
          ],
          [
            29.9789433,
            4.9803727
          ],
          [
            29.9788213,
            4.9802799
          ],
          [
            29.9786974,
            4.9801933
          ],
          [
            29.9785727,
            4.9801119
          ],
          [
            29.97846,
            4.9800421
          ],
          [
            29.9783126,
            4.9799539
          ],
          [
            29.9781804,
            4.9798776
          ],
          [
            29.9780502,
            4.9798037
          ],
          [
            29.9779206,
            4.9797319
          ],
          [
            29.977789,
            4.979659
          ],
          [
            29.9776574,
            4.9795854
          ],
          [
            29.9775264,
            4.9795122
          ],
          [
            29.9773959,
            4.9794397
          ],
          [
            29.9772639,
            4.979366
          ],
          [
            29.9771313,
            4.9792911
          ],
          [
            29.9769996,
            4.9792153
          ],
          [
            29.9768666,
            4.9791374
          ],
          [
            29.9767311,
            4.9790571
          ],
          [
            29.976594,
            4.9789753
          ],
          [
            29.9764749,
            4.978904
          ],
          [
            29.97632,
            4.9788113
          ],
          [
            29.9761808,
            4.9787286
          ],
          [
            29.9760408,
            4.9786451
          ],
          [
            29.9758991,
            4.9785614
          ],
          [
            29.9757567,
            4.9784776
          ],
          [
            29.9756117,
            4.9783929
          ],
          [
            29.9754646,
            4.9783083
          ],
          [
            29.9753165,
            4.9782239
          ],
          [
            29.9751682,
            4.9781397
          ],
          [
            29.9750193,
            4.9780552
          ],
          [
            29.9748704,
            4.9779705
          ],
          [
            29.974719,
            4.9778837
          ],
          [
            29.9745654,
            4.9777953
          ],
          [
            29.9744124,
            4.9777075
          ],
          [
            29.9742786,
            4.9776306
          ],
          [
            29.9741076,
            4.9775314
          ],
          [
            29.9739549,
            4.9774417
          ],
          [
            29.9738011,
            4.9773507
          ],
          [
            29.9736493,
            4.9772594
          ],
          [
            29.9734966,
            4.9771674
          ],
          [
            29.9733429,
            4.9770742
          ],
          [
            29.9731893,
            4.9769809
          ],
          [
            29.9730342,
            4.9768871
          ],
          [
            29.9728756,
            4.9767911
          ],
          [
            29.9727153,
            4.9766945
          ],
          [
            29.9725547,
            4.9765998
          ],
          [
            29.9723967,
            4.976508
          ],
          [
            29.9722378,
            4.9764156
          ],
          [
            29.9720779,
            4.9763225
          ],
          [
            29.9719391,
            4.9762407
          ],
          [
            29.9717607,
            4.9761352
          ],
          [
            29.9716021,
            4.9760407
          ],
          [
            29.971445,
            4.975946
          ],
          [
            29.9712883,
            4.9758512
          ],
          [
            29.9711308,
            4.9757557
          ],
          [
            29.970973,
            4.9756606
          ],
          [
            29.9708153,
            4.9755662
          ],
          [
            29.9706533,
            4.9754702
          ],
          [
            29.970491,
            4.9753754
          ],
          [
            29.9703281,
            4.9752817
          ],
          [
            29.9701652,
            4.9751872
          ],
          [
            29.9700013,
            4.9750907
          ],
          [
            29.9698365,
            4.9749951
          ],
          [
            29.9696725,
            4.9748997
          ],
          [
            29.969529,
            4.9748154
          ],
          [
            29.969344,
            4.9747056
          ],
          [
            29.9691814,
            4.9746069
          ],
          [
            29.9690207,
            4.9745088
          ],
          [
            29.9688592,
            4.9744113
          ],
          [
            29.9686961,
            4.9743143
          ],
          [
            29.9685322,
            4.9742185
          ],
          [
            29.9683675,
            4.9741227
          ],
          [
            29.9682017,
            4.9740273
          ],
          [
            29.9680368,
            4.973934
          ],
          [
            29.9678718,
            4.9738418
          ],
          [
            29.9677088,
            4.9737506
          ],
          [
            29.9675456,
            4.9736588
          ],
          [
            29.9673835,
            4.9735652
          ],
          [
            29.9672218,
            4.9734708
          ],
          [
            29.9670804,
            4.9733869
          ],
          [
            29.9669001,
            4.9732789
          ],
          [
            29.9667403,
            4.9731828
          ],
          [
            29.9665801,
            4.973086
          ],
          [
            29.9664187,
            4.9729897
          ],
          [
            29.9662552,
            4.9728935
          ],
          [
            29.9660924,
            4.9727989
          ],
          [
            29.9659306,
            4.9727047
          ],
          [
            29.9657688,
            4.9726113
          ],
          [
            29.9656066,
            4.9725178
          ],
          [
            29.9654454,
            4.9724249
          ],
          [
            29.9652847,
            4.9723302
          ],
          [
            29.9651246,
            4.972234
          ],
          [
            29.9649643,
            4.9721373
          ],
          [
            29.9648044,
            4.97204
          ],
          [
            29.9646636,
            4.9719546
          ],
          [
            29.9644812,
            4.9718452
          ],
          [
            29.9643159,
            4.971749
          ],
          [
            29.964153,
            4.971656
          ],
          [
            29.9639894,
            4.9715627
          ],
          [
            29.9638262,
            4.9714687
          ],
          [
            29.9636644,
            4.9713761
          ],
          [
            29.9635015,
            4.9712817
          ],
          [
            29.9633371,
            4.9711853
          ],
          [
            29.9631726,
            4.971087
          ],
          [
            29.9630085,
            4.9709893
          ],
          [
            29.9628459,
            4.970893
          ],
          [
            29.9626851,
            4.9707972
          ],
          [
            29.9625225,
            4.9707007
          ],
          [
            29.9623598,
            4.9706045
          ],
          [
            29.9622168,
            4.9705201
          ],
          [
            29.9620312,
            4.9704104
          ],
          [
            29.9618653,
            4.9703129
          ],
          [
            29.9616988,
            4.970215
          ],
          [
            29.9615315,
            4.9701171
          ],
          [
            29.9613645,
            4.9700201
          ],
          [
            29.9611965,
            4.9699233
          ],
          [
            29.9610299,
            4.9698277
          ],
          [
            29.9608646,
            4.9697323
          ],
          [
            29.9606985,
            4.9696374
          ],
          [
            29.9605329,
            4.9695432
          ],
          [
            29.9603666,
            4.9694479
          ],
          [
            29.9602005,
            4.9693523
          ],
          [
            29.9600341,
            4.9692564
          ],
          [
            29.9598686,
            4.9691598
          ],
          [
            29.9597255,
            4.9690762
          ],
          [
            29.9595425,
            4.9689686
          ],
          [
            29.9593787,
            4.9688706
          ],
          [
            29.9592154,
            4.9687725
          ],
          [
            29.959052,
            4.9686744
          ],
          [
            29.9588886,
            4.9685765
          ],
          [
            29.9587261,
            4.9684798
          ],
          [
            29.9585627,
            4.9683833
          ],
          [
            29.9584015,
            4.9682883
          ],
          [
            29.9582386,
            4.9681937
          ],
          [
            29.9580754,
            4.9680999
          ],
          [
            29.9579111,
            4.9680048
          ],
          [
            29.9577454,
            4.9679085
          ],
          [
            29.9575802,
            4.9678113
          ],
          [
            29.9574187,
            4.9677146
          ],
          [
            29.957277,
            4.9676292
          ],
          [
            29.9570948,
            4.9675196
          ],
          [
            29.9569351,
            4.9674248
          ],
          [
            29.9567746,
            4.9673299
          ],
          [
            29.9566136,
            4.9672345
          ],
          [
            29.9564506,
            4.9671386
          ],
          [
            29.9562871,
            4.9670437
          ],
          [
            29.9561219,
            4.9669496
          ],
          [
            29.9559552,
            4.966855
          ],
          [
            29.9557898,
            4.9667612
          ],
          [
            29.9556247,
            4.9666676
          ],
          [
            29.9554596,
            4.9665731
          ],
          [
            29.9552954,
            4.9664795
          ],
          [
            29.9551334,
            4.966385
          ],
          [
            29.9549702,
            4.966288
          ],
          [
            29.9548272,
            4.9662023
          ],
          [
            29.9546423,
            4.9660914
          ],
          [
            29.9544797,
            4.9659964
          ],
          [
            29.9543166,
            4.9659023
          ],
          [
            29.954152,
            4.9658079
          ],
          [
            29.9539876,
            4.9657131
          ],
          [
            29.9538217,
            4.9656163
          ],
          [
            29.9536559,
            4.9655203
          ],
          [
            29.9534934,
            4.9654281
          ],
          [
            29.9533312,
            4.9653361
          ],
          [
            29.9531694,
            4.9652435
          ],
          [
            29.9530079,
            4.9651502
          ],
          [
            29.9528474,
            4.9650561
          ],
          [
            29.9526888,
            4.9649609
          ],
          [
            29.9525302,
            4.9648651
          ],
          [
            29.9523899,
            4.9647812
          ],
          [
            29.9522112,
            4.9646754
          ],
          [
            29.9520489,
            4.9645821
          ],
          [
            29.9518847,
            4.9644885
          ],
          [
            29.9517205,
            4.9643948
          ],
          [
            29.951556,
            4.9643001
          ],
          [
            29.9513914,
            4.9642034
          ],
          [
            29.9512269,
            4.964105
          ],
          [
            29.951064,
            4.964007
          ],
          [
            29.950902,
            4.9639103
          ],
          [
            29.9507423,
            4.9638156
          ],
          [
            29.9505823,
            4.9637219
          ],
          [
            29.9504217,
            4.9636287
          ],
          [
            29.9502577,
            4.9635347
          ],
          [
            29.9500929,
            4.9634413
          ],
          [
            29.949949,
            4.9633597
          ],
          [
            29.9497656,
            4.9632561
          ],
          [
            29.9496024,
            4.9631644
          ],
          [
            29.9494393,
            4.9630734
          ],
          [
            29.9492759,
            4.962982
          ],
          [
            29.9491152,
            4.9628904
          ],
          [
            29.9489528,
            4.9627958
          ],
          [
            29.9487927,
            4.9627003
          ],
          [
            29.9486344,
            4.9626047
          ],
          [
            29.9484754,
            4.9625081
          ],
          [
            29.9483143,
            4.9624113
          ],
          [
            29.9481509,
            4.9623162
          ],
          [
            29.9479871,
            4.9622218
          ],
          [
            29.9478235,
            4.9621278
          ],
          [
            29.9476607,
            4.9620353
          ],
          [
            29.9475172,
            4.9619544
          ],
          [
            29.9473315,
            4.9618491
          ],
          [
            29.9471653,
            4.9617544
          ],
          [
            29.9470002,
            4.9616607
          ],
          [
            29.9468387,
            4.9615705
          ],
          [
            29.9466761,
            4.9614801
          ],
          [
            29.9465122,
            4.961388
          ],
          [
            29.9463504,
            4.9612954
          ],
          [
            29.9461901,
            4.9612016
          ],
          [
            29.9460309,
            4.9611061
          ],
          [
            29.9458704,
            4.961009
          ],
          [
            29.9457108,
            4.9609126
          ],
          [
            29.9455508,
            4.9608169
          ],
          [
            29.945389,
            4.9607228
          ],
          [
            29.9452253,
            4.9606289
          ],
          [
            29.945083,
            4.9605485
          ],
          [
            29.9449009,
            4.960446
          ],
          [
            29.9447378,
            4.9603543
          ],
          [
            29.9445764,
            4.9602617
          ],
          [
            29.9444138,
            4.9601666
          ],
          [
            29.9442499,
            4.9600694
          ],
          [
            29.9440875,
            4.959972
          ],
          [
            29.9439255,
            4.9598732
          ],
          [
            29.9437645,
            4.9597742
          ],
          [
            29.9436015,
            4.9596754
          ],
          [
            29.943437,
            4.9595779
          ],
          [
            29.9432722,
            4.9594837
          ],
          [
            29.9431097,
            4.9593908
          ],
          [
            29.9429492,
            4.9592981
          ],
          [
            29.9427884,
            4.9592046
          ],
          [
            29.9426452,
            4.9591197
          ],
          [
            29.9424596,
            4.95901
          ],
          [
            29.9422984,
            4.9589127
          ],
          [
            29.9421331,
            4.9588143
          ],
          [
            29.9419666,
            4.9587164
          ],
          [
            29.9418007,
            4.9586205
          ],
          [
            29.9416367,
            4.9585272
          ],
          [
            29.9414737,
            4.9584338
          ],
          [
            29.941314,
            4.9583419
          ],
          [
            29.9411522,
            4.9582477
          ],
          [
            29.9409897,
            4.9581518
          ],
          [
            29.9408274,
            4.9580549
          ],
          [
            29.9406651,
            4.9579566
          ],
          [
            29.9405013,
            4.9578572
          ],
          [
            29.9403393,
            4.9577611
          ],
          [
            29.940199,
            4.9576792
          ],
          [
            29.9400197,
            4.9575761
          ],
          [
            29.9398608,
            4.9574836
          ],
          [
            29.9397008,
            4.9573915
          ],
          [
            29.9395398,
            4.9572989
          ],
          [
            29.9393768,
            4.9572047
          ],
          [
            29.9392143,
            4.9571109
          ],
          [
            29.9390534,
            4.9570182
          ],
          [
            29.9388915,
            4.9569243
          ],
          [
            29.9387275,
            4.9568281
          ],
          [
            29.9385639,
            4.9567319
          ],
          [
            29.9384009,
            4.9566368
          ],
          [
            29.938238,
            4.9565416
          ],
          [
            29.9380725,
            4.9564458
          ],
          [
            29.9379076,
            4.9563517
          ],
          [
            29.9377642,
            4.9562693
          ],
          [
            29.9375809,
            4.9561631
          ],
          [
            29.9374181,
            4.9560678
          ],
          [
            29.9372575,
            4.9559723
          ],
          [
            29.9370966,
            4.955876
          ],
          [
            29.9369363,
            4.9557793
          ],
          [
            29.9367769,
            4.9556827
          ],
          [
            29.9366154,
            4.9555843
          ],
          [
            29.9364546,
            4.9554864
          ],
          [
            29.9362931,
            4.9553896
          ],
          [
            29.9361309,
            4.955294
          ],
          [
            29.9359672,
            4.9551979
          ],
          [
            29.9358033,
            4.9551015
          ],
          [
            29.9356386,
            4.9550058
          ],
          [
            29.9354724,
            4.9549103
          ],
          [
            29.9353265,
            4.9548275
          ],
          [
            29.93514,
            4.9547228
          ],
          [
            29.934977,
            4.9546307
          ],
          [
            29.9348128,
            4.954537
          ],
          [
            29.9346464,
            4.954442
          ],
          [
            29.9344813,
            4.9543484
          ],
          [
            29.9343187,
            4.9542556
          ],
          [
            29.9341561,
            4.9541599
          ],
          [
            29.9339943,
            4.9540635
          ],
          [
            29.9338342,
            4.9539667
          ],
          [
            29.9336733,
            4.9538687
          ],
          [
            29.9335117,
            4.9537707
          ],
          [
            29.933349,
            4.953673
          ],
          [
            29.9331872,
            4.9535767
          ],
          [
            29.9330248,
            4.9534821
          ],
          [
            29.9328815,
            4.9533982
          ],
          [
            29.9326961,
            4.9532899
          ],
          [
            29.9325316,
            4.9531937
          ],
          [
            29.9323686,
            4.9531002
          ],
          [
            29.9322085,
            4.9530098
          ],
          [
            29.9320444,
            4.9529166
          ],
          [
            29.9318823,
            4.9528238
          ],
          [
            29.9317219,
            4.9527302
          ],
          [
            29.9315608,
            4.9526364
          ],
          [
            29.931401,
            4.9525425
          ],
          [
            29.9312408,
            4.9524485
          ],
          [
            29.9310793,
            4.9523525
          ],
          [
            29.9309175,
            4.9522561
          ],
          [
            29.930755,
            4.9521603
          ],
          [
            29.9305933,
            4.9520652
          ],
          [
            29.9304533,
            4.9519834
          ],
          [
            29.9302743,
            4.9518798
          ],
          [
            29.9301145,
            4.9517888
          ],
          [
            29.9299556,
            4.9516979
          ],
          [
            29.929796,
            4.9516067
          ],
          [
            29.9296349,
            4.9515151
          ],
          [
            29.9294739,
            4.9514225
          ],
          [
            29.9293151,
            4.9513297
          ],
          [
            29.9291555,
            4.9512363
          ],
          [
            29.9289957,
            4.9511425
          ],
          [
            29.9288378,
            4.9510504
          ],
          [
            29.9286809,
            4.9509591
          ],
          [
            29.9285215,
            4.9508667
          ],
          [
            29.9283614,
            4.9507726
          ],
          [
            29.9282011,
            4.9506789
          ],
          [
            29.9280605,
            4.9505968
          ],
          [
            29.9278776,
            4.9504906
          ],
          [
            29.9277145,
            4.9503966
          ],
          [
            29.9275535,
            4.9503048
          ],
          [
            29.9273922,
            4.9502128
          ],
          [
            29.9272314,
            4.9501199
          ],
          [
            29.9270701,
            4.9500248
          ],
          [
            29.9269095,
            4.9499295
          ],
          [
            29.9267495,
            4.9498338
          ],
          [
            29.9265894,
            4.9497382
          ],
          [
            29.9264318,
            4.949645
          ],
          [
            29.9262744,
            4.9495529
          ],
          [
            29.9261169,
            4.9494603
          ],
          [
            29.9259583,
            4.9493688
          ],
          [
            29.9257988,
            4.9492788
          ],
          [
            29.9256581,
            4.9491995
          ],
          [
            29.9254785,
            4.9490961
          ],
          [
            29.9253167,
            4.9490027
          ],
          [
            29.9251532,
            4.9489078
          ],
          [
            29.9249914,
            4.9488137
          ],
          [
            29.924831,
            4.94872
          ],
          [
            29.9246707,
            4.9486257
          ],
          [
            29.9245116,
            4.9485312
          ],
          [
            29.9243525,
            4.9484356
          ],
          [
            29.924192,
            4.9483393
          ],
          [
            29.9240308,
            4.9482426
          ],
          [
            29.923872,
            4.9481478
          ],
          [
            29.923714,
            4.9480538
          ],
          [
            29.9235547,
            4.9479598
          ],
          [
            29.9233918,
            4.9478646
          ],
          [
            29.9232488,
            4.9477816
          ],
          [
            29.9230664,
            4.9476764
          ],
          [
            29.9229033,
            4.9475837
          ],
          [
            29.9227383,
            4.9474906
          ],
          [
            29.9225727,
            4.9473971
          ],
          [
            29.9224089,
            4.9473041
          ],
          [
            29.9222479,
            4.9472109
          ],
          [
            29.9220892,
            4.9471174
          ],
          [
            29.9219304,
            4.9470219
          ],
          [
            29.9217714,
            4.9469245
          ],
          [
            29.9216129,
            4.9468264
          ],
          [
            29.9214544,
            4.9467303
          ],
          [
            29.9212958,
            4.9466351
          ],
          [
            29.9211391,
            4.9465412
          ],
          [
            29.9209815,
            4.9464467
          ],
          [
            29.9208423,
            4.9463641
          ],
          [
            29.9206613,
            4.9462588
          ],
          [
            29.9205005,
            4.9461645
          ],
          [
            29.920341,
            4.9460723
          ],
          [
            29.9201825,
            4.9459822
          ],
          [
            29.9200245,
            4.9458926
          ],
          [
            29.919865,
            4.9458012
          ],
          [
            29.919705,
            4.9457113
          ],
          [
            29.9195476,
            4.9456214
          ],
          [
            29.9193889,
            4.9455301
          ],
          [
            29.9192317,
            4.9454399
          ],
          [
            29.9190754,
            4.9453496
          ],
          [
            29.9189184,
            4.945259
          ],
          [
            29.9187562,
            4.9451657
          ],
          [
            29.9185934,
            4.9450718
          ],
          [
            29.918452,
            4.9449897
          ],
          [
            29.9182702,
            4.9448852
          ],
          [
            29.9181087,
            4.9447927
          ],
          [
            29.9179482,
            4.9447
          ],
          [
            29.9177902,
            4.9446089
          ],
          [
            29.9176317,
            4.9445172
          ],
          [
            29.917471,
            4.9444241
          ],
          [
            29.9173078,
            4.9443288
          ],
          [
            29.9171451,
            4.944234
          ],
          [
            29.9169867,
            4.9441422
          ],
          [
            29.9168302,
            4.9440507
          ],
          [
            29.9166723,
            4.9439588
          ],
          [
            29.9165146,
            4.9438657
          ],
          [
            29.9163555,
            4.94377
          ],
          [
            29.9161928,
            4.9436724
          ],
          [
            29.9160513,
            4.9435891
          ],
          [
            29.915873,
            4.9434859
          ],
          [
            29.9157136,
            4.9433929
          ],
          [
            29.9155523,
            4.9432988
          ],
          [
            29.9153915,
            4.9432072
          ],
          [
            29.9152307,
            4.9431159
          ],
          [
            29.9150721,
            4.9430259
          ],
          [
            29.9149134,
            4.9429346
          ],
          [
            29.9147541,
            4.9428419
          ],
          [
            29.9145943,
            4.9427475
          ],
          [
            29.9144325,
            4.9426512
          ],
          [
            29.9142711,
            4.9425563
          ],
          [
            29.9141089,
            4.9424621
          ],
          [
            29.9139456,
            4.9423683
          ],
          [
            29.9137843,
            4.9422764
          ],
          [
            29.913644,
            4.9421983
          ],
          [
            29.9134669,
            4.9420981
          ],
          [
            29.9133102,
            4.9420084
          ],
          [
            29.9131545,
            4.9419178
          ],
          [
            29.912998,
            4.9418251
          ],
          [
            29.9128408,
            4.9417312
          ],
          [
            29.9126865,
            4.9416375
          ],
          [
            29.9125329,
            4.9415434
          ],
          [
            29.9123779,
            4.9414496
          ],
          [
            29.9122205,
            4.9413553
          ],
          [
            29.9120645,
            4.941263
          ],
          [
            29.9119085,
            4.9411708
          ],
          [
            29.9117518,
            4.9410783
          ],
          [
            29.9115941,
            4.9409852
          ],
          [
            29.9114355,
            4.9408936
          ],
          [
            29.9112998,
            4.9408154
          ],
          [
            29.9111259,
            4.9407155
          ],
          [
            29.9109709,
            4.940626
          ],
          [
            29.9108151,
            4.9405349
          ],
          [
            29.9106602,
            4.9404429
          ],
          [
            29.9105061,
            4.9403497
          ],
          [
            29.9103514,
            4.9402545
          ],
          [
            29.9101953,
            4.9401603
          ],
          [
            29.9100375,
            4.9400674
          ],
          [
            29.9098786,
            4.939975
          ],
          [
            29.9097212,
            4.9398844
          ],
          [
            29.9095645,
            4.9397941
          ],
          [
            29.9094076,
            4.9397025
          ],
          [
            29.9092504,
            4.9396094
          ],
          [
            29.9090939,
            4.9395166
          ],
          [
            29.9089565,
            4.939436
          ],
          [
            29.9087809,
            4.9393341
          ],
          [
            29.9086255,
            4.9392436
          ],
          [
            29.9084711,
            4.939153
          ],
          [
            29.908314,
            4.9390619
          ],
          [
            29.9081549,
            4.9389713
          ],
          [
            29.9079959,
            4.938879
          ],
          [
            29.9078357,
            4.9387852
          ],
          [
            29.9076742,
            4.9386906
          ],
          [
            29.9075123,
            4.9385966
          ],
          [
            29.9073495,
            4.9385033
          ],
          [
            29.9071872,
            4.9384109
          ],
          [
            29.9070254,
            4.9383182
          ],
          [
            29.9068659,
            4.9382246
          ],
          [
            29.9067096,
            4.9381328
          ],
          [
            29.9065735,
            4.938052
          ],
          [
            29.9063991,
            4.9379465
          ],
          [
            29.9062453,
            4.9378514
          ],
          [
            29.9060912,
            4.937756
          ],
          [
            29.9059357,
            4.9376607
          ],
          [
            29.9057811,
            4.9375676
          ],
          [
            29.9056254,
            4.9374741
          ],
          [
            29.9054683,
            4.93738
          ],
          [
            29.9053093,
            4.9372864
          ],
          [
            29.90515,
            4.9371945
          ],
          [
            29.9049908,
            4.9371041
          ],
          [
            29.9048323,
            4.937014
          ],
          [
            29.9046722,
            4.9369212
          ],
          [
            29.904514,
            4.9368292
          ],
          [
            29.9043551,
            4.9367366
          ],
          [
            29.9042174,
            4.936656
          ],
          [
            29.9040419,
            4.9365531
          ],
          [
            29.9038843,
            4.9364606
          ],
          [
            29.9037221,
            4.9363643
          ],
          [
            29.9035576,
            4.9362658
          ],
          [
            29.9033929,
            4.9361664
          ],
          [
            29.9032278,
            4.9360678
          ],
          [
            29.903063,
            4.93597
          ],
          [
            29.9028989,
            4.9358739
          ],
          [
            29.9027356,
            4.9357794
          ],
          [
            29.9025745,
            4.9356849
          ],
          [
            29.9024136,
            4.9355899
          ],
          [
            29.9022543,
            4.9354959
          ],
          [
            29.9020948,
            4.9354008
          ],
          [
            29.9019384,
            4.935307
          ],
          [
            29.9018007,
            4.9352264
          ],
          [
            29.9016235,
            4.9351247
          ],
          [
            29.9014652,
            4.9350357
          ],
          [
            29.9013075,
            4.9349464
          ],
          [
            29.9011493,
            4.9348563
          ],
          [
            29.9009911,
            4.934765
          ],
          [
            29.900834,
            4.9346724
          ],
          [
            29.9006788,
            4.9345802
          ],
          [
            29.9005234,
            4.9344869
          ],
          [
            29.9003672,
            4.9343929
          ],
          [
            29.9002109,
            4.9342996
          ],
          [
            29.9000541,
            4.9342102
          ],
          [
            29.8998974,
            4.9341222
          ],
          [
            29.8997418,
            4.9340336
          ],
          [
            29.8995865,
            4.9339445
          ],
          [
            29.8994502,
            4.9338648
          ],
          [
            29.8992741,
            4.9337595
          ],
          [
            29.8991178,
            4.9336642
          ],
          [
            29.8989608,
            4.9335686
          ],
          [
            29.8988044,
            4.9334728
          ],
          [
            29.8986491,
            4.9333793
          ],
          [
            29.8984937,
            4.9332889
          ],
          [
            29.8983357,
            4.9331979
          ],
          [
            29.898177,
            4.9331065
          ],
          [
            29.8980208,
            4.9330175
          ],
          [
            29.8978649,
            4.9329296
          ],
          [
            29.8977081,
            4.9328409
          ],
          [
            29.8975524,
            4.9327511
          ],
          [
            29.8973953,
            4.9326592
          ],
          [
            29.8972391,
            4.9325666
          ],
          [
            29.8971032,
            4.9324848
          ],
          [
            29.8969293,
            4.93238
          ],
          [
            29.8967771,
            4.9322879
          ],
          [
            29.8966241,
            4.9321958
          ],
          [
            29.8964711,
            4.9321029
          ],
          [
            29.8963172,
            4.93201
          ],
          [
            29.8961618,
            4.9319168
          ],
          [
            29.8960072,
            4.9318249
          ],
          [
            29.8958525,
            4.9317343
          ],
          [
            29.8957008,
            4.9316457
          ],
          [
            29.8955474,
            4.9315556
          ],
          [
            29.8953926,
            4.9314634
          ],
          [
            29.8952378,
            4.9313706
          ],
          [
            29.8950853,
            4.931279
          ],
          [
            29.8949343,
            4.9311886
          ],
          [
            29.8948025,
            4.9311102
          ],
          [
            29.894635,
            4.9310108
          ],
          [
            29.8944865,
            4.9309226
          ],
          [
            29.8943377,
            4.9308336
          ],
          [
            29.8941894,
            4.9307451
          ],
          [
            29.8940389,
            4.9306552
          ],
          [
            29.8938861,
            4.9305641
          ],
          [
            29.8937347,
            4.9304751
          ],
          [
            29.8935839,
            4.9303878
          ],
          [
            29.8934317,
            4.9302995
          ],
          [
            29.8932804,
            4.9302109
          ],
          [
            29.8931308,
            4.9301216
          ],
          [
            29.8929796,
            4.9300315
          ],
          [
            29.8928289,
            4.9299419
          ],
          [
            29.8926766,
            4.9298514
          ],
          [
            29.8925421,
            4.9297712
          ],
          [
            29.8923689,
            4.9296684
          ],
          [
            29.8922147,
            4.9295776
          ],
          [
            29.8920599,
            4.9294868
          ],
          [
            29.8919068,
            4.9293962
          ],
          [
            29.8917548,
            4.929306
          ],
          [
            29.8916009,
            4.9292161
          ],
          [
            29.8914478,
            4.9291261
          ],
          [
            29.8912965,
            4.9290377
          ],
          [
            29.8911439,
            4.9289484
          ],
          [
            29.8909914,
            4.9288591
          ],
          [
            29.8908376,
            4.9287682
          ],
          [
            29.8906856,
            4.9286772
          ],
          [
            29.8905367,
            4.9285876
          ],
          [
            29.8903867,
            4.9284968
          ],
          [
            29.8902525,
            4.928416
          ],
          [
            29.8900792,
            4.9283126
          ],
          [
            29.8899246,
            4.928221
          ],
          [
            29.8897703,
            4.9281295
          ],
          [
            29.8896173,
            4.9280387
          ],
          [
            29.889463,
            4.9279479
          ],
          [
            29.8893088,
            4.927857
          ],
          [
            29.8891531,
            4.9277672
          ],
          [
            29.8889975,
            4.927678
          ],
          [
            29.8888424,
            4.9275886
          ],
          [
            29.8886866,
            4.9274997
          ],
          [
            29.8885309,
            4.9274105
          ],
          [
            29.8883759,
            4.927321
          ]
        ]
      },
      "properties": {
        "kind": "TRACK",
        "platform_id": "NONSUCH",
        "platform_name": "NONSUCH",
        "track_type": "CONTACT",
        "start_time": "2009-07-22T04:08:20+00:00",
        "end_time": "2009-07-22T05:26:04+00:00",
        "positions": [
          {
            "time": "2009-07-22T04:08:20+00:00",
            "course": 209.72,
            "speed": 4.22,
            "depth": 30.98
          },
          {
            "time": "2009-07-22T04:08:27+00:00",
            "course": 210.43,
            "speed": 4.16,
            "depth": 30.98
          },
          {
            "time": "2009-07-22T04:08:36+00:00",
            "course": 211.12,
            "speed": 4.12,
            "depth": 30.98
          },
          {
            "time": "2009-07-22T04:08:44+00:00",
            "course": 212.58,
            "speed": 4.15,
            "depth": 30.98
          },
          {
            "time": "2009-07-22T04:08:52+00:00",
            "course": 214.36,
            "speed": 4.18,
            "depth": 30.98
          },
          {
            "time": "2009-07-22T04:09:00+00:00",
            "course": 216.32,
            "speed": 4.12,
            "depth": 30.98
          },
          {
            "time": "2009-07-22T04:09:08+00:00",
            "course": 218.28,
            "speed": 4.12,
            "depth": 30.98
          },
          {
            "time": "2009-07-22T04:09:16+00:00",
            "course": 220.16,
            "speed": 4.12,
            "depth": 30.98
          },
          {
            "time": "2009-07-22T04:09:24+00:00",
            "course": 222.53,
            "speed": 4.12,
            "depth": 30.98
          },
          {
            "time": "2009-07-22T04:09:32+00:00",
            "course": 224.87,
            "speed": 4.12,
            "depth": 30.98
          },
          {
            "time": "2009-07-22T04:09:40+00:00",
            "course": 227.21,
            "speed": 4.1,
            "depth": 30.98
          },
          {
            "time": "2009-07-22T04:09:48+00:00",
            "course": 229.69,
            "speed": 4.13,
            "depth": 30.98
          },
          {
            "time": "2009-07-22T04:09:56+00:00",
            "course": 232.65,
            "speed": 4.13,
            "depth": 30.98
          },
          {
            "time": "2009-07-22T04:10:04+00:00",
            "course": 234.97,
            "speed": 4.07,
            "depth": 30.98
          },
          {
            "time": "2009-07-22T04:10:12+00:00",
            "course": 236.73,
            "speed": 4.01,
            "depth": 30.98
          },
          {
            "time": "2009-07-22T04:10:20+00:00",
            "course": 238.15,
            "speed": 4.08,
            "depth": 30.98
          },
          {
            "time": "2009-07-22T04:10:27+00:00",
            "course": 239.01,
            "speed": 4.11,
            "depth": 30.98
          },
          {
            "time": "2009-07-22T04:10:36+00:00",
            "course": 239.9,
            "speed": 4.11,
            "depth": 30.98
          },
          {
            "time": "2009-07-22T04:10:44+00:00",
            "course": 240.34,
            "speed": 4.03,
            "depth": 30.98
          },
          {
            "time": "2009-07-22T04:10:52+00:00",
            "course": 240.92,
            "speed": 3.99,
            "depth": 30.98
          },
          {
            "time": "2009-07-22T04:11:00+00:00",
            "course": 240.92,
            "speed": 4.05,
            "depth": 30.98
          },
          {
            "time": "2009-07-22T04:11:08+00:00",
            "course": 240.69,
            "speed": 4.06,
            "depth": 30.98
          },
          {
            "time": "2009-07-22T04:11:16+00:00",
            "course": 240.73,
            "speed": 4.04,
            "depth": 30.98
          },
          {
            "time": "2009-07-22T04:11:24+00:00",
            "course": 240.84,
            "speed": 4.02,
            "depth": 30.98
          },
          {
            "time": "2009-07-22T04:11:32+00:00",
            "course": 240.72,
            "speed": 4.07,
            "depth": 30.98
          },
          {
            "time": "2009-07-22T04:11:40+00:00",
            "course": 240.46,
            "speed": 4.1,
            "depth": 30.98
          },
          {
            "time": "2009-07-22T04:11:48+00:00",
            "course": 239.96,
            "speed": 4.09,
            "depth": 30.98
          },
          {
            "time": "2009-07-22T04:11:56+00:00",
            "course": 239.58,
            "speed": 4.15,
            "depth": 30.98
          },
          {
            "time": "2009-07-22T04:12:04+00:00",
            "course": 239.25,
            "speed": 4.24,
            "depth": 30.98
          },
          {
            "time": "2009-07-22T04:12:12+00:00",
            "course": 239.08,
            "speed": 4.3,
            "depth": 30.98
          },
          {
            "time": "2009-07-22T04:12:20+00:00",
            "course": 238.99,
            "speed": 4.27,
            "depth": 30.98
          },
          {
            "time": "2009-07-22T04:12:27+00:00",
            "course": 239.0,
            "speed": 4.32,
            "depth": 30.98
          },
          {
            "time": "2009-07-22T04:12:36+00:00",
            "course": 239.18,
            "speed": 4.36,
            "depth": 30.98
          },
          {
            "time": "2009-07-22T04:12:44+00:00",
            "course": 239.12,
            "speed": 4.39,
            "depth": 30.98
          },
          {
            "time": "2009-07-22T04:12:52+00:00",
            "course": 239.32,
            "speed": 4.43,
            "depth": 30.98
          },
          {
            "time": "2009-07-22T04:13:00+00:00",
            "course": 239.42,
            "speed": 4.45,
            "depth": 30.98
          },
          {
            "time": "2009-07-22T04:13:08+00:00",
            "course": 239.64,
            "speed": 4.52,
            "depth": 30.98
          },
          {
            "time": "2009-07-22T04:13:16+00:00",
            "course": 239.98,
            "speed": 4.57,
            "depth": 30.98
          },
          {
            "time": "2009-07-22T04:13:24+00:00",
            "course": 240.23,
            "speed": 4.59,
            "depth": 30.98
          },
          {
            "time": "2009-07-22T04:13:32+00:00",
            "course": 240.33,
            "speed": 4.59,
            "depth": 30.98
          },
          {
            "time": "2009-07-22T04:13:40+00:00",
            "course": 240.35,
            "speed": 4.61,
            "depth": 30.98
          },
          {
            "time": "2009-07-22T04:13:48+00:00",
            "course": 240.26,
            "speed": 4.61,
            "depth": 30.98
          },
          {
            "time": "2009-07-22T04:13:56+00:00",
            "course": 240.07,
            "speed": 4.7,
            "depth": 30.98
          },
          {
            "time": "2009-07-22T04:14:04+00:00",
            "course": 239.99,
            "speed": 4.77,
            "depth": 30.98
          },
          {
            "time": "2009-07-22T04:14:12+00:00",
            "course": 240.06,
            "speed": 4.75,
            "depth": 30.98
          },
          {
            "time": "2009-07-22T04:14:20+00:00",
            "course": 240.03,
            "speed": 4.75,
            "depth": 30.98
          },
          {
            "time": "2009-07-22T04:14:27+00:00",
            "course": 239.77,
            "speed": 4.73,
            "depth": 30.98
          },
          {
            "time": "2009-07-22T04:14:36+00:00",
            "course": 239.47,
            "speed": 4.77,
            "depth": 30.98
          },
          {
            "time": "2009-07-22T04:14:44+00:00",
            "course": 239.29,
            "speed": 4.81,
            "depth": 30.98
          },
          {
            "time": "2009-07-22T04:14:52+00:00",
            "course": 238.89,
            "speed": 4.77,
            "depth": 30.98
          },
          {
            "time": "2009-07-22T04:15:00+00:00",
            "course": 238.82,
            "speed": 4.8,
            "depth": 30.98
          },
          {
            "time": "2009-07-22T04:15:08+00:00",
            "course": 238.71,
            "speed": 4.84,
            "depth": 30.98
          },
          {
            "time": "2009-07-22T04:15:16+00:00",
            "course": 238.6,
            "speed": 4.84,
            "depth": 30.98
          },
          {
            "time": "2009-07-22T04:15:24+00:00",
            "course": 238.76,
            "speed": 4.88,
            "depth": 30.98
          },
          {
            "time": "2009-07-22T04:15:32+00:00",
            "course": 238.71,
            "speed": 4.99,
            "depth": 30.98
          },
          {
            "time": "2009-07-22T04:15:40+00:00",
            "course": 238.82,
            "speed": 5.04,
            "depth": 30.98
          },
          {
            "time": "2009-07-22T04:15:48+00:00",
            "course": 239.38,
            "speed": 5.02,
            "depth": 30.98
          },
          {
            "time": "2009-07-22T04:15:56+00:00",
            "course": 239.76,
            "speed": 4.92,
            "depth": 30.98
          },
          {
            "time": "2009-07-22T04:16:04+00:00",
            "course": 239.73,
            "speed": 4.95,
            "depth": 30.98
          },
          {
            "time": "2009-07-22T04:16:12+00:00",
            "course": 239.69,
            "speed": 4.98,
            "depth": 30.98
          },
          {
            "time": "2009-07-22T04:16:20+00:00",
            "course": 239.39,
            "speed": 4.96,
            "depth": 30.98
          },
          {
            "time": "2009-07-22T04:16:27+00:00",
            "course": 239.3,
            "speed": 4.96,
            "depth": 30.98
          },
          {
            "time": "2009-07-22T04:16:36+00:00",
            "course": 239.14,
            "speed": 4.97,
            "depth": 30.98
          },
          {
            "time": "2009-07-22T04:16:44+00:00",
            "course": 238.8,
            "speed": 4.94,
            "depth": 30.98
          },
          {
            "time": "2009-07-22T04:16:52+00:00",
            "course": 238.73,
            "speed": 4.93,
            "depth": 30.98
          },
          {
            "time": "2009-07-22T04:17:00+00:00",
            "course": 238.67,
            "speed": 4.96,
            "depth": 30.98
          },
          {
            "time": "2009-07-22T04:17:08+00:00",
            "course": 238.85,
            "speed": 4.96,
            "depth": 30.98
          },
          {
            "time": "2009-07-22T04:17:16+00:00",
            "course": 238.99,
            "speed": 4.95,
            "depth": 30.98
          },
          {
            "time": "2009-07-22T04:17:24+00:00",
            "course": 239.25,
            "speed": 5.07,
            "depth": 30.98
          },
          {
            "time": "2009-07-22T04:17:32+00:00",
            "course": 239.62,
            "speed": 5.06,
            "depth": 30.98
          },
          {
            "time": "2009-07-22T04:17:40+00:00",
            "course": 240.0,
            "speed": 5.06,
            "depth": 30.98
          },
          {
            "time": "2009-07-22T04:17:48+00:00",
            "course": 239.79,
            "speed": 5.07,
            "depth": 30.98
          },
          {
            "time": "2009-07-22T04:17:56+00:00",
            "course": 239.42,
            "speed": 5.12,
            "depth": 30.98
          },
          {
            "time": "2009-07-22T04:18:04+00:00",
            "course": 239.78,
            "speed": 5.13,
            "depth": 30.98
          },
          {
            "time": "2009-07-22T04:18:12+00:00",
            "course": 239.73,
            "speed": 5.11,
            "depth": 30.98
          },
          {
            "time": "2009-07-22T04:18:20+00:00",
            "course": 239.45,
            "speed": 5.12,
            "depth": 30.98
          },
          {
            "time": "2009-07-22T04:18:27+00:00",
            "course": 239.22,
            "speed": 5.15,
            "depth": 30.98
          },
          {
            "time": "2009-07-22T04:18:36+00:00",
            "course": 238.65,
            "speed": 5.12,
            "depth": 30.98
          },
          {
            "time": "2009-07-22T04:18:44+00:00",
            "course": 238.5,
            "speed": 5.07,
            "depth": 30.98
          },
          {
            "time": "2009-07-22T04:18:52+00:00",
            "course": 238.78,
            "speed": 5.08,
            "depth": 30.98
          },
          {
            "time": "2009-07-22T04:19:00+00:00",
            "course": 239.17,
            "speed": 5.11,
            "depth": 30.98
          },
          {
            "time": "2009-07-22T04:19:08+00:00",
            "course": 239.61,
            "speed": 5.11,
            "depth": 30.98
          },
          {
            "time": "2009-07-22T04:19:16+00:00",
            "course": 239.71,
            "speed": 5.13,
            "depth": 30.98
          },
          {
            "time": "2009-07-22T04:19:24+00:00",
            "course": 239.99,
            "speed": 5.15,
            "depth": 30.98
          },
          {
            "time": "2009-07-22T04:19:32+00:00",
            "course": 240.41,
            "speed": 5.1,
            "depth": 30.98
          },
          {
            "time": "2009-07-22T04:19:40+00:00",
            "course": 240.7,
            "speed": 5.09,
            "depth": 30.98
          },
          {
            "time": "2009-07-22T04:19:48+00:00",
            "course": 240.69,
            "speed": 5.03,
            "depth": 30.98
          },
          {
            "time": "2009-07-22T04:19:56+00:00",
            "course": 240.56,
            "speed": 5.04,
            "depth": 30.98
          },
          {
            "time": "2009-07-22T04:20:04+00:00",
            "course": 239.89,
            "speed": 5.04,
            "depth": 30.98
          },
          {
            "time": "2009-07-22T04:20:12+00:00",
            "course": 239.63,
            "speed": 5.04,
            "depth": 30.98
          },
          {
            "time": "2009-07-22T04:20:20+00:00",
            "course": 239.24,
            "speed": 5.06,
            "depth": 30.98
          },
          {
            "time": "2009-07-22T04:20:27+00:00",
            "course": 238.96,
            "speed": 5.03,
            "depth": 30.98
          },
          {
            "time": "2009-07-22T04:20:36+00:00",
            "course": 238.89,
            "speed": 5.02,
            "depth": 30.98
          },
          {
            "time": "2009-07-22T04:20:44+00:00",
            "course": 238.78,
            "speed": 5.04,
            "depth": 30.98
          },
          {
            "time": "2009-07-22T04:20:52+00:00",
            "course": 239.07,
            "speed": 5.06,
            "depth": 30.98
          },
          {
            "time": "2009-07-22T04:21:00+00:00",
            "course": 239.43,
            "speed": 5.11,
            "depth": 30.98
          },
          {
            "time": "2009-07-22T04:21:08+00:00",
            "course": 239.75,
            "speed": 5.07,
            "depth": 30.98
          },
          {
            "time": "2009-07-22T04:21:16+00:00",
            "course": 239.71,
            "speed": 5.04,
            "depth": 30.98
          },
          {
            "time": "2009-07-22T04:21:24+00:00",
            "course": 239.89,
            "speed": 5.03,
            "depth": 30.98
          },
          {
            "time": "2009-07-22T04:21:32+00:00",
            "course": 239.97,
            "speed": 5.04,
            "depth": 30.98
          },
          {
            "time": "2009-07-22T04:21:40+00:00",
            "course": 239.93,
            "speed": 5.01,
            "depth": 30.98
          },
          {
            "time": "2009-07-22T04:21:48+00:00",
            "course": 239.4,
            "speed": 5.02,
            "depth": 30.98
          },
          {
            "time": "2009-07-22T04:21:56+00:00",
            "course": 238.91,
            "speed": 5.03,
            "depth": 30.98
          },
          {
            "time": "2009-07-22T04:22:04+00:00",
            "course": 238.81,
            "speed": 5.04,
            "depth": 30.98
          },
          {
            "time": "2009-07-22T04:22:12+00:00",
            "course": 238.57,
            "speed": 5.04,
            "depth": 30.98
          },
          {
            "time": "2009-07-22T04:22:20+00:00",
            "course": 238.66,
            "speed": 5.07,
            "depth": 30.98
          },
          {
            "time": "2009-07-22T04:22:27+00:00",
            "course": 238.96,
            "speed": 5.09,
            "depth": 30.98
          },
          {
            "time": "2009-07-22T04:22:36+00:00",
            "course": 239.7,
            "speed": 5.15,
            "depth": 30.98
          },
          {
            "time": "2009-07-22T04:22:44+00:00",
            "course": 240.2,
            "speed": 5.05,
            "depth": 30.98
          },
          {
            "time": "2009-07-22T04:22:52+00:00",
            "course": 240.21,
            "speed": 5.07,
            "depth": 30.98
          },
          {
            "time": "2009-07-22T04:23:00+00:00",
            "course": 239.94,
            "speed": 5.07,
            "depth": 30.98
          },
          {
            "time": "2009-07-22T04:23:08+00:00",
            "course": 240.13,
            "speed": 5.02,
            "depth": 30.98
          },
          {
            "time": "2009-07-22T04:23:16+00:00",
            "course": 239.82,
            "speed": 5.07,
            "depth": 30.98
          },
          {
            "time": "2009-07-22T04:23:24+00:00",
            "course": 239.53,
            "speed": 5.13,
            "depth": 30.98
          },
          {
            "time": "2009-07-22T04:23:32+00:00",
            "course": 239.05,
            "speed": 5.16,
            "depth": 30.98
          },
          {
            "time": "2009-07-22T04:23:40+00:00",
            "course": 239.13,
            "speed": 5.14,
            "depth": 30.98
          },
          {
            "time": "2009-07-22T04:23:48+00:00",
            "course": 239.25,
            "speed": 5.09,
            "depth": 30.98
          },
          {
            "time": "2009-07-22T04:23:56+00:00",
            "course": 239.13,
            "speed": 5.04,
            "depth": 30.98
          },
          {
            "time": "2009-07-22T04:24:04+00:00",
            "course": 239.21,
            "speed": 5.09,
            "depth": 30.98
          },
          {
            "time": "2009-07-22T04:24:12+00:00",
            "course": 239.34,
            "speed": 5.09,
            "depth": 30.98
          },
          {
            "time": "2009-07-22T04:24:20+00:00",
            "course": 239.33,
            "speed": 5.11,
            "depth": 30.98
          },
          {
            "time": "2009-07-22T04:24:27+00:00",
            "course": 239.32,
            "speed": 5.16,
            "depth": 30.98
          },
          {
            "time": "2009-07-22T04:24:36+00:00",
            "course": 239.48,
            "speed": 5.18,
            "depth": 30.98
          },
          {
            "time": "2009-07-22T04:24:44+00:00",
            "course": 239.44,
            "speed": 5.2,
            "depth": 30.98
          },
          {
            "time": "2009-07-22T04:24:52+00:00",
            "course": 239.56,
            "speed": 5.22,
            "depth": 30.98
          },
          {
            "time": "2009-07-22T04:25:00+00:00",
            "course": 239.76,
            "speed": 5.2,
            "depth": 30.98
          },
          {
            "time": "2009-07-22T04:25:08+00:00",
            "course": 239.95,
            "speed": 5.22,
            "depth": 30.98
          },
          {
            "time": "2009-07-22T04:25:16+00:00",
            "course": 240.07,
            "speed": 5.17,
            "depth": 30.98
          },
          {
            "time": "2009-07-22T04:25:24+00:00",
            "course": 239.9,
            "speed": 5.14,
            "depth": 30.98
          },
          {
            "time": "2009-07-22T04:25:32+00:00",
            "course": 240.19,
            "speed": 5.15,
            "depth": 30.98
          },
          {
            "time": "2009-07-22T04:25:40+00:00",
            "course": 240.27,
            "speed": 5.13,
            "depth": 30.98
          },
          {
            "time": "2009-07-22T04:25:48+00:00",
            "course": 240.1,
            "speed": 5.16,
            "depth": 30.98
          },
          {
            "time": "2009-07-22T04:25:56+00:00",
            "course": 239.97,
            "speed": 5.16,
            "depth": 30.98
          },
          {
            "time": "2009-07-22T04:26:04+00:00",
            "course": 239.95,
            "speed": 5.17,
            "depth": 30.98
          },
          {
            "time": "2009-07-22T04:26:12+00:00",
            "course": 239.64,
            "speed": 5.16,
            "depth": 30.98
          },
          {
            "time": "2009-07-22T04:26:20+00:00",
            "course": 239.61,
            "speed": 5.1,
            "depth": 30.98
          },
          {
            "time": "2009-07-22T04:26:27+00:00",
            "course": 239.45,
            "speed": 5.08,
            "depth": 30.98
          },
          {
            "time": "2009-07-22T04:26:36+00:00",
            "course": 239.02,
            "speed": 5.14,
            "depth": 30.98
          },
          {
            "time": "2009-07-22T04:26:44+00:00",
            "course": 238.9,
            "speed": 5.13,
            "depth": 30.98
          },
          {
            "time": "2009-07-22T04:26:52+00:00",
            "course": 238.93,
            "speed": 5.13,
            "depth": 30.98
          },
          {
            "time": "2009-07-22T04:27:00+00:00",
            "course": 238.99,
            "speed": 5.13,
            "depth": 30.98
          },
          {
            "time": "2009-07-22T04:27:08+00:00",
            "course": 239.14,
            "speed": 5.09,
            "depth": 30.98
          },
          {
            "time": "2009-07-22T04:27:16+00:00",
            "course": 239.33,
            "speed": 5.11,
            "depth": 30.98
          },
          {
            "time": "2009-07-22T04:27:24+00:00",
            "course": 239.39,
            "speed": 5.04,
            "depth": 30.98
          },
          {
            "time": "2009-07-22T04:27:32+00:00",
            "course": 239.78,
            "speed": 5.07,
            "depth": 30.98
          },
          {
            "time": "2009-07-22T04:27:40+00:00",
            "course": 240.01,
            "speed": 5.07,
            "depth": 30.98
          },
          {
            "time": "2009-07-22T04:27:48+00:00",
            "course": 239.84,
            "speed": 5.11,
            "depth": 30.98
          },
          {
            "time": "2009-07-22T04:27:56+00:00",
            "course": 239.75,
            "speed": 5.16,
            "depth": 30.98
          },
          {
            "time": "2009-07-22T04:28:04+00:00",
            "course": 239.43,
            "speed": 5.16,
            "depth": 30.98
          },
          {
            "time": "2009-07-22T04:28:12+00:00",
            "course": 238.99,
            "speed": 5.07,
            "depth": 30.98
          },
          {
            "time": "2009-07-22T04:28:20+00:00",
            "course": 238.84,
            "speed": 5.09,
            "depth": 30.98
          },
          {
            "time": "2009-07-22T04:28:27+00:00",
            "course": 238.86,
            "speed": 5.09,
            "depth": 30.98
          },
          {
            "time": "2009-07-22T04:28:36+00:00",
            "course": 239.23,
            "speed": 5.0,
            "depth": 30.98
          },
          {
            "time": "2009-07-22T04:28:44+00:00",
            "course": 239.31,
            "speed": 5.02,
            "depth": 30.98
          },
          {
            "time": "2009-07-22T04:28:52+00:00",
            "course": 239.24,
            "speed": 5.04,
            "depth": 30.98
          },
          {
            "time": "2009-07-22T04:29:00+00:00",
            "course": 239.45,
            "speed": 5.09,
            "depth": 30.98
          },
          {
            "time": "2009-07-22T04:29:08+00:00",
            "course": 239.77,
            "speed": 5.09,
            "depth": 30.98
          },
          {
            "time": "2009-07-22T04:29:16+00:00",
            "course": 240.23,
            "speed": 5.12,
            "depth": 30.98
          },
          {
            "time": "2009-07-22T04:29:24+00:00",
            "course": 240.33,
            "speed": 5.16,
            "depth": 30.98
          },
          {
            "time": "2009-07-22T04:29:32+00:00",
            "course": 240.35,
            "speed": 5.12,
            "depth": 30.98
          },
          {
            "time": "2009-07-22T04:29:40+00:00",
            "course": 240.36,
            "speed": 5.11,
            "depth": 30.98
          },
          {
            "time": "2009-07-22T04:29:48+00:00",
            "course": 240.13,
            "speed": 5.12,
            "depth": 30.98
          },
          {
            "time": "2009-07-22T04:29:56+00:00",
            "course": 240.21,
            "speed": 5.09,
            "depth": 30.98
          },
          {
            "time": "2009-07-22T04:30:04+00:00",
            "course": 239.66,
            "speed": 5.05,
            "depth": 30.98
          },
          {
            "time": "2009-07-22T04:30:12+00:00",
            "course": 239.17,
            "speed": 5.11,
            "depth": 30.98
          },
          {
            "time": "2009-07-22T04:30:20+00:00",
            "course": 238.97,
            "speed": 5.13,
            "depth": 30.98
          },
          {
            "time": "2009-07-22T04:30:27+00:00",
            "course": 238.95,
            "speed": 5.16,
            "depth": 30.98
          },
          {
            "time": "2009-07-22T04:30:36+00:00",
            "course": 239.63,
            "speed": 5.07,
            "depth": 30.98
          },
          {
            "time": "2009-07-22T04:30:44+00:00",
            "course": 239.92,
            "speed": 5.07,
            "depth": 30.98
          },
          {
            "time": "2009-07-22T04:30:52+00:00",
            "course": 240.06,
            "speed": 5.11,
            "depth": 30.98
          },
          {
            "time": "2009-07-22T04:31:00+00:00",
            "course": 239.94,
            "speed": 5.11,
            "depth": 30.98
          },
          {
            "time": "2009-07-22T04:31:08+00:00",
            "course": 239.64,
            "speed": 5.17,
            "depth": 30.98
          },
          {
            "time": "2009-07-22T04:31:16+00:00",
            "course": 239.85,
            "speed": 5.16,
            "depth": 30.98
          },
          {
            "time": "2009-07-22T04:31:24+00:00",
            "course": 240.33,
            "speed": 5.03,
            "depth": 30.98
          },
          {
            "time": "2009-07-22T04:31:32+00:00",
            "course": 240.36,
            "speed": 5.02,
            "depth": 30.98
          },
          {
            "time": "2009-07-22T04:31:40+00:00",
            "course": 240.1,
            "speed": 5.02,
            "depth": 30.98
          },
          {
            "time": "2009-07-22T04:31:48+00:00",
            "course": 239.9,
            "speed": 5.02,
            "depth": 30.98
          },
          {
            "time": "2009-07-22T04:31:56+00:00",
            "course": 239.52,
            "speed": 5.01,
            "depth": 30.98
          },
          {
            "time": "2009-07-22T04:32:04+00:00",
            "course": 238.92,
            "speed": 4.98,
            "depth": 30.98
          },
          {
            "time": "2009-07-22T04:32:12+00:00",
            "course": 238.79,
            "speed": 4.99,
            "depth": 30.98
          },
          {
            "time": "2009-07-22T04:32:20+00:00",
            "course": 239.02,
            "speed": 5.03,
            "depth": 30.98
          },
          {
            "time": "2009-07-22T04:32:27+00:00",
            "course": 239.28,
            "speed": 4.97,
            "depth": 30.98
          },
          {
            "time": "2009-07-22T04:32:36+00:00",
            "course": 240.02,
            "speed": 5.04,
            "depth": 30.98
          },
          {
            "time": "2009-07-22T04:32:44+00:00",
            "course": 240.23,
            "speed": 5.09,
            "depth": 30.98
          },
          {
            "time": "2009-07-22T04:32:52+00:00",
            "course": 240.18,
            "speed": 5.09,
            "depth": 30.98
          },
          {
            "time": "2009-07-22T04:33:00+00:00",
            "course": 239.98,
            "speed": 5.11,
            "depth": 30.98
          },
          {
            "time": "2009-07-22T04:33:08+00:00",
            "course": 239.46,
            "speed": 5.14,
            "depth": 30.98
          },
          {
            "time": "2009-07-22T04:33:16+00:00",
            "course": 239.03,
            "speed": 5.16,
            "depth": 30.98
          },
          {
            "time": "2009-07-22T04:33:24+00:00",
            "course": 238.88,
            "speed": 5.12,
            "depth": 30.98
          },
          {
            "time": "2009-07-22T04:33:32+00:00",
            "course": 239.05,
            "speed": 5.08,
            "depth": 30.98
          },
          {
            "time": "2009-07-22T04:33:40+00:00",
            "course": 239.26,
            "speed": 5.0,
            "depth": 30.98
          },
          {
            "time": "2009-07-22T04:33:48+00:00",
            "course": 239.55,
            "speed": 4.99,
            "depth": 30.98
          },
          {
            "time": "2009-07-22T04:33:56+00:00",
            "course": 239.78,
            "speed": 5.0,
            "depth": 30.98
          },
          {
            "time": "2009-07-22T04:34:04+00:00",
            "course": 240.09,
            "speed": 5.09,
            "depth": 30.98
          },
          {
            "time": "2009-07-22T04:34:12+00:00",
            "course": 240.36,
            "speed": 5.1,
            "depth": 30.98
          },
          {
            "time": "2009-07-22T04:34:20+00:00",
            "course": 240.35,
            "speed": 5.09,
            "depth": 30.98
          },
          {
            "time": "2009-07-22T04:34:27+00:00",
            "course": 240.44,
            "speed": 5.04,
            "depth": 30.98
          },
          {
            "time": "2009-07-22T04:34:36+00:00",
            "course": 240.58,
            "speed": 5.04,
            "depth": 30.98
          },
          {
            "time": "2009-07-22T04:34:44+00:00",
            "course": 240.75,
            "speed": 5.03,
            "depth": 30.98
          },
          {
            "time": "2009-07-22T04:34:52+00:00",
            "course": 240.69,
            "speed": 5.04,
            "depth": 30.98
          },
          {
            "time": "2009-07-22T04:35:00+00:00",
            "course": 240.21,
            "speed": 4.98,
            "depth": 30.98
          },
          {
            "time": "2009-07-22T04:35:08+00:00",
            "course": 239.69,
            "speed": 5.06,
            "depth": 30.98
          },
          {
            "time": "2009-07-22T04:35:16+00:00",
            "course": 239.09,
            "speed": 5.02,
            "depth": 30.98
          },
          {
            "time": "2009-07-22T04:35:24+00:00",
            "course": 238.77,
            "speed": 4.98,
            "depth": 30.98
          },
          {
            "time": "2009-07-22T04:35:32+00:00",
            "course": 238.63,
            "speed": 5.01,
            "depth": 30.98
          },
          {
            "time": "2009-07-22T04:35:40+00:00",
            "course": 238.91,
            "speed": 5.06,
            "depth": 30.98
          },
          {
            "time": "2009-07-22T04:35:48+00:00",
            "course": 239.71,
            "speed": 5.09,
            "depth": 30.98
          },
          {
            "time": "2009-07-22T04:35:56+00:00",
            "course": 239.96,
            "speed": 5.09,
            "depth": 30.98
          },
          {
            "time": "2009-07-22T04:36:04+00:00",
            "course": 240.02,
            "speed": 5.08,
            "depth": 30.98
          },
          {
            "time": "2009-07-22T04:36:12+00:00",
            "course": 240.3,
            "speed": 5.04,
            "depth": 30.98
          },
          {
            "time": "2009-07-22T04:36:20+00:00",
            "course": 240.49,
            "speed": 5.07,
            "depth": 30.98
          },
          {
            "time": "2009-07-22T04:36:27+00:00",
            "course": 240.35,
            "speed": 5.11,
            "depth": 30.98
          },
          {
            "time": "2009-07-22T04:36:36+00:00",
            "course": 240.23,
            "speed": 5.15,
            "depth": 30.98
          },
          {
            "time": "2009-07-22T04:36:44+00:00",
            "course": 240.35,
            "speed": 5.11,
            "depth": 30.98
          },
          {
            "time": "2009-07-22T04:36:52+00:00",
            "course": 240.7,
            "speed": 4.98,
            "depth": 30.98
          },
          {
            "time": "2009-07-22T04:37:00+00:00",
            "course": 240.84,
            "speed": 5.01,
            "depth": 30.98
          },
          {
            "time": "2009-07-22T04:37:08+00:00",
            "course": 240.58,
            "speed": 5.06,
            "depth": 30.98
          },
          {
            "time": "2009-07-22T04:37:16+00:00",
            "course": 240.14,
            "speed": 5.02,
            "depth": 30.98
          },
          {
            "time": "2009-07-22T04:37:24+00:00",
            "course": 239.55,
            "speed": 5.0,
            "depth": 30.98
          },
          {
            "time": "2009-07-22T04:37:32+00:00",
            "course": 238.95,
            "speed": 5.0,
            "depth": 30.98
          },
          {
            "time": "2009-07-22T04:37:40+00:00",
            "course": 238.73,
            "speed": 5.05,
            "depth": 30.98
          },
          {
            "time": "2009-07-22T04:37:48+00:00",
            "course": 238.78,
            "speed": 5.02,
            "depth": 30.98
          },
          {
            "time": "2009-07-22T04:37:56+00:00",
            "course": 239.02,
            "speed": 5.02,
            "depth": 30.98
          },
          {
            "time": "2009-07-22T04:38:04+00:00",
            "course": 239.72,
            "speed": 5.04,
            "depth": 30.98
          },
          {
            "time": "2009-07-22T04:38:12+00:00",
            "course": 240.08,
            "speed": 5.08,
            "depth": 30.98
          },
          {
            "time": "2009-07-22T04:38:20+00:00",
            "course": 240.45,
            "speed": 5.03,
            "depth": 30.98
          },
          {
            "time": "2009-07-22T04:38:27+00:00",
            "course": 240.53,
            "speed": 5.0,
            "depth": 30.98
          },
          {
            "time": "2009-07-22T04:38:36+00:00",
            "course": 240.56,
            "speed": 5.04,
            "depth": 30.98
          },
          {
            "time": "2009-07-22T04:38:44+00:00",
            "course": 240.06,
            "speed": 5.01,
            "depth": 30.98
          },
          {
            "time": "2009-07-22T04:38:52+00:00",
            "course": 239.57,
            "speed": 5.07,
            "depth": 30.98
          },
          {
            "time": "2009-07-22T04:39:00+00:00",
            "course": 239.25,
            "speed": 5.13,
            "depth": 30.98
          },
          {
            "time": "2009-07-22T04:39:08+00:00",
            "course": 238.95,
            "speed": 5.1,
            "depth": 30.98
          },
          {
            "time": "2009-07-22T04:39:16+00:00",
            "course": 238.53,
            "speed": 5.11,
            "depth": 30.98
          },
          {
            "time": "2009-07-22T04:39:24+00:00",
            "course": 238.31,
            "speed": 5.09,
            "depth": 30.98
          },
          {
            "time": "2009-07-22T04:39:32+00:00",
            "course": 238.68,
            "speed": 5.13,
            "depth": 30.98
          },
          {
            "time": "2009-07-22T04:39:40+00:00",
            "course": 239.25,
            "speed": 5.15,
            "depth": 30.98
          },
          {
            "time": "2009-07-22T04:39:48+00:00",
            "course": 240.14,
            "speed": 5.11,
            "depth": 30.98
          },
          {
            "time": "2009-07-22T04:39:56+00:00",
            "course": 240.17,
            "speed": 5.04,
            "depth": 30.98
          },
          {
            "time": "2009-07-22T04:40:04+00:00",
            "course": 239.91,
            "speed": 4.99,
            "depth": 30.98
          },
          {
            "time": "2009-07-22T04:40:12+00:00",
            "course": 239.71,
            "speed": 5.01,
            "depth": 30.98
          },
          {
            "time": "2009-07-22T04:40:20+00:00",
            "course": 239.25,
            "speed": 5.12,
            "depth": 30.98
          },
          {
            "time": "2009-07-22T04:40:27+00:00",
            "course": 239.33,
            "speed": 5.16,
            "depth": 30.98
          },
          {
            "time": "2009-07-22T04:40:36+00:00",
            "course": 238.79,
            "speed": 5.07,
            "depth": 30.98
          },
          {
            "time": "2009-07-22T04:40:44+00:00",
            "course": 239.13,
            "speed": 5.18,
            "depth": 30.98
          },
          {
            "time": "2009-07-22T04:40:52+00:00",
            "course": 239.46,
            "speed": 5.2,
            "depth": 30.98
          },
          {
            "time": "2009-07-22T04:41:00+00:00",
            "course": 239.86,
            "speed": 5.16,
            "depth": 30.98
          },
          {
            "time": "2009-07-22T04:41:08+00:00",
            "course": 240.27,
            "speed": 5.08,
            "depth": 30.98
          },
          {
            "time": "2009-07-22T04:41:16+00:00",
            "course": 240.1,
            "speed": 5.06,
            "depth": 30.98
          },
          {
            "time": "2009-07-22T04:41:24+00:00",
            "course": 239.98,
            "speed": 4.96,
            "depth": 30.98
          },
          {
            "time": "2009-07-22T04:41:32+00:00",
            "course": 239.72,
            "speed": 5.04,
            "depth": 30.98
          },
          {
            "time": "2009-07-22T04:41:40+00:00",
            "course": 239.34,
            "speed": 5.08,
            "depth": 30.98
          },
          {
            "time": "2009-07-22T04:41:48+00:00",
            "course": 239.09,
            "speed": 5.09,
            "depth": 30.98
          },
          {
            "time": "2009-07-22T04:41:56+00:00",
            "course": 238.68,
            "speed": 5.11,
            "depth": 30.98
          },
          {
            "time": "2009-07-22T04:42:04+00:00",
            "course": 238.66,
            "speed": 5.16,
            "depth": 30.98
          },
          {
            "time": "2009-07-22T04:42:12+00:00",
            "course": 239.24,
            "speed": 5.07,
            "depth": 30.98
          },
          {
            "time": "2009-07-22T04:42:20+00:00",
            "course": 239.62,
            "speed": 5.0,
            "depth": 30.98
          },
          {
            "time": "2009-07-22T04:42:27+00:00",
            "course": 240.0,
            "speed": 4.95,
            "depth": 30.98
          },
          {
            "time": "2009-07-22T04:42:36+00:00",
            "course": 239.73,
            "speed": 4.95,
            "depth": 30.98
          },
          {
            "time": "2009-07-22T04:42:44+00:00",
            "course": 239.98,
            "speed": 4.97,
            "depth": 30.98
          },
          {
            "time": "2009-07-22T04:42:52+00:00",
            "course": 239.98,
            "speed": 5.0,
            "depth": 30.98
          },
          {
            "time": "2009-07-22T04:43:00+00:00",
            "course": 239.9,
            "speed": 5.07,
            "depth": 30.98
          },
          {
            "time": "2009-07-22T04:43:08+00:00",
            "course": 239.9,
            "speed": 5.05,
            "depth": 30.98
          },
          {
            "time": "2009-07-22T04:43:16+00:00",
            "course": 239.96,
            "speed": 5.0,
            "depth": 30.98
          },
          {
            "time": "2009-07-22T04:43:24+00:00",
            "course": 239.8,
            "speed": 5.04,
            "depth": 30.98
          },
          {
            "time": "2009-07-22T04:43:32+00:00",
            "course": 239.52,
            "speed": 5.12,
            "depth": 30.98
          },
          {
            "time": "2009-07-22T04:43:40+00:00",
            "course": 239.45,
            "speed": 5.11,
            "depth": 30.98
          },
          {
            "time": "2009-07-22T04:43:48+00:00",
            "course": 239.64,
            "speed": 5.08,
            "depth": 30.98
          },
          {
            "time": "2009-07-22T04:43:56+00:00",
            "course": 239.58,
            "speed": 5.08,
            "depth": 30.98
          },
          {
            "time": "2009-07-22T04:44:04+00:00",
            "course": 239.87,
            "speed": 5.15,
            "depth": 30.98
          },
          {
            "time": "2009-07-22T04:44:12+00:00",
            "course": 240.19,
            "speed": 5.11,
            "depth": 30.98
          },
          {
            "time": "2009-07-22T04:44:20+00:00",
            "course": 240.02,
            "speed": 5.09,
            "depth": 30.98
          },
          {
            "time": "2009-07-22T04:44:27+00:00",
            "course": 239.82,
            "speed": 5.07,
            "depth": 30.98
          },
          {
            "time": "2009-07-22T04:44:36+00:00",
            "course": 239.57,
            "speed": 5.08,
            "depth": 30.98
          },
          {
            "time": "2009-07-22T04:44:44+00:00",
            "course": 239.16,
            "speed": 5.03,
            "depth": 30.98
          },
          {
            "time": "2009-07-22T04:44:52+00:00",
            "course": 238.99,
            "speed": 5.05,
            "depth": 30.98
          },
          {
            "time": "2009-07-22T04:45:00+00:00",
            "course": 238.81,
            "speed": 5.04,
            "depth": 30.98
          },
          {
            "time": "2009-07-22T04:45:08+00:00",
            "course": 238.69,
            "speed": 5.02,
            "depth": 30.98
          },
          {
            "time": "2009-07-22T04:45:16+00:00",
            "course": 238.55,
            "speed": 5.09,
            "depth": 30.98
          },
          {
            "time": "2009-07-22T04:45:24+00:00",
            "course": 238.57,
            "speed": 5.07,
            "depth": 30.98
          },
          {
            "time": "2009-07-22T04:45:32+00:00",
            "course": 238.97,
            "speed": 5.07,
            "depth": 30.98
          },
          {
            "time": "2009-07-22T04:45:40+00:00",
            "course": 239.39,
            "speed": 5.07,
            "depth": 30.98
          },
          {
            "time": "2009-07-22T04:45:48+00:00",
            "course": 239.5,
            "speed": 5.11,
            "depth": 30.98
          },
          {
            "time": "2009-07-22T04:45:56+00:00",
            "course": 239.43,
            "speed": 5.12,
            "depth": 30.98
          },
          {
            "time": "2009-07-22T04:46:04+00:00",
            "course": 239.75,
            "speed": 5.13,
            "depth": 30.98
          },
          {
            "time": "2009-07-22T04:46:12+00:00",
            "course": 240.03,
            "speed": 5.16,
            "depth": 30.98
          },
          {
            "time": "2009-07-22T04:46:20+00:00",
            "course": 240.34,
            "speed": 5.16,
            "depth": 30.98
          },
          {
            "time": "2009-07-22T04:46:27+00:00",
            "course": 240.6,
            "speed": 5.12,
            "depth": 30.98
          },
          {
            "time": "2009-07-22T04:46:36+00:00",
            "course": 240.43,
            "speed": 5.04,
            "depth": 30.98
          },
          {
            "time": "2009-07-22T04:46:44+00:00",
            "course": 240.21,
            "speed": 5.09,
            "depth": 30.98
          },
          {
            "time": "2009-07-22T04:46:52+00:00",
            "course": 240.19,
            "speed": 5.16,
            "depth": 30.98
          },
          {
            "time": "2009-07-22T04:47:00+00:00",
            "course": 240.33,
            "speed": 5.11,
            "depth": 30.98
          },
          {
            "time": "2009-07-22T04:47:08+00:00",
            "course": 240.19,
            "speed": 5.04,
            "depth": 30.98
          },
          {
            "time": "2009-07-22T04:47:16+00:00",
            "course": 239.43,
            "speed": 5.08,
            "depth": 30.98
          },
          {
            "time": "2009-07-22T04:47:24+00:00",
            "course": 239.13,
            "speed": 5.07,
            "depth": 30.98
          },
          {
            "time": "2009-07-22T04:47:32+00:00",
            "course": 238.75,
            "speed": 5.04,
            "depth": 30.98
          },
          {
            "time": "2009-07-22T04:47:40+00:00",
            "course": 238.56,
            "speed": 5.07,
            "depth": 30.98
          },
          {
            "time": "2009-07-22T04:47:48+00:00",
            "course": 238.67,
            "speed": 5.09,
            "depth": 30.98
          },
          {
            "time": "2009-07-22T04:47:56+00:00",
            "course": 238.9,
            "speed": 5.11,
            "depth": 30.98
          },
          {
            "time": "2009-07-22T04:48:04+00:00",
            "course": 239.16,
            "speed": 5.07,
            "depth": 30.98
          },
          {
            "time": "2009-07-22T04:48:12+00:00",
            "course": 239.68,
            "speed": 5.06,
            "depth": 30.98
          },
          {
            "time": "2009-07-22T04:48:20+00:00",
            "course": 239.58,
            "speed": 5.11,
            "depth": 30.98
          },
          {
            "time": "2009-07-22T04:48:27+00:00",
            "course": 239.61,
            "speed": 5.14,
            "depth": 30.98
          },
          {
            "time": "2009-07-22T04:48:36+00:00",
            "course": 239.58,
            "speed": 5.13,
            "depth": 30.98
          },
          {
            "time": "2009-07-22T04:48:44+00:00",
            "course": 240.07,
            "speed": 5.06,
            "depth": 30.98
          },
          {
            "time": "2009-07-22T04:48:52+00:00",
            "course": 240.45,
            "speed": 4.95,
            "depth": 30.98
          },
          {
            "time": "2009-07-22T04:49:00+00:00",
            "course": 240.33,
            "speed": 5.08,
            "depth": 30.98
          },
          {
            "time": "2009-07-22T04:49:08+00:00",
            "course": 240.1,
            "speed": 5.03,
            "depth": 30.98
          },
          {
            "time": "2009-07-22T04:49:16+00:00",
            "course": 239.64,
            "speed": 5.0,
            "depth": 30.98
          },
          {
            "time": "2009-07-22T04:49:24+00:00",
            "course": 239.71,
            "speed": 5.02,
            "depth": 30.98
          },
          {
            "time": "2009-07-22T04:49:32+00:00",
            "course": 239.47,
            "speed": 4.99,
            "depth": 30.98
          },
          {
            "time": "2009-07-22T04:49:40+00:00",
            "course": 239.49,
            "speed": 5.0,
            "depth": 30.98
          },
          {
            "time": "2009-07-22T04:49:48+00:00",
            "course": 239.2,
            "speed": 5.06,
            "depth": 30.98
          },
          {
            "time": "2009-07-22T04:49:56+00:00",
            "course": 239.1,
            "speed": 5.07,
            "depth": 30.98
          },
          {
            "time": "2009-07-22T04:50:04+00:00",
            "course": 239.41,
            "speed": 5.08,
            "depth": 30.98
          },
          {
            "time": "2009-07-22T04:50:12+00:00",
            "course": 239.44,
            "speed": 5.05,
            "depth": 30.98
          },
          {
            "time": "2009-07-22T04:50:20+00:00",
            "course": 239.59,
            "speed": 4.99,
            "depth": 30.98
          },
          {
            "time": "2009-07-22T04:50:27+00:00",
            "course": 239.86,
            "speed": 4.95,
            "depth": 30.98
          },
          {
            "time": "2009-07-22T04:50:36+00:00",
            "course": 240.23,
            "speed": 4.95,
            "depth": 30.98
          },
          {
            "time": "2009-07-22T04:50:44+00:00",
            "course": 240.16,
            "speed": 4.93,
            "depth": 30.98
          },
          {
            "time": "2009-07-22T04:50:52+00:00",
            "course": 240.14,
            "speed": 4.95,
            "depth": 30.98
          },
          {
            "time": "2009-07-22T04:51:00+00:00",
            "course": 240.29,
            "speed": 4.99,
            "depth": 30.98
          },
          {
            "time": "2009-07-22T04:51:08+00:00",
            "course": 239.99,
            "speed": 5.0,
            "depth": 30.98
          },
          {
            "time": "2009-07-22T04:51:16+00:00",
            "course": 239.62,
            "speed": 4.95,
            "depth": 30.98
          },
          {
            "time": "2009-07-22T04:51:24+00:00",
            "course": 239.58,
            "speed": 4.98,
            "depth": 30.98
          },
          {
            "time": "2009-07-22T04:51:32+00:00",
            "course": 239.49,
            "speed": 4.99,
            "depth": 30.98
          },
          {
            "time": "2009-07-22T04:51:40+00:00",
            "course": 239.64,
            "speed": 4.92,
            "depth": 30.98
          },
          {
            "time": "2009-07-22T04:51:48+00:00",
            "course": 239.71,
            "speed": 4.89,
            "depth": 30.98
          },
          {
            "time": "2009-07-22T04:51:56+00:00",
            "course": 239.82,
            "speed": 4.96,
            "depth": 30.98
          },
          {
            "time": "2009-07-22T04:52:04+00:00",
            "course": 239.46,
            "speed": 5.0,
            "depth": 30.98
          },
          {
            "time": "2009-07-22T04:52:12+00:00",
            "course": 239.6,
            "speed": 5.0,
            "depth": 30.98
          },
          {
            "time": "2009-07-22T04:52:20+00:00",
            "course": 239.61,
            "speed": 5.01,
            "depth": 30.98
          },
          {
            "time": "2009-07-22T04:52:27+00:00",
            "course": 239.77,
            "speed": 5.06,
            "depth": 30.98
          },
          {
            "time": "2009-07-22T04:52:36+00:00",
            "course": 239.97,
            "speed": 5.07,
            "depth": 30.98
          },
          {
            "time": "2009-07-22T04:52:44+00:00",
            "course": 240.21,
            "speed": 4.99,
            "depth": 30.98
          },
          {
            "time": "2009-07-22T04:52:52+00:00",
            "course": 240.19,
            "speed": 5.0,
            "depth": 30.98
          },
          {
            "time": "2009-07-22T04:53:00+00:00",
            "course": 239.89,
            "speed": 5.0,
            "depth": 30.98
          },
          {
            "time": "2009-07-22T04:53:08+00:00",
            "course": 239.39,
            "speed": 5.04,
            "depth": 30.98
          },
          {
            "time": "2009-07-22T04:53:16+00:00",
            "course": 239.23,
            "speed": 5.03,
            "depth": 30.98
          },
          {
            "time": "2009-07-22T04:53:24+00:00",
            "course": 239.0,
            "speed": 5.02,
            "depth": 30.98
          },
          {
            "time": "2009-07-22T04:53:32+00:00",
            "course": 239.08,
            "speed": 5.02,
            "depth": 30.98
          },
          {
            "time": "2009-07-22T04:53:40+00:00",
            "course": 239.29,
            "speed": 4.93,
            "depth": 30.98
          },
          {
            "time": "2009-07-22T04:53:48+00:00",
            "course": 239.6,
            "speed": 4.91,
            "depth": 30.98
          },
          {
            "time": "2009-07-22T04:53:56+00:00",
            "course": 239.43,
            "speed": 4.92,
            "depth": 30.98
          },
          {
            "time": "2009-07-22T04:54:04+00:00",
            "course": 239.95,
            "speed": 4.93,
            "depth": 30.98
          },
          {
            "time": "2009-07-22T04:54:12+00:00",
            "course": 240.47,
            "speed": 4.93,
            "depth": 30.98
          },
          {
            "time": "2009-07-22T04:54:20+00:00",
            "course": 240.49,
            "speed": 4.97,
            "depth": 30.98
          },
          {
            "time": "2009-07-22T04:54:27+00:00",
            "course": 239.98,
            "speed": 4.96,
            "depth": 30.98
          },
          {
            "time": "2009-07-22T04:54:36+00:00",
            "course": 239.92,
            "speed": 5.03,
            "depth": 30.98
          },
          {
            "time": "2009-07-22T04:54:44+00:00",
            "course": 239.77,
            "speed": 5.09,
            "depth": 30.98
          },
          {
            "time": "2009-07-22T04:54:52+00:00",
            "course": 239.73,
            "speed": 5.04,
            "depth": 30.98
          },
          {
            "time": "2009-07-22T04:55:00+00:00",
            "course": 239.6,
            "speed": 5.0,
            "depth": 30.98
          },
          {
            "time": "2009-07-22T04:55:08+00:00",
            "course": 239.44,
            "speed": 5.01,
            "depth": 30.98
          },
          {
            "time": "2009-07-22T04:55:16+00:00",
            "course": 239.2,
            "speed": 4.98,
            "depth": 30.98
          },
          {
            "time": "2009-07-22T04:55:24+00:00",
            "course": 238.91,
            "speed": 5.0,
            "depth": 30.98
          },
          {
            "time": "2009-07-22T04:55:32+00:00",
            "course": 238.94,
            "speed": 5.04,
            "depth": 30.98
          },
          {
            "time": "2009-07-22T04:55:40+00:00",
            "course": 238.94,
            "speed": 5.06,
            "depth": 30.98
          },
          {
            "time": "2009-07-22T04:55:48+00:00",
            "course": 239.06,
            "speed": 4.98,
            "depth": 30.98
          },
          {
            "time": "2009-07-22T04:55:56+00:00",
            "course": 239.16,
            "speed": 4.95,
            "depth": 30.98
          },
          {
            "time": "2009-07-22T04:56:04+00:00",
            "course": 239.36,
            "speed": 4.98,
            "depth": 30.98
          },
          {
            "time": "2009-07-22T04:56:12+00:00",
            "course": 239.62,
            "speed": 5.08,
            "depth": 30.98
          },
          {
            "time": "2009-07-22T04:56:20+00:00",
            "course": 239.78,
            "speed": 5.09,
            "depth": 30.98
          },
          {
            "time": "2009-07-22T04:56:27+00:00",
            "course": 239.92,
            "speed": 5.04,
            "depth": 30.98
          },
          {
            "time": "2009-07-22T04:56:36+00:00",
            "course": 240.29,
            "speed": 5.05,
            "depth": 30.98
          },
          {
            "time": "2009-07-22T04:56:44+00:00",
            "course": 240.47,
            "speed": 5.1,
            "depth": 30.98
          },
          {
            "time": "2009-07-22T04:56:52+00:00",
            "course": 240.48,
            "speed": 5.12,
            "depth": 30.98
          },
          {
            "time": "2009-07-22T04:57:00+00:00",
            "course": 240.32,
            "speed": 5.07,
            "depth": 30.98
          },
          {
            "time": "2009-07-22T04:57:08+00:00",
            "course": 239.83,
            "speed": 5.01,
            "depth": 30.98
          },
          {
            "time": "2009-07-22T04:57:16+00:00",
            "course": 239.4,
            "speed": 4.96,
            "depth": 30.98
          },
          {
            "time": "2009-07-22T04:57:24+00:00",
            "course": 238.91,
            "speed": 4.99,
            "depth": 30.98
          },
          {
            "time": "2009-07-22T04:57:32+00:00",
            "course": 238.39,
            "speed": 5.02,
            "depth": 30.98
          },
          {
            "time": "2009-07-22T04:57:40+00:00",
            "course": 238.16,
            "speed": 5.02,
            "depth": 30.98
          },
          {
            "time": "2009-07-22T04:57:48+00:00",
            "course": 238.66,
            "speed": 4.99,
            "depth": 30.98
          },
          {
            "time": "2009-07-22T04:57:56+00:00",
            "course": 238.95,
            "speed": 4.98,
            "depth": 30.98
          },
          {
            "time": "2009-07-22T04:58:04+00:00",
            "course": 238.96,
            "speed": 4.92,
            "depth": 30.98
          },
          {
            "time": "2009-07-22T04:58:12+00:00",
            "course": 238.96,
            "speed": 4.95,
            "depth": 30.98
          },
          {
            "time": "2009-07-22T04:58:20+00:00",
            "course": 239.22,
            "speed": 4.98,
            "depth": 30.98
          },
          {
            "time": "2009-07-22T04:58:27+00:00",
            "course": 239.72,
            "speed": 5.01,
            "depth": 30.98
          },
          {
            "time": "2009-07-22T04:58:36+00:00",
            "course": 239.52,
            "speed": 5.02,
            "depth": 30.98
          },
          {
            "time": "2009-07-22T04:58:44+00:00",
            "course": 239.87,
            "speed": 4.96,
            "depth": 30.98
          },
          {
            "time": "2009-07-22T04:58:52+00:00",
            "course": 240.3,
            "speed": 4.91,
            "depth": 30.98
          },
          {
            "time": "2009-07-22T04:59:00+00:00",
            "course": 240.36,
            "speed": 4.89,
            "depth": 30.98
          },
          {
            "time": "2009-07-22T04:59:08+00:00",
            "course": 240.08,
            "speed": 4.95,
            "depth": 30.98
          },
          {
            "time": "2009-07-22T04:59:16+00:00",
            "course": 240.58,
            "speed": 4.94,
            "depth": 30.98
          },
          {
            "time": "2009-07-22T04:59:24+00:00",
            "course": 240.18,
            "speed": 4.88,
            "depth": 30.98
          },
          {
            "time": "2009-07-22T04:59:32+00:00",
            "course": 239.99,
            "speed": 4.93,
            "depth": 30.98
          },
          {
            "time": "2009-07-22T04:59:40+00:00",
            "course": 240.06,
            "speed": 4.88,
            "depth": 30.98
          },
          {
            "time": "2009-07-22T04:59:48+00:00",
            "course": 239.91,
            "speed": 4.86,
            "depth": 30.98
          },
          {
            "time": "2009-07-22T04:59:56+00:00",
            "course": 239.91,
            "speed": 4.88,
            "depth": 30.98
          },
          {
            "time": "2009-07-22T05:00:04+00:00",
            "course": 240.0,
            "speed": 5.04,
            "depth": 30.98
          },
          {
            "time": "2009-07-22T05:00:12+00:00",
            "course": 239.93,
            "speed": 5.06,
            "depth": 30.98
          },
          {
            "time": "2009-07-22T05:00:20+00:00",
            "course": 239.75,
            "speed": 5.03,
            "depth": 30.98
          },
          {
            "time": "2009-07-22T05:00:27+00:00",
            "course": 240.02,
            "speed": 5.02,
            "depth": 30.98
          },
          {
            "time": "2009-07-22T05:00:36+00:00",
            "course": 240.12,
            "speed": 5.01,
            "depth": 30.98
          },
          {
            "time": "2009-07-22T05:00:44+00:00",
            "course": 239.89,
            "speed": 4.99,
            "depth": 30.98
          },
          {
            "time": "2009-07-22T05:00:52+00:00",
            "course": 239.94,
            "speed": 4.91,
            "depth": 30.98
          },
          {
            "time": "2009-07-22T05:01:00+00:00",
            "course": 239.86,
            "speed": 4.93,
            "depth": 30.98
          },
          {
            "time": "2009-07-22T05:01:08+00:00",
            "course": 239.82,
            "speed": 5.0,
            "depth": 30.98
          },
          {
            "time": "2009-07-22T05:01:16+00:00",
            "course": 239.62,
            "speed": 5.09,
            "depth": 30.98
          },
          {
            "time": "2009-07-22T05:01:24+00:00",
            "course": 239.7,
            "speed": 5.07,
            "depth": 30.98
          },
          {
            "time": "2009-07-22T05:01:32+00:00",
            "course": 239.8,
            "speed": 4.93,
            "depth": 30.98
          },
          {
            "time": "2009-07-22T05:01:40+00:00",
            "course": 239.6,
            "speed": 4.88,
            "depth": 30.98
          },
          {
            "time": "2009-07-22T05:01:48+00:00",
            "course": 239.69,
            "speed": 4.92,
            "depth": 30.98
          },
          {
            "time": "2009-07-22T05:01:56+00:00",
            "course": 239.34,
            "speed": 4.93,
            "depth": 30.98
          },
          {
            "time": "2009-07-22T05:02:04+00:00",
            "course": 238.91,
            "speed": 5.0,
            "depth": 30.98
          },
          {
            "time": "2009-07-22T05:02:12+00:00",
            "course": 238.93,
            "speed": 5.11,
            "depth": 30.98
          },
          {
            "time": "2009-07-22T05:02:20+00:00",
            "course": 239.42,
            "speed": 5.05,
            "depth": 30.98
          },
          {
            "time": "2009-07-22T05:02:27+00:00",
            "course": 239.85,
            "speed": 4.93,
            "depth": 30.98
          },
          {
            "time": "2009-07-22T05:02:36+00:00",
            "course": 239.63,
            "speed": 4.97,
            "depth": 30.98
          },
          {
            "time": "2009-07-22T05:02:44+00:00",
            "course": 239.66,
            "speed": 5.03,
            "depth": 30.98
          },
          {
            "time": "2009-07-22T05:02:52+00:00",
            "course": 240.24,
            "speed": 4.98,
            "depth": 30.98
          },
          {
            "time": "2009-07-22T05:03:00+00:00",
            "course": 240.34,
            "speed": 4.98,
            "depth": 30.98
          },
          {
            "time": "2009-07-22T05:03:08+00:00",
            "course": 240.32,
            "speed": 4.91,
            "depth": 30.98
          },
          {
            "time": "2009-07-22T05:03:16+00:00",
            "course": 240.0,
            "speed": 4.93,
            "depth": 30.98
          },
          {
            "time": "2009-07-22T05:03:24+00:00",
            "course": 239.71,
            "speed": 4.96,
            "depth": 30.98
          },
          {
            "time": "2009-07-22T05:03:32+00:00",
            "course": 239.32,
            "speed": 5.0,
            "depth": 30.98
          },
          {
            "time": "2009-07-22T05:03:40+00:00",
            "course": 239.16,
            "speed": 5.07,
            "depth": 30.98
          },
          {
            "time": "2009-07-22T05:03:48+00:00",
            "course": 239.45,
            "speed": 5.04,
            "depth": 30.98
          },
          {
            "time": "2009-07-22T05:03:56+00:00",
            "course": 239.75,
            "speed": 5.05,
            "depth": 30.98
          },
          {
            "time": "2009-07-22T05:04:04+00:00",
            "course": 240.05,
            "speed": 5.07,
            "depth": 30.98
          },
          {
            "time": "2009-07-22T05:04:12+00:00",
            "course": 240.22,
            "speed": 5.0,
            "depth": 30.98
          },
          {
            "time": "2009-07-22T05:04:20+00:00",
            "course": 240.81,
            "speed": 4.94,
            "depth": 30.98
          },
          {
            "time": "2009-07-22T05:04:27+00:00",
            "course": 240.42,
            "speed": 4.87,
            "depth": 30.98
          },
          {
            "time": "2009-07-22T05:04:36+00:00",
            "course": 240.12,
            "speed": 4.86,
            "depth": 30.98
          },
          {
            "time": "2009-07-22T05:04:44+00:00",
            "course": 239.7,
            "speed": 4.85,
            "depth": 30.98
          },
          {
            "time": "2009-07-22T05:04:52+00:00",
            "course": 239.28,
            "speed": 4.9,
            "depth": 30.98
          },
          {
            "time": "2009-07-22T05:05:00+00:00",
            "course": 239.04,
            "speed": 4.93,
            "depth": 30.98
          },
          {
            "time": "2009-07-22T05:05:08+00:00",
            "course": 238.65,
            "speed": 4.86,
            "depth": 30.98
          },
          {
            "time": "2009-07-22T05:05:16+00:00",
            "course": 238.39,
            "speed": 4.85,
            "depth": 30.98
          },
          {
            "time": "2009-07-22T05:05:24+00:00",
            "course": 238.74,
            "speed": 4.88,
            "depth": 30.98
          },
          {
            "time": "2009-07-22T05:05:32+00:00",
            "course": 238.99,
            "speed": 4.94,
            "depth": 30.98
          },
          {
            "time": "2009-07-22T05:05:40+00:00",
            "course": 239.27,
            "speed": 4.88,
            "depth": 30.98
          },
          {
            "time": "2009-07-22T05:05:48+00:00",
            "course": 239.33,
            "speed": 4.88,
            "depth": 30.98
          },
          {
            "time": "2009-07-22T05:05:56+00:00",
            "course": 239.35,
            "speed": 4.9,
            "depth": 30.98
          },
          {
            "time": "2009-07-22T05:06:04+00:00",
            "course": 239.36,
            "speed": 4.93,
            "depth": 30.98
          },
          {
            "time": "2009-07-22T05:06:12+00:00",
            "course": 239.89,
            "speed": 4.93,
            "depth": 30.98
          },
          {
            "time": "2009-07-22T05:06:20+00:00",
            "course": 239.97,
            "speed": 4.82,
            "depth": 30.98
          },
          {
            "time": "2009-07-22T05:06:27+00:00",
            "course": 240.02,
            "speed": 4.8,
            "depth": 30.98
          },
          {
            "time": "2009-07-22T05:06:36+00:00",
            "course": 239.9,
            "speed": 4.82,
            "depth": 30.98
          },
          {
            "time": "2009-07-22T05:06:44+00:00",
            "course": 239.6,
            "speed": 4.86,
            "depth": 30.98
          },
          {
            "time": "2009-07-22T05:06:52+00:00",
            "course": 239.22,
            "speed": 4.85,
            "depth": 30.98
          },
          {
            "time": "2009-07-22T05:07:00+00:00",
            "course": 238.71,
            "speed": 4.85,
            "depth": 30.98
          },
          {
            "time": "2009-07-22T05:07:08+00:00",
            "course": 238.29,
            "speed": 4.89,
            "depth": 30.98
          },
          {
            "time": "2009-07-22T05:07:16+00:00",
            "course": 238.83,
            "speed": 4.91,
            "depth": 30.98
          },
          {
            "time": "2009-07-22T05:07:24+00:00",
            "course": 239.4,
            "speed": 4.93,
            "depth": 30.98
          },
          {
            "time": "2009-07-22T05:07:32+00:00",
            "course": 239.75,
            "speed": 4.95,
            "depth": 30.98
          },
          {
            "time": "2009-07-22T05:07:40+00:00",
            "course": 239.98,
            "speed": 4.89,
            "depth": 30.98
          },
          {
            "time": "2009-07-22T05:07:48+00:00",
            "course": 239.94,
            "speed": 4.87,
            "depth": 30.98
          },
          {
            "time": "2009-07-22T05:07:56+00:00",
            "course": 239.62,
            "speed": 4.89,
            "depth": 30.98
          },
          {
            "time": "2009-07-22T05:08:04+00:00",
            "course": 239.28,
            "speed": 4.92,
            "depth": 30.98
          },
          {
            "time": "2009-07-22T05:08:12+00:00",
            "course": 239.25,
            "speed": 4.9,
            "depth": 30.98
          },
          {
            "time": "2009-07-22T05:08:20+00:00",
            "course": 239.48,
            "speed": 4.9,
            "depth": 30.98
          },
          {
            "time": "2009-07-22T05:08:27+00:00",
            "course": 239.81,
            "speed": 4.86,
            "depth": 30.98
          },
          {
            "time": "2009-07-22T05:08:36+00:00",
            "course": 239.68,
            "speed": 4.84,
            "depth": 30.98
          },
          {
            "time": "2009-07-22T05:08:44+00:00",
            "course": 239.51,
            "speed": 4.82,
            "depth": 30.98
          },
          {
            "time": "2009-07-22T05:08:52+00:00",
            "course": 239.79,
            "speed": 4.89,
            "depth": 30.98
          },
          {
            "time": "2009-07-22T05:09:00+00:00",
            "course": 240.25,
            "speed": 4.93,
            "depth": 30.98
          },
          {
            "time": "2009-07-22T05:09:08+00:00",
            "course": 239.78,
            "speed": 4.95,
            "depth": 30.98
          },
          {
            "time": "2009-07-22T05:09:16+00:00",
            "course": 239.56,
            "speed": 5.0,
            "depth": 30.98
          },
          {
            "time": "2009-07-22T05:09:24+00:00",
            "course": 239.54,
            "speed": 5.04,
            "depth": 30.98
          },
          {
            "time": "2009-07-22T05:09:32+00:00",
            "course": 239.75,
            "speed": 5.04,
            "depth": 30.98
          },
          {
            "time": "2009-07-22T05:09:40+00:00",
            "course": 240.11,
            "speed": 5.05,
            "depth": 30.98
          },
          {
            "time": "2009-07-22T05:09:48+00:00",
            "course": 240.24,
            "speed": 5.03,
            "depth": 30.98
          },
          {
            "time": "2009-07-22T05:09:56+00:00",
            "course": 240.1,
            "speed": 5.02,
            "depth": 30.98
          },
          {
            "time": "2009-07-22T05:10:04+00:00",
            "course": 239.51,
            "speed": 4.98,
            "depth": 30.98
          },
          {
            "time": "2009-07-22T05:10:12+00:00",
            "course": 239.47,
            "speed": 4.88,
            "depth": 30.98
          },
          {
            "time": "2009-07-22T05:10:20+00:00",
            "course": 239.23,
            "speed": 4.87,
            "depth": 30.98
          },
          {
            "time": "2009-07-22T05:10:27+00:00",
            "course": 238.74,
            "speed": 4.88,
            "depth": 30.98
          },
          {
            "time": "2009-07-22T05:10:36+00:00",
            "course": 238.17,
            "speed": 4.87,
            "depth": 30.98
          },
          {
            "time": "2009-07-22T05:10:44+00:00",
            "course": 238.15,
            "speed": 4.88,
            "depth": 30.98
          },
          {
            "time": "2009-07-22T05:10:52+00:00",
            "course": 238.4,
            "speed": 4.91,
            "depth": 30.98
          },
          {
            "time": "2009-07-22T05:11:00+00:00",
            "course": 238.85,
            "speed": 4.86,
            "depth": 30.98
          },
          {
            "time": "2009-07-22T05:11:08+00:00",
            "course": 238.91,
            "speed": 4.89,
            "depth": 30.98
          },
          {
            "time": "2009-07-22T05:11:16+00:00",
            "course": 238.97,
            "speed": 4.93,
            "depth": 30.98
          },
          {
            "time": "2009-07-22T05:11:24+00:00",
            "course": 239.43,
            "speed": 4.97,
            "depth": 30.98
          },
          {
            "time": "2009-07-22T05:11:32+00:00",
            "course": 239.94,
            "speed": 4.95,
            "depth": 30.98
          },
          {
            "time": "2009-07-22T05:11:40+00:00",
            "course": 240.3,
            "speed": 4.93,
            "depth": 30.98
          },
          {
            "time": "2009-07-22T05:11:48+00:00",
            "course": 240.3,
            "speed": 4.91,
            "depth": 30.98
          },
          {
            "time": "2009-07-22T05:11:56+00:00",
            "course": 239.81,
            "speed": 4.98,
            "depth": 30.98
          },
          {
            "time": "2009-07-22T05:12:04+00:00",
            "course": 239.73,
            "speed": 4.93,
            "depth": 30.98
          },
          {
            "time": "2009-07-22T05:12:12+00:00",
            "course": 239.66,
            "speed": 4.95,
            "depth": 30.98
          },
          {
            "time": "2009-07-22T05:12:20+00:00",
            "course": 239.6,
            "speed": 4.91,
            "depth": 30.98
          },
          {
            "time": "2009-07-22T05:12:27+00:00",
            "course": 239.51,
            "speed": 4.87,
            "depth": 30.98
          },
          {
            "time": "2009-07-22T05:12:36+00:00",
            "course": 239.48,
            "speed": 4.92,
            "depth": 30.98
          },
          {
            "time": "2009-07-22T05:12:44+00:00",
            "course": 239.22,
            "speed": 5.08,
            "depth": 30.98
          },
          {
            "time": "2009-07-22T05:12:52+00:00",
            "course": 239.0,
            "speed": 5.16,
            "depth": 30.98
          },
          {
            "time": "2009-07-22T05:13:00+00:00",
            "course": 238.79,
            "speed": 5.18,
            "depth": 30.98
          },
          {
            "time": "2009-07-22T05:13:08+00:00",
            "course": 239.05,
            "speed": 5.18,
            "depth": 30.98
          },
          {
            "time": "2009-07-22T05:13:16+00:00",
            "course": 239.23,
            "speed": 5.16,
            "depth": 30.98
          },
          {
            "time": "2009-07-22T05:13:24+00:00",
            "course": 239.55,
            "speed": 5.12,
            "depth": 30.98
          },
          {
            "time": "2009-07-22T05:13:32+00:00",
            "course": 239.84,
            "speed": 5.08,
            "depth": 30.98
          },
          {
            "time": "2009-07-22T05:13:40+00:00",
            "course": 239.52,
            "speed": 5.03,
            "depth": 30.98
          },
          {
            "time": "2009-07-22T05:13:48+00:00",
            "course": 239.37,
            "speed": 5.03,
            "depth": 30.98
          },
          {
            "time": "2009-07-22T05:13:56+00:00",
            "course": 239.34,
            "speed": 4.98,
            "depth": 30.98
          },
          {
            "time": "2009-07-22T05:14:04+00:00",
            "course": 239.09,
            "speed": 5.0,
            "depth": 30.98
          },
          {
            "time": "2009-07-22T05:14:12+00:00",
            "course": 238.98,
            "speed": 4.91,
            "depth": 30.98
          },
          {
            "time": "2009-07-22T05:14:20+00:00",
            "course": 239.54,
            "speed": 4.91,
            "depth": 30.98
          },
          {
            "time": "2009-07-22T05:14:27+00:00",
            "course": 240.07,
            "speed": 4.89,
            "depth": 30.98
          },
          {
            "time": "2009-07-22T05:14:36+00:00",
            "course": 240.57,
            "speed": 4.89,
            "depth": 30.98
          },
          {
            "time": "2009-07-22T05:14:44+00:00",
            "course": 240.39,
            "speed": 4.88,
            "depth": 30.98
          },
          {
            "time": "2009-07-22T05:14:52+00:00",
            "course": 240.24,
            "speed": 4.9,
            "depth": 30.98
          },
          {
            "time": "2009-07-22T05:15:00+00:00",
            "course": 239.92,
            "speed": 4.92,
            "depth": 30.98
          },
          {
            "time": "2009-07-22T05:15:08+00:00",
            "course": 239.39,
            "speed": 4.91,
            "depth": 30.98
          },
          {
            "time": "2009-07-22T05:15:16+00:00",
            "course": 239.17,
            "speed": 4.86,
            "depth": 30.98
          },
          {
            "time": "2009-07-22T05:15:24+00:00",
            "course": 238.94,
            "speed": 4.88,
            "depth": 30.98
          },
          {
            "time": "2009-07-22T05:15:32+00:00",
            "course": 238.86,
            "speed": 4.91,
            "depth": 30.98
          },
          {
            "time": "2009-07-22T05:15:40+00:00",
            "course": 239.07,
            "speed": 4.9,
            "depth": 30.98
          },
          {
            "time": "2009-07-22T05:15:48+00:00",
            "course": 240.23,
            "speed": 4.86,
            "depth": 30.98
          },
          {
            "time": "2009-07-22T05:15:56+00:00",
            "course": 240.58,
            "speed": 4.84,
            "depth": 30.98
          },
          {
            "time": "2009-07-22T05:16:04+00:00",
            "course": 240.27,
            "speed": 4.82,
            "depth": 30.98
          },
          {
            "time": "2009-07-22T05:16:12+00:00",
            "course": 240.06,
            "speed": 4.82,
            "depth": 30.98
          },
          {
            "time": "2009-07-22T05:16:20+00:00",
            "course": 239.6,
            "speed": 4.86,
            "depth": 30.98
          },
          {
            "time": "2009-07-22T05:16:27+00:00",
            "course": 239.02,
            "speed": 4.91,
            "depth": 30.98
          },
          {
            "time": "2009-07-22T05:16:36+00:00",
            "course": 238.53,
            "speed": 4.93,
            "depth": 30.98
          },
          {
            "time": "2009-07-22T05:16:44+00:00",
            "course": 238.55,
            "speed": 4.95,
            "depth": 30.98
          },
          {
            "time": "2009-07-22T05:16:52+00:00",
            "course": 238.43,
            "speed": 4.94,
            "depth": 30.98
          },
          {
            "time": "2009-07-22T05:17:00+00:00",
            "course": 238.85,
            "speed": 4.88,
            "depth": 30.98
          },
          {
            "time": "2009-07-22T05:17:08+00:00",
            "course": 239.73,
            "speed": 4.84,
            "depth": 30.98
          },
          {
            "time": "2009-07-22T05:17:16+00:00",
            "course": 239.98,
            "speed": 4.91,
            "depth": 30.98
          },
          {
            "time": "2009-07-22T05:17:24+00:00",
            "course": 239.96,
            "speed": 4.93,
            "depth": 30.98
          },
          {
            "time": "2009-07-22T05:17:32+00:00",
            "course": 240.24,
            "speed": 4.84,
            "depth": 30.98
          },
          {
            "time": "2009-07-22T05:17:40+00:00",
            "course": 240.49,
            "speed": 4.82,
            "depth": 30.98
          },
          {
            "time": "2009-07-22T05:17:48+00:00",
            "course": 240.41,
            "speed": 4.85,
            "depth": 30.98
          },
          {
            "time": "2009-07-22T05:17:56+00:00",
            "course": 239.92,
            "speed": 4.84,
            "depth": 30.98
          },
          {
            "time": "2009-07-22T05:18:04+00:00",
            "course": 239.57,
            "speed": 4.9,
            "depth": 30.98
          },
          {
            "time": "2009-07-22T05:18:12+00:00",
            "course": 239.26,
            "speed": 4.89,
            "depth": 30.98
          },
          {
            "time": "2009-07-22T05:18:20+00:00",
            "course": 238.86,
            "speed": 4.88,
            "depth": 30.98
          },
          {
            "time": "2009-07-22T05:18:27+00:00",
            "course": 238.82,
            "speed": 4.86,
            "depth": 30.98
          },
          {
            "time": "2009-07-22T05:18:36+00:00",
            "course": 238.76,
            "speed": 4.79,
            "depth": 30.98
          },
          {
            "time": "2009-07-22T05:18:44+00:00",
            "course": 238.86,
            "speed": 4.81,
            "depth": 30.98
          },
          {
            "time": "2009-07-22T05:18:52+00:00",
            "course": 238.63,
            "speed": 4.82,
            "depth": 30.98
          },
          {
            "time": "2009-07-22T05:19:00+00:00",
            "course": 238.79,
            "speed": 4.84,
            "depth": 30.98
          },
          {
            "time": "2009-07-22T05:19:08+00:00",
            "course": 238.95,
            "speed": 4.88,
            "depth": 30.98
          },
          {
            "time": "2009-07-22T05:19:16+00:00",
            "course": 239.18,
            "speed": 4.84,
            "depth": 30.98
          },
          {
            "time": "2009-07-22T05:19:24+00:00",
            "course": 239.54,
            "speed": 4.83,
            "depth": 30.98
          },
          {
            "time": "2009-07-22T05:19:32+00:00",
            "course": 239.62,
            "speed": 4.73,
            "depth": 30.98
          },
          {
            "time": "2009-07-22T05:19:40+00:00",
            "course": 239.49,
            "speed": 4.79,
            "depth": 30.98
          },
          {
            "time": "2009-07-22T05:19:48+00:00",
            "course": 239.12,
            "speed": 4.85,
            "depth": 30.98
          },
          {
            "time": "2009-07-22T05:19:56+00:00",
            "course": 238.96,
            "speed": 4.86,
            "depth": 30.98
          },
          {
            "time": "2009-07-22T05:20:04+00:00",
            "course": 238.92,
            "speed": 4.79,
            "depth": 30.98
          },
          {
            "time": "2009-07-22T05:20:12+00:00",
            "course": 239.0,
            "speed": 4.74,
            "depth": 30.98
          },
          {
            "time": "2009-07-22T05:20:20+00:00",
            "course": 239.16,
            "speed": 4.72,
            "depth": 30.98
          },
          {
            "time": "2009-07-22T05:20:27+00:00",
            "course": 239.22,
            "speed": 4.66,
            "depth": 30.98
          },
          {
            "time": "2009-07-22T05:20:36+00:00",
            "course": 239.21,
            "speed": 4.65,
            "depth": 30.98
          },
          {
            "time": "2009-07-22T05:20:44+00:00",
            "course": 239.01,
            "speed": 4.67,
            "depth": 30.98
          },
          {
            "time": "2009-07-22T05:20:52+00:00",
            "course": 239.07,
            "speed": 4.65,
            "depth": 30.98
          },
          {
            "time": "2009-07-22T05:21:00+00:00",
            "course": 239.05,
            "speed": 4.72,
            "depth": 30.98
          },
          {
            "time": "2009-07-22T05:21:08+00:00",
            "course": 239.13,
            "speed": 4.79,
            "depth": 30.98
          },
          {
            "time": "2009-07-22T05:21:16+00:00",
            "course": 239.44,
            "speed": 4.73,
            "depth": 30.98
          },
          {
            "time": "2009-07-22T05:21:24+00:00",
            "course": 239.84,
            "speed": 4.69,
            "depth": 30.98
          },
          {
            "time": "2009-07-22T05:21:32+00:00",
            "course": 239.8,
            "speed": 4.74,
            "depth": 30.98
          },
          {
            "time": "2009-07-22T05:21:40+00:00",
            "course": 239.57,
            "speed": 4.72,
            "depth": 30.98
          },
          {
            "time": "2009-07-22T05:21:48+00:00",
            "course": 239.04,
            "speed": 4.69,
            "depth": 30.98
          },
          {
            "time": "2009-07-22T05:21:56+00:00",
            "course": 239.13,
            "speed": 4.74,
            "depth": 30.98
          },
          {
            "time": "2009-07-22T05:22:04+00:00",
            "course": 239.17,
            "speed": 4.72,
            "depth": 30.98
          },
          {
            "time": "2009-07-22T05:22:12+00:00",
            "course": 239.19,
            "speed": 4.77,
            "depth": 30.98
          },
          {
            "time": "2009-07-22T05:22:20+00:00",
            "course": 239.11,
            "speed": 4.82,
            "depth": 30.98
          },
          {
            "time": "2009-07-22T05:22:27+00:00",
            "course": 239.2,
            "speed": 4.82,
            "depth": 30.98
          },
          {
            "time": "2009-07-22T05:22:36+00:00",
            "course": 239.44,
            "speed": 4.82,
            "depth": 30.98
          },
          {
            "time": "2009-07-22T05:22:44+00:00",
            "course": 239.5,
            "speed": 4.83,
            "depth": 30.98
          },
          {
            "time": "2009-07-22T05:22:52+00:00",
            "course": 239.29,
            "speed": 4.79,
            "depth": 30.98
          },
          {
            "time": "2009-07-22T05:23:00+00:00",
            "course": 239.21,
            "speed": 4.76,
            "depth": 30.98
          },
          {
            "time": "2009-07-22T05:23:08+00:00",
            "course": 239.62,
            "speed": 4.8,
            "depth": 30.98
          },
          {
            "time": "2009-07-22T05:23:16+00:00",
            "course": 239.47,
            "speed": 4.78,
            "depth": 30.98
          },
          {
            "time": "2009-07-22T05:23:24+00:00",
            "course": 239.61,
            "speed": 4.72,
            "depth": 30.98
          },
          {
            "time": "2009-07-22T05:23:32+00:00",
            "course": 239.55,
            "speed": 4.76,
            "depth": 30.98
          },
          {
            "time": "2009-07-22T05:23:40+00:00",
            "course": 239.57,
            "speed": 4.76,
            "depth": 30.98
          },
          {
            "time": "2009-07-22T05:23:48+00:00",
            "course": 239.32,
            "speed": 4.81,
            "depth": 30.98
          },
          {
            "time": "2009-07-22T05:23:56+00:00",
            "course": 238.99,
            "speed": 4.77,
            "depth": 30.98
          },
          {
            "time": "2009-07-22T05:24:04+00:00",
            "course": 238.89,
            "speed": 4.68,
            "depth": 30.98
          },
          {
            "time": "2009-07-22T05:24:12+00:00",
            "course": 238.7,
            "speed": 4.72,
            "depth": 30.98
          },
          {
            "time": "2009-07-22T05:24:20+00:00",
            "course": 238.87,
            "speed": 4.82,
            "depth": 30.98
          },
          {
            "time": "2009-07-22T05:24:27+00:00",
            "course": 239.09,
            "speed": 4.83,
            "depth": 30.98
          },
          {
            "time": "2009-07-22T05:24:36+00:00",
            "course": 239.25,
            "speed": 4.84,
            "depth": 30.98
          },
          {
            "time": "2009-07-22T05:24:44+00:00",
            "course": 239.24,
            "speed": 4.83,
            "depth": 30.98
          },
          {
            "time": "2009-07-22T05:24:52+00:00",
            "course": 239.21,
            "speed": 4.79,
            "depth": 30.98
          },
          {
            "time": "2009-07-22T05:25:00+00:00",
            "course": 239.44,
            "speed": 4.82,
            "depth": 30.98
          },
          {
            "time": "2009-07-22T05:25:08+00:00",
            "course": 239.38,
            "speed": 4.82,
            "depth": 30.98
          },
          {
            "time": "2009-07-22T05:25:16+00:00",
            "course": 239.92,
            "speed": 4.84,
            "depth": 30.98
          },
          {
            "time": "2009-07-22T05:25:24+00:00",
            "course": 240.12,
            "speed": 4.83,
            "depth": 30.98
          },
          {
            "time": "2009-07-22T05:25:32+00:00",
            "course": 239.95,
            "speed": 4.82,
            "depth": 30.98
          },
          {
            "time": "2009-07-22T05:25:40+00:00",
            "course": 240.17,
            "speed": 4.83,
            "depth": 30.98
          },
          {
            "time": "2009-07-22T05:25:48+00:00",
            "course": 240.12,
            "speed": 4.83,
            "depth": 30.98
          },
          {
            "time": "2009-07-22T05:25:56+00:00",
            "course": 239.91,
            "speed": 4.82,
            "depth": 30.98
          },
          {
            "time": "2009-07-22T05:26:04+00:00",
            "course": 239.67,
            "speed": 4.82,
            "depth": 30.98
          }
        ],
        "style": {
          "line": {
            "color": "#808080"
          },
          "point": {
            "shape": "circle",
            "radius": 3.0,
            "fill_color": "#808080",
            "color": "#808080"
          }
        },
        "default_position_style": {
          "show_symbol": false,
          "symbol": "circle",
          "show_label": false
        },
        "symbol_interval": "PT5M",
        "label_interval": "PT15M",
        "sensors": [
          {
            "name": "SENSOR_A_1",
            "contacts": [
              {
                "time": "2009-07-22T04:15:22+00:00",
                "bearing": 300.8,
                "frequency": 49.92,
                "label": " 0415"
              },
              {
                "time": "2009-07-22T04:16:45+00:00",
                "bearing": 300.8,
                "frequency": 49.92,
                "label": " 0416"
              },
              {
                "time": "2009-07-22T04:18:25+00:00",
                "bearing": 300.5,
                "frequency": 49.92,
                "label": " 0418"
              },
              {
                "time": "2009-07-22T04:20:36+00:00",
                "bearing": 300.0,
                "frequency": 49.92,
                "label": " 0420"
              }
            ]
          },
          {
            "name": "SENSOR_A_2",
            "contacts": [
              {
                "time": "2009-07-22T04:42:32+00:00",
                "bearing": 296.2,
                "frequency": 49.96,
                "label": " 0442"
              },
              {
                "time": "2009-07-22T04:43:12+00:00",
                "bearing": 295.8,
                "frequency": 50.06,
                "label": " 0443"
              },
              {
                "time": "2009-07-22T04:43:19+00:00",
                "bearing": 295.5,
                "frequency": 50.06,
                "label": " 0443"
              },
              {
                "time": "2009-07-22T04:44:56+00:00",
                "bearing": 293.5,
                "frequency": 50.23,
                "label": " 0444"
              },
              {
                "time": "2009-07-22T04:45:44+00:00",
                "bearing": 293.0,
                "frequency": 50.23,
                "label": " 0445"
              },
              {
                "time": "2009-07-22T04:46:30+00:00",
                "bearing": 292.8,
                "frequency": 50.16,
                "label": " 0446"
              },
              {
                "time": "2009-07-22T04:48:18+00:00",
                "bearing": 290.3,
                "frequency": 49.96,
                "label": " 0448"
              },
              {
                "time": "2009-07-22T04:49:37+00:00",
                "bearing": 289.0,
                "frequency": 49.92,
                "label": " 0449"
              },
              {
                "time": "2009-07-22T04:50:49+00:00",
                "bearing": 288.3,
                "frequency": 49.96,
                "label": " 0450"
              },
              {
                "time": "2009-07-22T04:52:01+00:00",
                "bearing": 288.0,
                "frequency": 49.92,
                "label": " 0452"
              },
              {
                "time": "2009-07-22T04:53:13+00:00",
                "bearing": 288.0,
                "frequency": 49.96,
                "label": " 0453"
              },
              {
                "time": "2009-07-22T04:54:44+00:00",
                "bearing": 288.8,
                "frequency": 49.99,
                "label": " 0454"
              },
              {
                "time": "2009-07-22T04:55:56+00:00",
                "bearing": 288.8,
                "frequency": 49.99,
                "label": " 0455"
              },
              {
                "time": "2009-07-22T04:57:04+00:00",
                "bearing": 288.8,
                "frequency": 49.96,
                "label": " 0457"
              },
              {
                "time": "2009-07-22T04:58:15+00:00",
                "bearing": 289.8,
                "frequency": 49.96,
                "label": " 0458"
              },
              {
                "time": "2009-07-22T04:59:19+00:00",
                "bearing": 289.8,
                "frequency": 49.96,
                "label": " 0459"
              },
              {
                "time": "2009-07-22T05:00:43+00:00",
                "bearing": 291.0,
                "frequency": 49.99,
                "label": " 0500"
              },
              {
                "time": "2009-07-22T05:02:11+00:00",
                "bearing": 291.5,
                "frequency": 49.99,
                "label": " 0502"
              },
              {
                "time": "2009-07-22T05:03:26+00:00",
                "bearing": 292.3,
                "frequency": 49.99,
                "label": " 0503"
              },
              {
                "time": "2009-07-22T05:04:34+00:00",
                "bearing": 292.3,
                "frequency": 49.96,
                "label": " 0504"
              },
              {
                "time": "2009-07-22T05:06:02+00:00",
                "bearing": 293.0,
                "frequency": 49.96,
                "label": " 0506"
              },
              {
                "time": "2009-07-22T05:07:57+00:00",
                "bearing": 293.5,
                "frequency": 49.99,
                "label": " 0507"
              },
              {
                "time": "2009-07-22T05:09:13+00:00",
                "bearing": 294.0,
                "frequency": 49.99,
                "label": " 0509"
              },
              {
                "time": "2009-07-22T05:10:44+00:00",
                "bearing": 294.3,
                "frequency": 49.99,
                "label": " 0510"
              },
              {
                "time": "2009-07-22T05:12:00+00:00",
                "bearing": 294.8,
                "frequency": 49.99,
                "label": " 0512"
              },
              {
                "time": "2009-07-22T05:13:20+00:00",
                "bearing": 294.8,
                "frequency": 49.99,
                "label": " 0513"
              },
              {
                "time": "2009-07-22T05:14:04+00:00",
                "bearing": 294.8,
                "frequency": 49.99,
                "label": " 0514"
              },
              {
                "time": "2009-07-22T05:15:35+00:00",
                "bearing": 295.8,
                "frequency": 49.99,
                "label": " 0515"
              },
              {
                "time": "2009-07-22T05:16:39+00:00",
                "bearing": 295.8,
                "frequency": 49.99,
                "label": " 0516"
              },
              {
                "time": "2009-07-22T05:18:11+00:00",
                "bearing": 295.8,
                "frequency": 49.99,
                "label": " 0518"
              },
              {
                "time": "2009-07-22T05:19:11+00:00",
                "bearing": 296.5,
                "frequency": 49.96,
                "label": " 0519"
              },
              {
                "time": "2009-07-22T05:20:30+00:00",
                "bearing": 296.5,
                "frequency": 49.99,
                "label": " 0520"
              },
              {
                "time": "2009-07-22T05:21:30+00:00",
                "bearing": 297.5,
                "frequency": 50.09,
                "label": " 0521"
              },
              {
                "time": "2009-07-22T05:22:22+00:00",
                "bearing": 297.8,
                "frequency": 50.2,
                "label": " 0522"
              },
              {
                "time": "2009-07-22T05:23:18+00:00",
                "bearing": 298.3,
                "frequency": 50.2,
                "label": " 0523"
              },
              {
                "time": "2009-07-22T05:24:17+00:00",
                "bearing": 299.0,
                "frequency": 50.2,
                "label": " 0524"
              },
              {
                "time": "2009-07-22T05:25:05+00:00",
                "bearing": 299.5,
                "frequency": 50.2,
                "label": " 0525"
              },
              {
                "time": "2009-07-22T05:25:49+00:00",
                "bearing": 300.0,
                "frequency": 50.2,
                "label": " 0525"
              }
            ]
          }
        ],
        "tuas": [
          {
            "name": "NameHere",
            "host_track_name": "NONSUCH",
            "solutions": [
              {
                "time": "2009-07-22T04:20:28+00:00",
                "label": "21.0 kts12.0Degs",
                "course": 12.0,
                "speed": 21.0,
                "bearing": 12.0
              }
            ]
          }
        ],
        "provenance": [
          {
            "activity_id": "4966ca05-5ccf-45dc-a159-f44201685d80",
            "timestamp": "2026-04-13T23:12:33.710953Z",
            "was_generated_by": {
              "tool": "dpf-parser",
              "tool_version": "1.0.0",
              "parameters": []
            },
            "used": [],
            "generated": [
              "95e911a0-f336-40ec-aa97-e7c5f80aafee"
            ],
            "execution_duration": "PT0.007057S"
          }
        ]
      }
    }
  ]
}