{
  "type": "FeatureCollection",
  "features": [
    {
      "type": "Feature",
      "id": "997db47e-98ef-45d2-83c4-3fb78c27fc1b",
      "geometry": {
        "type": "LineString",
        "coordinates": [
          [
            0.0918058,
            0.2429307
          ],
          [
            0.0927696,
            0.2434509
          ],
          [
            0.0937263,
            0.2439818
          ],
          [
            0.094682,
            0.2445164
          ],
          [
            0.0956422,
            0.2450428
          ],
          [
            0.0966015,
            0.2455756
          ],
          [
            0.0976284,
            0.2458141
          ],
          [
            0.0986111,
            0.245599
          ],
          [
            0.099583,
            0.2453128
          ],
          [
            0.1005136,
            0.2450365
          ],
          [
            0.1014171,
            0.2447765
          ],
          [
            0.1022936,
            0.2445254
          ],
          [
            0.1031513,
            0.244277
          ],
          [
            0.1039945,
            0.2440331
          ],
          [
            0.1048251,
            0.2437919
          ],
          [
            0.1056477,
            0.2435553
          ],
          [
            0.1064639,
            0.2433204
          ],
          [
            0.1072748,
            0.2430837
          ],
          [
            0.1080829,
            0.2428542
          ],
          [
            0.1088892,
            0.2426211
          ],
          [
            0.1096929,
            0.2423925
          ],
          [
            0.1104965,
            0.2421613
          ],
          [
            0.1112975,
            0.2419291
          ],
          [
            0.1121002,
            0.2416996
          ],
          [
            0.1129056,
            0.2414728
          ],
          [
            0.1137084,
            0.2412424
          ],
          [
            0.1145129,
            0.2410183
          ],
          [
            0.1153157,
            0.2407943
          ],
          [
            0.1161157,
            0.2405639
          ],
          [
            0.1169166,
            0.2403398
          ],
          [
            0.1177122,
            0.2401157
          ],
          [
            0.1185068,
            0.2398934
          ],
          [
            0.1192988,
            0.2396756
          ],
          [
            0.1200907,
            0.239457
          ],
          [
            0.120879,
            0.2392383
          ],
          [
            0.1216674,
            0.239025
          ],
          [
            0.1224539,
            0.2388135
          ],
          [
            0.1232468,
            0.2385993
          ],
          [
            0.1240261,
            0.2383878
          ],
          [
            0.1248109,
            0.2381791
          ],
          [
            0.1255974,
            0.2379694
          ],
          [
            0.1263929,
            0.2377489
          ],
          [
            0.1271786,
            0.2375374
          ],
          [
            0.1279525,
            0.237325
          ],
          [
            0.1287508,
            0.237109
          ],
          [
            0.1295382,
            0.2368985
          ],
          [
            0.1303094,
            0.2366951
          ],
          [
            0.1310978,
            0.2364836
          ],
          [
            0.1318861,
            0.2362775
          ],
          [
            0.1326781,
            0.2360732
          ],
          [
            0.1334673,
            0.2358671
          ],
          [
            0.1342575,
            0.2356673
          ],
          [
            0.1350503,
            0.2354667
          ],
          [
            0.1358404,
            0.2352651
          ],
          [
            0.1366324,
            0.2350653
          ],
          [
            0.1374234,
            0.2348628
          ],
          [
            0.1381416,
            0.2345325
          ],
          [
            0.1387085,
            0.2340313
          ],
          [
            0.1392458,
            0.2335048
          ],
          [
            0.1397803,
            0.2329666
          ],
          [
            0.1403212,
            0.2324258
          ],
          [
            0.1408639,
            0.2318768
          ],
          [
            0.1414119,
            0.2313288
          ],
          [
            0.1419627,
            0.230778
          ],
          [
            0.1425116,
            0.2302236
          ],
          [
            0.1430642,
            0.2296684
          ],
          [
            0.1436159,
            0.2291113
          ],
          [
            0.1441675,
            0.2285525
          ],
          [
            0.1447192,
            0.2279927
          ],
          [
            0.1452735,
            0.2274357
          ],
          [
            0.1458261,
            0.226875
          ],
          [
            0.1463814,
            0.2263161
          ],
          [
            0.1469393,
            0.22576
          ],
          [
            0.1474964,
            0.2252029
          ],
          [
            0.1480588,
            0.2246504
          ],
          [
            0.1486168,
            0.2240942
          ],
          [
            0.1491774,
            0.223538
          ],
          [
            0.1497336,
            0.2229765
          ],
          [
            0.1502916,
            0.2224185
          ],
          [
            0.1508495,
            0.221857
          ],
          [
            0.1514075,
            0.2212963
          ],
          [
            0.1519663,
            0.2207347
          ],
          [
            0.1525243,
            0.2201723
          ],
          [
            0.1530814,
            0.2196089
          ],
          [
            0.1536384,
            0.2190447
          ],
          [
            0.1541946,
            0.2184804
          ],
          [
            0.154748,
            0.2179135
          ],
          [
            0.1553024,
            0.2173483
          ],
          [
            0.1558631,
            0.2167876
          ],
          [
            0.1564219,
            0.216227
          ],
          [
            0.1569817,
            0.2156672
          ],
          [
            0.1575432,
            0.2151093
          ],
          [
            0.1581012,
            0.2145486
          ],
          [
            0.1586555,
            0.2139879
          ],
          [
            0.1592198,
            0.2134327
          ],
          [
            0.1597301,
            0.2128612
          ],
          [
            0.1602853,
            0.2123051
          ],
          [
            0.1608406,
            0.2117516
          ],
          [
            0.1613967,
            0.2111955
          ],
          [
            0.161952,
            0.2106402
          ],
          [
            0.1625091,
            0.2100804
          ],
          [
            0.1630652,
            0.2095207
          ],
          [
            0.1636241,
            0.2089636
          ],
          [
            0.1641784,
            0.2084048
          ],
          [
            0.1647355,
            0.2078513
          ],
          [
            0.1652944,
            0.2073005
          ],
          [
            0.1658487,
            0.2067498
          ],
          [
            0.1664049,
            0.2061999
          ],
          [
            0.1669673,
            0.2056555
          ],
          [
            0.1675298,
            0.2051128
          ],
          [
            0.1680886,
            0.2045665
          ],
          [
            0.1686448,
            0.2040203
          ],
          [
            0.1692028,
            0.2034758
          ],
          [
            0.1697679,
            0.202926
          ],
          [
            0.1703241,
            0.2023842
          ],
          [
            0.170891,
            0.201837
          ],
          [
            0.1714436,
            0.2012917
          ],
          [
            0.1720052,
            0.2007463
          ],
          [
            0.1725685,
            0.2002019
          ],
          [
            0.1731346,
            0.1996538
          ],
          [
            0.1737303,
            0.1990122
          ],
          [
            0.1744899,
            0.1982067
          ],
          [
            0.1745826,
            0.1971907
          ]
        ]
      },
      "properties": {
        "kind": "TRACK",
        "platform_id": "OWNSHIP",
        "platform_name": "OWNSHIP",
        "track_type": "CONTACT",
        "start_time": "2000-01-01T03:29:30+00:00",
        "end_time": "2000-01-01T04:30:30+00:00",
        "positions": [
          {
            "time": "2000-01-01T03:29:30+00:00",
            "course": 60.3,
            "speed": 7.935,
            "depth": 89.8
          },
          {
            "time": "2000-01-01T03:30:00+00:00",
            "course": 59.9,
            "speed": 7.935,
            "depth": 90.5
          },
          {
            "time": "2000-01-01T03:30:30+00:00",
            "course": 60.1,
            "speed": 7.935,
            "depth": 90.2
          },
          {
            "time": "2000-01-01T03:31:00+00:00",
            "course": 59.9,
            "speed": 7.897,
            "depth": 90.4
          },
          {
            "time": "2000-01-01T03:31:30+00:00",
            "course": 60.2,
            "speed": 7.935,
            "depth": 90.3
          },
          {
            "time": "2000-01-01T03:32:00+00:00",
            "course": 64.4,
            "speed": 7.806,
            "depth": 89.5
          },
          {
            "time": "2000-01-01T03:32:30+00:00",
            "course": 97.2,
            "speed": 7.365,
            "depth": 90.5
          },
          {
            "time": "2000-01-01T03:33:00+00:00",
            "course": 106.1,
            "speed": 7.388,
            "depth": 91.1
          },
          {
            "time": "2000-01-01T03:33:30+00:00",
            "course": 105.2,
            "speed": 7.176,
            "depth": 91.3
          },
          {
            "time": "2000-01-01T03:34:00+00:00",
            "course": 105.1,
            "speed": 6.955,
            "depth": 90.9
          },
          {
            "time": "2000-01-01T03:34:30+00:00",
            "course": 104.9,
            "speed": 6.758,
            "depth": 90.3
          },
          {
            "time": "2000-01-01T03:35:00+00:00",
            "course": 105.2,
            "speed": 6.568,
            "depth": 90.6
          },
          {
            "time": "2000-01-01T03:35:30+00:00",
            "course": 105.4,
            "speed": 6.477,
            "depth": 90.3
          },
          {
            "time": "2000-01-01T03:36:00+00:00",
            "course": 105.2,
            "speed": 6.409,
            "depth": 89.9
          },
          {
            "time": "2000-01-01T03:36:30+00:00",
            "course": 105.2,
            "speed": 6.363,
            "depth": 90.3
          },
          {
            "time": "2000-01-01T03:37:00+00:00",
            "course": 105.0,
            "speed": 6.272,
            "depth": 90.1
          },
          {
            "time": "2000-01-01T03:37:30+00:00",
            "course": 105.3,
            "speed": 6.257,
            "depth": 90.8
          },
          {
            "time": "2000-01-01T03:38:00+00:00",
            "course": 105.3,
            "speed": 6.211,
            "depth": 90.4
          },
          {
            "time": "2000-01-01T03:38:30+00:00",
            "course": 105.2,
            "speed": 6.211,
            "depth": 90.7
          },
          {
            "time": "2000-01-01T03:39:00+00:00",
            "course": 105.3,
            "speed": 6.211,
            "depth": 90.5
          },
          {
            "time": "2000-01-01T03:39:30+00:00",
            "course": 105.2,
            "speed": 6.211,
            "depth": 90.5
          },
          {
            "time": "2000-01-01T03:40:00+00:00",
            "course": 105.4,
            "speed": 6.211,
            "depth": 90.8
          },
          {
            "time": "2000-01-01T03:40:30+00:00",
            "course": 105.4,
            "speed": 6.211,
            "depth": 90.1
          },
          {
            "time": "2000-01-01T03:41:00+00:00",
            "course": 104.7,
            "speed": 6.211,
            "depth": 90.9
          },
          {
            "time": "2000-01-01T03:41:30+00:00",
            "course": 105.5,
            "speed": 6.211,
            "depth": 90.3
          },
          {
            "time": "2000-01-01T03:42:00+00:00",
            "course": 105.4,
            "speed": 6.211,
            "depth": 90.7
          },
          {
            "time": "2000-01-01T03:42:30+00:00",
            "course": 104.9,
            "speed": 6.181,
            "depth": 90.7
          },
          {
            "time": "2000-01-01T03:43:00+00:00",
            "course": 105.4,
            "speed": 6.234,
            "depth": 90.5
          },
          {
            "time": "2000-01-01T03:43:30+00:00",
            "course": 105.4,
            "speed": 6.241,
            "depth": 90.7
          },
          {
            "time": "2000-01-01T03:44:00+00:00",
            "course": 104.8,
            "speed": 6.211,
            "depth": 90.7
          },
          {
            "time": "2000-01-01T03:44:30+00:00",
            "course": 105.7,
            "speed": 6.249,
            "depth": 90.4
          },
          {
            "time": "2000-01-01T03:45:00+00:00",
            "course": 105.2,
            "speed": 6.234,
            "depth": 90.2
          },
          {
            "time": "2000-01-01T03:45:30+00:00",
            "course": 105.1,
            "speed": 6.211,
            "depth": 89.7
          },
          {
            "time": "2000-01-01T03:46:00+00:00",
            "course": 105.3,
            "speed": 6.166,
            "depth": 90.5
          },
          {
            "time": "2000-01-01T03:46:30+00:00",
            "course": 105.5,
            "speed": 6.204,
            "depth": 90.4
          },
          {
            "time": "2000-01-01T03:47:00+00:00",
            "course": 104.8,
            "speed": 6.158,
            "depth": 90.4
          },
          {
            "time": "2000-01-01T03:47:30+00:00",
            "course": 105.3,
            "speed": 6.181,
            "depth": 90.1
          },
          {
            "time": "2000-01-01T03:48:00+00:00",
            "course": 105.3,
            "speed": 6.181,
            "depth": 90.8
          },
          {
            "time": "2000-01-01T03:48:30+00:00",
            "course": 105.2,
            "speed": 6.143,
            "depth": 90.6
          },
          {
            "time": "2000-01-01T03:49:00+00:00",
            "course": 105.1,
            "speed": 6.181,
            "depth": 90.4
          },
          {
            "time": "2000-01-01T03:49:30+00:00",
            "course": 105.5,
            "speed": 6.181,
            "depth": 90.5
          },
          {
            "time": "2000-01-01T03:50:00+00:00",
            "course": 105.6,
            "speed": 6.204,
            "depth": 91.4
          },
          {
            "time": "2000-01-01T03:50:30+00:00",
            "course": 105.1,
            "speed": 6.143,
            "depth": 91.5
          },
          {
            "time": "2000-01-01T03:51:00+00:00",
            "course": 105.4,
            "speed": 6.181,
            "depth": 89.8
          },
          {
            "time": "2000-01-01T03:51:30+00:00",
            "course": 105.0,
            "speed": 6.226,
            "depth": 91.8
          },
          {
            "time": "2000-01-01T03:52:00+00:00",
            "course": 105.1,
            "speed": 6.226,
            "depth": 91.2
          },
          {
            "time": "2000-01-01T03:52:30+00:00",
            "course": 105.4,
            "speed": 6.226,
            "depth": 85.7
          },
          {
            "time": "2000-01-01T03:53:00+00:00",
            "course": 105.1,
            "speed": 6.226,
            "depth": 85.5
          },
          {
            "time": "2000-01-01T03:53:30+00:00",
            "course": 105.1,
            "speed": 6.211,
            "depth": 85.7
          },
          {
            "time": "2000-01-01T03:54:00+00:00",
            "course": 105.1,
            "speed": 6.211,
            "depth": 85.8
          },
          {
            "time": "2000-01-01T03:54:30+00:00",
            "course": 105.3,
            "speed": 6.181,
            "depth": 85.7
          },
          {
            "time": "2000-01-01T03:55:00+00:00",
            "course": 105.1,
            "speed": 6.181,
            "depth": 86.0
          },
          {
            "time": "2000-01-01T03:55:30+00:00",
            "course": 105.0,
            "speed": 6.204,
            "depth": 85.8
          },
          {
            "time": "2000-01-01T03:56:00+00:00",
            "course": 105.3,
            "speed": 6.204,
            "depth": 86.3
          },
          {
            "time": "2000-01-01T03:56:30+00:00",
            "course": 105.0,
            "speed": 6.226,
            "depth": 86.5
          },
          {
            "time": "2000-01-01T03:57:00+00:00",
            "course": 107.6,
            "speed": 6.226,
            "depth": 85.9
          },
          {
            "time": "2000-01-01T03:57:30+00:00",
            "course": 128.9,
            "speed": 5.953,
            "depth": 86.3
          },
          {
            "time": "2000-01-01T03:58:00+00:00",
            "course": 133.6,
            "speed": 5.908,
            "depth": 86.2
          },
          {
            "time": "2000-01-01T03:58:30+00:00",
            "course": 135.6,
            "speed": 5.976,
            "depth": 86.9
          },
          {
            "time": "2000-01-01T03:59:00+00:00",
            "course": 135.2,
            "speed": 6.021,
            "depth": 86.3
          },
          {
            "time": "2000-01-01T03:59:30+00:00",
            "course": 135.3,
            "speed": 6.044,
            "depth": 86.6
          },
          {
            "time": "2000-01-01T04:00:00+00:00",
            "course": 135.6,
            "speed": 6.097,
            "depth": 86.3
          },
          {
            "time": "2000-01-01T04:00:30+00:00",
            "course": 134.8,
            "speed": 6.112,
            "depth": 86.1
          },
          {
            "time": "2000-01-01T04:01:00+00:00",
            "course": 135.6,
            "speed": 6.143,
            "depth": 86.4
          },
          {
            "time": "2000-01-01T04:01:30+00:00",
            "course": 135.2,
            "speed": 6.158,
            "depth": 86.2
          },
          {
            "time": "2000-01-01T04:02:00+00:00",
            "course": 135.4,
            "speed": 6.158,
            "depth": 86.5
          },
          {
            "time": "2000-01-01T04:02:30+00:00",
            "course": 135.3,
            "speed": 6.158,
            "depth": 86.1
          },
          {
            "time": "2000-01-01T04:03:00+00:00",
            "course": 135.3,
            "speed": 6.181,
            "depth": 86.0
          },
          {
            "time": "2000-01-01T04:03:30+00:00",
            "course": 135.0,
            "speed": 6.181,
            "depth": 86.1
          },
          {
            "time": "2000-01-01T04:04:00+00:00",
            "course": 135.1,
            "speed": 6.181,
            "depth": 85.8
          },
          {
            "time": "2000-01-01T04:04:30+00:00",
            "course": 135.4,
            "speed": 6.204,
            "depth": 85.3
          },
          {
            "time": "2000-01-01T04:05:00+00:00",
            "course": 135.0,
            "speed": 6.204,
            "depth": 84.6
          },
          {
            "time": "2000-01-01T04:05:30+00:00",
            "course": 135.0,
            "speed": 6.226,
            "depth": 85.1
          },
          {
            "time": "2000-01-01T04:06:00+00:00",
            "course": 135.2,
            "speed": 6.226,
            "depth": 84.9
          },
          {
            "time": "2000-01-01T04:06:30+00:00",
            "course": 134.9,
            "speed": 6.226,
            "depth": 84.5
          },
          {
            "time": "2000-01-01T04:07:00+00:00",
            "course": 135.3,
            "speed": 6.226,
            "depth": 84.3
          },
          {
            "time": "2000-01-01T04:07:30+00:00",
            "course": 135.7,
            "speed": 6.211,
            "depth": 84.5
          },
          {
            "time": "2000-01-01T04:08:00+00:00",
            "course": 135.4,
            "speed": 6.211,
            "depth": 84.4
          },
          {
            "time": "2000-01-01T04:08:30+00:00",
            "course": 135.3,
            "speed": 6.188,
            "depth": 84.3
          },
          {
            "time": "2000-01-01T04:09:00+00:00",
            "course": 135.3,
            "speed": 6.188,
            "depth": 83.6
          },
          {
            "time": "2000-01-01T04:09:30+00:00",
            "course": 135.5,
            "speed": 6.188,
            "depth": 83.0
          },
          {
            "time": "2000-01-01T04:10:00+00:00",
            "course": 135.1,
            "speed": 6.204,
            "depth": 82.9
          },
          {
            "time": "2000-01-01T04:10:30+00:00",
            "course": 135.4,
            "speed": 6.204,
            "depth": 83.3
          },
          {
            "time": "2000-01-01T04:11:00+00:00",
            "course": 135.4,
            "speed": 6.204,
            "depth": 82.3
          },
          {
            "time": "2000-01-01T04:11:30+00:00",
            "course": 135.2,
            "speed": 6.204,
            "depth": 82.1
          },
          {
            "time": "2000-01-01T04:12:00+00:00",
            "course": 135.7,
            "speed": 6.204,
            "depth": 81.6
          },
          {
            "time": "2000-01-01T04:12:30+00:00",
            "course": 135.2,
            "speed": 6.204,
            "depth": 80.8
          },
          {
            "time": "2000-01-01T04:13:00+00:00",
            "course": 135.2,
            "speed": 6.204,
            "depth": 80.9
          },
          {
            "time": "2000-01-01T04:13:30+00:00",
            "course": 135.2,
            "speed": 6.204,
            "depth": 79.9
          },
          {
            "time": "2000-01-01T04:14:00+00:00",
            "course": 135.0,
            "speed": 6.204,
            "depth": 79.1
          },
          {
            "time": "2000-01-01T04:14:30+00:00",
            "course": 135.2,
            "speed": 6.204,
            "depth": 79.0
          },
          {
            "time": "2000-01-01T04:15:00+00:00",
            "course": 135.2,
            "speed": 6.204,
            "depth": 78.4
          },
          {
            "time": "2000-01-01T04:15:30+00:00",
            "course": 135.5,
            "speed": 6.204,
            "depth": 77.6
          },
          {
            "time": "2000-01-01T04:16:00+00:00",
            "course": 135.0,
            "speed": 6.188,
            "depth": 77.0
          },
          {
            "time": "2000-01-01T04:16:30+00:00",
            "course": 135.4,
            "speed": 6.188,
            "depth": 75.8
          },
          {
            "time": "2000-01-01T04:17:00+00:00",
            "course": 135.6,
            "speed": 6.188,
            "depth": 87.7
          },
          {
            "time": "2000-01-01T04:17:30+00:00",
            "course": 134.9,
            "speed": 6.166,
            "depth": 88.1
          },
          {
            "time": "2000-01-01T04:18:00+00:00",
            "course": 135.1,
            "speed": 6.166,
            "depth": 88.0
          },
          {
            "time": "2000-01-01T04:18:30+00:00",
            "course": 135.3,
            "speed": 6.143,
            "depth": 87.5
          },
          {
            "time": "2000-01-01T04:19:00+00:00",
            "course": 135.3,
            "speed": 6.158,
            "depth": 87.5
          },
          {
            "time": "2000-01-01T04:19:30+00:00",
            "course": 135.6,
            "speed": 6.204,
            "depth": 87.7
          },
          {
            "time": "2000-01-01T04:20:00+00:00",
            "course": 135.2,
            "speed": 6.204,
            "depth": 87.9
          },
          {
            "time": "2000-01-01T04:20:30+00:00",
            "course": 135.2,
            "speed": 6.204,
            "depth": 88.3
          },
          {
            "time": "2000-01-01T04:21:00+00:00",
            "course": 135.3,
            "speed": 6.204,
            "depth": 88.4
          },
          {
            "time": "2000-01-01T04:21:30+00:00",
            "course": 135.1,
            "speed": 6.204,
            "depth": 88.6
          },
          {
            "time": "2000-01-01T04:22:00+00:00",
            "course": 135.1,
            "speed": 6.204,
            "depth": 88.9
          },
          {
            "time": "2000-01-01T04:22:30+00:00",
            "course": 135.4,
            "speed": 6.204,
            "depth": 88.7
          },
          {
            "time": "2000-01-01T04:23:00+00:00",
            "course": 135.1,
            "speed": 6.188,
            "depth": 88.9
          },
          {
            "time": "2000-01-01T04:23:30+00:00",
            "course": 134.8,
            "speed": 6.188,
            "depth": 88.6
          },
          {
            "time": "2000-01-01T04:24:00+00:00",
            "course": 135.4,
            "speed": 6.188,
            "depth": 88.5
          },
          {
            "time": "2000-01-01T04:24:30+00:00",
            "course": 135.5,
            "speed": 6.188,
            "depth": 88.9
          },
          {
            "time": "2000-01-01T04:25:00+00:00",
            "course": 135.3,
            "speed": 6.166,
            "depth": 88.5
          },
          {
            "time": "2000-01-01T04:25:30+00:00",
            "course": 135.5,
            "speed": 6.166,
            "depth": 88.8
          },
          {
            "time": "2000-01-01T04:26:00+00:00",
            "course": 135.4,
            "speed": 6.166,
            "depth": 88.3
          },
          {
            "time": "2000-01-01T04:26:30+00:00",
            "course": 135.1,
            "speed": 6.166,
            "depth": 88.6
          },
          {
            "time": "2000-01-01T04:27:00+00:00",
            "course": 135.5,
            "speed": 6.166,
            "depth": 88.5
          },
          {
            "time": "2000-01-01T04:27:30+00:00",
            "course": 135.2,
            "speed": 6.166,
            "depth": 88.8
          },
          {
            "time": "2000-01-01T04:28:00+00:00",
            "course": 135.1,
            "speed": 6.166,
            "depth": 89.1
          },
          {
            "time": "2000-01-01T04:28:30+00:00",
            "course": 135.0,
            "speed": 6.166,
            "depth": 89.0
          },
          {
            "time": "2000-01-01T04:29:00+00:00",
            "course": 136.0,
            "speed": 6.226,
            "depth": 89.0
          },
          {
            "time": "2000-01-01T04:29:30+00:00",
            "course": 136.7,
            "speed": 7.418,
            "depth": 89.7
          },
          {
            "time": "2000-01-01T04:30:00+00:00",
            "course": 149.0,
            "speed": 8.626,
            "depth": 89.5
          },
          {
            "time": "2000-01-01T04:30:30+00:00",
            "course": 214.4,
            "speed": 6.591,
            "depth": 89.8
          }
        ],
        "style": {
          "line": {
            "color": "#808080"
          },
          "point": {
            "shape": "circle",
            "radius": 3.0,
            "fill_color": "#808080",
            "color": "#808080"
          }
        },
        "default_position_style": {
          "show_symbol": false,
          "symbol": "circle",
          "show_label": false
        },
        "symbol_interval": "PT5M",
        "label_interval": "PT15M"
      }
    },
    {
      "type": "Feature",
      "id": "71d921b0-ea3b-44e8-a271-a7cdd0663058",
      "geometry": null,
      "properties": {
        "kind": "SENSOR_CONTACT",
        "parent_track": "OWNSHIP",
        "sensor_name": "s0b8bb.cs2",
        "bearing": 167.566,
        "time": "2000-01-01T03:31:30+00:00",
        "label": "000101 033129.067",
        "frequency": 0.0
      }
    },
    {
      "type": "Feature",
      "id": "64ce1211-0ed3-4170-9084-ba6a4e79bdec",
      "geometry": null,
      "properties": {
        "kind": "SENSOR_CONTACT",
        "parent_track": "OWNSHIP",
        "sensor_name": "s0b8bb.cs2",
        "bearing": 167.951,
        "time": "2000-01-01T03:32:00+00:00",
        "label": "000101 033159.067",
        "frequency": 0.0
      }
    },
    {
      "type": "Feature",
      "id": "2338d049-992d-4f65-9a95-4c059f3b166b",
      "geometry": null,
      "properties": {
        "kind": "SENSOR_CONTACT",
        "parent_track": "OWNSHIP",
        "sensor_name": "s0b8bb.cs2",
        "bearing": 169.441,
        "time": "2000-01-01T03:32:30+00:00",
        "label": "000101 033229.067",
        "frequency": 0.0
      }
    },
    {
      "type": "Feature",
      "id": "5065ea85-6906-4a89-969a-901cc685ebb8",
      "geometry": null,
      "properties": {
        "kind": "SENSOR_CONTACT",
        "parent_track": "OWNSHIP",
        "sensor_name": "s0b8bb.cs2",
        "bearing": 169.646,
        "time": "2000-01-01T03:33:00+00:00",
        "label": "000101 033259.067",
        "frequency": 0.0
      }
    },
    {
      "type": "Feature",
      "id": "e2309c45-4e43-4405-a271-8e4448d5205c",
      "geometry": null,
      "properties": {
        "kind": "SENSOR_CONTACT",
        "parent_track": "OWNSHIP",
        "sensor_name": "s0b8bb.cs2",
        "bearing": 170.095,
        "time": "2000-01-01T03:33:30+00:00",
        "label": "000101 033329.067",
        "frequency": 0.0
      }
    },
    {
      "type": "Feature",
      "id": "e18a868b-278a-4b08-ad84-53205be2c2f5",
      "geometry": null,
      "properties": {
        "kind": "SENSOR_CONTACT",
        "parent_track": "OWNSHIP",
        "sensor_name": "s0b8bb.cs2",
        "bearing": 170.566,
        "time": "2000-01-01T03:34:00+00:00",
        "label": "000101 033359.067",
        "frequency": 0.0
      }
    },
    {
      "type": "Feature",
      "id": "e83f482e-5b16-4920-a256-3e0ab011f462",
      "geometry": null,
      "properties": {
        "kind": "SENSOR_CONTACT",
        "parent_track": "OWNSHIP",
        "sensor_name": "s0b8bb.cs2",
        "bearing": 171.404,
        "time": "2000-01-01T03:34:30+00:00",
        "label": "000101 033429.067",
        "frequency": 0.0
      }
    },
    {
      "type": "Feature",
      "id": "fd318b6a-be15-4bea-a35c-cc359adab405",
      "geometry": null,
      "properties": {
        "kind": "SENSOR_CONTACT",
        "parent_track": "OWNSHIP",
        "sensor_name": "s0b8bb.cs2",
        "bearing": 172.021,
        "time": "2000-01-01T03:35:00+00:00",
        "label": "000101 033459.067",
        "frequency": 0.0
      }
    },
    {
      "type": "Feature",
      "id": "505a8e50-3581-4786-9304-5a36a972ba6e",
      "geometry": null,
      "properties": {
        "kind": "SENSOR_CONTACT",
        "parent_track": "OWNSHIP",
        "sensor_name": "s0b8bb.cs2",
        "bearing": 172.757,
        "time": "2000-01-01T03:35:30+00:00",
        "label": "000101 033529.067",
        "frequency": 0.0
      }
    },
    {
      "type": "Feature",
      "id": "1bc13cad-b84c-4007-bdaa-065010e38eae",
      "geometry": null,
      "properties": {
        "kind": "SENSOR_CONTACT",
        "parent_track": "OWNSHIP",
        "sensor_name": "s0b8bb.cs2",
        "bearing": 173.25,
        "time": "2000-01-01T03:36:00+00:00",
        "label": "000101 033559.068",
        "frequency": 0.0
      }
    },
    {
      "type": "Feature",
      "id": "0e172f7d-3199-4899-9ed7-f019df4f96ba",
      "geometry": null,
      "properties": {
        "kind": "SENSOR_CONTACT",
        "parent_track": "OWNSHIP",
        "sensor_name": "s0b8bb.cs2",
        "bearing": 173.767,
        "time": "2000-01-01T03:36:30+00:00",
        "label": "000101 033629.068",
        "frequency": 0.0
      }
    },
    {
      "type": "Feature",
      "id": "73234977-b371-4d4f-82c5-b1b502fc06f3",
      "geometry": null,
      "properties": {
        "kind": "SENSOR_CONTACT",
        "parent_track": "OWNSHIP",
        "sensor_name": "s0b8bb.cs2",
        "bearing": 174.391,
        "time": "2000-01-01T03:37:00+00:00",
        "label": "000101 033659.068",
        "frequency": 0.0
      }
    },
    {
      "type": "Feature",
      "id": "fa17a30f-4e0d-46ae-b3e8-0dbcc9eb695b",
      "geometry": null,
      "properties": {
        "kind": "SENSOR_CONTACT",
        "parent_track": "OWNSHIP",
        "sensor_name": "s0b8bb.cs2",
        "bearing": 174.958,
        "time": "2000-01-01T03:37:30+00:00",
        "label": "000101 033729.066",
        "frequency": 0.0
      }
    },
    {
      "type": "Feature",
      "id": "b8a42c3c-d9cf-4770-8df7-a2a22ecc1aa3",
      "geometry": null,
      "properties": {
        "kind": "SENSOR_CONTACT",
        "parent_track": "OWNSHIP",
        "sensor_name": "s0b8bb.cs2",
        "bearing": 175.839,
        "time": "2000-01-01T03:38:00+00:00",
        "label": "000101 033759.068",
        "frequency": 0.0
      }
    },
    {
      "type": "Feature",
      "id": "2b67a7ac-4ea5-4783-984f-9a7845094ab5",
      "geometry": null,
      "properties": {
        "kind": "SENSOR_CONTACT",
        "parent_track": "OWNSHIP",
        "sensor_name": "s0b8bb.cs2",
        "bearing": 176.485,
        "time": "2000-01-01T03:38:30+00:00",
        "label": "000101 033829.066",
        "frequency": 0.0
      }
    },
    {
      "type": "Feature",
      "id": "97498aa7-73e5-4b5f-a193-9dcc905f9d5d",
      "geometry": null,
      "properties": {
        "kind": "SENSOR_CONTACT",
        "parent_track": "OWNSHIP",
        "sensor_name": "s0b8bb.cs2",
        "bearing": 177.282,
        "time": "2000-01-01T03:39:00+00:00",
        "label": "000101 033859.067",
        "frequency": 0.0
      }
    },
    {
      "type": "Feature",
      "id": "9eb204cd-eacd-4c14-9d98-5b9a979d1ed6",
      "geometry": null,
      "properties": {
        "kind": "SENSOR_CONTACT",
        "parent_track": "OWNSHIP",
        "sensor_name": "s0b8bb.cs2",
        "bearing": 177.66,
        "time": "2000-01-01T03:39:30+00:00",
        "label": "000101 033929.066",
        "frequency": 0.0
      }
    },
    {
      "type": "Feature",
      "id": "afdf9064-fe89-4fdc-9cd3-db74f814ccc3",
      "geometry": null,
      "properties": {
        "kind": "SENSOR_CONTACT",
        "parent_track": "OWNSHIP",
        "sensor_name": "s0b8bb.cs2",
        "bearing": 178.444,
        "time": "2000-01-01T03:40:00+00:00",
        "label": "000101 033959.067",
        "frequency": 0.0
      }
    },
    {
      "type": "Feature",
      "id": "da37f9ee-ac1e-4d3d-9554-bbfa87459d78",
      "geometry": null,
      "properties": {
        "kind": "SENSOR_CONTACT",
        "parent_track": "OWNSHIP",
        "sensor_name": "s0b8bb.cs2",
        "bearing": 179.09,
        "time": "2000-01-01T03:40:30+00:00",
        "label": "000101 034029.067",
        "frequency": 0.0
      }
    },
    {
      "type": "Feature",
      "id": "3cc06156-88f5-4bdd-b3a5-7e3f38e047ef",
      "geometry": null,
      "properties": {
        "kind": "SENSOR_CONTACT",
        "parent_track": "OWNSHIP",
        "sensor_name": "s0b8bb.cs2",
        "bearing": 179.671,
        "time": "2000-01-01T03:41:00+00:00",
        "label": "000101 034059.066",
        "frequency": 0.0
      }
    },
    {
      "type": "Feature",
      "id": "777264a2-ff52-49f7-8b25-ffe264ec0456",
      "geometry": null,
      "properties": {
        "kind": "SENSOR_CONTACT",
        "parent_track": "OWNSHIP",
        "sensor_name": "s0b8bb.cs2",
        "bearing": -179.482,
        "time": "2000-01-01T03:41:30+00:00",
        "label": "000101 034129.067",
        "frequency": 0.0
      }
    },
    {
      "type": "Feature",
      "id": "0521ab4b-3ab0-49a7-b38a-4d8877f2ad9d",
      "geometry": null,
      "properties": {
        "kind": "SENSOR_CONTACT",
        "parent_track": "OWNSHIP",
        "sensor_name": "s0b8bb.cs2",
        "bearing": -178.846,
        "time": "2000-01-01T03:42:00+00:00",
        "label": "000101 034159.067",
        "frequency": 0.0
      }
    },
    {
      "type": "Feature",
      "id": "1b8e6a42-b43a-44f5-a6f8-337db743bf2d",
      "geometry": null,
      "properties": {
        "kind": "SENSOR_CONTACT",
        "parent_track": "OWNSHIP",
        "sensor_name": "s0b8bb.cs2",
        "bearing": -178.363,
        "time": "2000-01-01T03:42:30+00:00",
        "label": "000101 034229.067",
        "frequency": 0.0
      }
    },
    {
      "type": "Feature",
      "id": "92c18302-7022-4d1f-ac9c-e5d6c9c3f8c0",
      "geometry": null,
      "properties": {
        "kind": "SENSOR_CONTACT",
        "parent_track": "OWNSHIP",
        "sensor_name": "s0b8bb.cs2",
        "bearing": -177.853,
        "time": "2000-01-01T03:43:00+00:00",
        "label": "000101 034259.066",
        "frequency": 0.0
      }
    },
    {
      "type": "Feature",
      "id": "35e71c31-733f-4d99-9df9-421d35dfb5d4",
      "geometry": null,
      "properties": {
        "kind": "SENSOR_CONTACT",
        "parent_track": "OWNSHIP",
        "sensor_name": "s0b8bb.cs2",
        "bearing": -177.173,
        "time": "2000-01-01T03:43:30+00:00",
        "label": "000101 034329.067",
        "frequency": 0.0
      }
    },
    {
      "type": "Feature",
      "id": "6645f6a9-538b-4685-8cf6-d714aaadcf28",
      "geometry": null,
      "properties": {
        "kind": "SENSOR_CONTACT",
        "parent_track": "OWNSHIP",
        "sensor_name": "s0b8bb.cs2",
        "bearing": -175.994,
        "time": "2000-01-01T03:44:00+00:00",
        "label": "000101 034359.067",
        "frequency": 0.0
      }
    },
    {
      "type": "Feature",
      "id": "f6a88bd2-da18-405b-b0ca-dd88df2081c5",
      "geometry": null,
      "properties": {
        "kind": "SENSOR_CONTACT",
        "parent_track": "OWNSHIP",
        "sensor_name": "s0b8bb.cs2",
        "bearing": -175.115,
        "time": "2000-01-01T03:44:30+00:00",
        "label": "000101 034429.067",
        "frequency": 0.0
      }
    },
    {
      "type": "Feature",
      "id": "61859618-31c4-4305-9863-7922ebc16237",
      "geometry": null,
      "properties": {
        "kind": "SENSOR_CONTACT",
        "parent_track": "OWNSHIP",
        "sensor_name": "s0b8bb.cs2",
        "bearing": -174.628,
        "time": "2000-01-01T03:45:00+00:00",
        "label": "000101 034459.067",
        "frequency": 0.0
      }
    },
    {
      "type": "Feature",
      "id": "8e8fa6c5-6eb6-4cdc-8ac5-15509e68596c",
      "geometry": null,
      "properties": {
        "kind": "SENSOR_CONTACT",
        "parent_track": "OWNSHIP",
        "sensor_name": "s0b8bb.cs2",
        "bearing": -174.019,
        "time": "2000-01-01T03:45:30+00:00",
        "label": "000101 034529.066",
        "frequency": 0.0
      }
    },
    {
      "type": "Feature",
      "id": "4098ff71-c52b-49ad-9282-ef52106adf86",
      "geometry": null,
      "properties": {
        "kind": "SENSOR_CONTACT",
        "parent_track": "OWNSHIP",
        "sensor_name": "s0b8bb.cs2",
        "bearing": -173.208,
        "time": "2000-01-01T03:46:00+00:00",
        "label": "000101 034559.066",
        "frequency": 0.0
      }
    },
    {
      "type": "Feature",
      "id": "4ca7400f-903d-46b9-aec2-c453715411c0",
      "geometry": null,
      "properties": {
        "kind": "SENSOR_CONTACT",
        "parent_track": "OWNSHIP",
        "sensor_name": "s0b8bb.cs2",
        "bearing": -172.378,
        "time": "2000-01-01T03:46:30+00:00",
        "label": "000101 034629.067",
        "frequency": 0.0
      }
    },
    {
      "type": "Feature",
      "id": "0eb1050a-1383-4b35-a967-cbea1eb64b08",
      "geometry": null,
      "properties": {
        "kind": "SENSOR_CONTACT",
        "parent_track": "OWNSHIP",
        "sensor_name": "s0b8bb.cs2",
        "bearing": -171.79,
        "time": "2000-01-01T03:47:00+00:00",
        "label": "000101 034659.067",
        "frequency": 0.0
      }
    },
    {
      "type": "Feature",
      "id": "118f7fc6-8734-4d50-9f3a-5d9f37c90397",
      "geometry": null,
      "properties": {
        "kind": "SENSOR_CONTACT",
        "parent_track": "OWNSHIP",
        "sensor_name": "s0b8bb.cs2",
        "bearing": -170.932,
        "time": "2000-01-01T03:47:30+00:00",
        "label": "000101 034729.067",
        "frequency": 0.0
      }
    },
    {
      "type": "Feature",
      "id": "6a803be1-e878-479a-9427-dc785a317887",
      "geometry": null,
      "properties": {
        "kind": "SENSOR_CONTACT",
        "parent_track": "OWNSHIP",
        "sensor_name": "s0b8bb.cs2",
        "bearing": -170.251,
        "time": "2000-01-01T03:48:00+00:00",
        "label": "000101 034759.067",
        "frequency": 0.0
      }
    },
    {
      "type": "Feature",
      "id": "2aa0517e-1387-4abd-a386-d671c8a29587",
      "geometry": null,
      "properties": {
        "kind": "SENSOR_CONTACT",
        "parent_track": "OWNSHIP",
        "sensor_name": "s0b8bb.cs2",
        "bearing": -169.526,
        "time": "2000-01-01T03:48:30+00:00",
        "label": "000101 034829.067",
        "frequency": 0.0
      }
    },
    {
      "type": "Feature",
      "id": "47b668c9-656c-4089-9c11-1220aa1b0155",
      "geometry": null,
      "properties": {
        "kind": "SENSOR_CONTACT",
        "parent_track": "OWNSHIP",
        "sensor_name": "s0b8bb.cs2",
        "bearing": -168.751,
        "time": "2000-01-01T03:49:00+00:00",
        "label": "000101 034859.067",
        "frequency": 0.0
      }
    },
    {
      "type": "Feature",
      "id": "1780c11c-b0f1-471b-a52a-3377cefbe77a",
      "geometry": null,
      "properties": {
        "kind": "SENSOR_CONTACT",
        "parent_track": "OWNSHIP",
        "sensor_name": "s0b8bb.cs2",
        "bearing": -168.123,
        "time": "2000-01-01T03:49:30+00:00",
        "label": "000101 034929.066",
        "frequency": 0.0
      }
    },
    {
      "type": "Feature",
      "id": "a0791297-d42e-4136-b2ad-d34bd17de4b6",
      "geometry": null,
      "properties": {
        "kind": "SENSOR_CONTACT",
        "parent_track": "OWNSHIP",
        "sensor_name": "s0b8bb.cs2",
        "bearing": -167.354,
        "time": "2000-01-01T03:50:00+00:00",
        "label": "000101 034959.067",
        "frequency": 0.0
      }
    },
    {
      "type": "Feature",
      "id": "0a27a9e6-a70d-46d6-995f-2d6745c765e0",
      "geometry": null,
      "properties": {
        "kind": "SENSOR_CONTACT",
        "parent_track": "OWNSHIP",
        "sensor_name": "s0b8bb.cs2",
        "bearing": -166.331,
        "time": "2000-01-01T03:50:30+00:00",
        "label": "000101 035029.067",
        "frequency": 0.0
      }
    },
    {
      "type": "Feature",
      "id": "099806fd-4b87-4dd7-9d68-4f3988bf270b",
      "geometry": null,
      "properties": {
        "kind": "SENSOR_CONTACT",
        "parent_track": "OWNSHIP",
        "sensor_name": "s0b8bb.cs2",
        "bearing": -165.639,
        "time": "2000-01-01T03:51:00+00:00",
        "label": "000101 035059.067",
        "frequency": 0.0
      }
    },
    {
      "type": "Feature",
      "id": "dcb146bc-0b31-4402-924b-1c1c3fe206cf",
      "geometry": null,
      "properties": {
        "kind": "SENSOR_CONTACT",
        "parent_track": "OWNSHIP",
        "sensor_name": "s0b8bb.cs2",
        "bearing": -164.767,
        "time": "2000-01-01T03:51:30+00:00",
        "label": "000101 035129.067",
        "frequency": 0.0
      }
    },
    {
      "type": "Feature",
      "id": "23943381-430b-4dc4-ae01-3dd6ff5cb7d3",
      "geometry": null,
      "properties": {
        "kind": "SENSOR_CONTACT",
        "parent_track": "OWNSHIP",
        "sensor_name": "s0b8bb.cs2",
        "bearing": -164.272,
        "time": "2000-01-01T03:52:00+00:00",
        "label": "000101 035159.067",
        "frequency": 0.0
      }
    },
    {
      "type": "Feature",
      "id": "5f163c79-d558-43db-a99a-9854c0ae2665",
      "geometry": null,
      "properties": {
        "kind": "SENSOR_CONTACT",
        "parent_track": "OWNSHIP",
        "sensor_name": "s0b8bb.cs2",
        "bearing": -163.407,
        "time": "2000-01-01T03:52:30+00:00",
        "label": "000101 035229.067",
        "frequency": 0.0
      }
    },
    {
      "type": "Feature",
      "id": "996b7e6b-927d-4a44-81c4-cf7c29e9767a",
      "geometry": null,
      "properties": {
        "kind": "SENSOR_CONTACT",
        "parent_track": "OWNSHIP",
        "sensor_name": "s0b8bb.cs2",
        "bearing": -162.441,
        "time": "2000-01-01T03:53:00+00:00",
        "label": "000101 035259.067",
        "frequency": 0.0
      }
    },
    {
      "type": "Feature",
      "id": "95729a2c-8928-4bad-ba09-d59dd4e65355",
      "geometry": null,
      "properties": {
        "kind": "SENSOR_CONTACT",
        "parent_track": "OWNSHIP",
        "sensor_name": "s0b8bb.cs2",
        "bearing": -161.783,
        "time": "2000-01-01T03:53:30+00:00",
        "label": "000101 035329.066",
        "frequency": 0.0
      }
    },
    {
      "type": "Feature",
      "id": "97c99906-08fd-4276-b496-7097d8bda776",
      "geometry": null,
      "properties": {
        "kind": "SENSOR_CONTACT",
        "parent_track": "OWNSHIP",
        "sensor_name": "s0b8bb.cs2",
        "bearing": -161.074,
        "time": "2000-01-01T03:54:00+00:00",
        "label": "000101 035359.066",
        "frequency": 0.0
      }
    },
    {
      "type": "Feature",
      "id": "4332a08b-cad7-4732-983d-746232709a59",
      "geometry": null,
      "properties": {
        "kind": "SENSOR_CONTACT",
        "parent_track": "OWNSHIP",
        "sensor_name": "s0b8bb.cs2",
        "bearing": -159.886,
        "time": "2000-01-01T03:54:30+00:00",
        "label": "000101 035429.066",
        "frequency": 0.0
      }
    },
    {
      "type": "Feature",
      "id": "72cb2cd4-9356-404f-a866-1de12e02339d",
      "geometry": null,
      "properties": {
        "kind": "SENSOR_CONTACT",
        "parent_track": "OWNSHIP",
        "sensor_name": "s0b8bb.cs2",
        "bearing": -158.873,
        "time": "2000-01-01T03:55:00+00:00",
        "label": "000101 035459.066",
        "frequency": 0.0
      }
    },
    {
      "type": "Feature",
      "id": "afe07e8f-c2ac-4565-9eb0-f69a71d4e0d4",
      "geometry": null,
      "properties": {
        "kind": "SENSOR_CONTACT",
        "parent_track": "OWNSHIP",
        "sensor_name": "s0b8bb.cs2",
        "bearing": -158.367,
        "time": "2000-01-01T03:55:30+00:00",
        "label": "000101 035529.066",
        "frequency": 0.0
      }
    },
    {
      "type": "Feature",
      "id": "dfb44db2-3642-45ba-9249-25cc31b050a1",
      "geometry": null,
      "properties": {
        "kind": "SENSOR_CONTACT",
        "parent_track": "OWNSHIP",
        "sensor_name": "s0b8bb.cs2",
        "bearing": -157.495,
        "time": "2000-01-01T03:56:00+00:00",
        "label": "000101 035559.066",
        "frequency": 0.0
      }
    },
    {
      "type": "Feature",
      "id": "454100bd-dead-4aa0-800a-d8aea9fbeb82",
      "geometry": null,
      "properties": {
        "kind": "SENSOR_CONTACT",
        "parent_track": "OWNSHIP",
        "sensor_name": "s0b8bb.cs2",
        "bearing": -156.606,
        "time": "2000-01-01T03:56:30+00:00",
        "label": "000101 035629.066",
        "frequency": 0.0
      }
    },
    {
      "type": "Feature",
      "id": "48796d36-e89c-4ea6-85e5-1d98ce9a2c23",
      "geometry": null,
      "properties": {
        "kind": "SENSOR_CONTACT",
        "parent_track": "OWNSHIP",
        "sensor_name": "s0b8bb.cs2",
        "bearing": -155.92,
        "time": "2000-01-01T03:57:00+00:00",
        "label": "000101 035659.067",
        "frequency": 0.0
      }
    },
    {
      "type": "Feature",
      "id": "9ea670af-298e-45f2-8f7f-187c36bd50e9",
      "geometry": null,
      "properties": {
        "kind": "SENSOR_CONTACT",
        "parent_track": "OWNSHIP",
        "sensor_name": "s0b8bb.cs2",
        "bearing": -154.829,
        "time": "2000-01-01T03:57:30+00:00",
        "label": "000101 035729.066",
        "frequency": 0.0
      }
    },
    {
      "type": "Feature",
      "id": "e90a3c54-55ce-44b2-8ca3-10477f71ffab",
      "geometry": null,
      "properties": {
        "kind": "SENSOR_CONTACT",
        "parent_track": "OWNSHIP",
        "sensor_name": "s0b8bb.cs2",
        "bearing": -153.856,
        "time": "2000-01-01T03:58:00+00:00",
        "label": "000101 035759.066",
        "frequency": 0.0
      }
    },
    {
      "type": "Feature",
      "id": "1b0faa61-5b83-4f65-bbbd-14b5284d2cd0",
      "geometry": null,
      "properties": {
        "kind": "SENSOR_CONTACT",
        "parent_track": "OWNSHIP",
        "sensor_name": "s0b8bb.cs2",
        "bearing": -152.983,
        "time": "2000-01-01T03:58:30+00:00",
        "label": "000101 035829.066",
        "frequency": 0.0
      }
    },
    {
      "type": "Feature",
      "id": "98b460b9-3b22-454f-b507-487a15e09baf",
      "geometry": null,
      "properties": {
        "kind": "SENSOR_CONTACT",
        "parent_track": "OWNSHIP",
        "sensor_name": "s0b8bb.cs2",
        "bearing": -152.355,
        "time": "2000-01-01T03:59:00+00:00",
        "label": "000101 035859.067",
        "frequency": 0.0
      }
    },
    {
      "type": "Feature",
      "id": "9a96e428-9f3e-426c-ab16-88926e24282f",
      "geometry": null,
      "properties": {
        "kind": "SENSOR_CONTACT",
        "parent_track": "OWNSHIP",
        "sensor_name": "s0b8bb.cs2",
        "bearing": -151.561,
        "time": "2000-01-01T03:59:30+00:00",
        "label": "000101 035929.067",
        "frequency": 0.0
      }
    },
    {
      "type": "Feature",
      "id": "1b78c599-cbb2-4e41-b8ea-cc0ff89247b7",
      "geometry": null,
      "properties": {
        "kind": "SENSOR_CONTACT",
        "parent_track": "OWNSHIP",
        "sensor_name": "s0b8bb.cs2",
        "bearing": -151.01,
        "time": "2000-01-01T04:00:00+00:00",
        "label": "000101 035959.066",
        "frequency": 0.0
      }
    },
    {
      "type": "Feature",
      "id": "c8f2ec51-304a-4fd2-98ca-9c0fd8a52ad5",
      "geometry": null,
      "properties": {
        "kind": "SENSOR_CONTACT",
        "parent_track": "OWNSHIP",
        "sensor_name": "s0b8bb.cs2",
        "bearing": -149.65,
        "time": "2000-01-01T04:00:30+00:00",
        "label": "000101 040029.066",
        "frequency": 0.0
      }
    },
    {
      "type": "Feature",
      "id": "78b8431f-1ae5-44ec-b3b0-ddcfbb8b3962",
      "geometry": null,
      "properties": {
        "kind": "SENSOR_CONTACT",
        "parent_track": "OWNSHIP",
        "sensor_name": "s0b8bb.cs2",
        "bearing": -149.143,
        "time": "2000-01-01T04:01:00+00:00",
        "label": "000101 040059.067",
        "frequency": 0.0
      }
    },
    {
      "type": "Feature",
      "id": "b22c5543-f3ae-47b9-858b-e2543bee2db4",
      "geometry": null,
      "properties": {
        "kind": "SENSOR_CONTACT",
        "parent_track": "OWNSHIP",
        "sensor_name": "s0b8bb.cs2",
        "bearing": -148.211,
        "time": "2000-01-01T04:01:30+00:00",
        "label": "000101 040129.066",
        "frequency": 0.0
      }
    },
    {
      "type": "Feature",
      "id": "6253de0d-615f-46bc-9d14-4c1a7710662b",
      "geometry": null,
      "properties": {
        "kind": "SENSOR_CONTACT",
        "parent_track": "OWNSHIP",
        "sensor_name": "s0b8bb.cs2",
        "bearing": -147.211,
        "time": "2000-01-01T04:02:00+00:00",
        "label": "000101 040159.066",
        "frequency": 0.0
      }
    },
    {
      "type": "Feature",
      "id": "8a61b77c-b3ba-4f70-b0a4-0b823435e24f",
      "geometry": null,
      "properties": {
        "kind": "SENSOR_CONTACT",
        "parent_track": "OWNSHIP",
        "sensor_name": "s0b8bb.cs2",
        "bearing": -146.283,
        "time": "2000-01-01T04:02:30+00:00",
        "label": "000101 040229.066",
        "frequency": 0.0
      }
    },
    {
      "type": "Feature",
      "id": "e36f8782-e655-4d95-baee-d2d9a41ecee4",
      "geometry": null,
      "properties": {
        "kind": "SENSOR_CONTACT",
        "parent_track": "OWNSHIP",
        "sensor_name": "s0b8bb.cs2",
        "bearing": -145.55,
        "time": "2000-01-01T04:03:00+00:00",
        "label": "000101 040259.066",
        "frequency": 0.0
      }
    },
    {
      "type": "Feature",
      "id": "057772a4-1a30-4be9-83c8-43b03776c61f",
      "geometry": null,
      "properties": {
        "kind": "SENSOR_CONTACT",
        "parent_track": "OWNSHIP",
        "sensor_name": "s0b8bb.cs2",
        "bearing": -145.102,
        "time": "2000-01-01T04:03:30+00:00",
        "label": "000101 040329.066",
        "frequency": 0.0
      }
    },
    {
      "type": "Feature",
      "id": "d1211a9c-48bf-4ded-a1b8-851dcef64515",
      "geometry": null,
      "properties": {
        "kind": "SENSOR_CONTACT",
        "parent_track": "OWNSHIP",
        "sensor_name": "s0b8bb.cs2",
        "bearing": -144.119,
        "time": "2000-01-01T04:04:00+00:00",
        "label": "000101 040359.066",
        "frequency": 0.0
      }
    },
    {
      "type": "Feature",
      "id": "8ca1827f-0f0b-4e64-b1ed-8f5987dbd8a7",
      "geometry": null,
      "properties": {
        "kind": "SENSOR_CONTACT",
        "parent_track": "OWNSHIP",
        "sensor_name": "s0b8bb.cs2",
        "bearing": -143.22,
        "time": "2000-01-01T04:04:30+00:00",
        "label": "000101 040429.066",
        "frequency": 0.0
      }
    },
    {
      "type": "Feature",
      "id": "13a804e6-b60d-4168-83d1-4e84a726e351",
      "geometry": null,
      "properties": {
        "kind": "SENSOR_CONTACT",
        "parent_track": "OWNSHIP",
        "sensor_name": "s0b8bb.cs2",
        "bearing": -143.185,
        "time": "2000-01-01T04:05:00+00:00",
        "label": "000101 040459.066",
        "frequency": 0.0
      }
    },
    {
      "type": "Feature",
      "id": "857fef78-813b-47df-b99e-f060c58bcbf1",
      "geometry": null,
      "properties": {
        "kind": "SENSOR_CONTACT",
        "parent_track": "OWNSHIP",
        "sensor_name": "s0b8bb.cs2",
        "bearing": -141.704,
        "time": "2000-01-01T04:05:30+00:00",
        "label": "000101 040529.066",
        "frequency": 0.0
      }
    },
    {
      "type": "Feature",
      "id": "3e03fde2-d24c-40cb-8de8-2078206a0c33",
      "geometry": null,
      "properties": {
        "kind": "SENSOR_CONTACT",
        "parent_track": "OWNSHIP",
        "sensor_name": "s0b8bb.cs2",
        "bearing": -140.562,
        "time": "2000-01-01T04:06:00+00:00",
        "label": "000101 040559.066",
        "frequency": 0.0
      }
    },
    {
      "type": "Feature",
      "id": "7cb6ceb1-aa5a-4fd7-9f57-c74af3d4fe05",
      "geometry": null,
      "properties": {
        "kind": "SENSOR_CONTACT",
        "parent_track": "OWNSHIP",
        "sensor_name": "s0b8bb.cs2",
        "bearing": -139.975,
        "time": "2000-01-01T04:06:30+00:00",
        "label": "000101 040629.066",
        "frequency": 0.0
      }
    },
    {
      "type": "Feature",
      "id": "b4dd7330-1186-4778-bb4d-78ac54e20ce9",
      "geometry": null,
      "properties": {
        "kind": "SENSOR_CONTACT",
        "parent_track": "OWNSHIP",
        "sensor_name": "s0b8bb.cs2",
        "bearing": -139.124,
        "time": "2000-01-01T04:07:00+00:00",
        "label": "000101 040659.066",
        "frequency": 0.0
      }
    },
    {
      "type": "Feature",
      "id": "3a8c35e0-8be0-459c-8ff6-80b34525ddfe",
      "geometry": null,
      "properties": {
        "kind": "SENSOR_CONTACT",
        "parent_track": "OWNSHIP",
        "sensor_name": "s0b8bb.cs2",
        "bearing": -138.346,
        "time": "2000-01-01T04:07:30+00:00",
        "label": "000101 040729.066",
        "frequency": 0.0
      }
    },
    {
      "type": "Feature",
      "id": "39404157-a81d-4c1d-beae-f8b22ed49b05",
      "geometry": null,
      "properties": {
        "kind": "SENSOR_CONTACT",
        "parent_track": "OWNSHIP",
        "sensor_name": "s0b8bb.cs2",
        "bearing": -137.36,
        "time": "2000-01-01T04:08:00+00:00",
        "label": "000101 040759.066",
        "frequency": 0.0
      }
    },
    {
      "type": "Feature",
      "id": "41a994e4-12a7-4097-821b-df339e360b91",
      "geometry": null,
      "properties": {
        "kind": "SENSOR_CONTACT",
        "parent_track": "OWNSHIP",
        "sensor_name": "s0b8bb.cs2",
        "bearing": -137.276,
        "time": "2000-01-01T04:08:30+00:00",
        "label": "000101 040829.066",
        "frequency": 0.0
      }
    },
    {
      "type": "Feature",
      "id": "55c38b51-0cb3-4510-867e-4285f38b9384",
      "geometry": null,
      "properties": {
        "kind": "SENSOR_CONTACT",
        "parent_track": "OWNSHIP",
        "sensor_name": "s0b8bb.cs2",
        "bearing": -135.746,
        "time": "2000-01-01T04:09:00+00:00",
        "label": "000101 040859.066",
        "frequency": 0.0
      }
    },
    {
      "type": "Feature",
      "id": "586fff3b-caa2-457b-9bae-01d1fbd045d4",
      "geometry": null,
      "properties": {
        "kind": "SENSOR_CONTACT",
        "parent_track": "OWNSHIP",
        "sensor_name": "s0b8bb.cs2",
        "bearing": -135.333,
        "time": "2000-01-01T04:09:30+00:00",
        "label": "000101 040929.066",
        "frequency": 0.0
      }
    },
    {
      "type": "Feature",
      "id": "0cde6f66-70c6-475c-b7b5-843e4a86af9e",
      "geometry": null,
      "properties": {
        "kind": "SENSOR_CONTACT",
        "parent_track": "OWNSHIP",
        "sensor_name": "s0b8bb.cs2",
        "bearing": -134.338,
        "time": "2000-01-01T04:10:00+00:00",
        "label": "000101 040959.066",
        "frequency": 0.0
      }
    },
    {
      "type": "Feature",
      "id": "a65cd969-5707-42b7-a4f2-12134a7cd957",
      "geometry": null,
      "properties": {
        "kind": "SENSOR_CONTACT",
        "parent_track": "OWNSHIP",
        "sensor_name": "s0b8bb.cs2",
        "bearing": -133.295,
        "time": "2000-01-01T04:10:30+00:00",
        "label": "000101 041025.066",
        "frequency": 0.0
      }
    },
    {
      "type": "Feature",
      "id": "f29c948d-adc3-4ca0-b8c4-7437923ce564",
      "geometry": null,
      "properties": {
        "kind": "SENSOR_CONTACT",
        "parent_track": "OWNSHIP",
        "sensor_name": "s0b8bb.cs2",
        "bearing": -132.577,
        "time": "2000-01-01T04:11:00+00:00",
        "label": "000101 041025.066",
        "frequency": 0.0
      }
    },
    {
      "type": "Feature",
      "id": "6371ce59-188e-4de1-b2d4-849b84faf5f3",
      "geometry": null,
      "properties": {
        "kind": "SENSOR_CONTACT",
        "parent_track": "OWNSHIP",
        "sensor_name": "s0b8bb.cs2",
        "bearing": -131.86,
        "time": "2000-01-01T04:11:30+00:00",
        "label": "000101 041025.066",
        "frequency": 0.0
      }
    },
    {
      "type": "Feature",
      "id": "527506af-396b-4f74-9428-9b6662c69ff3",
      "geometry": null,
      "properties": {
        "kind": "SENSOR_CONTACT",
        "parent_track": "OWNSHIP",
        "sensor_name": "s0b8bb.cs2",
        "bearing": -131.143,
        "time": "2000-01-01T04:12:00+00:00",
        "label": "000101 041025.066",
        "frequency": 0.0
      }
    },
    {
      "type": "Feature",
      "id": "f3cf54e2-ef4a-4ce3-99da-e0382efdf2d8",
      "geometry": null,
      "properties": {
        "kind": "SENSOR_CONTACT",
        "parent_track": "OWNSHIP",
        "sensor_name": "s0b8bb.cs2",
        "bearing": -130.278,
        "time": "2000-01-01T04:12:30+00:00",
        "label": "000101 041229.066",
        "frequency": 0.0
      }
    },
    {
      "type": "Feature",
      "id": "8f8c187a-b340-4690-88c5-e64d7c7d475d",
      "geometry": null,
      "properties": {
        "kind": "SENSOR_CONTACT",
        "parent_track": "OWNSHIP",
        "sensor_name": "s0b8bb.cs2",
        "bearing": -129.278,
        "time": "2000-01-01T04:13:00+00:00",
        "label": "000101 041259.066",
        "frequency": 0.0
      }
    },
    {
      "type": "Feature",
      "id": "d26e2645-ce2f-43b5-a425-efad13515b7f",
      "geometry": null,
      "properties": {
        "kind": "SENSOR_CONTACT",
        "parent_track": "OWNSHIP",
        "sensor_name": "s0b8bb.cs2",
        "bearing": -128.344,
        "time": "2000-01-01T04:13:30+00:00",
        "label": "000101 041329.066",
        "frequency": 0.0
      }
    },
    {
      "type": "Feature",
      "id": "d48d76c0-5406-41fb-b53d-0b8eaea29ee8",
      "geometry": null,
      "properties": {
        "kind": "SENSOR_CONTACT",
        "parent_track": "OWNSHIP",
        "sensor_name": "s0b8bb.cs2",
        "bearing": -127.832,
        "time": "2000-01-01T04:14:00+00:00",
        "label": "000101 041359.066",
        "frequency": 0.0
      }
    },
    {
      "type": "Feature",
      "id": "6db4ae39-d2dd-43c3-a876-8d840d48c964",
      "geometry": null,
      "properties": {
        "kind": "SENSOR_CONTACT",
        "parent_track": "OWNSHIP",
        "sensor_name": "s0b8bb.cs2",
        "bearing": -127.107,
        "time": "2000-01-01T04:14:30+00:00",
        "label": "000101 041429.066",
        "frequency": 0.0
      }
    },
    {
      "type": "Feature",
      "id": "9fa4d6c4-51fb-4a52-a3c6-7ace74e7774e",
      "geometry": null,
      "properties": {
        "kind": "SENSOR_CONTACT",
        "parent_track": "OWNSHIP",
        "sensor_name": "s0b8bb.cs2",
        "bearing": -126.345,
        "time": "2000-01-01T04:15:00+00:00",
        "label": "000101 041459.066",
        "frequency": 0.0
      }
    },
    {
      "type": "Feature",
      "id": "f47511fe-ee4c-43bf-9eea-9b358d4f2660",
      "geometry": null,
      "properties": {
        "kind": "SENSOR_CONTACT",
        "parent_track": "OWNSHIP",
        "sensor_name": "s0b8bb.cs2",
        "bearing": -125.408,
        "time": "2000-01-01T04:15:30+00:00",
        "label": "000101 041529.066",
        "frequency": 0.0
      }
    },
    {
      "type": "Feature",
      "id": "8fec5f88-5f45-4720-8271-0b26e65341a3",
      "geometry": null,
      "properties": {
        "kind": "SENSOR_CONTACT",
        "parent_track": "OWNSHIP",
        "sensor_name": "s0b8bb.cs2",
        "bearing": -124.5,
        "time": "2000-01-01T04:16:00+00:00",
        "label": "000101 041559.066",
        "frequency": 0.0
      }
    },
    {
      "type": "Feature",
      "id": "bf06a232-2a23-42e6-85b6-1506b219c339",
      "geometry": null,
      "properties": {
        "kind": "SENSOR_CONTACT",
        "parent_track": "OWNSHIP",
        "sensor_name": "s0b8bb.cs2",
        "bearing": -123.883,
        "time": "2000-01-01T04:16:30+00:00",
        "label": "000101 041629.066",
        "frequency": 0.0
      }
    },
    {
      "type": "Feature",
      "id": "c625c8ee-174f-49f0-8b37-e9b8e8076cb8",
      "geometry": null,
      "properties": {
        "kind": "SENSOR_CONTACT",
        "parent_track": "OWNSHIP",
        "sensor_name": "s0b8bb.cs2",
        "bearing": -123.195,
        "time": "2000-01-01T04:17:00+00:00",
        "label": "000101 041659.066",
        "frequency": 0.0
      }
    },
    {
      "type": "Feature",
      "id": "f11f8700-992d-43d5-b93c-0c3ac1c31a19",
      "geometry": null,
      "properties": {
        "kind": "SENSOR_CONTACT",
        "parent_track": "OWNSHIP",
        "sensor_name": "s0b8bb.cs2",
        "bearing": -122.528,
        "time": "2000-01-01T04:17:30+00:00",
        "label": "000101 041729.066",
        "frequency": 0.0
      }
    },
    {
      "type": "Feature",
      "id": "6a63c701-4915-48e0-a371-b3a9ac7065b8",
      "geometry": null,
      "properties": {
        "kind": "SENSOR_CONTACT",
        "parent_track": "OWNSHIP",
        "sensor_name": "s0b8bb.cs2",
        "bearing": -122.176,
        "time": "2000-01-01T04:18:00+00:00",
        "label": "000101 041759.066",
        "frequency": 0.0
      }
    },
    {
      "type": "Feature",
      "id": "6091a785-a644-4bd2-baf5-c75df22bf7e2",
      "geometry": null,
      "properties": {
        "kind": "SENSOR_CONTACT",
        "parent_track": "OWNSHIP",
        "sensor_name": "s0b8bb.cs2",
        "bearing": -121.21,
        "time": "2000-01-01T04:18:30+00:00",
        "label": "000101 041829.066",
        "frequency": 0.0
      }
    },
    {
      "type": "Feature",
      "id": "339ca81b-4586-46fb-9f04-c79b569d9f33",
      "geometry": null,
      "properties": {
        "kind": "SENSOR_CONTACT",
        "parent_track": "OWNSHIP",
        "sensor_name": "s0b8bb.cs2",
        "bearing": -120.267,
        "time": "2000-01-01T04:19:00+00:00",
        "label": "000101 041859.066",
        "frequency": 0.0
      }
    },
    {
      "type": "Feature",
      "id": "2a8b2ce4-361d-485a-b88f-edd456085a14",
      "geometry": null,
      "properties": {
        "kind": "SENSOR_CONTACT",
        "parent_track": "OWNSHIP",
        "sensor_name": "s0b8bb.cs2",
        "bearing": -120.115,
        "time": "2000-01-01T04:19:30+00:00",
        "label": "000101 041929.065",
        "frequency": 0.0
      }
    },
    {
      "type": "Feature",
      "id": "78f54601-b28b-4c89-9914-19f067342403",
      "geometry": null,
      "properties": {
        "kind": "SENSOR_CONTACT",
        "parent_track": "OWNSHIP",
        "sensor_name": "s0b8bb.cs2",
        "bearing": -119.318,
        "time": "2000-01-01T04:20:00+00:00",
        "label": "000101 041959.066",
        "frequency": 0.0
      }
    },
    {
      "type": "Feature",
      "id": "771cb213-c7dd-4a18-9c28-560048e97189",
      "geometry": null,
      "properties": {
        "kind": "SENSOR_CONTACT",
        "parent_track": "OWNSHIP",
        "sensor_name": "s0b8bb.cs2",
        "bearing": -118.507,
        "time": "2000-01-01T04:20:30+00:00",
        "label": "000101 042029.066",
        "frequency": 0.0
      }
    },
    {
      "type": "Feature",
      "id": "c6806eaf-e413-4464-a552-bf59531b95aa",
      "geometry": null,
      "properties": {
        "kind": "SENSOR_CONTACT",
        "parent_track": "OWNSHIP",
        "sensor_name": "s0b8bb.cs2",
        "bearing": -117.995,
        "time": "2000-01-01T04:21:00+00:00",
        "label": "000101 042059.066",
        "frequency": 0.0
      }
    },
    {
      "type": "Feature",
      "id": "d04df53e-e053-4c05-955e-c0ace158a903",
      "geometry": null,
      "properties": {
        "kind": "SENSOR_CONTACT",
        "parent_track": "OWNSHIP",
        "sensor_name": "s0b8bb.cs2",
        "bearing": -117.689,
        "time": "2000-01-01T04:21:30+00:00",
        "label": "000101 042129.066",
        "frequency": 0.0
      }
    },
    {
      "type": "Feature",
      "id": "73951dfd-10dc-4b33-b6d2-97be92c4e68d",
      "geometry": null,
      "properties": {
        "kind": "SENSOR_CONTACT",
        "parent_track": "OWNSHIP",
        "sensor_name": "s0b8bb.cs2",
        "bearing": -117.71,
        "time": "2000-01-01T04:22:00+00:00",
        "label": "000101 042159.066",
        "frequency": 0.0
      }
    },
    {
      "type": "Feature",
      "id": "535c244f-02d3-4155-bc38-5ea0d44c5069",
      "geometry": null,
      "properties": {
        "kind": "SENSOR_CONTACT",
        "parent_track": "OWNSHIP",
        "sensor_name": "s0b8bb.cs2",
        "bearing": -117.36,
        "time": "2000-01-01T04:22:30+00:00",
        "label": "000101 042229.066",
        "frequency": 0.0
      }
    },
    {
      "type": "Feature",
      "id": "9372174d-6b23-4e0e-86d0-c12291e44290",
      "geometry": null,
      "properties": {
        "kind": "SENSOR_CONTACT",
        "parent_track": "OWNSHIP",
        "sensor_name": "s0b8bb.cs2",
        "bearing": -117.094,
        "time": "2000-01-01T04:23:00+00:00",
        "label": "000101 042259.066",
        "frequency": 0.0
      }
    },
    {
      "type": "Feature",
      "id": "53cda8a6-0e45-485a-acd1-4916fb84ba5a",
      "geometry": null,
      "properties": {
        "kind": "SENSOR_CONTACT",
        "parent_track": "OWNSHIP",
        "sensor_name": "s0b8bb.cs2",
        "bearing": -117.238,
        "time": "2000-01-01T04:23:30+00:00",
        "label": "000101 042329.066",
        "frequency": 0.0
      }
    },
    {
      "type": "Feature",
      "id": "d5b0e940-2765-4943-8ecf-05a2a266f029",
      "geometry": null,
      "properties": {
        "kind": "SENSOR_CONTACT",
        "parent_track": "OWNSHIP",
        "sensor_name": "s0b8bb.cs2",
        "bearing": -117.01,
        "time": "2000-01-01T04:24:00+00:00",
        "label": "000101 042359.065",
        "frequency": 0.0
      }
    },
    {
      "type": "Feature",
      "id": "09368d76-9d55-47cd-8f05-1bf7709af1d7",
      "geometry": null,
      "properties": {
        "kind": "SENSOR_CONTACT",
        "parent_track": "OWNSHIP",
        "sensor_name": "s0b8bb.cs2",
        "bearing": -116.633,
        "time": "2000-01-01T04:24:30+00:00",
        "label": "000101 042429.065",
        "frequency": 0.0
      }
    },
    {
      "type": "Feature",
      "id": "8a1058c9-bbf3-4a24-b459-bbe0844eb8e0",
      "geometry": null,
      "properties": {
        "kind": "SENSOR_CONTACT",
        "parent_track": "OWNSHIP",
        "sensor_name": "s0b8bb.cs2",
        "bearing": -116.74,
        "time": "2000-01-01T04:25:00+00:00",
        "label": "000101 042459.065",
        "frequency": 0.0
      }
    },
    {
      "type": "Feature",
      "id": "609c4364-d01d-417b-b26b-10af6d0b48f3",
      "geometry": null,
      "properties": {
        "kind": "SENSOR_CONTACT",
        "parent_track": "OWNSHIP",
        "sensor_name": "s0b8bb.cs2",
        "bearing": -116.403,
        "time": "2000-01-01T04:25:30+00:00",
        "label": "000101 042529.066",
        "frequency": 0.0
      }
    },
    {
      "type": "Feature",
      "id": "06e5e2f6-c2a6-4ae7-9487-21cc79c89b88",
      "geometry": null,
      "properties": {
        "kind": "SENSOR_CONTACT",
        "parent_track": "OWNSHIP",
        "sensor_name": "s0b8bb.cs2",
        "bearing": -116.296,
        "time": "2000-01-01T04:26:00+00:00",
        "label": "000101 042559.065",
        "frequency": 0.0
      }
    },
    {
      "type": "Feature",
      "id": "36a45cfa-0ea5-4877-850a-85a2668f7ed2",
      "geometry": null,
      "properties": {
        "kind": "SENSOR_CONTACT",
        "parent_track": "OWNSHIP",
        "sensor_name": "s0b8bb.cs2",
        "bearing": -116.158,
        "time": "2000-01-01T04:26:30+00:00",
        "label": "000101 042629.065",
        "frequency": 0.0
      }
    },
    {
      "type": "Feature",
      "id": "60a32625-6fc0-41ad-b138-28ce6a749307",
      "geometry": null,
      "properties": {
        "kind": "SENSOR_CONTACT",
        "parent_track": "OWNSHIP",
        "sensor_name": "s0b8bb.cs2",
        "bearing": -115.854,
        "time": "2000-01-01T04:27:00+00:00",
        "label": "000101 042659.065",
        "frequency": 0.0
      }
    },
    {
      "type": "Feature",
      "id": "3a6f9f4b-6449-4365-be4d-996712f0a5d3",
      "geometry": null,
      "properties": {
        "kind": "SENSOR_CONTACT",
        "parent_track": "OWNSHIP",
        "sensor_name": "s0b8bb.cs2",
        "bearing": -115.82,
        "time": "2000-01-01T04:27:30+00:00",
        "label": "000101 042729.065",
        "frequency": 0.0
      }
    },
    {
      "type": "Feature",
      "id": "ba5b98a4-a8c1-49f5-a698-8dcd1e42ada7",
      "geometry": null,
      "properties": {
        "kind": "SENSOR_CONTACT",
        "parent_track": "OWNSHIP",
        "sensor_name": "s0b8bb.cs2",
        "bearing": -115.777,
        "time": "2000-01-01T04:28:00+00:00",
        "label": "000101 042759.065",
        "frequency": 0.0
      }
    },
    {
      "type": "Feature",
      "id": "39e0d5c8-28ce-4ecc-8920-2427644c9d25",
      "geometry": null,
      "properties": {
        "kind": "SENSOR_CONTACT",
        "parent_track": "OWNSHIP",
        "sensor_name": "s0b8bb.cs2",
        "bearing": -115.56,
        "time": "2000-01-01T04:28:30+00:00",
        "label": "000101 042829.066",
        "frequency": 0.0
      }
    },
    {
      "type": "Feature",
      "id": "556373ac-e45e-4920-a6de-a86cec0dab3c",
      "geometry": null,
      "properties": {
        "kind": "SENSOR_CONTACT",
        "parent_track": "OWNSHIP",
        "sensor_name": "s0b8bb.cs2",
        "bearing": -115.071,
        "time": "2000-01-01T04:29:00+00:00",
        "label": "000101 042859.065",
        "frequency": 0.0
      }
    },
    {
      "type": "Feature",
      "id": "5d182f79-2849-4f8d-b802-00088a40059a",
      "geometry": null,
      "properties": {
        "kind": "SENSOR_CONTACT",
        "parent_track": "OWNSHIP",
        "sensor_name": "s0b8bb.cs2",
        "bearing": -114.72,
        "time": "2000-01-01T04:29:30+00:00",
        "label": "000101 042929.065",
        "frequency": 0.0
      }
    },
    {
      "type": "Feature",
      "id": "5f8a57c5-db7b-481a-8238-5cbb2f8d0c38",
      "geometry": {
        "type": "LineString",
        "coordinates": [
          [
            0.1339362,
            0.0851967
          ],
          [
            0.133056,
            0.0857591
          ],
          [
            0.1321642,
            0.086318
          ],
          [
            0.1312724,
            0.0868571
          ],
          [
            0.1304003,
            0.0874069
          ],
          [
            0.1295274,
            0.0879856
          ],
          [
            0.1286626,
            0.0885273
          ],
          [
            0.1277977,
            0.0891078
          ],
          [
            0.1269068,
            0.0896892
          ],
          [
            0.126015,
            0.0902453
          ],
          [
            0.1251348,
            0.090797
          ],
          [
            0.1242655,
            0.0913765
          ],
          [
            0.1233773,
            0.0919624
          ],
          [
            0.1224863,
            0.0925158
          ],
          [
            0.1215936,
            0.0930468
          ],
          [
            0.1207234,
            0.093585
          ],
          [
            0.1198729,
            0.0941357
          ],
          [
            0.119018,
            0.0947261
          ],
          [
            0.1181261,
            0.0952894
          ],
          [
            0.1172208,
            0.0958141
          ],
          [
            0.1163074,
            0.096373
          ],
          [
            0.1153868,
            0.0969201
          ],
          [
            0.1144661,
            0.0974691
          ],
          [
            0.1135644,
            0.0980189
          ],
          [
            0.1126834,
            0.0985823
          ],
          [
            0.1118014,
            0.09917
          ],
          [
            0.1109096,
            0.0997234
          ],
          [
            0.1100142,
            0.1002688
          ],
          [
            0.109125,
            0.1008186
          ],
          [
            0.1082377,
            0.1013478
          ],
          [
            0.107317,
            0.1018968
          ],
          [
            0.1063856,
            0.1024403
          ],
          [
            0.1054632,
            0.1029578
          ],
          [
            0.1045597,
            0.1034842
          ],
          [
            0.1036732,
            0.1040467
          ],
          [
            0.1027733,
            0.104619
          ],
          [
            0.1018536,
            0.105168
          ],
          [
            0.1009383,
            0.1057134
          ],
          [
            0.100042,
            0.1062533
          ],
          [
            0.099143,
            0.1068077
          ],
          [
            0.0982304,
            0.1073692
          ],
          [
            0.0973251,
            0.1079137
          ],
          [
            0.0964135,
            0.1084708
          ],
          [
            0.0954919,
            0.1090485
          ],
          [
            0.0945641,
            0.109629
          ],
          [
            0.0936417,
            0.110204
          ],
          [
            0.0927156,
            0.1107845
          ],
          [
            0.0917932,
            0.1113524
          ],
          [
            0.0908699,
            0.1119292
          ],
          [
            0.0899492,
            0.1125124
          ],
          [
            0.0890295,
            0.1130694
          ],
          [
            0.0881134,
            0.1136472
          ],
          [
            0.0871873,
            0.1142186
          ],
          [
            0.086264,
            0.114764
          ],
          [
            0.0853425,
            0.1153157
          ],
          [
            0.0844317,
            0.1158772
          ],
          [
            0.0835246,
            0.1164532
          ],
          [
            0.0826166,
            0.1170291
          ],
          [
            0.0817022,
            0.1176285
          ],
          [
            0.080778,
            0.1182053
          ],
          [
            0.0798556,
            0.1187678
          ],
          [
            0.0789278,
            0.1193141
          ],
          [
            0.0779864,
            0.1198459
          ],
          [
            0.0770487,
            0.1203868
          ],
          [
            0.0761029,
            0.1209258
          ],
          [
            0.0751615,
            0.1214559
          ],
          [
            0.0742049,
            0.1220094
          ],
          [
            0.0732483,
            0.1225547
          ],
          [
            0.0723024,
            0.1231073
          ],
          [
            0.0713404,
            0.123667
          ],
          [
            0.0703802,
            0.1242043
          ],
          [
            0.0694218,
            0.124747
          ],
          [
            0.0684642,
            0.1252941
          ],
          [
            0.0675058,
            0.125844
          ],
          [
            0.0665474,
            0.1264001
          ],
          [
            0.0655907,
            0.1269563
          ],
          [
            0.0646314,
            0.1275134
          ],
          [
            0.0636631,
            0.1280605
          ],
          [
            0.0626921,
            0.1286023
          ],
          [
            0.0617282,
            0.1291485
          ],
          [
            0.0607761,
            0.1297011
          ],
          [
            0.0598213,
            0.1302555
          ],
          [
            0.0588745,
            0.1308242
          ],
          [
            0.0579485,
            0.1314011
          ],
          [
            0.0570279,
            0.1320049
          ],
          [
            0.056082,
            0.1325818
          ],
          [
            0.0551254,
            0.1331424
          ],
          [
            0.0541643,
            0.1337049
          ],
          [
            0.0532122,
            0.1342782
          ],
          [
            0.0522672,
            0.1348541
          ],
          [
            0.0513223,
            0.1354256
          ],
          [
            0.050372,
            0.1360177
          ],
          [
            0.0494063,
            0.1365784
          ],
          [
            0.0484497,
            0.1371489
          ],
          [
            0.0474976,
            0.1377384
          ],
          [
            0.0465356,
            0.1383081
          ],
          [
            0.0455852,
            0.1388687
          ],
          [
            0.0446178,
            0.1394528
          ],
          [
            0.0437179,
            0.1399945
          ],
          [
            0.0429916,
            0.1405705
          ],
          [
            0.0424877,
            0.1412733
          ],
          [
            0.042269,
            0.1420428
          ],
          [
            0.0423374,
            0.1427942
          ],
          [
            0.0430258,
            0.143381
          ],
          [
            0.0440193,
            0.1436681
          ],
          [
            0.0450624,
            0.1439074
          ],
          [
            0.046136,
            0.1440973
          ],
          [
            0.0472258,
            0.1442872
          ],
          [
            0.0482949,
            0.1444951
          ],
          [
            0.0493226,
            0.144703
          ],
          [
            0.0503252,
            0.1448893
          ],
          [
            0.0513106,
            0.1450513
          ],
          [
            0.0522816,
            0.1452222
          ],
          [
            0.0532455,
            0.1454094
          ],
          [
            0.0541949,
            0.1455885
          ],
          [
            0.0551443,
            0.1457703
          ],
          [
            0.0560955,
            0.1459692
          ],
          [
            0.0570459,
            0.1461555
          ],
          [
            0.058007,
            0.1463454
          ],
          [
            0.0589726,
            0.1465595
          ],
          [
            0.059932,
            0.1467746
          ],
          [
            0.0608724,
            0.1469906
          ],
          [
            0.0618047,
            0.1471931
          ],
          [
            0.0627407,
            0.1473821
          ],
          [
            0.0636946,
            0.1475918
          ],
          [
            0.064653,
            0.1478167
          ],
          [
            0.0656078,
            0.1480507
          ]
        ]
      },
      "properties": {
        "kind": "TRACK",
        "platform_id": "SOURCE",
        "platform_name": "SOURCE",
        "track_type": "CONTACT",
        "start_time": "2000-01-01T03:29:30+00:00",
        "end_time": "2000-01-01T04:32:30+00:00",
        "positions": [
          {
            "time": "2000-01-01T03:29:30+00:00",
            "course": 302.4,
            "speed": 7.387,
            "depth": 26.2
          },
          {
            "time": "2000-01-01T03:30:00+00:00",
            "course": 302.3,
            "speed": 7.581,
            "depth": 25.6
          },
          {
            "time": "2000-01-01T03:30:30+00:00",
            "course": 301.4,
            "speed": 7.581,
            "depth": 26.2
          },
          {
            "time": "2000-01-01T03:31:00+00:00",
            "course": 301.6,
            "speed": 7.387,
            "depth": 26.3
          },
          {
            "time": "2000-01-01T03:31:30+00:00",
            "course": 303.3,
            "speed": 7.581,
            "depth": 25.8
          },
          {
            "time": "2000-01-01T03:32:00+00:00",
            "course": 302.2,
            "speed": 7.387,
            "depth": 26.5
          },
          {
            "time": "2000-01-01T03:32:30+00:00",
            "course": 302.8,
            "speed": 7.387,
            "depth": 27.0
          },
          {
            "time": "2000-01-01T03:33:00+00:00",
            "course": 304.0,
            "speed": 7.581,
            "depth": 26.7
          },
          {
            "time": "2000-01-01T03:33:30+00:00",
            "course": 302.4,
            "speed": 7.581,
            "depth": 26.4
          },
          {
            "time": "2000-01-01T03:34:00+00:00",
            "course": 301.8,
            "speed": 7.387,
            "depth": 26.2
          },
          {
            "time": "2000-01-01T03:34:30+00:00",
            "course": 302.3,
            "speed": 7.581,
            "depth": 26.1
          },
          {
            "time": "2000-01-01T03:35:00+00:00",
            "course": 304.2,
            "speed": 7.581,
            "depth": 25.7
          },
          {
            "time": "2000-01-01T03:35:30+00:00",
            "course": 302.4,
            "speed": 7.581,
            "depth": 26.3
          },
          {
            "time": "2000-01-01T03:36:00+00:00",
            "course": 301.3,
            "speed": 7.581,
            "depth": 26.4
          },
          {
            "time": "2000-01-01T03:36:30+00:00",
            "course": 301.5,
            "speed": 7.387,
            "depth": 25.9
          },
          {
            "time": "2000-01-01T03:37:00+00:00",
            "course": 301.5,
            "speed": 7.192,
            "depth": 27.2
          },
          {
            "time": "2000-01-01T03:37:30+00:00",
            "course": 304.4,
            "speed": 7.387,
            "depth": 26.6
          },
          {
            "time": "2000-01-01T03:38:00+00:00",
            "course": 304.1,
            "speed": 7.581,
            "depth": 26.2
          },
          {
            "time": "2000-01-01T03:38:30+00:00",
            "course": 300.2,
            "speed": 7.387,
            "depth": 27.2
          },
          {
            "time": "2000-01-01T03:39:00+00:00",
            "course": 300.9,
            "speed": 7.581,
            "depth": 26.1
          },
          {
            "time": "2000-01-01T03:39:30+00:00",
            "course": 301.5,
            "speed": 7.775,
            "depth": 25.1
          },
          {
            "time": "2000-01-01T03:40:00+00:00",
            "course": 300.6,
            "speed": 7.775,
            "depth": 25.0
          },
          {
            "time": "2000-01-01T03:40:30+00:00",
            "course": 301.5,
            "speed": 7.775,
            "depth": 25.2
          },
          {
            "time": "2000-01-01T03:41:00+00:00",
            "course": 302.1,
            "speed": 7.581,
            "depth": 25.4
          },
          {
            "time": "2000-01-01T03:41:30+00:00",
            "course": 303.5,
            "speed": 7.581,
            "depth": 26.1
          },
          {
            "time": "2000-01-01T03:42:00+00:00",
            "course": 302.4,
            "speed": 7.581,
            "depth": 26.3
          },
          {
            "time": "2000-01-01T03:42:30+00:00",
            "course": 301.3,
            "speed": 7.581,
            "depth": 26.9
          },
          {
            "time": "2000-01-01T03:43:00+00:00",
            "course": 302.3,
            "speed": 7.581,
            "depth": 26.5
          },
          {
            "time": "2000-01-01T03:43:30+00:00",
            "course": 301.5,
            "speed": 7.387,
            "depth": 26.6
          },
          {
            "time": "2000-01-01T03:44:00+00:00",
            "course": 300.4,
            "speed": 7.581,
            "depth": 27.0
          },
          {
            "time": "2000-01-01T03:44:30+00:00",
            "course": 301.3,
            "speed": 7.775,
            "depth": 25.6
          },
          {
            "time": "2000-01-01T03:45:00+00:00",
            "course": 299.1,
            "speed": 7.581,
            "depth": 25.4
          },
          {
            "time": "2000-01-01T03:45:30+00:00",
            "course": 299.9,
            "speed": 7.581,
            "depth": 25.8
          },
          {
            "time": "2000-01-01T03:46:00+00:00",
            "course": 301.1,
            "speed": 7.581,
            "depth": 26.1
          },
          {
            "time": "2000-01-01T03:46:30+00:00",
            "course": 303.0,
            "speed": 7.581,
            "depth": 25.7
          },
          {
            "time": "2000-01-01T03:47:00+00:00",
            "course": 301.4,
            "speed": 7.581,
            "depth": 25.8
          },
          {
            "time": "2000-01-01T03:47:30+00:00",
            "course": 300.6,
            "speed": 7.581,
            "depth": 25.8
          },
          {
            "time": "2000-01-01T03:48:00+00:00",
            "course": 301.1,
            "speed": 7.581,
            "depth": 25.3
          },
          {
            "time": "2000-01-01T03:48:30+00:00",
            "course": 301.5,
            "speed": 7.387,
            "depth": 26.2
          },
          {
            "time": "2000-01-01T03:49:00+00:00",
            "course": 302.1,
            "speed": 7.775,
            "depth": 25.5
          },
          {
            "time": "2000-01-01T03:49:30+00:00",
            "course": 301.3,
            "speed": 7.581,
            "depth": 25.6
          },
          {
            "time": "2000-01-01T03:50:00+00:00",
            "course": 301.3,
            "speed": 7.581,
            "depth": 25.7
          },
          {
            "time": "2000-01-01T03:50:30+00:00",
            "course": 301.3,
            "speed": 7.775,
            "depth": 25.4
          },
          {
            "time": "2000-01-01T03:51:00+00:00",
            "course": 302.4,
            "speed": 7.97,
            "depth": 24.5
          },
          {
            "time": "2000-01-01T03:51:30+00:00",
            "course": 301.5,
            "speed": 7.775,
            "depth": 24.6
          },
          {
            "time": "2000-01-01T03:52:00+00:00",
            "course": 302.3,
            "speed": 7.97,
            "depth": 24.8
          },
          {
            "time": "2000-01-01T03:52:30+00:00",
            "course": 301.9,
            "speed": 7.775,
            "depth": 24.9
          },
          {
            "time": "2000-01-01T03:53:00+00:00",
            "course": 301.4,
            "speed": 7.775,
            "depth": 24.8
          },
          {
            "time": "2000-01-01T03:53:30+00:00",
            "course": 302.7,
            "speed": 7.97,
            "depth": 24.4
          },
          {
            "time": "2000-01-01T03:54:00+00:00",
            "course": 301.8,
            "speed": 7.775,
            "depth": 24.5
          },
          {
            "time": "2000-01-01T03:54:30+00:00",
            "course": 301.6,
            "speed": 7.775,
            "depth": 25.1
          },
          {
            "time": "2000-01-01T03:55:00+00:00",
            "course": 302.4,
            "speed": 7.97,
            "depth": 24.6
          },
          {
            "time": "2000-01-01T03:55:30+00:00",
            "course": 300.9,
            "speed": 7.775,
            "depth": 25.2
          },
          {
            "time": "2000-01-01T03:56:00+00:00",
            "course": 300.5,
            "speed": 7.775,
            "depth": 25.3
          },
          {
            "time": "2000-01-01T03:56:30+00:00",
            "course": 301.1,
            "speed": 7.775,
            "depth": 25.1
          },
          {
            "time": "2000-01-01T03:57:00+00:00",
            "course": 302.5,
            "speed": 7.775,
            "depth": 24.9
          },
          {
            "time": "2000-01-01T03:57:30+00:00",
            "course": 302.0,
            "speed": 7.775,
            "depth": 25.3
          },
          {
            "time": "2000-01-01T03:58:00+00:00",
            "course": 303.1,
            "speed": 7.775,
            "depth": 25.3
          },
          {
            "time": "2000-01-01T03:58:30+00:00",
            "course": 302.4,
            "speed": 7.97,
            "depth": 25.2
          },
          {
            "time": "2000-01-01T03:59:00+00:00",
            "course": 301.4,
            "speed": 7.775,
            "depth": 25.7
          },
          {
            "time": "2000-01-01T03:59:30+00:00",
            "course": 301.1,
            "speed": 7.775,
            "depth": 25.4
          },
          {
            "time": "2000-01-01T04:00:00+00:00",
            "course": 299.9,
            "speed": 7.775,
            "depth": 26.0
          },
          {
            "time": "2000-01-01T04:00:30+00:00",
            "course": 299.6,
            "speed": 7.775,
            "depth": 25.7
          },
          {
            "time": "2000-01-01T04:01:00+00:00",
            "course": 300.3,
            "speed": 7.775,
            "depth": 25.4
          },
          {
            "time": "2000-01-01T04:01:30+00:00",
            "course": 299.1,
            "speed": 7.775,
            "depth": 25.5
          },
          {
            "time": "2000-01-01T04:02:00+00:00",
            "course": 300.0,
            "speed": 7.775,
            "depth": 25.2
          },
          {
            "time": "2000-01-01T04:02:30+00:00",
            "course": 299.8,
            "speed": 7.97,
            "depth": 24.7
          },
          {
            "time": "2000-01-01T04:03:00+00:00",
            "course": 299.7,
            "speed": 7.775,
            "depth": 25.0
          },
          {
            "time": "2000-01-01T04:03:30+00:00",
            "course": 300.6,
            "speed": 7.97,
            "depth": 25.0
          },
          {
            "time": "2000-01-01T04:04:00+00:00",
            "course": 299.6,
            "speed": 7.97,
            "depth": 25.0
          },
          {
            "time": "2000-01-01T04:04:30+00:00",
            "course": 299.0,
            "speed": 7.97,
            "depth": 25.3
          },
          {
            "time": "2000-01-01T04:05:00+00:00",
            "course": 299.8,
            "speed": 7.97,
            "depth": 25.0
          },
          {
            "time": "2000-01-01T04:05:30+00:00",
            "course": 299.4,
            "speed": 7.97,
            "depth": 25.0
          },
          {
            "time": "2000-01-01T04:06:00+00:00",
            "course": 300.5,
            "speed": 7.97,
            "depth": 25.0
          },
          {
            "time": "2000-01-01T04:06:30+00:00",
            "course": 300.0,
            "speed": 7.97,
            "depth": 25.2
          },
          {
            "time": "2000-01-01T04:07:00+00:00",
            "course": 300.4,
            "speed": 7.97,
            "depth": 25.2
          },
          {
            "time": "2000-01-01T04:07:30+00:00",
            "course": 299.6,
            "speed": 7.97,
            "depth": 25.1
          },
          {
            "time": "2000-01-01T04:08:00+00:00",
            "course": 299.4,
            "speed": 7.97,
            "depth": 25.4
          },
          {
            "time": "2000-01-01T04:08:30+00:00",
            "course": 299.5,
            "speed": 7.97,
            "depth": 25.1
          },
          {
            "time": "2000-01-01T04:09:00+00:00",
            "course": 299.8,
            "speed": 7.97,
            "depth": 24.8
          },
          {
            "time": "2000-01-01T04:09:30+00:00",
            "course": 300.2,
            "speed": 7.97,
            "depth": 25.2
          },
          {
            "time": "2000-01-01T04:10:00+00:00",
            "course": 300.1,
            "speed": 7.97,
            "depth": 25.5
          },
          {
            "time": "2000-01-01T04:10:30+00:00",
            "course": 301.7,
            "speed": 7.97,
            "depth": 25.3
          },
          {
            "time": "2000-01-01T04:11:00+00:00",
            "course": 302.3,
            "speed": 7.775,
            "depth": 25.4
          },
          {
            "time": "2000-01-01T04:11:30+00:00",
            "course": 302.5,
            "speed": 7.97,
            "depth": 26.0
          },
          {
            "time": "2000-01-01T04:12:00+00:00",
            "course": 300.5,
            "speed": 7.97,
            "depth": 26.9
          },
          {
            "time": "2000-01-01T04:12:30+00:00",
            "course": 300.2,
            "speed": 7.97,
            "depth": 26.1
          },
          {
            "time": "2000-01-01T04:13:00+00:00",
            "course": 300.6,
            "speed": 7.97,
            "depth": 25.9
          },
          {
            "time": "2000-01-01T04:13:30+00:00",
            "course": 301.3,
            "speed": 7.97,
            "depth": 25.6
          },
          {
            "time": "2000-01-01T04:14:00+00:00",
            "course": 301.4,
            "speed": 7.97,
            "depth": 25.8
          },
          {
            "time": "2000-01-01T04:14:30+00:00",
            "course": 301.6,
            "speed": 7.97,
            "depth": 26.0
          },
          {
            "time": "2000-01-01T04:15:00+00:00",
            "course": 301.4,
            "speed": 8.164,
            "depth": 26.0
          },
          {
            "time": "2000-01-01T04:15:30+00:00",
            "course": 300.0,
            "speed": 7.97,
            "depth": 26.8
          },
          {
            "time": "2000-01-01T04:16:00+00:00",
            "course": 302.0,
            "speed": 7.97,
            "depth": 26.1
          },
          {
            "time": "2000-01-01T04:16:30+00:00",
            "course": 301.0,
            "speed": 7.97,
            "depth": 26.6
          },
          {
            "time": "2000-01-01T04:17:00+00:00",
            "course": 300.7,
            "speed": 8.164,
            "depth": 26.5
          },
          {
            "time": "2000-01-01T04:17:30+00:00",
            "course": 301.1,
            "speed": 8.164,
            "depth": 31.7
          },
          {
            "time": "2000-01-01T04:18:00+00:00",
            "course": 300.7,
            "speed": 7.97,
            "depth": 29.5
          },
          {
            "time": "2000-01-01T04:18:30+00:00",
            "course": 303.4,
            "speed": 6.998,
            "depth": 28.1
          },
          {
            "time": "2000-01-01T04:19:00+00:00",
            "course": 315.5,
            "speed": 6.415,
            "depth": 30.6
          },
          {
            "time": "2000-01-01T04:19:30+00:00",
            "course": 334.9,
            "speed": 6.026,
            "depth": 32.4
          },
          {
            "time": "2000-01-01T04:20:00+00:00",
            "course": 348.9,
            "speed": 5.637,
            "depth": 39.4
          },
          {
            "time": "2000-01-01T04:20:30+00:00",
            "course": 26.5,
            "speed": 6.22,
            "depth": 39.4
          },
          {
            "time": "2000-01-01T04:21:00+00:00",
            "course": 69.0,
            "speed": 6.998,
            "depth": 35.5
          },
          {
            "time": "2000-01-01T04:21:30+00:00",
            "course": 76.5,
            "speed": 7.775,
            "depth": 28.2
          },
          {
            "time": "2000-01-01T04:22:00+00:00",
            "course": 78.4,
            "speed": 7.775,
            "depth": 28.0
          },
          {
            "time": "2000-01-01T04:22:30+00:00",
            "course": 80.5,
            "speed": 7.97,
            "depth": 27.2
          },
          {
            "time": "2000-01-01T04:23:00+00:00",
            "course": 79.3,
            "speed": 7.97,
            "depth": 27.2
          },
          {
            "time": "2000-01-01T04:23:30+00:00",
            "course": 78.5,
            "speed": 7.581,
            "depth": 27.9
          },
          {
            "time": "2000-01-01T04:24:00+00:00",
            "course": 78.8,
            "speed": 7.387,
            "depth": 29.6
          },
          {
            "time": "2000-01-01T04:24:30+00:00",
            "course": 80.3,
            "speed": 7.192,
            "depth": 30.4
          },
          {
            "time": "2000-01-01T04:25:00+00:00",
            "course": 80.6,
            "speed": 7.192,
            "depth": 31.7
          },
          {
            "time": "2000-01-01T04:25:30+00:00",
            "course": 79.5,
            "speed": 6.998,
            "depth": 32.7
          },
          {
            "time": "2000-01-01T04:26:00+00:00",
            "course": 78.8,
            "speed": 6.998,
            "depth": 33.4
          },
          {
            "time": "2000-01-01T04:26:30+00:00",
            "course": 79.5,
            "speed": 6.998,
            "depth": 33.6
          },
          {
            "time": "2000-01-01T04:27:00+00:00",
            "course": 78.5,
            "speed": 6.998,
            "depth": 34.1
          },
          {
            "time": "2000-01-01T04:27:30+00:00",
            "course": 78.6,
            "speed": 6.998,
            "depth": 33.9
          },
          {
            "time": "2000-01-01T04:28:00+00:00",
            "course": 79.2,
            "speed": 6.998,
            "depth": 33.9
          },
          {
            "time": "2000-01-01T04:28:30+00:00",
            "course": 78.0,
            "speed": 6.998,
            "depth": 33.9
          },
          {
            "time": "2000-01-01T04:29:00+00:00",
            "course": 77.3,
            "speed": 7.192,
            "depth": 33.6
          },
          {
            "time": "2000-01-01T04:29:30+00:00",
            "course": 77.2,
            "speed": 6.998,
            "depth": 34.1
          },
          {
            "time": "2000-01-01T04:30:00+00:00",
            "course": 77.2,
            "speed": 6.998,
            "depth": 34.4
          },
          {
            "time": "2000-01-01T04:30:30+00:00",
            "course": 78.2,
            "speed": 6.803,
            "depth": 34.9
          },
          {
            "time": "2000-01-01T04:31:00+00:00",
            "course": 78.4,
            "speed": 6.998,
            "depth": 34.9
          },
          {
            "time": "2000-01-01T04:31:30+00:00",
            "course": 77.3,
            "speed": 6.998,
            "depth": 34.3
          },
          {
            "time": "2000-01-01T04:32:00+00:00",
            "course": 76.5,
            "speed": 6.998,
            "depth": 34.5
          },
          {
            "time": "2000-01-01T04:32:30+00:00",
            "course": 76.4,
            "speed": 7.192,
            "depth": 33.8
          }
        ],
        "style": {
          "line": {
            "color": "#808080"
          },
          "point": {
            "shape": "circle",
            "radius": 3.0,
            "fill_color": "#808080",
            "color": "#808080"
          }
        },
        "default_position_style": {
          "show_symbol": false,
          "symbol": "circle",
          "show_label": false
        },
        "symbol_interval": "PT5M",
        "label_interval": "PT15M"
      }
    }
  ]
}