{
  "type": "FeatureCollection",
  "features": [
    {
      "type": "Feature",
      "id": "bf93a9b9-32f0-4efe-8ea0-05525b41aa2d",
      "geometry": {
        "type": "LineString",
        "coordinates": [
          [
            0.25,
            60.1
          ],
          [
            0.248925,
            60.10063888888889
          ],
          [
            0.24785000000000001,
            60.10127777777778
          ],
          [
            0.246775,
            60.10191388888889
          ],
          [
            0.24570277777777777,
            60.10255277777778
          ],
          [
            0.24462777777777778,
            60.10319166666667
          ],
          [
            0.24355277777777778,
            60.103830555555554
          ],
          [
            0.2424777777777778,
            60.10446944444445
          ],
          [
            0.24140277777777777,
            60.105108333333334
          ],
          [
            0.24032777777777778,
            60.10574444444445
          ],
          [
            0.2392527777777778,
            60.10638333333333
          ],
          [
            0.2381777777777778,
            60.10702222222223
          ],
          [
            0.23710277777777777,
            60.10766111111111
          ],
          [
            0.23602777777777778,
            60.1083
          ],
          [
            0.2349527777777778,
            60.10893611111111
          ],
          [
            0.23388055555555556,
            60.109575
          ],
          [
            0.23280555555555557,
            60.11021388888889
          ],
          [
            0.23173055555555555,
            60.11085277777778
          ],
          [
            0.23065555555555556,
            60.111491666666666
          ],
          [
            0.22958055555555557,
            60.11212777777778
          ],
          [
            0.22850555555555557,
            60.112766666666666
          ],
          [
            0.22743055555555555,
            60.11340555555556
          ],
          [
            0.22635555555555556,
            60.114044444444446
          ],
          [
            0.22528055555555557,
            60.11468333333333
          ],
          [
            0.22420555555555557,
            60.115322222222225
          ],
          [
            0.22313055555555555,
            60.11595833333333
          ],
          [
            0.22205555555555556,
            60.116597222222225
          ],
          [
            0.22098055555555557,
            60.11723611111111
          ],
          [
            0.21990277777777778,
            60.117875
          ],
          [
            0.2188277777777778,
            60.11851388888889
          ],
          [
            0.2177527777777778,
            60.11915
          ],
          [
            0.21667777777777777,
            60.11978888888889
          ],
          [
            0.21560277777777778,
            60.12042777777778
          ],
          [
            0.2145277777777778,
            60.121066666666664
          ],
          [
            0.2134527777777778,
            60.12170555555556
          ],
          [
            0.21237777777777778,
            60.122341666666664
          ],
          [
            0.21130277777777778,
            60.12298055555556
          ],
          [
            0.2102277777777778,
            60.123619444444444
          ],
          [
            0.2091527777777778,
            60.12425833333334
          ],
          [
            0.208075,
            60.12489722222222
          ],
          [
            0.20700000000000002,
            60.12553611111111
          ],
          [
            0.20592500000000002,
            60.12617222222222
          ],
          [
            0.20485,
            60.12681111111111
          ],
          [
            0.203775,
            60.12745
          ],
          [
            0.20270000000000002,
            60.12808888888889
          ],
          [
            0.20162222222222223,
            60.128727777777776
          ],
          [
            0.20054722222222224,
            60.12936388888889
          ],
          [
            0.19947222222222222,
            60.130002777777776
          ],
          [
            0.1983972222222222,
            60.13064166666667
          ],
          [
            0.1973222222222222,
            60.131280555555556
          ],
          [
            0.19624444444444444,
            60.13191944444444
          ],
          [
            0.19516944444444442,
            60.132555555555555
          ],
          [
            0.19409444444444443,
            60.13319444444444
          ],
          [
            0.19301944444444444,
            60.133833333333335
          ],
          [
            0.19194444444444442,
            60.13447222222222
          ],
          [
            0.19086666666666666,
            60.13511111111111
          ],
          [
            0.18979166666666666,
            60.13575
          ],
          [
            0.18871666666666664,
            60.13638611111111
          ],
          [
            0.18764166666666665,
            60.137025
          ],
          [
            0.18656388888888886,
            60.13766388888889
          ],
          [
            0.18548888888888887,
            60.138302777777774
          ],
          [
            0.18441388888888888,
            60.13894166666667
          ],
          [
            0.1833361111111111,
            60.139577777777774
          ],
          [
            0.1822611111111111,
            60.14021666666667
          ],
          [
            0.1811861111111111,
            60.140855555555554
          ],
          [
            0.18010833333333331,
            60.14149444444445
          ],
          [
            0.17903333333333332,
            60.142133333333334
          ],
          [
            0.17795833333333333,
            60.14276944444445
          ],
          [
            0.17688055555555554,
            60.14340833333333
          ],
          [
            0.17580555555555555,
            60.14404722222222
          ],
          [
            0.17473055555555556,
            60.14468611111111
          ],
          [
            0.17365277777777777,
            60.145325
          ],
          [
            0.17257777777777777,
            60.145963888888886
          ],
          [
            0.17150277777777778,
            60.1466
          ],
          [
            0.170425,
            60.147238888888886
          ],
          [
            0.16935,
            60.14787777777778
          ],
          [
            0.1682722222222222,
            60.148516666666666
          ],
          [
            0.16719722222222222,
            60.14915555555555
          ],
          [
            0.16611944444444443,
            60.149791666666665
          ],
          [
            0.16504444444444444,
            60.15043055555555
          ],
          [
            0.16396944444444445,
            60.151069444444445
          ],
          [
            0.16289166666666666,
            60.15170833333333
          ],
          [
            0.16181666666666666,
            60.15234722222222
          ],
          [
            0.16073888888888888,
            60.15298611111111
          ],
          [
            0.15966388888888888,
            60.15362222222222
          ],
          [
            0.1585861111111111,
            60.15426111111111
          ],
          [
            0.1575111111111111,
            60.1549
          ],
          [
            0.15643333333333334,
            60.155538888888884
          ],
          [
            0.15535833333333332,
            60.15617777777778
          ],
          [
            0.15428055555555556,
            60.156813888888884
          ],
          [
            0.15320555555555554,
            60.15745277777778
          ],
          [
            0.15212777777777778,
            60.158091666666664
          ],
          [
            0.15105277777777779,
            60.15873055555556
          ],
          [
            0.149975,
            60.159369444444444
          ],
          [
            0.1489,
            60.16000555555556
          ],
          [
            0.14782222222222222,
            60.16064444444444
          ],
          [
            0.14674722222222222,
            60.16128333333333
          ],
          [
            0.14566944444444443,
            60.16192222222222
          ],
          [
            0.14459166666666667,
            60.16256111111111
          ],
          [
            0.14351666666666665,
            60.163199999999996
          ],
          [
            0.1424388888888889,
            60.16383611111111
          ],
          [
            0.1413638888888889,
            60.164474999999996
          ],
          [
            0.1402861111111111,
            60.16511388888889
          ],
          [
            0.13920833333333332,
            60.165752777777776
          ],
          [
            0.13813333333333333,
            60.16639166666666
          ],
          [
            0.13705555555555554,
            60.167027777777776
          ],
          [
            0.13598055555555555,
            60.16766666666666
          ],
          [
            0.1349027777777778,
            60.168305555555555
          ],
          [
            0.133825,
            60.16894444444444
          ],
          [
            0.13275,
            60.16958333333333
          ],
          [
            0.13167222222222222,
            60.17021944444444
          ],
          [
            0.13059444444444446,
            60.17085833333333
          ],
          [
            0.12951944444444444,
            60.17149722222222
          ],
          [
            0.12844166666666668,
            60.17213611111111
          ],
          [
            0.1273638888888889,
            60.172774999999994
          ],
          [
            0.1262861111111111,
            60.17341388888889
          ],
          [
            0.1252111111111111,
            60.17405
          ],
          [
            0.12429166666666666,
            60.17474444444444
          ],
          [
            0.12371666666666667,
            60.175525
          ],
          [
            0.12341944444444444,
            60.17634722222222
          ],
          [
            0.12313611111111111,
            60.177166666666665
          ],
          [
            0.12285277777777778,
            60.17798888888888
          ],
          [
            0.12256944444444445,
            60.17881111111111
          ],
          [
            0.12228611111111111,
            60.179630555555555
          ],
          [
            0.12200277777777778,
            60.180452777777774
          ],
          [
            0.12171944444444445,
            60.181275
          ],
          [
            0.12143888888888889,
            60.182094444444445
          ],
          [
            0.12115555555555556,
            60.182916666666664
          ],
          [
            0.12087222222222223,
            60.18373888888888
          ],
          [
            0.12058888888888888,
            60.18456111111111
          ],
          [
            0.12030555555555555,
            60.185380555555554
          ],
          [
            0.12002222222222222,
            60.18620277777777
          ],
          [
            0.1197388888888889,
            60.187025
          ],
          [
            0.11945833333333333,
            60.187844444444444
          ],
          [
            0.119175,
            60.18866666666666
          ],
          [
            0.11889166666666667,
            60.18948888888889
          ],
          [
            0.11860833333333333,
            60.19030833333333
          ],
          [
            0.118325,
            60.19113055555555
          ],
          [
            0.11804166666666667,
            60.19195277777777
          ],
          [
            0.11775833333333334,
            60.19277222222222
          ],
          [
            0.117475,
            60.19359444444444
          ],
          [
            0.11719444444444445,
            60.19441666666666
          ],
          [
            0.11691111111111112,
            60.19523888888889
          ],
          [
            0.11662777777777777,
            60.19605833333333
          ],
          [
            0.11634444444444444,
            60.19688055555555
          ],
          [
            0.11606111111111111,
            60.19770277777778
          ],
          [
            0.11577777777777779,
            60.198522222222216
          ],
          [
            0.11549444444444446,
            60.19934444444444
          ],
          [
            0.11521111111111111,
            60.20016666666667
          ],
          [
            0.11492777777777778,
            60.20098611111111
          ],
          [
            0.11464444444444445,
            60.20180833333334
          ],
          [
            0.11436388888888889,
            60.20263055555556
          ],
          [
            0.11408055555555556,
            60.203452777777784
          ],
          [
            0.11379722222222223,
            60.20427222222222
          ],
          [
            0.11351388888888889,
            60.20509444444445
          ],
          [
            0.11323055555555556,
            60.20591666666667
          ],
          [
            0.11294722222222223,
            60.20673611111111
          ],
          [
            0.1126638888888889,
            60.20755833333334
          ],
          [
            0.11238055555555557,
            60.20838055555556
          ],
          [
            0.11209722222222222,
            60.2092
          ],
          [
            0.1118138888888889,
            60.21002222222223
          ],
          [
            0.11153055555555556,
            60.21084444444445
          ],
          [
            0.11124722222222223,
            60.21166388888889
          ],
          [
            0.11096388888888889,
            60.21248611111111
          ],
          [
            0.11068055555555556,
            60.21330833333334
          ],
          [
            0.1104,
            60.214130555555556
          ],
          [
            0.11011666666666667,
            60.21495
          ],
          [
            0.10983333333333334,
            60.21577222222223
          ],
          [
            0.10955000000000001,
            60.216594444444446
          ],
          [
            0.10926666666666668,
            60.21741388888889
          ],
          [
            0.10898333333333333,
            60.21823611111111
          ],
          [
            0.1087,
            60.21905833333334
          ],
          [
            0.10841666666666668,
            60.21987777777778
          ],
          [
            0.10813333333333335,
            60.2207
          ],
          [
            0.10785,
            60.22152222222223
          ],
          [
            0.10756666666666667,
            60.222341666666665
          ],
          [
            0.10728333333333334,
            60.22316388888889
          ],
          [
            0.10700000000000001,
            60.22398611111111
          ],
          [
            0.10671666666666667,
            60.224808333333335
          ],
          [
            0.10643333333333334,
            60.22562777777778
          ],
          [
            0.10615000000000001,
            60.22645
          ],
          [
            0.10586666666666668,
            60.227272222222226
          ],
          [
            0.10558333333333333,
            60.22809166666667
          ],
          [
            0.1053,
            60.22891388888889
          ],
          [
            0.10501666666666667,
            60.229736111111116
          ],
          [
            0.10473333333333334,
            60.230555555555554
          ],
          [
            0.10445,
            60.23137777777778
          ],
          [
            0.10416666666666667,
            60.2322
          ],
          [
            0.10388333333333334,
            60.233019444444444
          ],
          [
            0.10360000000000001,
            60.23384166666667
          ],
          [
            0.10331666666666667,
            60.23466388888889
          ],
          [
            0.10303333333333334,
            60.235486111111115
          ],
          [
            0.10275000000000001,
            60.23630555555555
          ],
          [
            0.10246666666666668,
            60.23712777777778
          ],
          [
            0.10218333333333333,
            60.23795
          ],
          [
            0.1019,
            60.23876944444444
          ],
          [
            0.10161666666666667,
            60.23959166666667
          ],
          [
            0.10133333333333334,
            60.24041388888889
          ],
          [
            0.10105,
            60.241233333333334
          ],
          [
            0.10076666666666667,
            60.24205555555556
          ],
          [
            0.10048333333333334,
            60.24287777777778
          ],
          [
            0.10020000000000001,
            60.243700000000004
          ],
          [
            0.09991666666666667,
            60.24451944444444
          ],
          [
            0.09963333333333332,
            60.24534166666667
          ],
          [
            0.09935,
            60.24616388888889
          ],
          [
            0.09906388888888888,
            60.24698333333333
          ],
          [
            0.09878055555555555,
            60.24780555555556
          ],
          [
            0.09849722222222222,
            60.24862777777778
          ],
          [
            0.09821388888888888,
            60.24944722222222
          ],
          [
            0.09793055555555555,
            60.25026944444444
          ],
          [
            0.09764722222222222,
            60.25109166666667
          ],
          [
            0.09736388888888889,
            60.25191111111111
          ],
          [
            0.09708055555555556,
            60.25273333333333
          ],
          [
            0.09679722222222222,
            60.25355555555556
          ],
          [
            0.09651388888888889,
            60.254377777777776
          ],
          [
            0.09623055555555556,
            60.25519722222222
          ],
          [
            0.09594722222222221,
            60.25601944444445
          ],
          [
            0.09566388888888888,
            60.256841666666666
          ],
          [
            0.09538055555555555,
            60.25766111111111
          ],
          [
            0.09509444444444444,
            60.25848333333333
          ],
          [
            0.09481111111111111,
            60.25930555555556
          ],
          [
            0.09452777777777777,
            60.260125
          ],
          [
            0.09424444444444444,
            60.26094722222222
          ],
          [
            0.0939611111111111,
            60.26176944444445
          ],
          [
            0.09367777777777778,
            60.26258888888889
          ],
          [
            0.09339444444444445,
            60.26341111111111
          ],
          [
            0.0931111111111111,
            60.26423333333334
          ],
          [
            0.09282777777777777,
            60.265055555555556
          ],
          [
            0.09254444444444444,
            60.265875
          ],
          [
            0.09225833333333333,
            60.26669722222222
          ],
          [
            0.091975,
            60.267519444444446
          ],
          [
            0.09169166666666666,
            60.26833888888889
          ],
          [
            0.09140833333333333,
            60.26916111111111
          ],
          [
            0.0909361111111111,
            60.269958333333335
          ],
          [
            0.09010833333333333,
            60.27068333333333
          ],
          [
            0.08896666666666667,
            60.27129166666666
          ],
          [
            0.087575,
            60.27175555555556
          ],
          [
            0.08600555555555556,
            60.27204722222222
          ],
          [
            0.08434166666666666,
            60.27215277777778
          ],
          [
            0.082675,
            60.27206666666667
          ],
          [
            0.08109166666666667,
            60.271794444444446
          ],
          [
            0.079675,
            60.27134722222222
          ],
          [
            0.07850555555555555,
            60.27075277777778
          ],
          [
            0.07754166666666666,
            60.270069444444445
          ],
          [
            0.0765861111111111,
            60.26938333333333
          ],
          [
            0.07562777777777778,
            60.2687
          ],
          [
            0.07467222222222222,
            60.26801388888889
          ],
          [
            0.07371666666666667,
            60.26732777777778
          ],
          [
            0.07276111111111111,
            60.266644444444445
          ],
          [
            0.07180555555555555,
            60.26595833333333
          ],
          [
            0.07084722222222223,
            60.26527222222222
          ],
          [
            0.06989166666666667,
            60.264586111111115
          ],
          [
            0.06893611111111111,
            60.26390277777778
          ],
          [
            0.06798055555555556,
            60.263216666666665
          ],
          [
            0.067025,
            60.26253055555556
          ],
          [
            0.06606944444444444,
            60.26184722222222
          ],
          [
            0.06511111111111112,
            60.261161111111115
          ],
          [
            0.06415555555555556,
            60.260475
          ],
          [
            0.0632,
            60.259791666666665
          ],
          [
            0.06224444444444445,
            60.25910555555556
          ],
          [
            0.06128888888888889,
            60.25841944444444
          ],
          [
            0.060333333333333336,
            60.257736111111114
          ],
          [
            0.05937777777777778,
            60.25705
          ],
          [
            0.05841944444444445,
            60.25636388888889
          ],
          [
            0.05746388888888889,
            60.25568055555556
          ],
          [
            0.056508333333333334,
            60.25499444444444
          ],
          [
            0.05555277777777778,
            60.254308333333334
          ],
          [
            0.05459722222222223,
            60.25362222222222
          ],
          [
            0.05364166666666667,
            60.25293888888889
          ],
          [
            0.052686111111111114,
            60.25225277777778
          ],
          [
            0.05173055555555556,
            60.25156666666667
          ],
          [
            0.050775,
            60.250883333333334
          ],
          [
            0.049819444444444444,
            60.25019722222222
          ],
          [
            0.04886388888888889,
            60.24951111111111
          ],
          [
            0.04790833333333333,
            60.24882777777778
          ],
          [
            0.046952777777777774,
            60.24814166666667
          ],
          [
            0.045997222222222224,
            60.247455555555554
          ],
          [
            0.04504166666666667,
            60.246772222222226
          ],
          [
            0.04408611111111111,
            60.24608611111111
          ],
          [
            0.043130555555555554,
            60.245400000000004
          ],
          [
            0.042175,
            60.24471388888889
          ],
          [
            0.04121944444444445,
            60.244030555555554
          ],
          [
            0.04026388888888889,
            60.243344444444446
          ],
          [
            0.039308333333333334,
            60.24265833333333
          ],
          [
            0.03835277777777778,
            60.241975000000004
          ],
          [
            0.03739722222222222,
            60.24128888888889
          ],
          [
            0.036441666666666664,
            60.24060277777778
          ],
          [
            0.03548611111111111,
            60.239919444444446
          ],
          [
            0.03453055555555556,
            60.23923333333333
          ],
          [
            0.033575,
            60.23854722222222
          ],
          [
            0.032619444444444444,
            60.23786388888889
          ],
          [
            0.03166666666666666,
            60.23717777777778
          ],
          [
            0.030711111111111113,
            60.236491666666666
          ],
          [
            0.029755555555555556,
            60.23580555555556
          ],
          [
            0.0288,
            60.23512222222222
          ],
          [
            0.027844444444444442,
            60.234436111111116
          ],
          [
            0.026888888888888886,
            60.23375
          ],
          [
            0.025933333333333333,
            60.233066666666666
          ],
          [
            0.02497777777777778,
            60.23238055555556
          ],
          [
            0.024024999999999998,
            60.23169444444444
          ],
          [
            0.023069444444444445,
            60.231011111111115
          ],
          [
            0.022113888888888888,
            60.230325
          ],
          [
            0.021158333333333335,
            60.22963888888889
          ],
          [
            0.020202777777777778,
            60.22895555555556
          ],
          [
            0.01924722222222222,
            60.22826944444444
          ],
          [
            0.018294444444444443,
            60.227583333333335
          ],
          [
            0.01733888888888889,
            60.22689722222223
          ],
          [
            0.016383333333333333,
            60.22621388888889
          ],
          [
            0.015427777777777778,
            60.22552777777778
          ],
          [
            0.014475,
            60.22484166666667
          ],
          [
            0.013519444444444445,
            60.224158333333335
          ],
          [
            0.012563888888888888,
            60.22347222222223
          ],
          [
            0.011608333333333333,
            60.22278611111111
          ],
          [
            0.010655555555555555,
            60.22210277777778
          ],
          [
            0.0097,
            60.22141666666667
          ],
          [
            0.008744444444444445,
            60.220730555555555
          ],
          [
            0.007788888888888889,
            60.22004722222223
          ],
          [
            0.006836111111111111,
            60.21936111111111
          ],
          [
            0.005880555555555556,
            60.218675000000005
          ],
          [
            0.004925,
            60.21798888888889
          ],
          [
            0.0039722222222222225,
            60.217305555555555
          ],
          [
            0.0030166666666666666,
            60.21661944444445
          ],
          [
            0.002061111111111111,
            60.21593333333334
          ],
          [
            0.0011083333333333333,
            60.215250000000005
          ],
          [
            0.0001527777777777778,
            60.21456388888889
          ],
          [
            -0.0008027777777777778,
            60.21387777777778
          ],
          [
            -0.0017555555555555556,
            60.21319444444445
          ],
          [
            -0.002711111111111111,
            60.21250833333334
          ],
          [
            -0.0036666666666666666,
            60.211822222222224
          ],
          [
            -0.004619444444444444,
            60.21113888888889
          ],
          [
            -0.005575,
            60.21045277777778
          ],
          [
            -0.006530555555555556,
            60.20976666666667
          ],
          [
            -0.007483333333333334,
            60.20908055555556
          ],
          [
            -0.008438888888888888,
            60.208397222222224
          ],
          [
            -0.009391666666666668,
            60.20771111111112
          ],
          [
            -0.010347222222222223,
            60.207025
          ],
          [
            -0.011302777777777778,
            60.20634166666667
          ],
          [
            -0.012255555555555554,
            60.20565555555556
          ],
          [
            -0.013211111111111111,
            60.204969444444444
          ],
          [
            -0.014163888888888889,
            60.20428611111112
          ],
          [
            -0.015119444444444444,
            60.2036
          ],
          [
            -0.01607222222222222,
            60.202913888888894
          ],
          [
            -0.017027777777777777,
            60.20223055555556
          ],
          [
            -0.017980555555555555,
            60.201544444444444
          ],
          [
            -0.018936111111111112,
            60.200858333333336
          ],
          [
            -0.01988888888888889,
            60.200175
          ],
          [
            -0.020844444444444443,
            60.19948888888889
          ],
          [
            -0.02179722222222222,
            60.19880277777777
          ],
          [
            -0.022752777777777778,
            60.198116666666664
          ],
          [
            -0.023705555555555556,
            60.19743333333333
          ],
          [
            -0.024661111111111113,
            60.19674722222222
          ],
          [
            -0.025613888888888887,
            60.196061111111106
          ],
          [
            -0.026569444444444444,
            60.19537777777777
          ],
          [
            -0.027522222222222222,
            60.194691666666664
          ],
          [
            -0.02847777777777778,
            60.19400555555555
          ],
          [
            -0.029430555555555557,
            60.19332222222222
          ],
          [
            -0.03038611111111111,
            60.192636111111106
          ],
          [
            -0.03133888888888889,
            60.19195
          ],
          [
            -0.03229166666666666,
            60.191266666666664
          ],
          [
            -0.03324722222222222,
            60.19058055555555
          ],
          [
            -0.0342,
            60.18989444444444
          ]
        ]
      },
      "properties": {
        "kind": "TRACK",
        "platform_id": "SUBJECT",
        "platform_name": "SUBJECT",
        "track_type": "CONTACT",
        "start_time": "2010-01-12T12:00:00+00:00",
        "end_time": "2010-01-12T14:00:00+00:00",
        "positions": [
          {
            "time": "2010-01-12T12:00:00+00:00",
            "course": 320.0,
            "speed": 9.0,
            "depth": 0.0
          },
          {
            "time": "2010-01-12T12:00:20+00:00",
            "course": 320.0,
            "speed": 9.0,
            "depth": 0.0
          },
          {
            "time": "2010-01-12T12:00:40+00:00",
            "course": 320.0,
            "speed": 9.0,
            "depth": 0.0
          },
          {
            "time": "2010-01-12T12:01:00+00:00",
            "course": 320.0,
            "speed": 9.0,
            "depth": 0.0
          },
          {
            "time": "2010-01-12T12:01:20+00:00",
            "course": 320.0,
            "speed": 9.0,
            "depth": 0.0
          },
          {
            "time": "2010-01-12T12:01:40+00:00",
            "course": 320.0,
            "speed": 9.0,
            "depth": 0.0
          },
          {
            "time": "2010-01-12T12:02:00+00:00",
            "course": 320.0,
            "speed": 9.0,
            "depth": 0.0
          },
          {
            "time": "2010-01-12T12:02:20+00:00",
            "course": 320.0,
            "speed": 9.0,
            "depth": 0.0
          },
          {
            "time": "2010-01-12T12:02:40+00:00",
            "course": 320.0,
            "speed": 9.0,
            "depth": 0.0
          },
          {
            "time": "2010-01-12T12:03:00+00:00",
            "course": 320.0,
            "speed": 9.0,
            "depth": 0.0
          },
          {
            "time": "2010-01-12T12:03:20+00:00",
            "course": 320.0,
            "speed": 9.0,
            "depth": 0.0
          },
          {
            "time": "2010-01-12T12:03:40+00:00",
            "course": 320.0,
            "speed": 9.0,
            "depth": 0.0
          },
          {
            "time": "2010-01-12T12:04:00+00:00",
            "course": 320.0,
            "speed": 9.0,
            "depth": 0.0
          },
          {
            "time": "2010-01-12T12:04:20+00:00",
            "course": 320.0,
            "speed": 9.0,
            "depth": 0.0
          },
          {
            "time": "2010-01-12T12:04:40+00:00",
            "course": 320.0,
            "speed": 9.0,
            "depth": 0.0
          },
          {
            "time": "2010-01-12T12:05:00+00:00",
            "course": 320.0,
            "speed": 9.0,
            "depth": 0.0
          },
          {
            "time": "2010-01-12T12:05:20+00:00",
            "course": 320.0,
            "speed": 9.0,
            "depth": 0.0
          },
          {
            "time": "2010-01-12T12:05:40+00:00",
            "course": 320.0,
            "speed": 9.0,
            "depth": 0.0
          },
          {
            "time": "2010-01-12T12:06:00+00:00",
            "course": 320.0,
            "speed": 9.0,
            "depth": 0.0
          },
          {
            "time": "2010-01-12T12:06:20+00:00",
            "course": 320.0,
            "speed": 9.0,
            "depth": 0.0
          },
          {
            "time": "2010-01-12T12:06:40+00:00",
            "course": 320.0,
            "speed": 9.0,
            "depth": 0.0
          },
          {
            "time": "2010-01-12T12:07:00+00:00",
            "course": 320.0,
            "speed": 9.0,
            "depth": 0.0
          },
          {
            "time": "2010-01-12T12:07:20+00:00",
            "course": 320.0,
            "speed": 9.0,
            "depth": 0.0
          },
          {
            "time": "2010-01-12T12:07:40+00:00",
            "course": 320.0,
            "speed": 9.0,
            "depth": 0.0
          },
          {
            "time": "2010-01-12T12:08:00+00:00",
            "course": 320.0,
            "speed": 9.0,
            "depth": 0.0
          },
          {
            "time": "2010-01-12T12:08:20+00:00",
            "course": 320.0,
            "speed": 9.0,
            "depth": 0.0
          },
          {
            "time": "2010-01-12T12:08:40+00:00",
            "course": 320.0,
            "speed": 9.0,
            "depth": 0.0
          },
          {
            "time": "2010-01-12T12:09:00+00:00",
            "course": 320.0,
            "speed": 9.0,
            "depth": 0.0
          },
          {
            "time": "2010-01-12T12:09:20+00:00",
            "course": 320.0,
            "speed": 9.0,
            "depth": 0.0
          },
          {
            "time": "2010-01-12T12:09:40+00:00",
            "course": 320.0,
            "speed": 9.0,
            "depth": 0.0
          },
          {
            "time": "2010-01-12T12:10:00+00:00",
            "course": 320.0,
            "speed": 9.0,
            "depth": 0.0
          },
          {
            "time": "2010-01-12T12:10:20+00:00",
            "course": 320.0,
            "speed": 9.0,
            "depth": 0.0
          },
          {
            "time": "2010-01-12T12:10:40+00:00",
            "course": 320.0,
            "speed": 9.0,
            "depth": 0.0
          },
          {
            "time": "2010-01-12T12:11:00+00:00",
            "course": 320.0,
            "speed": 9.0,
            "depth": 0.0
          },
          {
            "time": "2010-01-12T12:11:20+00:00",
            "course": 320.0,
            "speed": 9.0,
            "depth": 0.0
          },
          {
            "time": "2010-01-12T12:11:40+00:00",
            "course": 320.0,
            "speed": 9.0,
            "depth": 0.0
          },
          {
            "time": "2010-01-12T12:12:00+00:00",
            "course": 320.0,
            "speed": 9.0,
            "depth": 0.0
          },
          {
            "time": "2010-01-12T12:12:20+00:00",
            "course": 320.0,
            "speed": 9.0,
            "depth": 0.0
          },
          {
            "time": "2010-01-12T12:12:40+00:00",
            "course": 320.0,
            "speed": 9.0,
            "depth": 0.0
          },
          {
            "time": "2010-01-12T12:13:00+00:00",
            "course": 320.0,
            "speed": 9.0,
            "depth": 0.0
          },
          {
            "time": "2010-01-12T12:13:20+00:00",
            "course": 320.0,
            "speed": 9.0,
            "depth": 0.0
          },
          {
            "time": "2010-01-12T12:13:40+00:00",
            "course": 320.0,
            "speed": 9.0,
            "depth": 0.0
          },
          {
            "time": "2010-01-12T12:14:00+00:00",
            "course": 320.0,
            "speed": 9.0,
            "depth": 0.0
          },
          {
            "time": "2010-01-12T12:14:20+00:00",
            "course": 320.0,
            "speed": 9.0,
            "depth": 0.0
          },
          {
            "time": "2010-01-12T12:14:40+00:00",
            "course": 320.0,
            "speed": 9.0,
            "depth": 0.0
          },
          {
            "time": "2010-01-12T12:15:00+00:00",
            "course": 320.0,
            "speed": 9.0,
            "depth": 0.0
          },
          {
            "time": "2010-01-12T12:15:20+00:00",
            "course": 320.0,
            "speed": 9.0,
            "depth": 0.0
          },
          {
            "time": "2010-01-12T12:15:40+00:00",
            "course": 320.0,
            "speed": 9.0,
            "depth": 0.0
          },
          {
            "time": "2010-01-12T12:16:00+00:00",
            "course": 320.0,
            "speed": 9.0,
            "depth": 0.0
          },
          {
            "time": "2010-01-12T12:16:20+00:00",
            "course": 320.0,
            "speed": 9.0,
            "depth": 0.0
          },
          {
            "time": "2010-01-12T12:16:40+00:00",
            "course": 320.0,
            "speed": 9.0,
            "depth": 0.0
          },
          {
            "time": "2010-01-12T12:17:00+00:00",
            "course": 320.0,
            "speed": 9.0,
            "depth": 0.0
          },
          {
            "time": "2010-01-12T12:17:20+00:00",
            "course": 320.0,
            "speed": 9.0,
            "depth": 0.0
          },
          {
            "time": "2010-01-12T12:17:40+00:00",
            "course": 320.0,
            "speed": 9.0,
            "depth": 0.0
          },
          {
            "time": "2010-01-12T12:18:00+00:00",
            "course": 320.0,
            "speed": 9.0,
            "depth": 0.0
          },
          {
            "time": "2010-01-12T12:18:20+00:00",
            "course": 320.0,
            "speed": 9.0,
            "depth": 0.0
          },
          {
            "time": "2010-01-12T12:18:40+00:00",
            "course": 320.0,
            "speed": 9.0,
            "depth": 0.0
          },
          {
            "time": "2010-01-12T12:19:00+00:00",
            "course": 320.0,
            "speed": 9.0,
            "depth": 0.0
          },
          {
            "time": "2010-01-12T12:19:20+00:00",
            "course": 320.0,
            "speed": 9.0,
            "depth": 0.0
          },
          {
            "time": "2010-01-12T12:19:40+00:00",
            "course": 320.0,
            "speed": 9.0,
            "depth": 0.0
          },
          {
            "time": "2010-01-12T12:20:00+00:00",
            "course": 320.0,
            "speed": 9.0,
            "depth": 0.0
          },
          {
            "time": "2010-01-12T12:20:20+00:00",
            "course": 320.0,
            "speed": 9.0,
            "depth": 0.0
          },
          {
            "time": "2010-01-12T12:20:40+00:00",
            "course": 320.0,
            "speed": 9.0,
            "depth": 0.0
          },
          {
            "time": "2010-01-12T12:21:00+00:00",
            "course": 320.0,
            "speed": 9.0,
            "depth": 0.0
          },
          {
            "time": "2010-01-12T12:21:20+00:00",
            "course": 320.0,
            "speed": 9.0,
            "depth": 0.0
          },
          {
            "time": "2010-01-12T12:21:40+00:00",
            "course": 320.0,
            "speed": 9.0,
            "depth": 0.0
          },
          {
            "time": "2010-01-12T12:22:00+00:00",
            "course": 320.0,
            "speed": 9.0,
            "depth": 0.0
          },
          {
            "time": "2010-01-12T12:22:20+00:00",
            "course": 320.0,
            "speed": 9.0,
            "depth": 0.0
          },
          {
            "time": "2010-01-12T12:22:40+00:00",
            "course": 320.0,
            "speed": 9.0,
            "depth": 0.0
          },
          {
            "time": "2010-01-12T12:23:00+00:00",
            "course": 320.0,
            "speed": 9.0,
            "depth": 0.0
          },
          {
            "time": "2010-01-12T12:23:20+00:00",
            "course": 320.0,
            "speed": 9.0,
            "depth": 0.0
          },
          {
            "time": "2010-01-12T12:23:40+00:00",
            "course": 320.0,
            "speed": 9.0,
            "depth": 0.0
          },
          {
            "time": "2010-01-12T12:24:00+00:00",
            "course": 320.0,
            "speed": 9.0,
            "depth": 0.0
          },
          {
            "time": "2010-01-12T12:24:20+00:00",
            "course": 320.0,
            "speed": 9.0,
            "depth": 0.0
          },
          {
            "time": "2010-01-12T12:24:40+00:00",
            "course": 320.0,
            "speed": 9.0,
            "depth": 0.0
          },
          {
            "time": "2010-01-12T12:25:00+00:00",
            "course": 320.0,
            "speed": 9.0,
            "depth": 0.0
          },
          {
            "time": "2010-01-12T12:25:20+00:00",
            "course": 320.0,
            "speed": 9.0,
            "depth": 0.0
          },
          {
            "time": "2010-01-12T12:25:40+00:00",
            "course": 320.0,
            "speed": 9.0,
            "depth": 0.0
          },
          {
            "time": "2010-01-12T12:26:00+00:00",
            "course": 320.0,
            "speed": 9.0,
            "depth": 0.0
          },
          {
            "time": "2010-01-12T12:26:20+00:00",
            "course": 320.0,
            "speed": 9.0,
            "depth": 0.0
          },
          {
            "time": "2010-01-12T12:26:40+00:00",
            "course": 320.0,
            "speed": 9.0,
            "depth": 0.0
          },
          {
            "time": "2010-01-12T12:27:00+00:00",
            "course": 320.0,
            "speed": 9.0,
            "depth": 0.0
          },
          {
            "time": "2010-01-12T12:27:20+00:00",
            "course": 320.0,
            "speed": 9.0,
            "depth": 0.0
          },
          {
            "time": "2010-01-12T12:27:40+00:00",
            "course": 320.0,
            "speed": 9.0,
            "depth": 0.0
          },
          {
            "time": "2010-01-12T12:28:00+00:00",
            "course": 320.0,
            "speed": 9.0,
            "depth": 0.0
          },
          {
            "time": "2010-01-12T12:28:20+00:00",
            "course": 320.0,
            "speed": 9.0,
            "depth": 0.0
          },
          {
            "time": "2010-01-12T12:28:40+00:00",
            "course": 320.0,
            "speed": 9.0,
            "depth": 0.0
          },
          {
            "time": "2010-01-12T12:29:00+00:00",
            "course": 320.0,
            "speed": 9.0,
            "depth": 0.0
          },
          {
            "time": "2010-01-12T12:29:20+00:00",
            "course": 320.0,
            "speed": 9.0,
            "depth": 0.0
          },
          {
            "time": "2010-01-12T12:29:40+00:00",
            "course": 320.0,
            "speed": 9.0,
            "depth": 0.0
          },
          {
            "time": "2010-01-12T12:30:00+00:00",
            "course": 320.0,
            "speed": 9.0,
            "depth": 0.0
          },
          {
            "time": "2010-01-12T12:30:20+00:00",
            "course": 320.0,
            "speed": 9.0,
            "depth": 0.0
          },
          {
            "time": "2010-01-12T12:30:40+00:00",
            "course": 320.0,
            "speed": 9.0,
            "depth": 0.0
          },
          {
            "time": "2010-01-12T12:31:00+00:00",
            "course": 320.0,
            "speed": 9.0,
            "depth": 0.0
          },
          {
            "time": "2010-01-12T12:31:20+00:00",
            "course": 320.0,
            "speed": 9.0,
            "depth": 0.0
          },
          {
            "time": "2010-01-12T12:31:40+00:00",
            "course": 320.0,
            "speed": 9.0,
            "depth": 0.0
          },
          {
            "time": "2010-01-12T12:32:00+00:00",
            "course": 320.0,
            "speed": 9.0,
            "depth": 0.0
          },
          {
            "time": "2010-01-12T12:32:20+00:00",
            "course": 320.0,
            "speed": 9.0,
            "depth": 0.0
          },
          {
            "time": "2010-01-12T12:32:40+00:00",
            "course": 320.0,
            "speed": 9.0,
            "depth": 0.0
          },
          {
            "time": "2010-01-12T12:33:00+00:00",
            "course": 320.0,
            "speed": 9.0,
            "depth": 0.0
          },
          {
            "time": "2010-01-12T12:33:20+00:00",
            "course": 320.0,
            "speed": 9.0,
            "depth": 0.0
          },
          {
            "time": "2010-01-12T12:33:40+00:00",
            "course": 320.0,
            "speed": 9.0,
            "depth": 0.0
          },
          {
            "time": "2010-01-12T12:34:00+00:00",
            "course": 320.0,
            "speed": 9.0,
            "depth": 0.0
          },
          {
            "time": "2010-01-12T12:34:20+00:00",
            "course": 320.0,
            "speed": 9.0,
            "depth": 0.0
          },
          {
            "time": "2010-01-12T12:34:40+00:00",
            "course": 320.0,
            "speed": 9.0,
            "depth": 0.0
          },
          {
            "time": "2010-01-12T12:35:00+00:00",
            "course": 320.0,
            "speed": 9.0,
            "depth": 0.0
          },
          {
            "time": "2010-01-12T12:35:20+00:00",
            "course": 320.0,
            "speed": 9.0,
            "depth": 0.0
          },
          {
            "time": "2010-01-12T12:35:40+00:00",
            "course": 320.0,
            "speed": 9.0,
            "depth": 0.0
          },
          {
            "time": "2010-01-12T12:36:00+00:00",
            "course": 320.0,
            "speed": 9.0,
            "depth": 0.0
          },
          {
            "time": "2010-01-12T12:36:20+00:00",
            "course": 320.0,
            "speed": 9.0,
            "depth": 0.0
          },
          {
            "time": "2010-01-12T12:36:40+00:00",
            "course": 320.0,
            "speed": 9.0,
            "depth": 0.0
          },
          {
            "time": "2010-01-12T12:37:00+00:00",
            "course": 320.0,
            "speed": 9.0,
            "depth": 0.0
          },
          {
            "time": "2010-01-12T12:37:20+00:00",
            "course": 320.0,
            "speed": 9.0,
            "depth": 0.0
          },
          {
            "time": "2010-01-12T12:37:40+00:00",
            "course": 320.0,
            "speed": 9.0,
            "depth": 0.0
          },
          {
            "time": "2010-01-12T12:38:00+00:00",
            "course": 320.0,
            "speed": 9.0,
            "depth": 0.0
          },
          {
            "time": "2010-01-12T12:38:20+00:00",
            "course": 320.0,
            "speed": 9.0,
            "depth": 0.0
          },
          {
            "time": "2010-01-12T12:38:40+00:00",
            "course": 320.0,
            "speed": 9.0,
            "depth": 0.0
          },
          {
            "time": "2010-01-12T12:39:00+00:00",
            "course": 333.26,
            "speed": 9.0,
            "depth": 0.0
          },
          {
            "time": "2010-01-12T12:39:20+00:00",
            "course": 346.53,
            "speed": 9.0,
            "depth": 0.0
          },
          {
            "time": "2010-01-12T12:39:40+00:00",
            "course": 350.28,
            "speed": 9.0,
            "depth": 0.0
          },
          {
            "time": "2010-01-12T12:40:00+00:00",
            "course": 350.28,
            "speed": 9.0,
            "depth": 0.0
          },
          {
            "time": "2010-01-12T12:40:20+00:00",
            "course": 350.28,
            "speed": 9.0,
            "depth": 0.0
          },
          {
            "time": "2010-01-12T12:40:40+00:00",
            "course": 350.28,
            "speed": 9.0,
            "depth": 0.0
          },
          {
            "time": "2010-01-12T12:41:00+00:00",
            "course": 350.28,
            "speed": 9.0,
            "depth": 0.0
          },
          {
            "time": "2010-01-12T12:41:20+00:00",
            "course": 350.28,
            "speed": 9.0,
            "depth": 0.0
          },
          {
            "time": "2010-01-12T12:41:40+00:00",
            "course": 350.28,
            "speed": 9.0,
            "depth": 0.0
          },
          {
            "time": "2010-01-12T12:42:00+00:00",
            "course": 350.28,
            "speed": 9.0,
            "depth": 0.0
          },
          {
            "time": "2010-01-12T12:42:20+00:00",
            "course": 350.28,
            "speed": 9.0,
            "depth": 0.0
          },
          {
            "time": "2010-01-12T12:42:40+00:00",
            "course": 350.28,
            "speed": 9.0,
            "depth": 0.0
          },
          {
            "time": "2010-01-12T12:43:00+00:00",
            "course": 350.28,
            "speed": 9.0,
            "depth": 0.0
          },
          {
            "time": "2010-01-12T12:43:20+00:00",
            "course": 350.28,
            "speed": 9.0,
            "depth": 0.0
          },
          {
            "time": "2010-01-12T12:43:40+00:00",
            "course": 350.28,
            "speed": 9.0,
            "depth": 0.0
          },
          {
            "time": "2010-01-12T12:44:00+00:00",
            "course": 350.28,
            "speed": 9.0,
            "depth": 0.0
          },
          {
            "time": "2010-01-12T12:44:20+00:00",
            "course": 350.28,
            "speed": 9.0,
            "depth": 0.0
          },
          {
            "time": "2010-01-12T12:44:40+00:00",
            "course": 350.28,
            "speed": 9.0,
            "depth": 0.0
          },
          {
            "time": "2010-01-12T12:45:00+00:00",
            "course": 350.28,
            "speed": 9.0,
            "depth": 0.0
          },
          {
            "time": "2010-01-12T12:45:20+00:00",
            "course": 350.28,
            "speed": 9.0,
            "depth": 0.0
          },
          {
            "time": "2010-01-12T12:45:40+00:00",
            "course": 350.28,
            "speed": 9.0,
            "depth": 0.0
          },
          {
            "time": "2010-01-12T12:46:00+00:00",
            "course": 350.28,
            "speed": 9.0,
            "depth": 0.0
          },
          {
            "time": "2010-01-12T12:46:20+00:00",
            "course": 350.28,
            "speed": 9.0,
            "depth": 0.0
          },
          {
            "time": "2010-01-12T12:46:40+00:00",
            "course": 350.28,
            "speed": 9.0,
            "depth": 0.0
          },
          {
            "time": "2010-01-12T12:47:00+00:00",
            "course": 350.28,
            "speed": 9.0,
            "depth": 0.0
          },
          {
            "time": "2010-01-12T12:47:20+00:00",
            "course": 350.28,
            "speed": 9.0,
            "depth": 0.0
          },
          {
            "time": "2010-01-12T12:47:40+00:00",
            "course": 350.28,
            "speed": 9.0,
            "depth": 0.0
          },
          {
            "time": "2010-01-12T12:48:00+00:00",
            "course": 350.28,
            "speed": 9.0,
            "depth": 0.0
          },
          {
            "time": "2010-01-12T12:48:20+00:00",
            "course": 350.28,
            "speed": 9.0,
            "depth": 0.0
          },
          {
            "time": "2010-01-12T12:48:40+00:00",
            "course": 350.28,
            "speed": 9.0,
            "depth": 0.0
          },
          {
            "time": "2010-01-12T12:49:00+00:00",
            "course": 350.28,
            "speed": 9.0,
            "depth": 0.0
          },
          {
            "time": "2010-01-12T12:49:20+00:00",
            "course": 350.28,
            "speed": 9.0,
            "depth": 0.0
          },
          {
            "time": "2010-01-12T12:49:40+00:00",
            "course": 350.28,
            "speed": 9.0,
            "depth": 0.0
          },
          {
            "time": "2010-01-12T12:50:00+00:00",
            "course": 350.28,
            "speed": 9.0,
            "depth": 0.0
          },
          {
            "time": "2010-01-12T12:50:20+00:00",
            "course": 350.28,
            "speed": 9.0,
            "depth": 0.0
          },
          {
            "time": "2010-01-12T12:50:40+00:00",
            "course": 350.28,
            "speed": 9.0,
            "depth": 0.0
          },
          {
            "time": "2010-01-12T12:51:00+00:00",
            "course": 350.28,
            "speed": 9.0,
            "depth": 0.0
          },
          {
            "time": "2010-01-12T12:51:20+00:00",
            "course": 350.28,
            "speed": 9.0,
            "depth": 0.0
          },
          {
            "time": "2010-01-12T12:51:40+00:00",
            "course": 350.28,
            "speed": 9.0,
            "depth": 0.0
          },
          {
            "time": "2010-01-12T12:52:00+00:00",
            "course": 350.28,
            "speed": 9.0,
            "depth": 0.0
          },
          {
            "time": "2010-01-12T12:52:20+00:00",
            "course": 350.28,
            "speed": 9.0,
            "depth": 0.0
          },
          {
            "time": "2010-01-12T12:52:40+00:00",
            "course": 350.28,
            "speed": 9.0,
            "depth": 0.0
          },
          {
            "time": "2010-01-12T12:53:00+00:00",
            "course": 350.28,
            "speed": 9.0,
            "depth": 0.0
          },
          {
            "time": "2010-01-12T12:53:20+00:00",
            "course": 350.28,
            "speed": 9.0,
            "depth": 0.0
          },
          {
            "time": "2010-01-12T12:53:40+00:00",
            "course": 350.28,
            "speed": 9.0,
            "depth": 0.0
          },
          {
            "time": "2010-01-12T12:54:00+00:00",
            "course": 350.28,
            "speed": 9.0,
            "depth": 0.0
          },
          {
            "time": "2010-01-12T12:54:20+00:00",
            "course": 350.28,
            "speed": 9.0,
            "depth": 0.0
          },
          {
            "time": "2010-01-12T12:54:40+00:00",
            "course": 350.28,
            "speed": 9.0,
            "depth": 0.0
          },
          {
            "time": "2010-01-12T12:55:00+00:00",
            "course": 350.28,
            "speed": 9.0,
            "depth": 0.0
          },
          {
            "time": "2010-01-12T12:55:20+00:00",
            "course": 350.28,
            "speed": 9.0,
            "depth": 0.0
          },
          {
            "time": "2010-01-12T12:55:40+00:00",
            "course": 350.28,
            "speed": 9.0,
            "depth": 0.0
          },
          {
            "time": "2010-01-12T12:56:00+00:00",
            "course": 350.28,
            "speed": 9.0,
            "depth": 0.0
          },
          {
            "time": "2010-01-12T12:56:20+00:00",
            "course": 350.28,
            "speed": 9.0,
            "depth": 0.0
          },
          {
            "time": "2010-01-12T12:56:40+00:00",
            "course": 350.28,
            "speed": 9.0,
            "depth": 0.0
          },
          {
            "time": "2010-01-12T12:57:00+00:00",
            "course": 350.28,
            "speed": 9.0,
            "depth": 0.0
          },
          {
            "time": "2010-01-12T12:57:20+00:00",
            "course": 350.28,
            "speed": 9.0,
            "depth": 0.0
          },
          {
            "time": "2010-01-12T12:57:40+00:00",
            "course": 350.28,
            "speed": 9.0,
            "depth": 0.0
          },
          {
            "time": "2010-01-12T12:58:00+00:00",
            "course": 350.28,
            "speed": 9.0,
            "depth": 0.0
          },
          {
            "time": "2010-01-12T12:58:20+00:00",
            "course": 350.28,
            "speed": 9.0,
            "depth": 0.0
          },
          {
            "time": "2010-01-12T12:58:40+00:00",
            "course": 350.28,
            "speed": 9.0,
            "depth": 0.0
          },
          {
            "time": "2010-01-12T12:59:00+00:00",
            "course": 350.28,
            "speed": 9.0,
            "depth": 0.0
          },
          {
            "time": "2010-01-12T12:59:20+00:00",
            "course": 350.28,
            "speed": 9.0,
            "depth": 0.0
          },
          {
            "time": "2010-01-12T12:59:40+00:00",
            "course": 350.28,
            "speed": 9.0,
            "depth": 0.0
          },
          {
            "time": "2010-01-12T13:00:00+00:00",
            "course": 350.28,
            "speed": 9.0,
            "depth": 0.0
          },
          {
            "time": "2010-01-12T13:00:20+00:00",
            "course": 350.28,
            "speed": 9.0,
            "depth": 0.0
          },
          {
            "time": "2010-01-12T13:00:40+00:00",
            "course": 350.28,
            "speed": 9.0,
            "depth": 0.0
          },
          {
            "time": "2010-01-12T13:01:00+00:00",
            "course": 350.28,
            "speed": 9.0,
            "depth": 0.0
          },
          {
            "time": "2010-01-12T13:01:20+00:00",
            "course": 350.28,
            "speed": 9.0,
            "depth": 0.0
          },
          {
            "time": "2010-01-12T13:01:40+00:00",
            "course": 350.28,
            "speed": 9.0,
            "depth": 0.0
          },
          {
            "time": "2010-01-12T13:02:00+00:00",
            "course": 350.28,
            "speed": 9.0,
            "depth": 0.0
          },
          {
            "time": "2010-01-12T13:02:20+00:00",
            "course": 350.28,
            "speed": 9.0,
            "depth": 0.0
          },
          {
            "time": "2010-01-12T13:02:40+00:00",
            "course": 350.28,
            "speed": 9.0,
            "depth": 0.0
          },
          {
            "time": "2010-01-12T13:03:00+00:00",
            "course": 350.28,
            "speed": 9.0,
            "depth": 0.0
          },
          {
            "time": "2010-01-12T13:03:20+00:00",
            "course": 350.28,
            "speed": 9.0,
            "depth": 0.0
          },
          {
            "time": "2010-01-12T13:03:40+00:00",
            "course": 350.28,
            "speed": 9.0,
            "depth": 0.0
          },
          {
            "time": "2010-01-12T13:04:00+00:00",
            "course": 350.28,
            "speed": 9.0,
            "depth": 0.0
          },
          {
            "time": "2010-01-12T13:04:20+00:00",
            "course": 350.28,
            "speed": 9.0,
            "depth": 0.0
          },
          {
            "time": "2010-01-12T13:04:40+00:00",
            "course": 350.28,
            "speed": 9.0,
            "depth": 0.0
          },
          {
            "time": "2010-01-12T13:05:00+00:00",
            "course": 350.28,
            "speed": 9.0,
            "depth": 0.0
          },
          {
            "time": "2010-01-12T13:05:20+00:00",
            "course": 350.28,
            "speed": 9.0,
            "depth": 0.0
          },
          {
            "time": "2010-01-12T13:05:40+00:00",
            "course": 350.28,
            "speed": 9.0,
            "depth": 0.0
          },
          {
            "time": "2010-01-12T13:06:00+00:00",
            "course": 350.28,
            "speed": 9.0,
            "depth": 0.0
          },
          {
            "time": "2010-01-12T13:06:20+00:00",
            "course": 350.28,
            "speed": 9.0,
            "depth": 0.0
          },
          {
            "time": "2010-01-12T13:06:40+00:00",
            "course": 350.28,
            "speed": 9.0,
            "depth": 0.0
          },
          {
            "time": "2010-01-12T13:07:00+00:00",
            "course": 350.28,
            "speed": 9.0,
            "depth": 0.0
          },
          {
            "time": "2010-01-12T13:07:20+00:00",
            "course": 350.28,
            "speed": 9.0,
            "depth": 0.0
          },
          {
            "time": "2010-01-12T13:07:40+00:00",
            "course": 350.28,
            "speed": 9.0,
            "depth": 0.0
          },
          {
            "time": "2010-01-12T13:08:00+00:00",
            "course": 350.28,
            "speed": 9.0,
            "depth": 0.0
          },
          {
            "time": "2010-01-12T13:08:20+00:00",
            "course": 350.28,
            "speed": 9.0,
            "depth": 0.0
          },
          {
            "time": "2010-01-12T13:08:40+00:00",
            "course": 350.28,
            "speed": 9.0,
            "depth": 0.0
          },
          {
            "time": "2010-01-12T13:09:00+00:00",
            "course": 350.28,
            "speed": 9.0,
            "depth": 0.0
          },
          {
            "time": "2010-01-12T13:09:20+00:00",
            "course": 350.28,
            "speed": 9.0,
            "depth": 0.0
          },
          {
            "time": "2010-01-12T13:09:40+00:00",
            "course": 350.28,
            "speed": 9.0,
            "depth": 0.0
          },
          {
            "time": "2010-01-12T13:10:00+00:00",
            "course": 350.28,
            "speed": 9.0,
            "depth": 0.0
          },
          {
            "time": "2010-01-12T13:10:20+00:00",
            "course": 350.28,
            "speed": 9.0,
            "depth": 0.0
          },
          {
            "time": "2010-01-12T13:10:40+00:00",
            "course": 350.28,
            "speed": 9.0,
            "depth": 0.0
          },
          {
            "time": "2010-01-12T13:11:00+00:00",
            "course": 350.28,
            "speed": 9.0,
            "depth": 0.0
          },
          {
            "time": "2010-01-12T13:11:20+00:00",
            "course": 350.28,
            "speed": 9.0,
            "depth": 0.0
          },
          {
            "time": "2010-01-12T13:11:40+00:00",
            "course": 350.28,
            "speed": 9.0,
            "depth": 0.0
          },
          {
            "time": "2010-01-12T13:12:00+00:00",
            "course": 350.28,
            "speed": 9.0,
            "depth": 0.0
          },
          {
            "time": "2010-01-12T13:12:20+00:00",
            "course": 350.28,
            "speed": 9.0,
            "depth": 0.0
          },
          {
            "time": "2010-01-12T13:12:40+00:00",
            "course": 350.28,
            "speed": 9.0,
            "depth": 0.0
          },
          {
            "time": "2010-01-12T13:13:00+00:00",
            "course": 350.28,
            "speed": 9.0,
            "depth": 0.0
          },
          {
            "time": "2010-01-12T13:13:20+00:00",
            "course": 350.28,
            "speed": 9.0,
            "depth": 0.0
          },
          {
            "time": "2010-01-12T13:13:40+00:00",
            "course": 350.28,
            "speed": 9.0,
            "depth": 0.0
          },
          {
            "time": "2010-01-12T13:14:00+00:00",
            "course": 350.28,
            "speed": 9.0,
            "depth": 0.0
          },
          {
            "time": "2010-01-12T13:14:20+00:00",
            "course": 350.28,
            "speed": 9.0,
            "depth": 0.0
          },
          {
            "time": "2010-01-12T13:14:40+00:00",
            "course": 350.28,
            "speed": 9.0,
            "depth": 0.0
          },
          {
            "time": "2010-01-12T13:15:00+00:00",
            "course": 350.28,
            "speed": 9.0,
            "depth": 0.0
          },
          {
            "time": "2010-01-12T13:15:20+00:00",
            "course": 350.28,
            "speed": 9.0,
            "depth": 0.0
          },
          {
            "time": "2010-01-12T13:15:40+00:00",
            "course": 350.28,
            "speed": 9.0,
            "depth": 0.0
          },
          {
            "time": "2010-01-12T13:16:00+00:00",
            "course": 350.28,
            "speed": 9.0,
            "depth": 0.0
          },
          {
            "time": "2010-01-12T13:16:20+00:00",
            "course": 350.28,
            "speed": 9.0,
            "depth": 0.0
          },
          {
            "time": "2010-01-12T13:16:40+00:00",
            "course": 350.28,
            "speed": 9.0,
            "depth": 0.0
          },
          {
            "time": "2010-01-12T13:17:00+00:00",
            "course": 350.28,
            "speed": 9.0,
            "depth": 0.0
          },
          {
            "time": "2010-01-12T13:17:20+00:00",
            "course": 350.28,
            "speed": 9.0,
            "depth": 0.0
          },
          {
            "time": "2010-01-12T13:17:40+00:00",
            "course": 337.02,
            "speed": 9.0,
            "depth": 0.0
          },
          {
            "time": "2010-01-12T13:18:00+00:00",
            "course": 323.75,
            "speed": 9.0,
            "depth": 0.0
          },
          {
            "time": "2010-01-12T13:18:20+00:00",
            "course": 310.49,
            "speed": 9.0,
            "depth": 0.0
          },
          {
            "time": "2010-01-12T13:18:40+00:00",
            "course": 297.23,
            "speed": 9.0,
            "depth": 0.0
          },
          {
            "time": "2010-01-12T13:19:00+00:00",
            "course": 283.96,
            "speed": 9.0,
            "depth": 0.0
          },
          {
            "time": "2010-01-12T13:19:20+00:00",
            "course": 270.7,
            "speed": 9.0,
            "depth": 0.0
          },
          {
            "time": "2010-01-12T13:19:40+00:00",
            "course": 257.43,
            "speed": 9.0,
            "depth": 0.0
          },
          {
            "time": "2010-01-12T13:20:00+00:00",
            "course": 244.17,
            "speed": 9.0,
            "depth": 0.0
          },
          {
            "time": "2010-01-12T13:20:20+00:00",
            "course": 230.91,
            "speed": 9.0,
            "depth": 0.0
          },
          {
            "time": "2010-01-12T13:20:40+00:00",
            "course": 217.64,
            "speed": 9.0,
            "depth": 0.0
          },
          {
            "time": "2010-01-12T13:21:00+00:00",
            "course": 214.69,
            "speed": 9.0,
            "depth": 0.0
          },
          {
            "time": "2010-01-12T13:21:20+00:00",
            "course": 214.68,
            "speed": 9.0,
            "depth": 0.0
          },
          {
            "time": "2010-01-12T13:21:40+00:00",
            "course": 214.68,
            "speed": 9.0,
            "depth": 0.0
          },
          {
            "time": "2010-01-12T13:22:00+00:00",
            "course": 214.68,
            "speed": 9.0,
            "depth": 0.0
          },
          {
            "time": "2010-01-12T13:22:20+00:00",
            "course": 214.68,
            "speed": 9.0,
            "depth": 0.0
          },
          {
            "time": "2010-01-12T13:22:40+00:00",
            "course": 214.68,
            "speed": 9.0,
            "depth": 0.0
          },
          {
            "time": "2010-01-12T13:23:00+00:00",
            "course": 214.68,
            "speed": 9.0,
            "depth": 0.0
          },
          {
            "time": "2010-01-12T13:23:20+00:00",
            "course": 214.68,
            "speed": 9.0,
            "depth": 0.0
          },
          {
            "time": "2010-01-12T13:23:40+00:00",
            "course": 214.68,
            "speed": 9.0,
            "depth": 0.0
          },
          {
            "time": "2010-01-12T13:24:00+00:00",
            "course": 214.68,
            "speed": 9.0,
            "depth": 0.0
          },
          {
            "time": "2010-01-12T13:24:20+00:00",
            "course": 214.68,
            "speed": 9.0,
            "depth": 0.0
          },
          {
            "time": "2010-01-12T13:24:40+00:00",
            "course": 214.68,
            "speed": 9.0,
            "depth": 0.0
          },
          {
            "time": "2010-01-12T13:25:00+00:00",
            "course": 214.68,
            "speed": 9.0,
            "depth": 0.0
          },
          {
            "time": "2010-01-12T13:25:20+00:00",
            "course": 214.68,
            "speed": 9.0,
            "depth": 0.0
          },
          {
            "time": "2010-01-12T13:25:40+00:00",
            "course": 214.68,
            "speed": 9.0,
            "depth": 0.0
          },
          {
            "time": "2010-01-12T13:26:00+00:00",
            "course": 214.68,
            "speed": 9.0,
            "depth": 0.0
          },
          {
            "time": "2010-01-12T13:26:20+00:00",
            "course": 214.68,
            "speed": 9.0,
            "depth": 0.0
          },
          {
            "time": "2010-01-12T13:26:40+00:00",
            "course": 214.68,
            "speed": 9.0,
            "depth": 0.0
          },
          {
            "time": "2010-01-12T13:27:00+00:00",
            "course": 214.68,
            "speed": 9.0,
            "depth": 0.0
          },
          {
            "time": "2010-01-12T13:27:20+00:00",
            "course": 214.68,
            "speed": 9.0,
            "depth": 0.0
          },
          {
            "time": "2010-01-12T13:27:40+00:00",
            "course": 214.68,
            "speed": 9.0,
            "depth": 0.0
          },
          {
            "time": "2010-01-12T13:28:00+00:00",
            "course": 214.68,
            "speed": 9.0,
            "depth": 0.0
          },
          {
            "time": "2010-01-12T13:28:20+00:00",
            "course": 214.68,
            "speed": 9.0,
            "depth": 0.0
          },
          {
            "time": "2010-01-12T13:28:40+00:00",
            "course": 214.68,
            "speed": 9.0,
            "depth": 0.0
          },
          {
            "time": "2010-01-12T13:29:00+00:00",
            "course": 214.68,
            "speed": 9.0,
            "depth": 0.0
          },
          {
            "time": "2010-01-12T13:29:20+00:00",
            "course": 214.68,
            "speed": 9.0,
            "depth": 0.0
          },
          {
            "time": "2010-01-12T13:29:40+00:00",
            "course": 214.68,
            "speed": 9.0,
            "depth": 0.0
          },
          {
            "time": "2010-01-12T13:30:00+00:00",
            "course": 214.68,
            "speed": 9.0,
            "depth": 0.0
          },
          {
            "time": "2010-01-12T13:30:20+00:00",
            "course": 214.68,
            "speed": 9.0,
            "depth": 0.0
          },
          {
            "time": "2010-01-12T13:30:40+00:00",
            "course": 214.68,
            "speed": 9.0,
            "depth": 0.0
          },
          {
            "time": "2010-01-12T13:31:00+00:00",
            "course": 214.68,
            "speed": 9.0,
            "depth": 0.0
          },
          {
            "time": "2010-01-12T13:31:20+00:00",
            "course": 214.68,
            "speed": 9.0,
            "depth": 0.0
          },
          {
            "time": "2010-01-12T13:31:40+00:00",
            "course": 214.68,
            "speed": 9.0,
            "depth": 0.0
          },
          {
            "time": "2010-01-12T13:32:00+00:00",
            "course": 214.68,
            "speed": 9.0,
            "depth": 0.0
          },
          {
            "time": "2010-01-12T13:32:20+00:00",
            "course": 214.68,
            "speed": 9.0,
            "depth": 0.0
          },
          {
            "time": "2010-01-12T13:32:40+00:00",
            "course": 214.68,
            "speed": 9.0,
            "depth": 0.0
          },
          {
            "time": "2010-01-12T13:33:00+00:00",
            "course": 214.68,
            "speed": 9.0,
            "depth": 0.0
          },
          {
            "time": "2010-01-12T13:33:20+00:00",
            "course": 214.68,
            "speed": 9.0,
            "depth": 0.0
          },
          {
            "time": "2010-01-12T13:33:40+00:00",
            "course": 214.68,
            "speed": 9.0,
            "depth": 0.0
          },
          {
            "time": "2010-01-12T13:34:00+00:00",
            "course": 214.68,
            "speed": 9.0,
            "depth": 0.0
          },
          {
            "time": "2010-01-12T13:34:20+00:00",
            "course": 214.68,
            "speed": 9.0,
            "depth": 0.0
          },
          {
            "time": "2010-01-12T13:34:40+00:00",
            "course": 214.68,
            "speed": 9.0,
            "depth": 0.0
          },
          {
            "time": "2010-01-12T13:35:00+00:00",
            "course": 214.68,
            "speed": 9.0,
            "depth": 0.0
          },
          {
            "time": "2010-01-12T13:35:20+00:00",
            "course": 214.68,
            "speed": 9.0,
            "depth": 0.0
          },
          {
            "time": "2010-01-12T13:35:40+00:00",
            "course": 214.68,
            "speed": 9.0,
            "depth": 0.0
          },
          {
            "time": "2010-01-12T13:36:00+00:00",
            "course": 214.68,
            "speed": 9.0,
            "depth": 0.0
          },
          {
            "time": "2010-01-12T13:36:20+00:00",
            "course": 214.68,
            "speed": 9.0,
            "depth": 0.0
          },
          {
            "time": "2010-01-12T13:36:40+00:00",
            "course": 214.68,
            "speed": 9.0,
            "depth": 0.0
          },
          {
            "time": "2010-01-12T13:37:00+00:00",
            "course": 214.68,
            "speed": 9.0,
            "depth": 0.0
          },
          {
            "time": "2010-01-12T13:37:20+00:00",
            "course": 214.68,
            "speed": 9.0,
            "depth": 0.0
          },
          {
            "time": "2010-01-12T13:37:40+00:00",
            "course": 214.68,
            "speed": 9.0,
            "depth": 0.0
          },
          {
            "time": "2010-01-12T13:38:00+00:00",
            "course": 214.68,
            "speed": 9.0,
            "depth": 0.0
          },
          {
            "time": "2010-01-12T13:38:20+00:00",
            "course": 214.68,
            "speed": 9.0,
            "depth": 0.0
          },
          {
            "time": "2010-01-12T13:38:40+00:00",
            "course": 214.68,
            "speed": 9.0,
            "depth": 0.0
          },
          {
            "time": "2010-01-12T13:39:00+00:00",
            "course": 214.68,
            "speed": 9.0,
            "depth": 0.0
          },
          {
            "time": "2010-01-12T13:39:20+00:00",
            "course": 214.68,
            "speed": 9.0,
            "depth": 0.0
          },
          {
            "time": "2010-01-12T13:39:40+00:00",
            "course": 214.68,
            "speed": 9.0,
            "depth": 0.0
          },
          {
            "time": "2010-01-12T13:40:00+00:00",
            "course": 214.68,
            "speed": 9.0,
            "depth": 0.0
          },
          {
            "time": "2010-01-12T13:40:20+00:00",
            "course": 214.68,
            "speed": 9.0,
            "depth": 0.0
          },
          {
            "time": "2010-01-12T13:40:40+00:00",
            "course": 214.68,
            "speed": 9.0,
            "depth": 0.0
          },
          {
            "time": "2010-01-12T13:41:00+00:00",
            "course": 214.68,
            "speed": 9.0,
            "depth": 0.0
          },
          {
            "time": "2010-01-12T13:41:20+00:00",
            "course": 214.68,
            "speed": 9.0,
            "depth": 0.0
          },
          {
            "time": "2010-01-12T13:41:40+00:00",
            "course": 214.68,
            "speed": 9.0,
            "depth": 0.0
          },
          {
            "time": "2010-01-12T13:42:00+00:00",
            "course": 214.68,
            "speed": 9.0,
            "depth": 0.0
          },
          {
            "time": "2010-01-12T13:42:20+00:00",
            "course": 214.68,
            "speed": 9.0,
            "depth": 0.0
          },
          {
            "time": "2010-01-12T13:42:40+00:00",
            "course": 214.68,
            "speed": 9.0,
            "depth": 0.0
          },
          {
            "time": "2010-01-12T13:43:00+00:00",
            "course": 214.68,
            "speed": 9.0,
            "depth": 0.0
          },
          {
            "time": "2010-01-12T13:43:20+00:00",
            "course": 214.68,
            "speed": 9.0,
            "depth": 0.0
          },
          {
            "time": "2010-01-12T13:43:40+00:00",
            "course": 214.68,
            "speed": 9.0,
            "depth": 0.0
          },
          {
            "time": "2010-01-12T13:44:00+00:00",
            "course": 214.68,
            "speed": 9.0,
            "depth": 0.0
          },
          {
            "time": "2010-01-12T13:44:20+00:00",
            "course": 214.68,
            "speed": 9.0,
            "depth": 0.0
          },
          {
            "time": "2010-01-12T13:44:40+00:00",
            "course": 214.68,
            "speed": 9.0,
            "depth": 0.0
          },
          {
            "time": "2010-01-12T13:45:00+00:00",
            "course": 214.68,
            "speed": 9.0,
            "depth": 0.0
          },
          {
            "time": "2010-01-12T13:45:20+00:00",
            "course": 214.68,
            "speed": 9.0,
            "depth": 0.0
          },
          {
            "time": "2010-01-12T13:45:40+00:00",
            "course": 214.68,
            "speed": 9.0,
            "depth": 0.0
          },
          {
            "time": "2010-01-12T13:46:00+00:00",
            "course": 214.68,
            "speed": 9.0,
            "depth": 0.0
          },
          {
            "time": "2010-01-12T13:46:20+00:00",
            "course": 214.68,
            "speed": 9.0,
            "depth": 0.0
          },
          {
            "time": "2010-01-12T13:46:40+00:00",
            "course": 214.68,
            "speed": 9.0,
            "depth": 0.0
          },
          {
            "time": "2010-01-12T13:47:00+00:00",
            "course": 214.68,
            "speed": 9.0,
            "depth": 0.0
          },
          {
            "time": "2010-01-12T13:47:20+00:00",
            "course": 214.68,
            "speed": 9.0,
            "depth": 0.0
          },
          {
            "time": "2010-01-12T13:47:40+00:00",
            "course": 214.68,
            "speed": 9.0,
            "depth": 0.0
          },
          {
            "time": "2010-01-12T13:48:00+00:00",
            "course": 214.68,
            "speed": 9.0,
            "depth": 0.0
          },
          {
            "time": "2010-01-12T13:48:20+00:00",
            "course": 214.68,
            "speed": 9.0,
            "depth": 0.0
          },
          {
            "time": "2010-01-12T13:48:40+00:00",
            "course": 214.68,
            "speed": 9.0,
            "depth": 0.0
          },
          {
            "time": "2010-01-12T13:49:00+00:00",
            "course": 214.68,
            "speed": 9.0,
            "depth": 0.0
          },
          {
            "time": "2010-01-12T13:49:20+00:00",
            "course": 214.68,
            "speed": 9.0,
            "depth": 0.0
          },
          {
            "time": "2010-01-12T13:49:40+00:00",
            "course": 214.68,
            "speed": 9.0,
            "depth": 0.0
          },
          {
            "time": "2010-01-12T13:50:00+00:00",
            "course": 214.68,
            "speed": 9.0,
            "depth": 0.0
          },
          {
            "time": "2010-01-12T13:50:20+00:00",
            "course": 214.68,
            "speed": 9.0,
            "depth": 0.0
          },
          {
            "time": "2010-01-12T13:50:40+00:00",
            "course": 214.68,
            "speed": 9.0,
            "depth": 0.0
          },
          {
            "time": "2010-01-12T13:51:00+00:00",
            "course": 214.68,
            "speed": 9.0,
            "depth": 0.0
          },
          {
            "time": "2010-01-12T13:51:20+00:00",
            "course": 214.68,
            "speed": 9.0,
            "depth": 0.0
          },
          {
            "time": "2010-01-12T13:51:40+00:00",
            "course": 214.68,
            "speed": 9.0,
            "depth": 0.0
          },
          {
            "time": "2010-01-12T13:52:00+00:00",
            "course": 214.68,
            "speed": 9.0,
            "depth": 0.0
          },
          {
            "time": "2010-01-12T13:52:20+00:00",
            "course": 214.68,
            "speed": 9.0,
            "depth": 0.0
          },
          {
            "time": "2010-01-12T13:52:40+00:00",
            "course": 214.68,
            "speed": 9.0,
            "depth": 0.0
          },
          {
            "time": "2010-01-12T13:53:00+00:00",
            "course": 214.68,
            "speed": 9.0,
            "depth": 0.0
          },
          {
            "time": "2010-01-12T13:53:20+00:00",
            "course": 214.68,
            "speed": 9.0,
            "depth": 0.0
          },
          {
            "time": "2010-01-12T13:53:40+00:00",
            "course": 214.68,
            "speed": 9.0,
            "depth": 0.0
          },
          {
            "time": "2010-01-12T13:54:00+00:00",
            "course": 214.68,
            "speed": 9.0,
            "depth": 0.0
          },
          {
            "time": "2010-01-12T13:54:20+00:00",
            "course": 214.68,
            "speed": 9.0,
            "depth": 0.0
          },
          {
            "time": "2010-01-12T13:54:40+00:00",
            "course": 214.68,
            "speed": 9.0,
            "depth": 0.0
          },
          {
            "time": "2010-01-12T13:55:00+00:00",
            "course": 214.68,
            "speed": 9.0,
            "depth": 0.0
          },
          {
            "time": "2010-01-12T13:55:20+00:00",
            "course": 214.68,
            "speed": 9.0,
            "depth": 0.0
          },
          {
            "time": "2010-01-12T13:55:40+00:00",
            "course": 214.68,
            "speed": 9.0,
            "depth": 0.0
          },
          {
            "time": "2010-01-12T13:56:00+00:00",
            "course": 214.68,
            "speed": 9.0,
            "depth": 0.0
          },
          {
            "time": "2010-01-12T13:56:20+00:00",
            "course": 214.68,
            "speed": 9.0,
            "depth": 0.0
          },
          {
            "time": "2010-01-12T13:56:40+00:00",
            "course": 214.68,
            "speed": 9.0,
            "depth": 0.0
          },
          {
            "time": "2010-01-12T13:57:00+00:00",
            "course": 214.68,
            "speed": 9.0,
            "depth": 0.0
          },
          {
            "time": "2010-01-12T13:57:20+00:00",
            "course": 214.68,
            "speed": 9.0,
            "depth": 0.0
          },
          {
            "time": "2010-01-12T13:57:40+00:00",
            "course": 214.68,
            "speed": 9.0,
            "depth": 0.0
          },
          {
            "time": "2010-01-12T13:58:00+00:00",
            "course": 214.68,
            "speed": 9.0,
            "depth": 0.0
          },
          {
            "time": "2010-01-12T13:58:20+00:00",
            "course": 214.68,
            "speed": 9.0,
            "depth": 0.0
          },
          {
            "time": "2010-01-12T13:58:40+00:00",
            "course": 214.68,
            "speed": 9.0,
            "depth": 0.0
          },
          {
            "time": "2010-01-12T13:59:00+00:00",
            "course": 214.68,
            "speed": 9.0,
            "depth": 0.0
          },
          {
            "time": "2010-01-12T13:59:20+00:00",
            "course": 214.68,
            "speed": 9.0,
            "depth": 0.0
          },
          {
            "time": "2010-01-12T13:59:40+00:00",
            "course": 214.68,
            "speed": 9.0,
            "depth": 0.0
          },
          {
            "time": "2010-01-12T14:00:00+00:00",
            "course": 214.68,
            "speed": 9.0,
            "depth": 0.0
          }
        ],
        "style": {
          "line": {
            "color": "#FF0000"
          },
          "point": {
            "shape": "circle",
            "radius": 3.0,
            "fill_color": "#FF0000",
            "color": "#FF0000"
          }
        },
        "default_position_style": {
          "show_symbol": false,
          "symbol": "circle",
          "show_label": false
        },
        "symbol_interval": "PT10M",
        "label_interval": "PT30M",
        "provenance": [
          {
            "activity_id": "d765d379-5fdc-4f16-be4a-d094c2659db5",
            "timestamp": "2026-03-21T10:15:01.874540Z",
            "was_generated_by": {
              "tool": "rep-parser",
              "tool_version": "1.0.0",
              "parameters": []
            },
            "used": [],
            "generated": [
              "bf93a9b9-32f0-4efe-8ea0-05525b41aa2d"
            ],
            "execution_duration": "PT0S"
          }
        ]
      }
    },
    {
      "type": "Feature",
      "id": "b5c9c8d3-f6a2-496c-b845-172dd7ddab34",
      "geometry": {
        "type": "LineString",
        "coordinates": [
          [
            0.2,
            60.18
          ],
          [
            0.19923611111111109,
            60.178955555555554
          ],
          [
            0.19847222222222222,
            60.17791111111111
          ],
          [
            0.19770833333333332,
            60.17686666666666
          ],
          [
            0.19694444444444442,
            60.17582222222222
          ],
          [
            0.19618055555555555,
            60.17478055555555
          ],
          [
            0.1954138888888889,
            60.17373611111111
          ],
          [
            0.19465,
            60.172691666666665
          ],
          [
            0.1938861111111111,
            60.17164722222222
          ],
          [
            0.1931222222222222,
            60.17060277777777
          ],
          [
            0.19235833333333333,
            60.16955833333333
          ],
          [
            0.19159444444444443,
            60.16851388888889
          ],
          [
            0.19083055555555553,
            60.16746944444444
          ],
          [
            0.19006666666666666,
            60.16642777777778
          ],
          [
            0.18930277777777776,
            60.16538333333333
          ],
          [
            0.18853888888888887,
            60.164338888888885
          ],
          [
            0.187775,
            60.163294444444446
          ],
          [
            0.1870111111111111,
            60.16225
          ],
          [
            0.1862472222222222,
            60.161205555555554
          ],
          [
            0.18548333333333333,
            60.16016111111111
          ],
          [
            0.18471944444444444,
            60.15911666666666
          ],
          [
            0.1839583333333333,
            60.158075
          ],
          [
            0.18319444444444444,
            60.15703055555555
          ],
          [
            0.18243055555555554,
            60.15598611111111
          ],
          [
            0.18166666666666664,
            60.154941666666666
          ],
          [
            0.18090277777777777,
            60.15389722222222
          ],
          [
            0.18013888888888888,
            60.152852777777774
          ],
          [
            0.17937499999999998,
            60.151808333333335
          ],
          [
            0.1786111111111111,
            60.15076388888889
          ],
          [
            0.1778472222222222,
            60.14972222222222
          ],
          [
            0.1770861111111111,
            60.14867777777778
          ],
          [
            0.1763222222222222,
            60.14763333333333
          ],
          [
            0.17555833333333332,
            60.146588888888886
          ],
          [
            0.17479444444444445,
            60.14554444444445
          ],
          [
            0.17403055555555555,
            60.1445
          ],
          [
            0.17326666666666665,
            60.143455555555555
          ],
          [
            0.17250555555555555,
            60.14241111111111
          ],
          [
            0.17174166666666665,
            60.14136944444444
          ],
          [
            0.17097777777777776,
            60.140325
          ],
          [
            0.1702138888888889,
            60.13928055555556
          ],
          [
            0.16945,
            60.13823611111111
          ],
          [
            0.1686888888888889,
            60.137191666666666
          ],
          [
            0.167925,
            60.13614722222222
          ],
          [
            0.1671611111111111,
            60.135102777777774
          ],
          [
            0.16639722222222222,
            60.134058333333336
          ],
          [
            0.1656361111111111,
            60.13301666666667
          ],
          [
            0.16487222222222223,
            60.131972222222224
          ],
          [
            0.16410833333333333,
            60.13092777777778
          ],
          [
            0.16334722222222223,
            60.12988333333333
          ],
          [
            0.16258333333333333,
            60.128838888888886
          ],
          [
            0.16181944444444443,
            60.12779444444445
          ],
          [
            0.16105833333333333,
            60.12675
          ],
          [
            0.16029444444444443,
            60.125705555555555
          ],
          [
            0.15953055555555556,
            60.12466388888889
          ],
          [
            0.15876944444444444,
            60.123619444444444
          ],
          [
            0.15800555555555554,
            60.122575
          ],
          [
            0.15724166666666667,
            60.12153055555556
          ],
          [
            0.15648055555555554,
            60.12048611111111
          ],
          [
            0.15571666666666667,
            60.11944166666667
          ],
          [
            0.15495277777777777,
            60.11839722222222
          ],
          [
            0.15419166666666667,
            60.117352777777775
          ],
          [
            0.15342777777777777,
            60.116308333333336
          ],
          [
            0.15266666666666667,
            60.11526666666667
          ],
          [
            0.15190277777777778,
            60.114222222222224
          ],
          [
            0.15114166666666667,
            60.11317777777778
          ],
          [
            0.15037777777777778,
            60.11213333333333
          ],
          [
            0.14961388888888888,
            60.111088888888894
          ],
          [
            0.14885277777777778,
            60.11004444444445
          ],
          [
            0.14808888888888888,
            60.109
          ],
          [
            0.14732777777777778,
            60.107955555555556
          ],
          [
            0.14656388888888888,
            60.10691388888889
          ],
          [
            0.14580277777777778,
            60.105869444444444
          ],
          [
            0.14503888888888888,
            60.104825
          ],
          [
            0.14427777777777778,
            60.10378055555556
          ],
          [
            0.14351388888888889,
            60.10273611111111
          ],
          [
            0.14275277777777778,
            60.10169166666667
          ],
          [
            0.14199166666666665,
            60.10064722222222
          ],
          [
            0.14122777777777779,
            60.09960277777778
          ],
          [
            0.14046666666666666,
            60.09856111111112
          ],
          [
            0.1397027777777778,
            60.09751666666667
          ],
          [
            0.13894166666666666,
            60.096472222222225
          ],
          [
            0.1381777777777778,
            60.09542777777778
          ],
          [
            0.13741666666666666,
            60.09438333333333
          ],
          [
            0.13665555555555556,
            60.093338888888894
          ],
          [
            0.13589166666666666,
            60.09229444444445
          ],
          [
            0.13513055555555556,
            60.09125
          ],
          [
            0.13436666666666666,
            60.09020833333334
          ],
          [
            0.13360555555555556,
            60.08916388888889
          ],
          [
            0.1325361111111111,
            60.08819444444445
          ],
          [
            0.130925,
            60.08743333333334
          ],
          [
            0.128925,
            60.08695
          ],
          [
            0.12673055555555557,
            60.08679444444444
          ],
          [
            0.12454166666666666,
            60.08697777777778
          ],
          [
            0.12256944444444445,
            60.08748611111111
          ],
          [
            0.12090277777777778,
            60.08822222222222
          ],
          [
            0.11926944444444444,
            60.08897777777778
          ],
          [
            0.11763611111111111,
            60.089733333333335
          ],
          [
            0.11600277777777779,
            60.09049166666667
          ],
          [
            0.11436944444444445,
            60.09124722222222
          ],
          [
            0.11273611111111112,
            60.09200277777778
          ],
          [
            0.11110277777777779,
            60.092758333333336
          ],
          [
            0.10946944444444445,
            60.09351388888889
          ],
          [
            0.10783611111111112,
            60.09426944444445
          ],
          [
            0.10620277777777778,
            60.095025
          ],
          [
            0.10456944444444445,
            60.09578055555556
          ],
          [
            0.10293333333333334,
            60.096536111111114
          ],
          [
            0.1013,
            60.09729166666667
          ],
          [
            0.09966666666666665,
            60.09804722222223
          ],
          [
            0.09803333333333333,
            60.09880555555556
          ],
          [
            0.0964,
            60.099561111111115
          ],
          [
            0.09476666666666667,
            60.10031666666667
          ],
          [
            0.09313333333333333,
            60.10107222222222
          ],
          [
            0.09149722222222222,
            60.10182777777778
          ],
          [
            0.08986388888888888,
            60.102583333333335
          ],
          [
            0.08823055555555555,
            60.10333888888889
          ],
          [
            0.08659722222222221,
            60.10409444444445
          ],
          [
            0.08496111111111111,
            60.10485
          ],
          [
            0.08332777777777778,
            60.105605555555556
          ],
          [
            0.08169444444444444,
            60.10636111111111
          ],
          [
            0.08006111111111111,
            60.10711944444444
          ],
          [
            0.078425,
            60.107875
          ],
          [
            0.07679166666666666,
            60.10863055555556
          ],
          [
            0.07515833333333333,
            60.109386111111114
          ],
          [
            0.07352222222222222,
            60.11014166666667
          ],
          [
            0.07188888888888889,
            60.11089722222222
          ],
          [
            0.07025277777777778,
            60.11165277777778
          ],
          [
            0.06861944444444444,
            60.112408333333335
          ],
          [
            0.06698611111111111,
            60.11316388888889
          ],
          [
            0.06535,
            60.11391944444445
          ],
          [
            0.06371666666666667,
            60.11467777777778
          ],
          [
            0.062080555555555555,
            60.115433333333335
          ],
          [
            0.06044722222222222,
            60.11618888888889
          ],
          [
            0.05881388888888889,
            60.11694444444444
          ],
          [
            0.05717777777777778,
            60.1177
          ],
          [
            0.055544444444444445,
            60.118455555555556
          ],
          [
            0.053908333333333336,
            60.11921111111111
          ],
          [
            0.05227222222222223,
            60.11996666666667
          ],
          [
            0.05063888888888889,
            60.12072222222222
          ],
          [
            0.04900277777777778,
            60.12147777777778
          ],
          [
            0.04736944444444444,
            60.122233333333334
          ],
          [
            0.045733333333333334,
            60.122991666666664
          ],
          [
            0.0441,
            60.12374722222222
          ],
          [
            0.042463888888888884,
            60.12450277777778
          ],
          [
            0.040827777777777775,
            60.125258333333335
          ],
          [
            0.03919444444444444,
            60.12601388888889
          ],
          [
            0.03755833333333333,
            60.12676944444444
          ],
          [
            0.035925,
            60.127525
          ],
          [
            0.03428888888888889,
            60.128280555555556
          ],
          [
            0.03265277777777778,
            60.12903611111111
          ],
          [
            0.031016666666666665,
            60.12979166666667
          ],
          [
            0.029383333333333334,
            60.13055
          ],
          [
            0.02774722222222222,
            60.13130555555556
          ],
          [
            0.026111111111111113,
            60.13206111111111
          ],
          [
            0.02447777777777778,
            60.13281666666667
          ],
          [
            0.022841666666666666,
            60.13357222222222
          ],
          [
            0.021205555555555554,
            60.13432777777778
          ],
          [
            0.019569444444444445,
            60.135083333333334
          ],
          [
            0.017933333333333332,
            60.13583888888889
          ],
          [
            0.0163,
            60.13659444444444
          ],
          [
            0.01466388888888889,
            60.13735
          ],
          [
            0.013027777777777777,
            60.138105555555555
          ],
          [
            0.011391666666666666,
            60.138863888888885
          ],
          [
            0.009755555555555556,
            60.13961944444444
          ],
          [
            0.008119444444444445,
            60.140375
          ],
          [
            0.006483333333333333,
            60.141130555555556
          ],
          [
            0.004847222222222222,
            60.14188611111111
          ],
          [
            0.003213888888888889,
            60.14264166666667
          ],
          [
            0.0015777777777777778,
            60.14339722222222
          ],
          [
            -5.833333333333333e-05,
            60.14415277777778
          ],
          [
            -0.0016944444444444444,
            60.14490833333333
          ],
          [
            -0.003330555555555556,
            60.14566388888889
          ],
          [
            -0.004966666666666666,
            60.14642222222222
          ],
          [
            -0.006602777777777778,
            60.14717777777778
          ],
          [
            -0.00823888888888889,
            60.147933333333334
          ],
          [
            -0.009874999999999998,
            60.14868888888889
          ],
          [
            -0.01151111111111111,
            60.14944444444444
          ],
          [
            -0.01315,
            60.1502
          ],
          [
            -0.014786111111111111,
            60.150955555555555
          ],
          [
            -0.016163888888888887,
            60.151824999999995
          ],
          [
            -0.016944444444444443,
            60.15286111111111
          ],
          [
            -0.01705833333333333,
            60.15396666666666
          ],
          [
            -0.016491666666666665,
            60.15503611111111
          ],
          [
            -0.0153,
            60.155969444444445
          ],
          [
            -0.013591666666666667,
            60.15667777777777
          ],
          [
            -0.011555555555555557,
            60.157127777777774
          ],
          [
            -0.009472222222222222,
            60.15752777777777
          ],
          [
            -0.007386111111111111,
            60.15792777777778
          ],
          [
            -0.005302777777777778,
            60.158325
          ],
          [
            -0.0032194444444444445,
            60.158725
          ],
          [
            -0.0011361111111111112,
            60.159124999999996
          ],
          [
            0.0009472222222222222,
            60.159524999999995
          ],
          [
            0.003033333333333333,
            60.15992222222222
          ],
          [
            0.005116666666666667,
            60.16032222222222
          ],
          [
            0.007200000000000001,
            60.16072222222222
          ],
          [
            0.009283333333333334,
            60.161119444444445
          ],
          [
            0.011369444444444444,
            60.161519444444444
          ],
          [
            0.013452777777777777,
            60.16191944444444
          ],
          [
            0.015536111111111112,
            60.16231944444444
          ],
          [
            0.017619444444444445,
            60.16271666666667
          ],
          [
            0.019705555555555556,
            60.16311666666667
          ],
          [
            0.02178888888888889,
            60.163516666666666
          ],
          [
            0.023872222222222222,
            60.163913888888885
          ],
          [
            0.025958333333333333,
            60.164313888888884
          ],
          [
            0.028041666666666666,
            60.16471388888889
          ],
          [
            0.030125,
            60.16511388888889
          ],
          [
            0.03221111111111111,
            60.16551111111111
          ],
          [
            0.03429444444444445,
            60.16591111111111
          ],
          [
            0.03637777777777778,
            60.166311111111106
          ],
          [
            0.03830555555555555,
            60.16686111111111
          ],
          [
            0.039808333333333334,
            60.167677777777776
          ],
          [
            0.04073888888888889,
            60.168683333333334
          ],
          [
            0.04101111111111111,
            60.16978333333333
          ],
          [
            0.04067777777777778,
            60.170880555555556
          ],
          [
            0.04025,
            60.17196944444444
          ],
          [
            0.039822222222222224,
            60.17306111111111
          ],
          [
            0.03939722222222222,
            60.17415277777778
          ],
          [
            0.038969444444444445,
            60.175241666666665
          ],
          [
            0.03854166666666667,
            60.17633333333333
          ],
          [
            0.03811388888888889,
            60.17742222222222
          ],
          [
            0.03768888888888889,
            60.17851388888889
          ],
          [
            0.03726111111111111,
            60.179605555555554
          ],
          [
            0.036833333333333336,
            60.18069444444444
          ],
          [
            0.03640555555555555,
            60.18178611111111
          ],
          [
            0.03598055555555556,
            60.182877777777776
          ],
          [
            0.03555277777777778,
            60.18396666666666
          ],
          [
            0.035124999999999997,
            60.18505833333333
          ],
          [
            0.03469722222222222,
            60.18614722222222
          ],
          [
            0.034272222222222225,
            60.187238888888885
          ],
          [
            0.03384444444444444,
            60.18833055555555
          ],
          [
            0.033416666666666664,
            60.18941944444444
          ],
          [
            0.03298888888888889,
            60.19051111111111
          ],
          [
            0.03256111111111111,
            60.191602777777774
          ],
          [
            0.03213611111111111,
            60.19269166666666
          ],
          [
            0.03170833333333333,
            60.19378333333333
          ],
          [
            0.031280555555555555,
            60.194872222222216
          ],
          [
            0.030852777777777778,
            60.19596388888888
          ],
          [
            0.030425,
            60.19705555555555
          ],
          [
            0.029997222222222224,
            60.19814444444444
          ],
          [
            0.029572222222222222,
            60.199236111111105
          ],
          [
            0.029144444444444445,
            60.20032777777778
          ],
          [
            0.028716666666666668,
            60.20141666666667
          ],
          [
            0.02828888888888889,
            60.202508333333334
          ],
          [
            0.02786111111111111,
            60.20359722222223
          ],
          [
            0.02743333333333333,
            60.20468888888889
          ],
          [
            0.027008333333333332,
            60.205780555555556
          ],
          [
            0.026580555555555555,
            60.20686944444445
          ],
          [
            0.026152777777777775,
            60.20796111111111
          ],
          [
            0.025724999999999998,
            60.20905277777778
          ],
          [
            0.02529722222222222,
            60.21014166666667
          ],
          [
            0.024869444444444444,
            60.21123333333334
          ],
          [
            0.024441666666666667,
            60.21232222222223
          ],
          [
            0.02401388888888889,
            60.213413888888894
          ],
          [
            0.02358611111111111,
            60.21450555555556
          ],
          [
            0.023158333333333333,
            60.21559444444445
          ],
          [
            0.022733333333333335,
            60.216686111111116
          ],
          [
            0.022305555555555558,
            60.217777777777776
          ],
          [
            0.021877777777777777,
            60.21886666666667
          ],
          [
            0.02145,
            60.21995833333334
          ],
          [
            0.02102222222222222,
            60.221047222222225
          ],
          [
            0.020594444444444443,
            60.22213888888889
          ],
          [
            0.020166666666666666,
            60.22323055555556
          ],
          [
            0.01973888888888889,
            60.22431944444445
          ],
          [
            0.019311111111111112,
            60.225411111111114
          ],
          [
            0.018883333333333332,
            60.22650277777778
          ],
          [
            0.018455555555555555,
            60.22759166666667
          ],
          [
            0.018027777777777778,
            60.228683333333336
          ],
          [
            0.0176,
            60.22977222222222
          ],
          [
            0.01717222222222222,
            60.23086388888889
          ],
          [
            0.016744444444444444,
            60.23195555555556
          ],
          [
            0.016316666666666667,
            60.233044444444445
          ],
          [
            0.01588888888888889,
            60.23413611111111
          ],
          [
            0.01546111111111111,
            60.23522777777778
          ],
          [
            0.015033333333333333,
            60.23631666666667
          ],
          [
            0.014605555555555556,
            60.237408333333335
          ],
          [
            0.014177777777777777,
            60.23849722222222
          ],
          [
            0.01375,
            60.23958888888889
          ],
          [
            0.013322222222222223,
            60.24068055555556
          ],
          [
            0.012894444444444444,
            60.241769444444444
          ],
          [
            0.012466666666666668,
            60.24286111111111
          ],
          [
            0.01203888888888889,
            60.24395277777778
          ],
          [
            0.01161111111111111,
            60.245041666666665
          ],
          [
            0.011183333333333333,
            60.24613333333333
          ],
          [
            0.010755555555555555,
            60.24722222222222
          ],
          [
            0.010327777777777778,
            60.24831388888889
          ],
          [
            0.0099,
            60.249405555555555
          ],
          [
            0.009469444444444445,
            60.25049444444444
          ],
          [
            0.009041666666666667,
            60.25158611111111
          ],
          [
            0.00861388888888889,
            60.25267777777778
          ],
          [
            0.008186111111111111,
            60.253766666666664
          ],
          [
            0.007758333333333333,
            60.25485833333333
          ],
          [
            0.0073305555555555554,
            60.255947222222225
          ],
          [
            0.0069027777777777785,
            60.257038888888886
          ],
          [
            0.006475,
            60.25813055555555
          ],
          [
            0.006047222222222222,
            60.25921944444445
          ],
          [
            0.005619444444444444,
            60.26031111111111
          ],
          [
            0.005188888888888889,
            60.261402777777775
          ],
          [
            0.004761111111111111,
            60.26249166666667
          ],
          [
            0.004333333333333333,
            60.26358333333334
          ],
          [
            0.0039055555555555558,
            60.264672222222224
          ],
          [
            0.0034777777777777776,
            60.26576388888889
          ],
          [
            0.00305,
            60.26685555555555
          ],
          [
            0.002622222222222222,
            60.267944444444446
          ],
          [
            0.0021916666666666664,
            60.26903611111111
          ],
          [
            0.0017638888888888888,
            60.27012777777777
          ],
          [
            0.001336111111111111,
            60.27121666666667
          ],
          [
            0.0009083333333333334,
            60.272308333333335
          ],
          [
            0.0004805555555555556,
            60.27339722222222
          ],
          [
            4.9999999999999996e-05,
            60.27448888888889
          ],
          [
            -0.0003777777777777778,
            60.27558055555556
          ],
          [
            -0.0008055555555555556,
            60.276669444444444
          ],
          [
            -0.0012333333333333335,
            60.27776111111111
          ],
          [
            -0.0016611111111111113,
            60.27885277777778
          ],
          [
            -0.0020916666666666666,
            60.279941666666666
          ],
          [
            -0.0025194444444444444,
            60.28103333333333
          ],
          [
            -0.002947222222222222,
            60.28212222222222
          ],
          [
            -0.003375,
            60.28321388888889
          ],
          [
            -0.0038027777777777778,
            60.284305555555555
          ],
          [
            -0.004233333333333334,
            60.28539444444444
          ],
          [
            -0.0046611111111111115,
            60.28648611111111
          ],
          [
            -0.005088888888888889,
            60.28757777777778
          ],
          [
            -0.005516666666666666,
            60.288666666666664
          ],
          [
            -0.005947222222222223,
            60.28975833333333
          ],
          [
            -0.006375,
            60.29084722222222
          ],
          [
            -0.006802777777777777,
            60.291938888888886
          ],
          [
            -0.007233333333333333,
            60.29303055555555
          ],
          [
            -0.007661111111111111,
            60.29411944444444
          ],
          [
            -0.008088888888888889,
            60.29521111111111
          ],
          [
            -0.008516666666666667,
            60.296302777777775
          ],
          [
            -0.008947222222222223,
            60.29739166666666
          ],
          [
            -0.009375,
            60.29848333333333
          ],
          [
            -0.009802777777777778,
            60.29957222222222
          ],
          [
            -0.010233333333333334,
            60.300663888888884
          ],
          [
            -0.010661111111111113,
            60.30175555555555
          ],
          [
            -0.01108888888888889,
            60.30284444444444
          ],
          [
            -0.011519444444444443,
            60.303936111111106
          ],
          [
            -0.011947222222222222,
            60.305027777777774
          ],
          [
            -0.012374999999999999,
            60.30611666666666
          ],
          [
            -0.012805555555555556,
            60.30720833333333
          ],
          [
            -0.013233333333333333,
            60.30829722222222
          ],
          [
            -0.013661111111111112,
            60.30938888888888
          ],
          [
            -0.014091666666666666,
            60.31048055555555
          ],
          [
            -0.014519444444444446,
            60.311569444444444
          ],
          [
            -0.014947222222222223,
            60.31266111111111
          ],
          [
            -0.015377777777777778,
            60.31375277777777
          ],
          [
            -0.015805555555555555,
            60.314841666666666
          ],
          [
            -0.01623611111111111,
            60.315933333333334
          ],
          [
            -0.016663888888888888,
            60.31702222222223
          ],
          [
            -0.017091666666666665,
            60.318113888888895
          ],
          [
            -0.017522222222222224,
            60.319205555555556
          ],
          [
            -0.01795,
            60.32029444444445
          ],
          [
            -0.018380555555555556,
            60.32138611111112
          ],
          [
            -0.018808333333333333,
            60.322477777777785
          ],
          [
            -0.01923611111111111,
            60.32356666666667
          ],
          [
            -0.019666666666666666,
            60.32465833333334
          ],
          [
            -0.020094444444444443,
            60.325747222222226
          ],
          [
            -0.020525,
            60.326838888888894
          ],
          [
            -0.02095277777777778,
            60.32793055555556
          ],
          [
            -0.021383333333333334,
            60.32901944444445
          ],
          [
            -0.02181111111111111,
            60.330111111111115
          ],
          [
            -0.022241666666666667,
            60.33120277777778
          ],
          [
            -0.022669444444444443,
            60.33229166666667
          ]
        ]
      },
      "properties": {
        "kind": "TRACK",
        "platform_id": "SENSOR",
        "platform_name": "SENSOR",
        "track_type": "CONTACT",
        "start_time": "2010-01-12T12:00:00+00:00",
        "end_time": "2010-01-12T14:00:00+00:00",
        "positions": [
          {
            "time": "2010-01-12T12:00:00+00:00",
            "course": 200.0,
            "speed": 12.0,
            "depth": 0.0
          },
          {
            "time": "2010-01-12T12:00:20+00:00",
            "course": 200.0,
            "speed": 12.0,
            "depth": 0.0
          },
          {
            "time": "2010-01-12T12:00:40+00:00",
            "course": 200.0,
            "speed": 12.0,
            "depth": 0.0
          },
          {
            "time": "2010-01-12T12:01:00+00:00",
            "course": 200.0,
            "speed": 12.0,
            "depth": 0.0
          },
          {
            "time": "2010-01-12T12:01:20+00:00",
            "course": 200.0,
            "speed": 12.0,
            "depth": 0.0
          },
          {
            "time": "2010-01-12T12:01:40+00:00",
            "course": 200.0,
            "speed": 12.0,
            "depth": 0.0
          },
          {
            "time": "2010-01-12T12:02:00+00:00",
            "course": 200.0,
            "speed": 12.0,
            "depth": 0.0
          },
          {
            "time": "2010-01-12T12:02:20+00:00",
            "course": 200.0,
            "speed": 12.0,
            "depth": 0.0
          },
          {
            "time": "2010-01-12T12:02:40+00:00",
            "course": 200.0,
            "speed": 12.0,
            "depth": 0.0
          },
          {
            "time": "2010-01-12T12:03:00+00:00",
            "course": 200.0,
            "speed": 12.0,
            "depth": 0.0
          },
          {
            "time": "2010-01-12T12:03:20+00:00",
            "course": 200.0,
            "speed": 12.0,
            "depth": 0.0
          },
          {
            "time": "2010-01-12T12:03:40+00:00",
            "course": 200.0,
            "speed": 12.0,
            "depth": 0.0
          },
          {
            "time": "2010-01-12T12:04:00+00:00",
            "course": 200.0,
            "speed": 12.0,
            "depth": 0.0
          },
          {
            "time": "2010-01-12T12:04:20+00:00",
            "course": 200.0,
            "speed": 12.0,
            "depth": 0.0
          },
          {
            "time": "2010-01-12T12:04:40+00:00",
            "course": 200.0,
            "speed": 12.0,
            "depth": 0.0
          },
          {
            "time": "2010-01-12T12:05:00+00:00",
            "course": 200.0,
            "speed": 12.0,
            "depth": 0.0
          },
          {
            "time": "2010-01-12T12:05:20+00:00",
            "course": 200.0,
            "speed": 12.0,
            "depth": 0.0
          },
          {
            "time": "2010-01-12T12:05:40+00:00",
            "course": 200.0,
            "speed": 12.0,
            "depth": 0.0
          },
          {
            "time": "2010-01-12T12:06:00+00:00",
            "course": 200.0,
            "speed": 12.0,
            "depth": 0.0
          },
          {
            "time": "2010-01-12T12:06:20+00:00",
            "course": 200.0,
            "speed": 12.0,
            "depth": 0.0
          },
          {
            "time": "2010-01-12T12:06:40+00:00",
            "course": 200.0,
            "speed": 12.0,
            "depth": 0.0
          },
          {
            "time": "2010-01-12T12:07:00+00:00",
            "course": 200.0,
            "speed": 12.0,
            "depth": 0.0
          },
          {
            "time": "2010-01-12T12:07:20+00:00",
            "course": 200.0,
            "speed": 12.0,
            "depth": 0.0
          },
          {
            "time": "2010-01-12T12:07:40+00:00",
            "course": 200.0,
            "speed": 12.0,
            "depth": 0.0
          },
          {
            "time": "2010-01-12T12:08:00+00:00",
            "course": 200.0,
            "speed": 12.0,
            "depth": 0.0
          },
          {
            "time": "2010-01-12T12:08:20+00:00",
            "course": 200.0,
            "speed": 12.0,
            "depth": 0.0
          },
          {
            "time": "2010-01-12T12:08:40+00:00",
            "course": 200.0,
            "speed": 12.0,
            "depth": 0.0
          },
          {
            "time": "2010-01-12T12:09:00+00:00",
            "course": 200.0,
            "speed": 12.0,
            "depth": 0.0
          },
          {
            "time": "2010-01-12T12:09:20+00:00",
            "course": 200.0,
            "speed": 12.0,
            "depth": 0.0
          },
          {
            "time": "2010-01-12T12:09:40+00:00",
            "course": 200.0,
            "speed": 12.0,
            "depth": 0.0
          },
          {
            "time": "2010-01-12T12:10:00+00:00",
            "course": 200.0,
            "speed": 12.0,
            "depth": 0.0
          },
          {
            "time": "2010-01-12T12:10:20+00:00",
            "course": 200.0,
            "speed": 12.0,
            "depth": 0.0
          },
          {
            "time": "2010-01-12T12:10:40+00:00",
            "course": 200.0,
            "speed": 12.0,
            "depth": 0.0
          },
          {
            "time": "2010-01-12T12:11:00+00:00",
            "course": 200.0,
            "speed": 12.0,
            "depth": 0.0
          },
          {
            "time": "2010-01-12T12:11:20+00:00",
            "course": 200.0,
            "speed": 12.0,
            "depth": 0.0
          },
          {
            "time": "2010-01-12T12:11:40+00:00",
            "course": 200.0,
            "speed": 12.0,
            "depth": 0.0
          },
          {
            "time": "2010-01-12T12:12:00+00:00",
            "course": 200.0,
            "speed": 12.0,
            "depth": 0.0
          },
          {
            "time": "2010-01-12T12:12:20+00:00",
            "course": 200.0,
            "speed": 12.0,
            "depth": 0.0
          },
          {
            "time": "2010-01-12T12:12:40+00:00",
            "course": 200.0,
            "speed": 12.0,
            "depth": 0.0
          },
          {
            "time": "2010-01-12T12:13:00+00:00",
            "course": 200.0,
            "speed": 12.0,
            "depth": 0.0
          },
          {
            "time": "2010-01-12T12:13:20+00:00",
            "course": 200.0,
            "speed": 12.0,
            "depth": 0.0
          },
          {
            "time": "2010-01-12T12:13:40+00:00",
            "course": 200.0,
            "speed": 12.0,
            "depth": 0.0
          },
          {
            "time": "2010-01-12T12:14:00+00:00",
            "course": 200.0,
            "speed": 12.0,
            "depth": 0.0
          },
          {
            "time": "2010-01-12T12:14:20+00:00",
            "course": 200.0,
            "speed": 12.0,
            "depth": 0.0
          },
          {
            "time": "2010-01-12T12:14:40+00:00",
            "course": 200.0,
            "speed": 12.0,
            "depth": 0.0
          },
          {
            "time": "2010-01-12T12:15:00+00:00",
            "course": 200.0,
            "speed": 12.0,
            "depth": 0.0
          },
          {
            "time": "2010-01-12T12:15:20+00:00",
            "course": 200.0,
            "speed": 12.0,
            "depth": 0.0
          },
          {
            "time": "2010-01-12T12:15:40+00:00",
            "course": 200.0,
            "speed": 12.0,
            "depth": 0.0
          },
          {
            "time": "2010-01-12T12:16:00+00:00",
            "course": 200.0,
            "speed": 12.0,
            "depth": 0.0
          },
          {
            "time": "2010-01-12T12:16:20+00:00",
            "course": 200.0,
            "speed": 12.0,
            "depth": 0.0
          },
          {
            "time": "2010-01-12T12:16:40+00:00",
            "course": 200.0,
            "speed": 12.0,
            "depth": 0.0
          },
          {
            "time": "2010-01-12T12:17:00+00:00",
            "course": 200.0,
            "speed": 12.0,
            "depth": 0.0
          },
          {
            "time": "2010-01-12T12:17:20+00:00",
            "course": 200.0,
            "speed": 12.0,
            "depth": 0.0
          },
          {
            "time": "2010-01-12T12:17:40+00:00",
            "course": 200.0,
            "speed": 12.0,
            "depth": 0.0
          },
          {
            "time": "2010-01-12T12:18:00+00:00",
            "course": 200.0,
            "speed": 12.0,
            "depth": 0.0
          },
          {
            "time": "2010-01-12T12:18:20+00:00",
            "course": 200.0,
            "speed": 12.0,
            "depth": 0.0
          },
          {
            "time": "2010-01-12T12:18:40+00:00",
            "course": 200.0,
            "speed": 12.0,
            "depth": 0.0
          },
          {
            "time": "2010-01-12T12:19:00+00:00",
            "course": 200.0,
            "speed": 12.0,
            "depth": 0.0
          },
          {
            "time": "2010-01-12T12:19:20+00:00",
            "course": 200.0,
            "speed": 12.0,
            "depth": 0.0
          },
          {
            "time": "2010-01-12T12:19:40+00:00",
            "course": 200.0,
            "speed": 12.0,
            "depth": 0.0
          },
          {
            "time": "2010-01-12T12:20:00+00:00",
            "course": 200.0,
            "speed": 12.0,
            "depth": 0.0
          },
          {
            "time": "2010-01-12T12:20:20+00:00",
            "course": 200.0,
            "speed": 12.0,
            "depth": 0.0
          },
          {
            "time": "2010-01-12T12:20:40+00:00",
            "course": 200.0,
            "speed": 12.0,
            "depth": 0.0
          },
          {
            "time": "2010-01-12T12:21:00+00:00",
            "course": 200.0,
            "speed": 12.0,
            "depth": 0.0
          },
          {
            "time": "2010-01-12T12:21:20+00:00",
            "course": 200.0,
            "speed": 12.0,
            "depth": 0.0
          },
          {
            "time": "2010-01-12T12:21:40+00:00",
            "course": 200.0,
            "speed": 12.0,
            "depth": 0.0
          },
          {
            "time": "2010-01-12T12:22:00+00:00",
            "course": 200.0,
            "speed": 12.0,
            "depth": 0.0
          },
          {
            "time": "2010-01-12T12:22:20+00:00",
            "course": 200.0,
            "speed": 12.0,
            "depth": 0.0
          },
          {
            "time": "2010-01-12T12:22:40+00:00",
            "course": 200.0,
            "speed": 12.0,
            "depth": 0.0
          },
          {
            "time": "2010-01-12T12:23:00+00:00",
            "course": 200.0,
            "speed": 12.0,
            "depth": 0.0
          },
          {
            "time": "2010-01-12T12:23:20+00:00",
            "course": 200.0,
            "speed": 12.0,
            "depth": 0.0
          },
          {
            "time": "2010-01-12T12:23:40+00:00",
            "course": 200.0,
            "speed": 12.0,
            "depth": 0.0
          },
          {
            "time": "2010-01-12T12:24:00+00:00",
            "course": 200.0,
            "speed": 12.0,
            "depth": 0.0
          },
          {
            "time": "2010-01-12T12:24:20+00:00",
            "course": 200.0,
            "speed": 12.0,
            "depth": 0.0
          },
          {
            "time": "2010-01-12T12:24:40+00:00",
            "course": 200.0,
            "speed": 12.0,
            "depth": 0.0
          },
          {
            "time": "2010-01-12T12:25:00+00:00",
            "course": 200.0,
            "speed": 12.0,
            "depth": 0.0
          },
          {
            "time": "2010-01-12T12:25:20+00:00",
            "course": 200.0,
            "speed": 12.0,
            "depth": 0.0
          },
          {
            "time": "2010-01-12T12:25:40+00:00",
            "course": 200.0,
            "speed": 12.0,
            "depth": 0.0
          },
          {
            "time": "2010-01-12T12:26:00+00:00",
            "course": 200.0,
            "speed": 12.0,
            "depth": 0.0
          },
          {
            "time": "2010-01-12T12:26:20+00:00",
            "course": 200.0,
            "speed": 12.0,
            "depth": 0.0
          },
          {
            "time": "2010-01-12T12:26:40+00:00",
            "course": 200.0,
            "speed": 12.0,
            "depth": 0.0
          },
          {
            "time": "2010-01-12T12:27:00+00:00",
            "course": 200.0,
            "speed": 12.0,
            "depth": 0.0
          },
          {
            "time": "2010-01-12T12:27:20+00:00",
            "course": 200.0,
            "speed": 12.0,
            "depth": 0.0
          },
          {
            "time": "2010-01-12T12:27:40+00:00",
            "course": 200.0,
            "speed": 12.0,
            "depth": 0.0
          },
          {
            "time": "2010-01-12T12:28:00+00:00",
            "course": 200.0,
            "speed": 12.0,
            "depth": 0.0
          },
          {
            "time": "2010-01-12T12:28:20+00:00",
            "course": 200.0,
            "speed": 12.0,
            "depth": 0.0
          },
          {
            "time": "2010-01-12T12:28:40+00:00",
            "course": 200.0,
            "speed": 12.0,
            "depth": 0.0
          },
          {
            "time": "2010-01-12T12:29:00+00:00",
            "course": 200.0,
            "speed": 12.0,
            "depth": 0.0
          },
          {
            "time": "2010-01-12T12:29:20+00:00",
            "course": 217.69,
            "speed": 12.0,
            "depth": 0.0
          },
          {
            "time": "2010-01-12T12:29:40+00:00",
            "course": 235.37,
            "speed": 12.0,
            "depth": 0.0
          },
          {
            "time": "2010-01-12T12:30:00+00:00",
            "course": 253.06,
            "speed": 12.0,
            "depth": 0.0
          },
          {
            "time": "2010-01-12T12:30:20+00:00",
            "course": 270.74,
            "speed": 12.0,
            "depth": 0.0
          },
          {
            "time": "2010-01-12T12:30:40+00:00",
            "course": 288.43,
            "speed": 12.0,
            "depth": 0.0
          },
          {
            "time": "2010-01-12T12:31:00+00:00",
            "course": 306.11,
            "speed": 12.0,
            "depth": 0.0
          },
          {
            "time": "2010-01-12T12:31:20+00:00",
            "course": 312.85,
            "speed": 12.0,
            "depth": 0.0
          },
          {
            "time": "2010-01-12T12:31:40+00:00",
            "course": 312.86,
            "speed": 12.0,
            "depth": 0.0
          },
          {
            "time": "2010-01-12T12:32:00+00:00",
            "course": 312.86,
            "speed": 12.0,
            "depth": 0.0
          },
          {
            "time": "2010-01-12T12:32:20+00:00",
            "course": 312.86,
            "speed": 12.0,
            "depth": 0.0
          },
          {
            "time": "2010-01-12T12:32:40+00:00",
            "course": 312.86,
            "speed": 12.0,
            "depth": 0.0
          },
          {
            "time": "2010-01-12T12:33:00+00:00",
            "course": 312.86,
            "speed": 12.0,
            "depth": 0.0
          },
          {
            "time": "2010-01-12T12:33:20+00:00",
            "course": 312.86,
            "speed": 12.0,
            "depth": 0.0
          },
          {
            "time": "2010-01-12T12:33:40+00:00",
            "course": 312.86,
            "speed": 12.0,
            "depth": 0.0
          },
          {
            "time": "2010-01-12T12:34:00+00:00",
            "course": 312.86,
            "speed": 12.0,
            "depth": 0.0
          },
          {
            "time": "2010-01-12T12:34:20+00:00",
            "course": 312.86,
            "speed": 12.0,
            "depth": 0.0
          },
          {
            "time": "2010-01-12T12:34:40+00:00",
            "course": 312.86,
            "speed": 12.0,
            "depth": 0.0
          },
          {
            "time": "2010-01-12T12:35:00+00:00",
            "course": 312.86,
            "speed": 12.0,
            "depth": 0.0
          },
          {
            "time": "2010-01-12T12:35:20+00:00",
            "course": 312.86,
            "speed": 12.0,
            "depth": 0.0
          },
          {
            "time": "2010-01-12T12:35:40+00:00",
            "course": 312.86,
            "speed": 12.0,
            "depth": 0.0
          },
          {
            "time": "2010-01-12T12:36:00+00:00",
            "course": 312.86,
            "speed": 12.0,
            "depth": 0.0
          },
          {
            "time": "2010-01-12T12:36:20+00:00",
            "course": 312.86,
            "speed": 12.0,
            "depth": 0.0
          },
          {
            "time": "2010-01-12T12:36:40+00:00",
            "course": 312.86,
            "speed": 12.0,
            "depth": 0.0
          },
          {
            "time": "2010-01-12T12:37:00+00:00",
            "course": 312.86,
            "speed": 12.0,
            "depth": 0.0
          },
          {
            "time": "2010-01-12T12:37:20+00:00",
            "course": 312.86,
            "speed": 12.0,
            "depth": 0.0
          },
          {
            "time": "2010-01-12T12:37:40+00:00",
            "course": 312.86,
            "speed": 12.0,
            "depth": 0.0
          },
          {
            "time": "2010-01-12T12:38:00+00:00",
            "course": 312.86,
            "speed": 12.0,
            "depth": 0.0
          },
          {
            "time": "2010-01-12T12:38:20+00:00",
            "course": 312.86,
            "speed": 12.0,
            "depth": 0.0
          },
          {
            "time": "2010-01-12T12:38:40+00:00",
            "course": 312.86,
            "speed": 12.0,
            "depth": 0.0
          },
          {
            "time": "2010-01-12T12:39:00+00:00",
            "course": 312.86,
            "speed": 12.0,
            "depth": 0.0
          },
          {
            "time": "2010-01-12T12:39:20+00:00",
            "course": 312.86,
            "speed": 12.0,
            "depth": 0.0
          },
          {
            "time": "2010-01-12T12:39:40+00:00",
            "course": 312.86,
            "speed": 12.0,
            "depth": 0.0
          },
          {
            "time": "2010-01-12T12:40:00+00:00",
            "course": 312.86,
            "speed": 12.0,
            "depth": 0.0
          },
          {
            "time": "2010-01-12T12:40:20+00:00",
            "course": 312.86,
            "speed": 12.0,
            "depth": 0.0
          },
          {
            "time": "2010-01-12T12:40:40+00:00",
            "course": 312.86,
            "speed": 12.0,
            "depth": 0.0
          },
          {
            "time": "2010-01-12T12:41:00+00:00",
            "course": 312.86,
            "speed": 12.0,
            "depth": 0.0
          },
          {
            "time": "2010-01-12T12:41:20+00:00",
            "course": 312.86,
            "speed": 12.0,
            "depth": 0.0
          },
          {
            "time": "2010-01-12T12:41:40+00:00",
            "course": 312.86,
            "speed": 12.0,
            "depth": 0.0
          },
          {
            "time": "2010-01-12T12:42:00+00:00",
            "course": 312.86,
            "speed": 12.0,
            "depth": 0.0
          },
          {
            "time": "2010-01-12T12:42:20+00:00",
            "course": 312.86,
            "speed": 12.0,
            "depth": 0.0
          },
          {
            "time": "2010-01-12T12:42:40+00:00",
            "course": 312.86,
            "speed": 12.0,
            "depth": 0.0
          },
          {
            "time": "2010-01-12T12:43:00+00:00",
            "course": 312.86,
            "speed": 12.0,
            "depth": 0.0
          },
          {
            "time": "2010-01-12T12:43:20+00:00",
            "course": 312.86,
            "speed": 12.0,
            "depth": 0.0
          },
          {
            "time": "2010-01-12T12:43:40+00:00",
            "course": 312.86,
            "speed": 12.0,
            "depth": 0.0
          },
          {
            "time": "2010-01-12T12:44:00+00:00",
            "course": 312.86,
            "speed": 12.0,
            "depth": 0.0
          },
          {
            "time": "2010-01-12T12:44:20+00:00",
            "course": 312.86,
            "speed": 12.0,
            "depth": 0.0
          },
          {
            "time": "2010-01-12T12:44:40+00:00",
            "course": 312.86,
            "speed": 12.0,
            "depth": 0.0
          },
          {
            "time": "2010-01-12T12:45:00+00:00",
            "course": 312.86,
            "speed": 12.0,
            "depth": 0.0
          },
          {
            "time": "2010-01-12T12:45:20+00:00",
            "course": 312.86,
            "speed": 12.0,
            "depth": 0.0
          },
          {
            "time": "2010-01-12T12:45:40+00:00",
            "course": 312.86,
            "speed": 12.0,
            "depth": 0.0
          },
          {
            "time": "2010-01-12T12:46:00+00:00",
            "course": 312.86,
            "speed": 12.0,
            "depth": 0.0
          },
          {
            "time": "2010-01-12T12:46:20+00:00",
            "course": 312.86,
            "speed": 12.0,
            "depth": 0.0
          },
          {
            "time": "2010-01-12T12:46:40+00:00",
            "course": 312.86,
            "speed": 12.0,
            "depth": 0.0
          },
          {
            "time": "2010-01-12T12:47:00+00:00",
            "course": 312.86,
            "speed": 12.0,
            "depth": 0.0
          },
          {
            "time": "2010-01-12T12:47:20+00:00",
            "course": 312.86,
            "speed": 12.0,
            "depth": 0.0
          },
          {
            "time": "2010-01-12T12:47:40+00:00",
            "course": 312.86,
            "speed": 12.0,
            "depth": 0.0
          },
          {
            "time": "2010-01-12T12:48:00+00:00",
            "course": 312.86,
            "speed": 12.0,
            "depth": 0.0
          },
          {
            "time": "2010-01-12T12:48:20+00:00",
            "course": 312.86,
            "speed": 12.0,
            "depth": 0.0
          },
          {
            "time": "2010-01-12T12:48:40+00:00",
            "course": 312.86,
            "speed": 12.0,
            "depth": 0.0
          },
          {
            "time": "2010-01-12T12:49:00+00:00",
            "course": 312.86,
            "speed": 12.0,
            "depth": 0.0
          },
          {
            "time": "2010-01-12T12:49:20+00:00",
            "course": 312.86,
            "speed": 12.0,
            "depth": 0.0
          },
          {
            "time": "2010-01-12T12:49:40+00:00",
            "course": 312.86,
            "speed": 12.0,
            "depth": 0.0
          },
          {
            "time": "2010-01-12T12:50:00+00:00",
            "course": 312.86,
            "speed": 12.0,
            "depth": 0.0
          },
          {
            "time": "2010-01-12T12:50:20+00:00",
            "course": 312.86,
            "speed": 12.0,
            "depth": 0.0
          },
          {
            "time": "2010-01-12T12:50:40+00:00",
            "course": 312.86,
            "speed": 12.0,
            "depth": 0.0
          },
          {
            "time": "2010-01-12T12:51:00+00:00",
            "course": 312.86,
            "speed": 12.0,
            "depth": 0.0
          },
          {
            "time": "2010-01-12T12:51:20+00:00",
            "course": 312.86,
            "speed": 12.0,
            "depth": 0.0
          },
          {
            "time": "2010-01-12T12:51:40+00:00",
            "course": 312.86,
            "speed": 12.0,
            "depth": 0.0
          },
          {
            "time": "2010-01-12T12:52:00+00:00",
            "course": 312.86,
            "speed": 12.0,
            "depth": 0.0
          },
          {
            "time": "2010-01-12T12:52:20+00:00",
            "course": 312.86,
            "speed": 12.0,
            "depth": 0.0
          },
          {
            "time": "2010-01-12T12:52:40+00:00",
            "course": 312.86,
            "speed": 12.0,
            "depth": 0.0
          },
          {
            "time": "2010-01-12T12:53:00+00:00",
            "course": 312.86,
            "speed": 12.0,
            "depth": 0.0
          },
          {
            "time": "2010-01-12T12:53:20+00:00",
            "course": 312.86,
            "speed": 12.0,
            "depth": 0.0
          },
          {
            "time": "2010-01-12T12:53:40+00:00",
            "course": 312.86,
            "speed": 12.0,
            "depth": 0.0
          },
          {
            "time": "2010-01-12T12:54:00+00:00",
            "course": 312.86,
            "speed": 12.0,
            "depth": 0.0
          },
          {
            "time": "2010-01-12T12:54:20+00:00",
            "course": 312.86,
            "speed": 12.0,
            "depth": 0.0
          },
          {
            "time": "2010-01-12T12:54:40+00:00",
            "course": 312.86,
            "speed": 12.0,
            "depth": 0.0
          },
          {
            "time": "2010-01-12T12:55:00+00:00",
            "course": 312.86,
            "speed": 12.0,
            "depth": 0.0
          },
          {
            "time": "2010-01-12T12:55:20+00:00",
            "course": 312.86,
            "speed": 12.0,
            "depth": 0.0
          },
          {
            "time": "2010-01-12T12:55:40+00:00",
            "course": 312.86,
            "speed": 12.0,
            "depth": 0.0
          },
          {
            "time": "2010-01-12T12:56:00+00:00",
            "course": 312.86,
            "speed": 12.0,
            "depth": 0.0
          },
          {
            "time": "2010-01-12T12:56:20+00:00",
            "course": 312.86,
            "speed": 12.0,
            "depth": 0.0
          },
          {
            "time": "2010-01-12T12:56:40+00:00",
            "course": 312.86,
            "speed": 12.0,
            "depth": 0.0
          },
          {
            "time": "2010-01-12T12:57:00+00:00",
            "course": 312.86,
            "speed": 12.0,
            "depth": 0.0
          },
          {
            "time": "2010-01-12T12:57:20+00:00",
            "course": 312.86,
            "speed": 12.0,
            "depth": 0.0
          },
          {
            "time": "2010-01-12T12:57:40+00:00",
            "course": 312.86,
            "speed": 12.0,
            "depth": 0.0
          },
          {
            "time": "2010-01-12T12:58:00+00:00",
            "course": 312.86,
            "speed": 12.0,
            "depth": 0.0
          },
          {
            "time": "2010-01-12T12:58:20+00:00",
            "course": 312.86,
            "speed": 12.0,
            "depth": 0.0
          },
          {
            "time": "2010-01-12T12:58:40+00:00",
            "course": 312.86,
            "speed": 12.0,
            "depth": 0.0
          },
          {
            "time": "2010-01-12T12:59:00+00:00",
            "course": 312.86,
            "speed": 12.0,
            "depth": 0.0
          },
          {
            "time": "2010-01-12T12:59:20+00:00",
            "course": 330.55,
            "speed": 12.0,
            "depth": 0.0
          },
          {
            "time": "2010-01-12T12:59:40+00:00",
            "course": 348.23,
            "speed": 12.0,
            "depth": 0.0
          },
          {
            "time": "2010-01-12T13:00:00+00:00",
            "course": 5.92,
            "speed": 12.0,
            "depth": 0.0
          },
          {
            "time": "2010-01-12T13:00:20+00:00",
            "course": 23.6,
            "speed": 12.0,
            "depth": 0.0
          },
          {
            "time": "2010-01-12T13:00:40+00:00",
            "course": 41.29,
            "speed": 12.0,
            "depth": 0.0
          },
          {
            "time": "2010-01-12T13:01:00+00:00",
            "course": 58.97,
            "speed": 12.0,
            "depth": 0.0
          },
          {
            "time": "2010-01-12T13:01:20+00:00",
            "course": 68.84,
            "speed": 12.0,
            "depth": 0.0
          },
          {
            "time": "2010-01-12T13:01:40+00:00",
            "course": 68.94,
            "speed": 12.0,
            "depth": 0.0
          },
          {
            "time": "2010-01-12T13:02:00+00:00",
            "course": 68.94,
            "speed": 12.0,
            "depth": 0.0
          },
          {
            "time": "2010-01-12T13:02:20+00:00",
            "course": 68.94,
            "speed": 12.0,
            "depth": 0.0
          },
          {
            "time": "2010-01-12T13:02:40+00:00",
            "course": 68.94,
            "speed": 12.0,
            "depth": 0.0
          },
          {
            "time": "2010-01-12T13:03:00+00:00",
            "course": 68.94,
            "speed": 12.0,
            "depth": 0.0
          },
          {
            "time": "2010-01-12T13:03:20+00:00",
            "course": 68.94,
            "speed": 12.0,
            "depth": 0.0
          },
          {
            "time": "2010-01-12T13:03:40+00:00",
            "course": 68.94,
            "speed": 12.0,
            "depth": 0.0
          },
          {
            "time": "2010-01-12T13:04:00+00:00",
            "course": 68.94,
            "speed": 12.0,
            "depth": 0.0
          },
          {
            "time": "2010-01-12T13:04:20+00:00",
            "course": 68.94,
            "speed": 12.0,
            "depth": 0.0
          },
          {
            "time": "2010-01-12T13:04:40+00:00",
            "course": 68.94,
            "speed": 12.0,
            "depth": 0.0
          },
          {
            "time": "2010-01-12T13:05:00+00:00",
            "course": 68.94,
            "speed": 12.0,
            "depth": 0.0
          },
          {
            "time": "2010-01-12T13:05:20+00:00",
            "course": 68.94,
            "speed": 12.0,
            "depth": 0.0
          },
          {
            "time": "2010-01-12T13:05:40+00:00",
            "course": 68.94,
            "speed": 12.0,
            "depth": 0.0
          },
          {
            "time": "2010-01-12T13:06:00+00:00",
            "course": 68.94,
            "speed": 12.0,
            "depth": 0.0
          },
          {
            "time": "2010-01-12T13:06:20+00:00",
            "course": 68.94,
            "speed": 12.0,
            "depth": 0.0
          },
          {
            "time": "2010-01-12T13:06:40+00:00",
            "course": 68.94,
            "speed": 12.0,
            "depth": 0.0
          },
          {
            "time": "2010-01-12T13:07:00+00:00",
            "course": 68.94,
            "speed": 12.0,
            "depth": 0.0
          },
          {
            "time": "2010-01-12T13:07:20+00:00",
            "course": 68.94,
            "speed": 12.0,
            "depth": 0.0
          },
          {
            "time": "2010-01-12T13:07:40+00:00",
            "course": 68.94,
            "speed": 12.0,
            "depth": 0.0
          },
          {
            "time": "2010-01-12T13:08:00+00:00",
            "course": 68.94,
            "speed": 12.0,
            "depth": 0.0
          },
          {
            "time": "2010-01-12T13:08:20+00:00",
            "course": 68.94,
            "speed": 12.0,
            "depth": 0.0
          },
          {
            "time": "2010-01-12T13:08:40+00:00",
            "course": 68.94,
            "speed": 12.0,
            "depth": 0.0
          },
          {
            "time": "2010-01-12T13:09:00+00:00",
            "course": 68.94,
            "speed": 12.0,
            "depth": 0.0
          },
          {
            "time": "2010-01-12T13:09:20+00:00",
            "course": 51.26,
            "speed": 12.0,
            "depth": 0.0
          },
          {
            "time": "2010-01-12T13:09:40+00:00",
            "course": 33.57,
            "speed": 12.0,
            "depth": 0.0
          },
          {
            "time": "2010-01-12T13:10:00+00:00",
            "course": 15.89,
            "speed": 12.0,
            "depth": 0.0
          },
          {
            "time": "2010-01-12T13:10:20+00:00",
            "course": 358.2,
            "speed": 12.0,
            "depth": 0.0
          },
          {
            "time": "2010-01-12T13:10:40+00:00",
            "course": 349.0,
            "speed": 12.0,
            "depth": 0.0
          },
          {
            "time": "2010-01-12T13:11:00+00:00",
            "course": 348.98,
            "speed": 12.0,
            "depth": 0.0
          },
          {
            "time": "2010-01-12T13:11:20+00:00",
            "course": 348.98,
            "speed": 12.0,
            "depth": 0.0
          },
          {
            "time": "2010-01-12T13:11:40+00:00",
            "course": 348.98,
            "speed": 12.0,
            "depth": 0.0
          },
          {
            "time": "2010-01-12T13:12:00+00:00",
            "course": 348.98,
            "speed": 12.0,
            "depth": 0.0
          },
          {
            "time": "2010-01-12T13:12:20+00:00",
            "course": 348.98,
            "speed": 12.0,
            "depth": 0.0
          },
          {
            "time": "2010-01-12T13:12:40+00:00",
            "course": 348.98,
            "speed": 12.0,
            "depth": 0.0
          },
          {
            "time": "2010-01-12T13:13:00+00:00",
            "course": 348.98,
            "speed": 12.0,
            "depth": 0.0
          },
          {
            "time": "2010-01-12T13:13:20+00:00",
            "course": 348.98,
            "speed": 12.0,
            "depth": 0.0
          },
          {
            "time": "2010-01-12T13:13:40+00:00",
            "course": 348.98,
            "speed": 12.0,
            "depth": 0.0
          },
          {
            "time": "2010-01-12T13:14:00+00:00",
            "course": 348.98,
            "speed": 12.0,
            "depth": 0.0
          },
          {
            "time": "2010-01-12T13:14:20+00:00",
            "course": 348.98,
            "speed": 12.0,
            "depth": 0.0
          },
          {
            "time": "2010-01-12T13:14:40+00:00",
            "course": 348.98,
            "speed": 12.0,
            "depth": 0.0
          },
          {
            "time": "2010-01-12T13:15:00+00:00",
            "course": 348.98,
            "speed": 12.0,
            "depth": 0.0
          },
          {
            "time": "2010-01-12T13:15:20+00:00",
            "course": 348.98,
            "speed": 12.0,
            "depth": 0.0
          },
          {
            "time": "2010-01-12T13:15:40+00:00",
            "course": 348.98,
            "speed": 12.0,
            "depth": 0.0
          },
          {
            "time": "2010-01-12T13:16:00+00:00",
            "course": 348.98,
            "speed": 12.0,
            "depth": 0.0
          },
          {
            "time": "2010-01-12T13:16:20+00:00",
            "course": 348.98,
            "speed": 12.0,
            "depth": 0.0
          },
          {
            "time": "2010-01-12T13:16:40+00:00",
            "course": 348.98,
            "speed": 12.0,
            "depth": 0.0
          },
          {
            "time": "2010-01-12T13:17:00+00:00",
            "course": 348.98,
            "speed": 12.0,
            "depth": 0.0
          },
          {
            "time": "2010-01-12T13:17:20+00:00",
            "course": 348.98,
            "speed": 12.0,
            "depth": 0.0
          },
          {
            "time": "2010-01-12T13:17:40+00:00",
            "course": 348.98,
            "speed": 12.0,
            "depth": 0.0
          },
          {
            "time": "2010-01-12T13:18:00+00:00",
            "course": 348.98,
            "speed": 12.0,
            "depth": 0.0
          },
          {
            "time": "2010-01-12T13:18:20+00:00",
            "course": 348.98,
            "speed": 12.0,
            "depth": 0.0
          },
          {
            "time": "2010-01-12T13:18:40+00:00",
            "course": 348.98,
            "speed": 12.0,
            "depth": 0.0
          },
          {
            "time": "2010-01-12T13:19:00+00:00",
            "course": 348.98,
            "speed": 12.0,
            "depth": 0.0
          },
          {
            "time": "2010-01-12T13:19:20+00:00",
            "course": 348.98,
            "speed": 12.0,
            "depth": 0.0
          },
          {
            "time": "2010-01-12T13:19:40+00:00",
            "course": 348.98,
            "speed": 12.0,
            "depth": 0.0
          },
          {
            "time": "2010-01-12T13:20:00+00:00",
            "course": 348.98,
            "speed": 12.0,
            "depth": 0.0
          },
          {
            "time": "2010-01-12T13:20:20+00:00",
            "course": 348.98,
            "speed": 12.0,
            "depth": 0.0
          },
          {
            "time": "2010-01-12T13:20:40+00:00",
            "course": 348.98,
            "speed": 12.0,
            "depth": 0.0
          },
          {
            "time": "2010-01-12T13:21:00+00:00",
            "course": 348.98,
            "speed": 12.0,
            "depth": 0.0
          },
          {
            "time": "2010-01-12T13:21:20+00:00",
            "course": 348.98,
            "speed": 12.0,
            "depth": 0.0
          },
          {
            "time": "2010-01-12T13:21:40+00:00",
            "course": 348.98,
            "speed": 12.0,
            "depth": 0.0
          },
          {
            "time": "2010-01-12T13:22:00+00:00",
            "course": 348.98,
            "speed": 12.0,
            "depth": 0.0
          },
          {
            "time": "2010-01-12T13:22:20+00:00",
            "course": 348.98,
            "speed": 12.0,
            "depth": 0.0
          },
          {
            "time": "2010-01-12T13:22:40+00:00",
            "course": 348.98,
            "speed": 12.0,
            "depth": 0.0
          },
          {
            "time": "2010-01-12T13:23:00+00:00",
            "course": 348.98,
            "speed": 12.0,
            "depth": 0.0
          },
          {
            "time": "2010-01-12T13:23:20+00:00",
            "course": 348.98,
            "speed": 12.0,
            "depth": 0.0
          },
          {
            "time": "2010-01-12T13:23:40+00:00",
            "course": 348.98,
            "speed": 12.0,
            "depth": 0.0
          },
          {
            "time": "2010-01-12T13:24:00+00:00",
            "course": 348.98,
            "speed": 12.0,
            "depth": 0.0
          },
          {
            "time": "2010-01-12T13:24:20+00:00",
            "course": 348.98,
            "speed": 12.0,
            "depth": 0.0
          },
          {
            "time": "2010-01-12T13:24:40+00:00",
            "course": 348.98,
            "speed": 12.0,
            "depth": 0.0
          },
          {
            "time": "2010-01-12T13:25:00+00:00",
            "course": 348.98,
            "speed": 12.0,
            "depth": 0.0
          },
          {
            "time": "2010-01-12T13:25:20+00:00",
            "course": 348.98,
            "speed": 12.0,
            "depth": 0.0
          },
          {
            "time": "2010-01-12T13:25:40+00:00",
            "course": 348.98,
            "speed": 12.0,
            "depth": 0.0
          },
          {
            "time": "2010-01-12T13:26:00+00:00",
            "course": 348.98,
            "speed": 12.0,
            "depth": 0.0
          },
          {
            "time": "2010-01-12T13:26:20+00:00",
            "course": 348.98,
            "speed": 12.0,
            "depth": 0.0
          },
          {
            "time": "2010-01-12T13:26:40+00:00",
            "course": 348.98,
            "speed": 12.0,
            "depth": 0.0
          },
          {
            "time": "2010-01-12T13:27:00+00:00",
            "course": 348.98,
            "speed": 12.0,
            "depth": 0.0
          },
          {
            "time": "2010-01-12T13:27:20+00:00",
            "course": 348.98,
            "speed": 12.0,
            "depth": 0.0
          },
          {
            "time": "2010-01-12T13:27:40+00:00",
            "course": 348.98,
            "speed": 12.0,
            "depth": 0.0
          },
          {
            "time": "2010-01-12T13:28:00+00:00",
            "course": 348.98,
            "speed": 12.0,
            "depth": 0.0
          },
          {
            "time": "2010-01-12T13:28:20+00:00",
            "course": 348.98,
            "speed": 12.0,
            "depth": 0.0
          },
          {
            "time": "2010-01-12T13:28:40+00:00",
            "course": 348.98,
            "speed": 12.0,
            "depth": 0.0
          },
          {
            "time": "2010-01-12T13:29:00+00:00",
            "course": 348.98,
            "speed": 12.0,
            "depth": 0.0
          },
          {
            "time": "2010-01-12T13:29:20+00:00",
            "course": 348.98,
            "speed": 12.0,
            "depth": 0.0
          },
          {
            "time": "2010-01-12T13:29:40+00:00",
            "course": 348.98,
            "speed": 12.0,
            "depth": 0.0
          },
          {
            "time": "2010-01-12T13:30:00+00:00",
            "course": 348.98,
            "speed": 12.0,
            "depth": 0.0
          },
          {
            "time": "2010-01-12T13:30:20+00:00",
            "course": 348.98,
            "speed": 12.0,
            "depth": 0.0
          },
          {
            "time": "2010-01-12T13:30:40+00:00",
            "course": 348.98,
            "speed": 12.0,
            "depth": 0.0
          },
          {
            "time": "2010-01-12T13:31:00+00:00",
            "course": 348.98,
            "speed": 12.0,
            "depth": 0.0
          },
          {
            "time": "2010-01-12T13:31:20+00:00",
            "course": 348.98,
            "speed": 12.0,
            "depth": 0.0
          },
          {
            "time": "2010-01-12T13:31:40+00:00",
            "course": 348.98,
            "speed": 12.0,
            "depth": 0.0
          },
          {
            "time": "2010-01-12T13:32:00+00:00",
            "course": 348.98,
            "speed": 12.0,
            "depth": 0.0
          },
          {
            "time": "2010-01-12T13:32:20+00:00",
            "course": 348.98,
            "speed": 12.0,
            "depth": 0.0
          },
          {
            "time": "2010-01-12T13:32:40+00:00",
            "course": 348.98,
            "speed": 12.0,
            "depth": 0.0
          },
          {
            "time": "2010-01-12T13:33:00+00:00",
            "course": 348.98,
            "speed": 12.0,
            "depth": 0.0
          },
          {
            "time": "2010-01-12T13:33:20+00:00",
            "course": 348.98,
            "speed": 12.0,
            "depth": 0.0
          },
          {
            "time": "2010-01-12T13:33:40+00:00",
            "course": 348.98,
            "speed": 12.0,
            "depth": 0.0
          },
          {
            "time": "2010-01-12T13:34:00+00:00",
            "course": 348.98,
            "speed": 12.0,
            "depth": 0.0
          },
          {
            "time": "2010-01-12T13:34:20+00:00",
            "course": 348.98,
            "speed": 12.0,
            "depth": 0.0
          },
          {
            "time": "2010-01-12T13:34:40+00:00",
            "course": 348.98,
            "speed": 12.0,
            "depth": 0.0
          },
          {
            "time": "2010-01-12T13:35:00+00:00",
            "course": 348.98,
            "speed": 12.0,
            "depth": 0.0
          },
          {
            "time": "2010-01-12T13:35:20+00:00",
            "course": 348.98,
            "speed": 12.0,
            "depth": 0.0
          },
          {
            "time": "2010-01-12T13:35:40+00:00",
            "course": 348.98,
            "speed": 12.0,
            "depth": 0.0
          },
          {
            "time": "2010-01-12T13:36:00+00:00",
            "course": 348.98,
            "speed": 12.0,
            "depth": 0.0
          },
          {
            "time": "2010-01-12T13:36:20+00:00",
            "course": 348.98,
            "speed": 12.0,
            "depth": 0.0
          },
          {
            "time": "2010-01-12T13:36:40+00:00",
            "course": 348.98,
            "speed": 12.0,
            "depth": 0.0
          },
          {
            "time": "2010-01-12T13:37:00+00:00",
            "course": 348.98,
            "speed": 12.0,
            "depth": 0.0
          },
          {
            "time": "2010-01-12T13:37:20+00:00",
            "course": 348.98,
            "speed": 12.0,
            "depth": 0.0
          },
          {
            "time": "2010-01-12T13:37:40+00:00",
            "course": 348.98,
            "speed": 12.0,
            "depth": 0.0
          },
          {
            "time": "2010-01-12T13:38:00+00:00",
            "course": 348.98,
            "speed": 12.0,
            "depth": 0.0
          },
          {
            "time": "2010-01-12T13:38:20+00:00",
            "course": 348.98,
            "speed": 12.0,
            "depth": 0.0
          },
          {
            "time": "2010-01-12T13:38:40+00:00",
            "course": 348.98,
            "speed": 12.0,
            "depth": 0.0
          },
          {
            "time": "2010-01-12T13:39:00+00:00",
            "course": 348.98,
            "speed": 12.0,
            "depth": 0.0
          },
          {
            "time": "2010-01-12T13:39:20+00:00",
            "course": 348.98,
            "speed": 12.0,
            "depth": 0.0
          },
          {
            "time": "2010-01-12T13:39:40+00:00",
            "course": 348.98,
            "speed": 12.0,
            "depth": 0.0
          },
          {
            "time": "2010-01-12T13:40:00+00:00",
            "course": 348.98,
            "speed": 12.0,
            "depth": 0.0
          },
          {
            "time": "2010-01-12T13:40:20+00:00",
            "course": 348.98,
            "speed": 12.0,
            "depth": 0.0
          },
          {
            "time": "2010-01-12T13:40:40+00:00",
            "course": 348.98,
            "speed": 12.0,
            "depth": 0.0
          },
          {
            "time": "2010-01-12T13:41:00+00:00",
            "course": 348.98,
            "speed": 12.0,
            "depth": 0.0
          },
          {
            "time": "2010-01-12T13:41:20+00:00",
            "course": 348.98,
            "speed": 12.0,
            "depth": 0.0
          },
          {
            "time": "2010-01-12T13:41:40+00:00",
            "course": 348.98,
            "speed": 12.0,
            "depth": 0.0
          },
          {
            "time": "2010-01-12T13:42:00+00:00",
            "course": 348.98,
            "speed": 12.0,
            "depth": 0.0
          },
          {
            "time": "2010-01-12T13:42:20+00:00",
            "course": 348.98,
            "speed": 12.0,
            "depth": 0.0
          },
          {
            "time": "2010-01-12T13:42:40+00:00",
            "course": 348.98,
            "speed": 12.0,
            "depth": 0.0
          },
          {
            "time": "2010-01-12T13:43:00+00:00",
            "course": 348.98,
            "speed": 12.0,
            "depth": 0.0
          },
          {
            "time": "2010-01-12T13:43:20+00:00",
            "course": 348.98,
            "speed": 12.0,
            "depth": 0.0
          },
          {
            "time": "2010-01-12T13:43:40+00:00",
            "course": 348.98,
            "speed": 12.0,
            "depth": 0.0
          },
          {
            "time": "2010-01-12T13:44:00+00:00",
            "course": 348.98,
            "speed": 12.0,
            "depth": 0.0
          },
          {
            "time": "2010-01-12T13:44:20+00:00",
            "course": 348.98,
            "speed": 12.0,
            "depth": 0.0
          },
          {
            "time": "2010-01-12T13:44:40+00:00",
            "course": 348.98,
            "speed": 12.0,
            "depth": 0.0
          },
          {
            "time": "2010-01-12T13:45:00+00:00",
            "course": 348.98,
            "speed": 12.0,
            "depth": 0.0
          },
          {
            "time": "2010-01-12T13:45:20+00:00",
            "course": 348.98,
            "speed": 12.0,
            "depth": 0.0
          },
          {
            "time": "2010-01-12T13:45:40+00:00",
            "course": 348.98,
            "speed": 12.0,
            "depth": 0.0
          },
          {
            "time": "2010-01-12T13:46:00+00:00",
            "course": 348.98,
            "speed": 12.0,
            "depth": 0.0
          },
          {
            "time": "2010-01-12T13:46:20+00:00",
            "course": 348.98,
            "speed": 12.0,
            "depth": 0.0
          },
          {
            "time": "2010-01-12T13:46:40+00:00",
            "course": 348.98,
            "speed": 12.0,
            "depth": 0.0
          },
          {
            "time": "2010-01-12T13:47:00+00:00",
            "course": 348.98,
            "speed": 12.0,
            "depth": 0.0
          },
          {
            "time": "2010-01-12T13:47:20+00:00",
            "course": 348.98,
            "speed": 12.0,
            "depth": 0.0
          },
          {
            "time": "2010-01-12T13:47:40+00:00",
            "course": 348.98,
            "speed": 12.0,
            "depth": 0.0
          },
          {
            "time": "2010-01-12T13:48:00+00:00",
            "course": 348.98,
            "speed": 12.0,
            "depth": 0.0
          },
          {
            "time": "2010-01-12T13:48:20+00:00",
            "course": 348.98,
            "speed": 12.0,
            "depth": 0.0
          },
          {
            "time": "2010-01-12T13:48:40+00:00",
            "course": 348.98,
            "speed": 12.0,
            "depth": 0.0
          },
          {
            "time": "2010-01-12T13:49:00+00:00",
            "course": 348.98,
            "speed": 12.0,
            "depth": 0.0
          },
          {
            "time": "2010-01-12T13:49:20+00:00",
            "course": 348.98,
            "speed": 12.0,
            "depth": 0.0
          },
          {
            "time": "2010-01-12T13:49:40+00:00",
            "course": 348.98,
            "speed": 12.0,
            "depth": 0.0
          },
          {
            "time": "2010-01-12T13:50:00+00:00",
            "course": 348.98,
            "speed": 12.0,
            "depth": 0.0
          },
          {
            "time": "2010-01-12T13:50:20+00:00",
            "course": 348.98,
            "speed": 12.0,
            "depth": 0.0
          },
          {
            "time": "2010-01-12T13:50:40+00:00",
            "course": 348.98,
            "speed": 12.0,
            "depth": 0.0
          },
          {
            "time": "2010-01-12T13:51:00+00:00",
            "course": 348.98,
            "speed": 12.0,
            "depth": 0.0
          },
          {
            "time": "2010-01-12T13:51:20+00:00",
            "course": 348.98,
            "speed": 12.0,
            "depth": 0.0
          },
          {
            "time": "2010-01-12T13:51:40+00:00",
            "course": 348.98,
            "speed": 12.0,
            "depth": 0.0
          },
          {
            "time": "2010-01-12T13:52:00+00:00",
            "course": 348.98,
            "speed": 12.0,
            "depth": 0.0
          },
          {
            "time": "2010-01-12T13:52:20+00:00",
            "course": 348.98,
            "speed": 12.0,
            "depth": 0.0
          },
          {
            "time": "2010-01-12T13:52:40+00:00",
            "course": 348.98,
            "speed": 12.0,
            "depth": 0.0
          },
          {
            "time": "2010-01-12T13:53:00+00:00",
            "course": 348.98,
            "speed": 12.0,
            "depth": 0.0
          },
          {
            "time": "2010-01-12T13:53:20+00:00",
            "course": 348.98,
            "speed": 12.0,
            "depth": 0.0
          },
          {
            "time": "2010-01-12T13:53:40+00:00",
            "course": 348.98,
            "speed": 12.0,
            "depth": 0.0
          },
          {
            "time": "2010-01-12T13:54:00+00:00",
            "course": 348.98,
            "speed": 12.0,
            "depth": 0.0
          },
          {
            "time": "2010-01-12T13:54:20+00:00",
            "course": 348.98,
            "speed": 12.0,
            "depth": 0.0
          },
          {
            "time": "2010-01-12T13:54:40+00:00",
            "course": 348.98,
            "speed": 12.0,
            "depth": 0.0
          },
          {
            "time": "2010-01-12T13:55:00+00:00",
            "course": 348.98,
            "speed": 12.0,
            "depth": 0.0
          },
          {
            "time": "2010-01-12T13:55:20+00:00",
            "course": 348.98,
            "speed": 12.0,
            "depth": 0.0
          },
          {
            "time": "2010-01-12T13:55:40+00:00",
            "course": 348.98,
            "speed": 12.0,
            "depth": 0.0
          },
          {
            "time": "2010-01-12T13:56:00+00:00",
            "course": 348.98,
            "speed": 12.0,
            "depth": 0.0
          },
          {
            "time": "2010-01-12T13:56:20+00:00",
            "course": 348.98,
            "speed": 12.0,
            "depth": 0.0
          },
          {
            "time": "2010-01-12T13:56:40+00:00",
            "course": 348.98,
            "speed": 12.0,
            "depth": 0.0
          },
          {
            "time": "2010-01-12T13:57:00+00:00",
            "course": 348.98,
            "speed": 12.0,
            "depth": 0.0
          },
          {
            "time": "2010-01-12T13:57:20+00:00",
            "course": 348.98,
            "speed": 12.0,
            "depth": 0.0
          },
          {
            "time": "2010-01-12T13:57:40+00:00",
            "course": 348.98,
            "speed": 12.0,
            "depth": 0.0
          },
          {
            "time": "2010-01-12T13:58:00+00:00",
            "course": 348.98,
            "speed": 12.0,
            "depth": 0.0
          },
          {
            "time": "2010-01-12T13:58:20+00:00",
            "course": 348.98,
            "speed": 12.0,
            "depth": 0.0
          },
          {
            "time": "2010-01-12T13:58:40+00:00",
            "course": 348.98,
            "speed": 12.0,
            "depth": 0.0
          },
          {
            "time": "2010-01-12T13:59:00+00:00",
            "course": 348.98,
            "speed": 12.0,
            "depth": 0.0
          },
          {
            "time": "2010-01-12T13:59:20+00:00",
            "course": 348.98,
            "speed": 12.0,
            "depth": 0.0
          },
          {
            "time": "2010-01-12T13:59:40+00:00",
            "course": 348.98,
            "speed": 12.0,
            "depth": 0.0
          },
          {
            "time": "2010-01-12T14:00:00+00:00",
            "course": 348.98,
            "speed": 12.0,
            "depth": 0.0
          }
        ],
        "style": {
          "line": {
            "color": "#FFA500"
          },
          "point": {
            "shape": "circle",
            "radius": 3.0,
            "fill_color": "#FFA500",
            "color": "#FFA500"
          }
        },
        "default_position_style": {
          "show_symbol": false,
          "symbol": "circle",
          "show_label": false
        },
        "symbol_interval": "PT10M",
        "label_interval": "PT30M",
        "provenance": [
          {
            "activity_id": "d765d379-5fdc-4f16-be4a-d094c2659db5",
            "timestamp": "2026-03-21T10:15:01.874540Z",
            "was_generated_by": {
              "tool": "rep-parser",
              "tool_version": "1.0.0",
              "parameters": []
            },
            "used": [],
            "generated": [
              "b5c9c8d3-f6a2-496c-b845-172dd7ddab34"
            ],
            "execution_duration": "PT0S"
          }
        ]
      }
    },
    {
      "type": "Feature",
      "id": "79dac896-5ceb-46ae-8d85-e71a541a0eea",
      "geometry": null,
      "properties": {
        "kind": "SENSOR2",
        "track_id": "SENSOR",
        "bearing": 164.87,
        "range": 235.13,
        "frequency": 150.916,
        "speed": null,
        "sensor_type": "\"tail",
        "timestamp": "2010-01-12T12:02:20+00:00",
        "label": "sensor\" SUBJECT held on tail sensor",
        "symbol": "A",
        "style": {
          "stroke": true,
          "color": "#0000FF",
          "weight": 1,
          "opacity": 1.0
        },
        "provenance": [
          {
            "activity_id": "d765d379-5fdc-4f16-be4a-d094c2659db5",
            "timestamp": "2026-03-21T10:15:01.874540Z",
            "was_generated_by": {
              "tool": "rep-parser",
              "tool_version": "1.0.0",
              "parameters": []
            },
            "used": [],
            "generated": [
              "79dac896-5ceb-46ae-8d85-e71a541a0eea"
            ],
            "execution_duration": "PT0S"
          }
        ]
      }
    },
    {
      "type": "Feature",
      "id": "4dd891ad-b102-4426-a386-38ec60fce885",
      "geometry": null,
      "properties": {
        "kind": "SENSOR2",
        "track_id": "SENSOR",
        "bearing": 163.16,
        "range": 236.84,
        "frequency": 150.911,
        "speed": null,
        "sensor_type": "\"tail",
        "timestamp": "2010-01-12T12:04:40+00:00",
        "label": "sensor\" SUBJECT held on tail sensor",
        "symbol": "A",
        "style": {
          "stroke": true,
          "color": "#0000FF",
          "weight": 1,
          "opacity": 1.0
        },
        "provenance": [
          {
            "activity_id": "d765d379-5fdc-4f16-be4a-d094c2659db5",
            "timestamp": "2026-03-21T10:15:01.874540Z",
            "was_generated_by": {
              "tool": "rep-parser",
              "tool_version": "1.0.0",
              "parameters": []
            },
            "used": [],
            "generated": [
              "4dd891ad-b102-4426-a386-38ec60fce885"
            ],
            "execution_duration": "PT0S"
          }
        ]
      }
    },
    {
      "type": "Feature",
      "id": "9f616eb3-e9b9-4a99-b091-0b7c919aafcc",
      "geometry": null,
      "properties": {
        "kind": "SENSOR2",
        "track_id": "SENSOR",
        "bearing": 160.74,
        "range": 239.26,
        "frequency": 150.903,
        "speed": null,
        "sensor_type": "\"tail",
        "timestamp": "2010-01-12T12:07:00+00:00",
        "label": "sensor\" SUBJECT held on tail sensor",
        "symbol": "A",
        "style": {
          "stroke": true,
          "color": "#0000FF",
          "weight": 1,
          "opacity": 1.0
        },
        "provenance": [
          {
            "activity_id": "d765d379-5fdc-4f16-be4a-d094c2659db5",
            "timestamp": "2026-03-21T10:15:01.874540Z",
            "was_generated_by": {
              "tool": "rep-parser",
              "tool_version": "1.0.0",
              "parameters": []
            },
            "used": [],
            "generated": [
              "9f616eb3-e9b9-4a99-b091-0b7c919aafcc"
            ],
            "execution_duration": "PT0S"
          }
        ]
      }
    },
    {
      "type": "Feature",
      "id": "2c8625db-8219-47da-bd13-e58efb3c6e5d",
      "geometry": null,
      "properties": {
        "kind": "SENSOR2",
        "track_id": "SENSOR",
        "bearing": 157.08,
        "range": 242.92,
        "frequency": 150.887,
        "speed": null,
        "sensor_type": "\"tail",
        "timestamp": "2010-01-12T12:09:20+00:00",
        "label": "sensor\" SUBJECT held on tail sensor",
        "symbol": "A",
        "style": {
          "stroke": true,
          "color": "#0000FF",
          "weight": 1,
          "opacity": 1.0
        },
        "provenance": [
          {
            "activity_id": "d765d379-5fdc-4f16-be4a-d094c2659db5",
            "timestamp": "2026-03-21T10:15:01.874540Z",
            "was_generated_by": {
              "tool": "rep-parser",
              "tool_version": "1.0.0",
              "parameters": []
            },
            "used": [],
            "generated": [
              "2c8625db-8219-47da-bd13-e58efb3c6e5d"
            ],
            "execution_duration": "PT0S"
          }
        ]
      }
    },
    {
      "type": "Feature",
      "id": "0dd49f72-41b5-4bfb-8946-ffa77114db4c",
      "geometry": null,
      "properties": {
        "kind": "SENSOR2",
        "track_id": "SENSOR",
        "bearing": 150.99,
        "range": 249.01,
        "frequency": 150.852,
        "speed": null,
        "sensor_type": "\"tail",
        "timestamp": "2010-01-12T12:11:40+00:00",
        "label": "sensor\" SUBJECT held on tail sensor",
        "symbol": "A",
        "style": {
          "stroke": true,
          "color": "#0000FF",
          "weight": 1,
          "opacity": 1.0
        },
        "provenance": [
          {
            "activity_id": "d765d379-5fdc-4f16-be4a-d094c2659db5",
            "timestamp": "2026-03-21T10:15:01.874540Z",
            "was_generated_by": {
              "tool": "rep-parser",
              "tool_version": "1.0.0",
              "parameters": []
            },
            "used": [],
            "generated": [
              "0dd49f72-41b5-4bfb-8946-ffa77114db4c"
            ],
            "execution_duration": "PT0S"
          }
        ]
      }
    },
    {
      "type": "Feature",
      "id": "accc32da-00ad-44ab-a653-40c351ca6135",
      "geometry": null,
      "properties": {
        "kind": "SENSOR2",
        "track_id": "SENSOR",
        "bearing": 139.29,
        "range": 260.71,
        "frequency": 150.758,
        "speed": null,
        "sensor_type": "\"tail",
        "timestamp": "2010-01-12T12:14:00+00:00",
        "label": "sensor\" SUBJECT held on tail sensor",
        "symbol": "A",
        "style": {
          "stroke": true,
          "color": "#0000FF",
          "weight": 1,
          "opacity": 1.0
        },
        "provenance": [
          {
            "activity_id": "d765d379-5fdc-4f16-be4a-d094c2659db5",
            "timestamp": "2026-03-21T10:15:01.874540Z",
            "was_generated_by": {
              "tool": "rep-parser",
              "tool_version": "1.0.0",
              "parameters": []
            },
            "used": [],
            "generated": [
              "accc32da-00ad-44ab-a653-40c351ca6135"
            ],
            "execution_duration": "PT0S"
          }
        ]
      }
    },
    {
      "type": "Feature",
      "id": "6c192707-d287-4077-ac2a-49bfb4c5eed8",
      "geometry": null,
      "properties": {
        "kind": "SENSOR2",
        "track_id": "SENSOR",
        "bearing": 112.93,
        "range": 287.07,
        "frequency": 150.44,
        "speed": null,
        "sensor_type": "\"tail",
        "timestamp": "2010-01-12T12:16:20+00:00",
        "label": "sensor\" SUBJECT held on tail sensor",
        "symbol": "A",
        "style": {
          "stroke": true,
          "color": "#0000FF",
          "weight": 1,
          "opacity": 1.0
        },
        "provenance": [
          {
            "activity_id": "d765d379-5fdc-4f16-be4a-d094c2659db5",
            "timestamp": "2026-03-21T10:15:01.874540Z",
            "was_generated_by": {
              "tool": "rep-parser",
              "tool_version": "1.0.0",
              "parameters": []
            },
            "used": [],
            "generated": [
              "6c192707-d287-4077-ac2a-49bfb4c5eed8"
            ],
            "execution_duration": "PT0S"
          }
        ]
      }
    },
    {
      "type": "Feature",
      "id": "ca0fc731-3e67-4f15-b65e-7f676b8a663b",
      "geometry": null,
      "properties": {
        "kind": "SENSOR2",
        "track_id": "SENSOR",
        "bearing": 66.31,
        "range": 333.69,
        "frequency": 149.707,
        "speed": null,
        "sensor_type": "\"tail",
        "timestamp": "2010-01-12T12:18:40+00:00",
        "label": "sensor\" SUBJECT held on tail sensor",
        "symbol": "A",
        "style": {
          "stroke": true,
          "color": "#0000FF",
          "weight": 1,
          "opacity": 1.0
        },
        "provenance": [
          {
            "activity_id": "d765d379-5fdc-4f16-be4a-d094c2659db5",
            "timestamp": "2026-03-21T10:15:01.874540Z",
            "was_generated_by": {
              "tool": "rep-parser",
              "tool_version": "1.0.0",
              "parameters": []
            },
            "used": [],
            "generated": [
              "ca0fc731-3e67-4f15-b65e-7f676b8a663b"
            ],
            "execution_duration": "PT0S"
          }
        ]
      }
    },
    {
      "type": "Feature",
      "id": "987de20a-ad02-4871-993b-547bbc18b55d",
      "geometry": null,
      "properties": {
        "kind": "SENSOR2",
        "track_id": "SENSOR",
        "bearing": 34.47,
        "range": 5.53,
        "frequency": 149.288,
        "speed": null,
        "sensor_type": "\"tail",
        "timestamp": "2010-01-12T12:21:00+00:00",
        "label": "sensor\" SUBJECT held on tail sensor",
        "symbol": "A",
        "style": {
          "stroke": true,
          "color": "#0000FF",
          "weight": 1,
          "opacity": 1.0
        },
        "provenance": [
          {
            "activity_id": "d765d379-5fdc-4f16-be4a-d094c2659db5",
            "timestamp": "2026-03-21T10:15:01.874540Z",
            "was_generated_by": {
              "tool": "rep-parser",
              "tool_version": "1.0.0",
              "parameters": []
            },
            "used": [],
            "generated": [
              "987de20a-ad02-4871-993b-547bbc18b55d"
            ],
            "execution_duration": "PT0S"
          }
        ]
      }
    },
    {
      "type": "Feature",
      "id": "52cf9d2f-6887-4f4a-8378-d301ab92b6f5",
      "geometry": null,
      "properties": {
        "kind": "SENSOR2",
        "track_id": "SENSOR",
        "bearing": 20.48,
        "range": 19.52,
        "frequency": 149.166,
        "speed": null,
        "sensor_type": "\"tail",
        "timestamp": "2010-01-12T12:23:20+00:00",
        "label": "sensor\" SUBJECT held on tail sensor",
        "symbol": "A",
        "style": {
          "stroke": true,
          "color": "#0000FF",
          "weight": 1,
          "opacity": 1.0
        },
        "provenance": [
          {
            "activity_id": "d765d379-5fdc-4f16-be4a-d094c2659db5",
            "timestamp": "2026-03-21T10:15:01.874540Z",
            "was_generated_by": {
              "tool": "rep-parser",
              "tool_version": "1.0.0",
              "parameters": []
            },
            "used": [],
            "generated": [
              "52cf9d2f-6887-4f4a-8378-d301ab92b6f5"
            ],
            "execution_duration": "PT0S"
          }
        ]
      }
    },
    {
      "type": "Feature",
      "id": "0479e6db-bfb0-4fd1-9365-fd1adefb7ca5",
      "geometry": null,
      "properties": {
        "kind": "SENSOR2",
        "track_id": "SENSOR",
        "bearing": 13.49,
        "range": 26.51,
        "frequency": 149.123,
        "speed": null,
        "sensor_type": "\"tail",
        "timestamp": "2010-01-12T12:25:40+00:00",
        "label": "sensor\" SUBJECT held on tail sensor",
        "symbol": "A",
        "style": {
          "stroke": true,
          "color": "#0000FF",
          "weight": 1,
          "opacity": 1.0
        },
        "provenance": [
          {
            "activity_id": "d765d379-5fdc-4f16-be4a-d094c2659db5",
            "timestamp": "2026-03-21T10:15:01.874540Z",
            "was_generated_by": {
              "tool": "rep-parser",
              "tool_version": "1.0.0",
              "parameters": []
            },
            "used": [],
            "generated": [
              "0479e6db-bfb0-4fd1-9365-fd1adefb7ca5"
            ],
            "execution_duration": "PT0S"
          }
        ]
      }
    },
    {
      "type": "Feature",
      "id": "f776c99e-7b57-4cde-b812-b8ccd2dba222",
      "geometry": null,
      "properties": {
        "kind": "SENSOR2",
        "track_id": "SENSOR",
        "bearing": 9.41,
        "range": 30.59,
        "frequency": 149.105,
        "speed": null,
        "sensor_type": "\"tail",
        "timestamp": "2010-01-12T12:28:00+00:00",
        "label": "sensor\" SUBJECT held on tail sensor",
        "symbol": "A",
        "style": {
          "stroke": true,
          "color": "#0000FF",
          "weight": 1,
          "opacity": 1.0
        },
        "provenance": [
          {
            "activity_id": "d765d379-5fdc-4f16-be4a-d094c2659db5",
            "timestamp": "2026-03-21T10:15:01.874540Z",
            "was_generated_by": {
              "tool": "rep-parser",
              "tool_version": "1.0.0",
              "parameters": []
            },
            "used": [],
            "generated": [
              "f776c99e-7b57-4cde-b812-b8ccd2dba222"
            ],
            "execution_duration": "PT0S"
          }
        ]
      }
    },
    {
      "type": "Feature",
      "id": "029258da-c90f-487d-adfe-f4daea1810fb",
      "geometry": null,
      "properties": {
        "kind": "SENSOR2",
        "track_id": "SENSOR",
        "bearing": 9.25,
        "range": 256.47,
        "frequency": 150.039,
        "speed": null,
        "sensor_type": "\"tail",
        "timestamp": "2010-01-12T12:37:20+00:00",
        "label": "sensor\" SUBJECT held on tail sensor",
        "symbol": "A",
        "style": {
          "stroke": true,
          "color": "#0000FF",
          "weight": 1,
          "opacity": 1.0
        },
        "provenance": [
          {
            "activity_id": "d765d379-5fdc-4f16-be4a-d094c2659db5",
            "timestamp": "2026-03-21T10:15:01.874540Z",
            "was_generated_by": {
              "tool": "rep-parser",
              "tool_version": "1.0.0",
              "parameters": []
            },
            "used": [],
            "generated": [
              "029258da-c90f-487d-adfe-f4daea1810fb"
            ],
            "execution_duration": "PT0S"
          }
        ]
      }
    },
    {
      "type": "Feature",
      "id": "f67e173f-4e78-46f9-9a86-802b02bde6b0",
      "geometry": null,
      "properties": {
        "kind": "SENSOR2",
        "track_id": "SENSOR",
        "bearing": 11.26,
        "range": 254.47,
        "frequency": 149.893,
        "speed": null,
        "sensor_type": "\"tail",
        "timestamp": "2010-01-12T12:39:40+00:00",
        "label": "sensor\" SUBJECT held on tail sensor",
        "symbol": "A",
        "style": {
          "stroke": true,
          "color": "#0000FF",
          "weight": 1,
          "opacity": 1.0
        },
        "provenance": [
          {
            "activity_id": "d765d379-5fdc-4f16-be4a-d094c2659db5",
            "timestamp": "2026-03-21T10:15:01.874540Z",
            "was_generated_by": {
              "tool": "rep-parser",
              "tool_version": "1.0.0",
              "parameters": []
            },
            "used": [],
            "generated": [
              "f67e173f-4e78-46f9-9a86-802b02bde6b0"
            ],
            "execution_duration": "PT0S"
          }
        ]
      }
    },
    {
      "type": "Feature",
      "id": "6de1cae6-d6ff-48bf-8999-3c9a225b26c7",
      "geometry": null,
      "properties": {
        "kind": "SENSOR2",
        "track_id": "SENSOR",
        "bearing": 14.57,
        "range": 251.15,
        "frequency": 149.872,
        "speed": null,
        "sensor_type": "\"tail",
        "timestamp": "2010-01-12T12:42:00+00:00",
        "label": "sensor\" SUBJECT held on tail sensor",
        "symbol": "A",
        "style": {
          "stroke": true,
          "color": "#0000FF",
          "weight": 1,
          "opacity": 1.0
        },
        "provenance": [
          {
            "activity_id": "d765d379-5fdc-4f16-be4a-d094c2659db5",
            "timestamp": "2026-03-21T10:15:01.874540Z",
            "was_generated_by": {
              "tool": "rep-parser",
              "tool_version": "1.0.0",
              "parameters": []
            },
            "used": [],
            "generated": [
              "6de1cae6-d6ff-48bf-8999-3c9a225b26c7"
            ],
            "execution_duration": "PT0S"
          }
        ]
      }
    },
    {
      "type": "Feature",
      "id": "7aefaa7e-8fce-44d4-b540-df6d3c1a00cf",
      "geometry": null,
      "properties": {
        "kind": "SENSOR2",
        "track_id": "SENSOR",
        "bearing": 17.75,
        "range": 247.98,
        "frequency": 149.853,
        "speed": null,
        "sensor_type": "\"tail",
        "timestamp": "2010-01-12T12:44:20+00:00",
        "label": "sensor\" SUBJECT held on tail sensor",
        "symbol": "A",
        "style": {
          "stroke": true,
          "color": "#0000FF",
          "weight": 1,
          "opacity": 1.0
        },
        "provenance": [
          {
            "activity_id": "d765d379-5fdc-4f16-be4a-d094c2659db5",
            "timestamp": "2026-03-21T10:15:01.874540Z",
            "was_generated_by": {
              "tool": "rep-parser",
              "tool_version": "1.0.0",
              "parameters": []
            },
            "used": [],
            "generated": [
              "7aefaa7e-8fce-44d4-b540-df6d3c1a00cf"
            ],
            "execution_duration": "PT0S"
          }
        ]
      }
    },
    {
      "type": "Feature",
      "id": "25517e93-68d3-4034-bb7b-4862f038e2cc",
      "geometry": null,
      "properties": {
        "kind": "SENSOR2",
        "track_id": "SENSOR",
        "bearing": 20.78,
        "range": 244.95,
        "frequency": 149.836,
        "speed": null,
        "sensor_type": "\"tail",
        "timestamp": "2010-01-12T12:46:40+00:00",
        "label": "sensor\" SUBJECT held on tail sensor",
        "symbol": "A",
        "style": {
          "stroke": true,
          "color": "#0000FF",
          "weight": 1,
          "opacity": 1.0
        },
        "provenance": [
          {
            "activity_id": "d765d379-5fdc-4f16-be4a-d094c2659db5",
            "timestamp": "2026-03-21T10:15:01.874540Z",
            "was_generated_by": {
              "tool": "rep-parser",
              "tool_version": "1.0.0",
              "parameters": []
            },
            "used": [],
            "generated": [
              "25517e93-68d3-4034-bb7b-4862f038e2cc"
            ],
            "execution_duration": "PT0S"
          }
        ]
      }
    },
    {
      "type": "Feature",
      "id": "b2b4da82-2892-42ec-be79-3cb9e3602d4f",
      "geometry": null,
      "properties": {
        "kind": "SENSOR2",
        "track_id": "SENSOR",
        "bearing": 23.66,
        "range": 242.06,
        "frequency": 149.819,
        "speed": null,
        "sensor_type": "\"tail",
        "timestamp": "2010-01-12T12:49:00+00:00",
        "label": "sensor\" SUBJECT held on tail sensor",
        "symbol": "A",
        "style": {
          "stroke": true,
          "color": "#0000FF",
          "weight": 1,
          "opacity": 1.0
        },
        "provenance": [
          {
            "activity_id": "d765d379-5fdc-4f16-be4a-d094c2659db5",
            "timestamp": "2026-03-21T10:15:01.874540Z",
            "was_generated_by": {
              "tool": "rep-parser",
              "tool_version": "1.0.0",
              "parameters": []
            },
            "used": [],
            "generated": [
              "b2b4da82-2892-42ec-be79-3cb9e3602d4f"
            ],
            "execution_duration": "PT0S"
          }
        ]
      }
    },
    {
      "type": "Feature",
      "id": "b53b4883-463d-46f8-8241-b9131c3e5823",
      "geometry": null,
      "properties": {
        "kind": "SENSOR2",
        "track_id": "SENSOR",
        "bearing": 26.39,
        "range": 239.34,
        "frequency": 149.804,
        "speed": null,
        "sensor_type": "\"tail",
        "timestamp": "2010-01-12T12:51:20+00:00",
        "label": "sensor\" SUBJECT held on tail sensor",
        "symbol": "A",
        "style": {
          "stroke": true,
          "color": "#0000FF",
          "weight": 1,
          "opacity": 1.0
        },
        "provenance": [
          {
            "activity_id": "d765d379-5fdc-4f16-be4a-d094c2659db5",
            "timestamp": "2026-03-21T10:15:01.874540Z",
            "was_generated_by": {
              "tool": "rep-parser",
              "tool_version": "1.0.0",
              "parameters": []
            },
            "used": [],
            "generated": [
              "b53b4883-463d-46f8-8241-b9131c3e5823"
            ],
            "execution_duration": "PT0S"
          }
        ]
      }
    },
    {
      "type": "Feature",
      "id": "aa007fd9-dace-49e2-88b9-dcfac7a71848",
      "geometry": null,
      "properties": {
        "kind": "SENSOR2",
        "track_id": "SENSOR",
        "bearing": 28.96,
        "range": 236.77,
        "frequency": 149.79,
        "speed": null,
        "sensor_type": "\"tail",
        "timestamp": "2010-01-12T12:53:40+00:00",
        "label": "sensor\" SUBJECT held on tail sensor",
        "symbol": "A",
        "style": {
          "stroke": true,
          "color": "#0000FF",
          "weight": 1,
          "opacity": 1.0
        },
        "provenance": [
          {
            "activity_id": "d765d379-5fdc-4f16-be4a-d094c2659db5",
            "timestamp": "2026-03-21T10:15:01.874540Z",
            "was_generated_by": {
              "tool": "rep-parser",
              "tool_version": "1.0.0",
              "parameters": []
            },
            "used": [],
            "generated": [
              "aa007fd9-dace-49e2-88b9-dcfac7a71848"
            ],
            "execution_duration": "PT0S"
          }
        ]
      }
    },
    {
      "type": "Feature",
      "id": "bbc82be6-ff4e-4278-8680-d34f9dc0bcd6",
      "geometry": null,
      "properties": {
        "kind": "SENSOR2",
        "track_id": "SENSOR",
        "bearing": 31.38,
        "range": 234.34,
        "frequency": 149.777,
        "speed": null,
        "sensor_type": "\"tail",
        "timestamp": "2010-01-12T12:56:00+00:00",
        "label": "sensor\" SUBJECT held on tail sensor",
        "symbol": "A",
        "style": {
          "stroke": true,
          "color": "#0000FF",
          "weight": 1,
          "opacity": 1.0
        },
        "provenance": [
          {
            "activity_id": "d765d379-5fdc-4f16-be4a-d094c2659db5",
            "timestamp": "2026-03-21T10:15:01.874540Z",
            "was_generated_by": {
              "tool": "rep-parser",
              "tool_version": "1.0.0",
              "parameters": []
            },
            "used": [],
            "generated": [
              "bbc82be6-ff4e-4278-8680-d34f9dc0bcd6"
            ],
            "execution_duration": "PT0S"
          }
        ]
      }
    },
    {
      "type": "Feature",
      "id": "bdbf3f0c-f937-40cc-91a0-6e8dcada1d3d",
      "geometry": null,
      "properties": {
        "kind": "SENSOR2",
        "track_id": "SENSOR",
        "bearing": 33.66,
        "range": 232.06,
        "frequency": 149.766,
        "speed": null,
        "sensor_type": "\"tail",
        "timestamp": "2010-01-12T12:58:20+00:00",
        "label": "sensor\" SUBJECT held on tail sensor",
        "symbol": "A",
        "style": {
          "stroke": true,
          "color": "#0000FF",
          "weight": 1,
          "opacity": 1.0
        },
        "provenance": [
          {
            "activity_id": "d765d379-5fdc-4f16-be4a-d094c2659db5",
            "timestamp": "2026-03-21T10:15:01.874540Z",
            "was_generated_by": {
              "tool": "rep-parser",
              "tool_version": "1.0.0",
              "parameters": []
            },
            "used": [],
            "generated": [
              "bdbf3f0c-f937-40cc-91a0-6e8dcada1d3d"
            ],
            "execution_duration": "PT0S"
          }
        ]
      }
    },
    {
      "type": "Feature",
      "id": "1a3b7d68-58bb-44d5-a583-b9ebae3afe92",
      "geometry": null,
      "properties": {
        "kind": "SENSOR2",
        "track_id": "SENSOR",
        "bearing": 27.67,
        "range": 110.22,
        "frequency": 150.095,
        "speed": null,
        "sensor_type": "\"tail",
        "timestamp": "2010-01-12T13:07:40+00:00",
        "label": "sensor\" SUBJECT held on tail sensor",
        "symbol": "A",
        "style": {
          "stroke": true,
          "color": "#0000FF",
          "weight": 1,
          "opacity": 1.0
        },
        "provenance": [
          {
            "activity_id": "d765d379-5fdc-4f16-be4a-d094c2659db5",
            "timestamp": "2026-03-21T10:15:01.874540Z",
            "was_generated_by": {
              "tool": "rep-parser",
              "tool_version": "1.0.0",
              "parameters": []
            },
            "used": [],
            "generated": [
              "1a3b7d68-58bb-44d5-a583-b9ebae3afe92"
            ],
            "execution_duration": "PT0S"
          }
        ]
      }
    },
    {
      "type": "Feature",
      "id": "f8b72942-611d-4304-b929-9f46a1417563",
      "geometry": null,
      "properties": {
        "kind": "SENSOR2",
        "track_id": "SENSOR",
        "bearing": 17.9,
        "range": 320.06,
        "frequency": 150.128,
        "speed": null,
        "sensor_type": "\"tail",
        "timestamp": "2010-01-12T13:17:00+00:00",
        "label": "sensor\" SUBJECT held on tail sensor",
        "symbol": "A",
        "style": {
          "stroke": true,
          "color": "#0000FF",
          "weight": 1,
          "opacity": 1.0
        },
        "provenance": [
          {
            "activity_id": "d765d379-5fdc-4f16-be4a-d094c2659db5",
            "timestamp": "2026-03-21T10:15:01.874540Z",
            "was_generated_by": {
              "tool": "rep-parser",
              "tool_version": "1.0.0",
              "parameters": []
            },
            "used": [],
            "generated": [
              "f8b72942-611d-4304-b929-9f46a1417563"
            ],
            "execution_duration": "PT0S"
          }
        ]
      }
    },
    {
      "type": "Feature",
      "id": "a187b5ad-fd94-48ee-82cb-4b6616d5d432",
      "geometry": null,
      "properties": {
        "kind": "SENSOR2",
        "track_id": "SENSOR",
        "bearing": 17.31,
        "range": 320.65,
        "frequency": 150.668,
        "speed": null,
        "sensor_type": "\"tail",
        "timestamp": "2010-01-12T13:19:20+00:00",
        "label": "sensor\" SUBJECT held on tail sensor",
        "symbol": "A",
        "style": {
          "stroke": true,
          "color": "#0000FF",
          "weight": 1,
          "opacity": 1.0
        },
        "provenance": [
          {
            "activity_id": "d765d379-5fdc-4f16-be4a-d094c2659db5",
            "timestamp": "2026-03-21T10:15:01.874540Z",
            "was_generated_by": {
              "tool": "rep-parser",
              "tool_version": "1.0.0",
              "parameters": []
            },
            "used": [],
            "generated": [
              "a187b5ad-fd94-48ee-82cb-4b6616d5d432"
            ],
            "execution_duration": "PT0S"
          }
        ]
      }
    },
    {
      "type": "Feature",
      "id": "4b6ea1f9-a08e-4386-a833-7387e4c43602",
      "geometry": null,
      "properties": {
        "kind": "SENSOR2",
        "track_id": "SENSOR",
        "bearing": 17.76,
        "range": 320.2,
        "frequency": 150.975,
        "speed": null,
        "sensor_type": "\"tail",
        "timestamp": "2010-01-12T13:21:40+00:00",
        "label": "sensor\" SUBJECT held on tail sensor",
        "symbol": "A",
        "style": {
          "stroke": true,
          "color": "#0000FF",
          "weight": 1,
          "opacity": 1.0
        },
        "provenance": [
          {
            "activity_id": "d765d379-5fdc-4f16-be4a-d094c2659db5",
            "timestamp": "2026-03-21T10:15:01.874540Z",
            "was_generated_by": {
              "tool": "rep-parser",
              "tool_version": "1.0.0",
              "parameters": []
            },
            "used": [],
            "generated": [
              "4b6ea1f9-a08e-4386-a833-7387e4c43602"
            ],
            "execution_duration": "PT0S"
          }
        ]
      }
    },
    {
      "type": "Feature",
      "id": "aa3fdb28-fdaf-4a10-bc47-cf4cca84b701",
      "geometry": null,
      "properties": {
        "kind": "SENSOR2",
        "track_id": "SENSOR",
        "bearing": 19.65,
        "range": 318.31,
        "frequency": 150.969,
        "speed": null,
        "sensor_type": "\"tail",
        "timestamp": "2010-01-12T13:24:00+00:00",
        "label": "sensor\" SUBJECT held on tail sensor",
        "symbol": "A",
        "style": {
          "stroke": true,
          "color": "#0000FF",
          "weight": 1,
          "opacity": 1.0
        },
        "provenance": [
          {
            "activity_id": "d765d379-5fdc-4f16-be4a-d094c2659db5",
            "timestamp": "2026-03-21T10:15:01.874540Z",
            "was_generated_by": {
              "tool": "rep-parser",
              "tool_version": "1.0.0",
              "parameters": []
            },
            "used": [],
            "generated": [
              "aa3fdb28-fdaf-4a10-bc47-cf4cca84b701"
            ],
            "execution_duration": "PT0S"
          }
        ]
      }
    },
    {
      "type": "Feature",
      "id": "fe75e7b4-dff6-442b-87d0-376d37b8e29f",
      "geometry": null,
      "properties": {
        "kind": "SENSOR2",
        "track_id": "SENSOR",
        "bearing": 22.49,
        "range": 315.48,
        "frequency": 150.959,
        "speed": null,
        "sensor_type": "\"tail",
        "timestamp": "2010-01-12T13:26:20+00:00",
        "label": "sensor\" SUBJECT held on tail sensor",
        "symbol": "A",
        "style": {
          "stroke": true,
          "color": "#0000FF",
          "weight": 1,
          "opacity": 1.0
        },
        "provenance": [
          {
            "activity_id": "d765d379-5fdc-4f16-be4a-d094c2659db5",
            "timestamp": "2026-03-21T10:15:01.874540Z",
            "was_generated_by": {
              "tool": "rep-parser",
              "tool_version": "1.0.0",
              "parameters": []
            },
            "used": [],
            "generated": [
              "fe75e7b4-dff6-442b-87d0-376d37b8e29f"
            ],
            "execution_duration": "PT0S"
          }
        ]
      }
    },
    {
      "type": "Feature",
      "id": "333ce36c-8eff-4990-af28-711ed934434c",
      "geometry": null,
      "properties": {
        "kind": "SENSOR2",
        "track_id": "SENSOR",
        "bearing": 27.16,
        "range": 310.8,
        "frequency": 150.936,
        "speed": null,
        "sensor_type": "\"tail",
        "timestamp": "2010-01-12T13:28:40+00:00",
        "label": "sensor\" SUBJECT held on tail sensor",
        "symbol": "A",
        "style": {
          "stroke": true,
          "color": "#0000FF",
          "weight": 1,
          "opacity": 1.0
        },
        "provenance": [
          {
            "activity_id": "d765d379-5fdc-4f16-be4a-d094c2659db5",
            "timestamp": "2026-03-21T10:15:01.874540Z",
            "was_generated_by": {
              "tool": "rep-parser",
              "tool_version": "1.0.0",
              "parameters": []
            },
            "used": [],
            "generated": [
              "333ce36c-8eff-4990-af28-711ed934434c"
            ],
            "execution_duration": "PT0S"
          }
        ]
      }
    },
    {
      "type": "Feature",
      "id": "0a97367a-bd7c-4c5e-8022-27aa3fa5bd37",
      "geometry": null,
      "properties": {
        "kind": "SENSOR2",
        "track_id": "SENSOR",
        "bearing": 36.13,
        "range": 301.83,
        "frequency": 150.875,
        "speed": null,
        "sensor_type": "\"tail",
        "timestamp": "2010-01-12T13:31:00+00:00",
        "label": "sensor\" SUBJECT held on tail sensor",
        "symbol": "A",
        "style": {
          "stroke": true,
          "color": "#0000FF",
          "weight": 1,
          "opacity": 1.0
        },
        "provenance": [
          {
            "activity_id": "d765d379-5fdc-4f16-be4a-d094c2659db5",
            "timestamp": "2026-03-21T10:15:01.874540Z",
            "was_generated_by": {
              "tool": "rep-parser",
              "tool_version": "1.0.0",
              "parameters": []
            },
            "used": [],
            "generated": [
              "0a97367a-bd7c-4c5e-8022-27aa3fa5bd37"
            ],
            "execution_duration": "PT0S"
          }
        ]
      }
    },
    {
      "type": "Feature",
      "id": "48af09fa-4999-4718-b2e9-bb77a38c910f",
      "geometry": null,
      "properties": {
        "kind": "SENSOR2",
        "track_id": "SENSOR",
        "bearing": 57.69,
        "range": 280.27,
        "frequency": 150.644,
        "speed": null,
        "sensor_type": "\"tail",
        "timestamp": "2010-01-12T13:33:20+00:00",
        "label": "sensor\" SUBJECT held on tail sensor",
        "symbol": "A",
        "style": {
          "stroke": true,
          "color": "#0000FF",
          "weight": 1,
          "opacity": 1.0
        },
        "provenance": [
          {
            "activity_id": "d765d379-5fdc-4f16-be4a-d094c2659db5",
            "timestamp": "2026-03-21T10:15:01.874540Z",
            "was_generated_by": {
              "tool": "rep-parser",
              "tool_version": "1.0.0",
              "parameters": []
            },
            "used": [],
            "generated": [
              "48af09fa-4999-4718-b2e9-bb77a38c910f"
            ],
            "execution_duration": "PT0S"
          }
        ]
      }
    },
    {
      "type": "Feature",
      "id": "fbd936be-0052-4865-b5c5-a7c75a17456d",
      "geometry": null,
      "properties": {
        "kind": "SENSOR2",
        "track_id": "SENSOR",
        "bearing": 108.67,
        "range": 229.29,
        "frequency": 149.824,
        "speed": null,
        "sensor_type": "\"tail",
        "timestamp": "2010-01-12T13:35:40+00:00",
        "label": "sensor\" SUBJECT held on tail sensor",
        "symbol": "A",
        "style": {
          "stroke": true,
          "color": "#0000FF",
          "weight": 1,
          "opacity": 1.0
        },
        "provenance": [
          {
            "activity_id": "d765d379-5fdc-4f16-be4a-d094c2659db5",
            "timestamp": "2026-03-21T10:15:01.874540Z",
            "was_generated_by": {
              "tool": "rep-parser",
              "tool_version": "1.0.0",
              "parameters": []
            },
            "used": [],
            "generated": [
              "fbd936be-0052-4865-b5c5-a7c75a17456d"
            ],
            "execution_duration": "PT0S"
          }
        ]
      }
    },
    {
      "type": "Feature",
      "id": "b6788297-3815-450a-aeb6-40dae46e3b9a",
      "geometry": null,
      "properties": {
        "kind": "SENSOR2",
        "track_id": "SENSOR",
        "bearing": 149.11,
        "range": 188.85,
        "frequency": 149.238,
        "speed": null,
        "sensor_type": "\"tail",
        "timestamp": "2010-01-12T13:38:00+00:00",
        "label": "sensor\" SUBJECT held on tail sensor",
        "symbol": "A",
        "style": {
          "stroke": true,
          "color": "#0000FF",
          "weight": 1,
          "opacity": 1.0
        },
        "provenance": [
          {
            "activity_id": "d765d379-5fdc-4f16-be4a-d094c2659db5",
            "timestamp": "2026-03-21T10:15:01.874540Z",
            "was_generated_by": {
              "tool": "rep-parser",
              "tool_version": "1.0.0",
              "parameters": []
            },
            "used": [],
            "generated": [
              "b6788297-3815-450a-aeb6-40dae46e3b9a"
            ],
            "execution_duration": "PT0S"
          }
        ]
      }
    },
    {
      "type": "Feature",
      "id": "f299e6e2-87c1-47a3-bd4a-9d3c8513e20f",
      "geometry": null,
      "properties": {
        "kind": "SENSOR2",
        "track_id": "SENSOR",
        "bearing": 164.56,
        "range": 173.41,
        "frequency": 149.1,
        "speed": null,
        "sensor_type": "\"tail",
        "timestamp": "2010-01-12T13:40:20+00:00",
        "label": "sensor\" SUBJECT held on tail sensor",
        "symbol": "A",
        "style": {
          "stroke": true,
          "color": "#0000FF",
          "weight": 1,
          "opacity": 1.0
        },
        "provenance": [
          {
            "activity_id": "d765d379-5fdc-4f16-be4a-d094c2659db5",
            "timestamp": "2026-03-21T10:15:01.874540Z",
            "was_generated_by": {
              "tool": "rep-parser",
              "tool_version": "1.0.0",
              "parameters": []
            },
            "used": [],
            "generated": [
              "f299e6e2-87c1-47a3-bd4a-9d3c8513e20f"
            ],
            "execution_duration": "PT0S"
          }
        ]
      }
    },
    {
      "type": "Feature",
      "id": "dd6d9ade-8439-4496-9c0f-dd68d823a854",
      "geometry": null,
      "properties": {
        "kind": "SENSOR2",
        "track_id": "SENSOR",
        "bearing": 171.55,
        "range": 166.41,
        "frequency": 149.059,
        "speed": null,
        "sensor_type": "\"tail",
        "timestamp": "2010-01-12T13:42:40+00:00",
        "label": "sensor\" SUBJECT held on tail sensor",
        "symbol": "A",
        "style": {
          "stroke": true,
          "color": "#0000FF",
          "weight": 1,
          "opacity": 1.0
        },
        "provenance": [
          {
            "activity_id": "d765d379-5fdc-4f16-be4a-d094c2659db5",
            "timestamp": "2026-03-21T10:15:01.874540Z",
            "was_generated_by": {
              "tool": "rep-parser",
              "tool_version": "1.0.0",
              "parameters": []
            },
            "used": [],
            "generated": [
              "dd6d9ade-8439-4496-9c0f-dd68d823a854"
            ],
            "execution_duration": "PT0S"
          }
        ]
      }
    },
    {
      "type": "Feature",
      "id": "634a5ac5-0fe9-4072-9b8a-59bdc44cc70a",
      "geometry": null,
      "properties": {
        "kind": "SENSOR2",
        "track_id": "SENSOR",
        "bearing": 175.42,
        "range": 162.54,
        "frequency": 149.042,
        "speed": null,
        "sensor_type": "\"tail",
        "timestamp": "2010-01-12T13:45:00+00:00",
        "label": "sensor\" SUBJECT held on tail sensor",
        "symbol": "A",
        "style": {
          "stroke": true,
          "color": "#0000FF",
          "weight": 1,
          "opacity": 1.0
        },
        "provenance": [
          {
            "activity_id": "d765d379-5fdc-4f16-be4a-d094c2659db5",
            "timestamp": "2026-03-21T10:15:01.874540Z",
            "was_generated_by": {
              "tool": "rep-parser",
              "tool_version": "1.0.0",
              "parameters": []
            },
            "used": [],
            "generated": [
              "634a5ac5-0fe9-4072-9b8a-59bdc44cc70a"
            ],
            "execution_duration": "PT0S"
          }
        ]
      }
    },
    {
      "type": "Feature",
      "id": "ae3da04d-68a2-4ac2-8b09-77efdbdb2137",
      "geometry": null,
      "properties": {
        "kind": "SENSOR2",
        "track_id": "SENSOR",
        "bearing": 177.86,
        "range": 160.1,
        "frequency": 149.033,
        "speed": null,
        "sensor_type": "\"tail",
        "timestamp": "2010-01-12T13:47:20+00:00",
        "label": "sensor\" SUBJECT held on tail sensor",
        "symbol": "A",
        "style": {
          "stroke": true,
          "color": "#0000FF",
          "weight": 1,
          "opacity": 1.0
        },
        "provenance": [
          {
            "activity_id": "d765d379-5fdc-4f16-be4a-d094c2659db5",
            "timestamp": "2026-03-21T10:15:01.874540Z",
            "was_generated_by": {
              "tool": "rep-parser",
              "tool_version": "1.0.0",
              "parameters": []
            },
            "used": [],
            "generated": [
              "ae3da04d-68a2-4ac2-8b09-77efdbdb2137"
            ],
            "execution_duration": "PT0S"
          }
        ]
      }
    },
    {
      "type": "Feature",
      "id": "c0e022f6-6d88-4531-8e5a-f3a15b1d72fe",
      "geometry": null,
      "properties": {
        "kind": "SENSOR2",
        "track_id": "SENSOR",
        "bearing": 179.54,
        "range": 158.43,
        "frequency": 149.029,
        "speed": null,
        "sensor_type": "\"tail",
        "timestamp": "2010-01-12T13:49:40+00:00",
        "label": "sensor\" SUBJECT held on tail sensor",
        "symbol": "A",
        "style": {
          "stroke": true,
          "color": "#0000FF",
          "weight": 1,
          "opacity": 1.0
        },
        "provenance": [
          {
            "activity_id": "d765d379-5fdc-4f16-be4a-d094c2659db5",
            "timestamp": "2026-03-21T10:15:01.874540Z",
            "was_generated_by": {
              "tool": "rep-parser",
              "tool_version": "1.0.0",
              "parameters": []
            },
            "used": [],
            "generated": [
              "c0e022f6-6d88-4531-8e5a-f3a15b1d72fe"
            ],
            "execution_duration": "PT0S"
          }
        ]
      }
    },
    {
      "type": "Feature",
      "id": "1849d961-5836-4b31-8e7e-ae6a19819448",
      "geometry": null,
      "properties": {
        "kind": "SENSOR2",
        "track_id": "SENSOR",
        "bearing": 180.75,
        "range": 157.21,
        "frequency": 149.026,
        "speed": null,
        "sensor_type": "\"tail",
        "timestamp": "2010-01-12T13:52:00+00:00",
        "label": "sensor\" SUBJECT held on tail sensor",
        "symbol": "A",
        "style": {
          "stroke": true,
          "color": "#0000FF",
          "weight": 1,
          "opacity": 1.0
        },
        "provenance": [
          {
            "activity_id": "d765d379-5fdc-4f16-be4a-d094c2659db5",
            "timestamp": "2026-03-21T10:15:01.874540Z",
            "was_generated_by": {
              "tool": "rep-parser",
              "tool_version": "1.0.0",
              "parameters": []
            },
            "used": [],
            "generated": [
              "1849d961-5836-4b31-8e7e-ae6a19819448"
            ],
            "execution_duration": "PT0S"
          }
        ]
      }
    },
    {
      "type": "Feature",
      "id": "affcc32e-d057-4cdb-b048-0b8824a1f27d",
      "geometry": null,
      "properties": {
        "kind": "SENSOR2",
        "track_id": "SENSOR",
        "bearing": 181.67,
        "range": 156.29,
        "frequency": 149.024,
        "speed": null,
        "sensor_type": "\"tail",
        "timestamp": "2010-01-12T13:54:20+00:00",
        "label": "sensor\" SUBJECT held on tail sensor",
        "symbol": "A",
        "style": {
          "stroke": true,
          "color": "#0000FF",
          "weight": 1,
          "opacity": 1.0
        },
        "provenance": [
          {
            "activity_id": "d765d379-5fdc-4f16-be4a-d094c2659db5",
            "timestamp": "2026-03-21T10:15:01.874540Z",
            "was_generated_by": {
              "tool": "rep-parser",
              "tool_version": "1.0.0",
              "parameters": []
            },
            "used": [],
            "generated": [
              "affcc32e-d057-4cdb-b048-0b8824a1f27d"
            ],
            "execution_duration": "PT0S"
          }
        ]
      }
    },
    {
      "type": "Feature",
      "id": "d75af0ce-acd6-41b0-8f41-eee2358ee63e",
      "geometry": null,
      "properties": {
        "kind": "SENSOR2",
        "track_id": "SENSOR",
        "bearing": 182.39,
        "range": 155.57,
        "frequency": 149.022,
        "speed": null,
        "sensor_type": "\"tail",
        "timestamp": "2010-01-12T13:56:40+00:00",
        "label": "sensor\" SUBJECT held on tail sensor",
        "symbol": "A",
        "style": {
          "stroke": true,
          "color": "#0000FF",
          "weight": 1,
          "opacity": 1.0
        },
        "provenance": [
          {
            "activity_id": "d765d379-5fdc-4f16-be4a-d094c2659db5",
            "timestamp": "2026-03-21T10:15:01.874540Z",
            "was_generated_by": {
              "tool": "rep-parser",
              "tool_version": "1.0.0",
              "parameters": []
            },
            "used": [],
            "generated": [
              "d75af0ce-acd6-41b0-8f41-eee2358ee63e"
            ],
            "execution_duration": "PT0S"
          }
        ]
      }
    },
    {
      "type": "Feature",
      "id": "1b124f5e-12f1-46ca-ab03-833fe408d788",
      "geometry": null,
      "properties": {
        "kind": "SENSOR2",
        "track_id": "SENSOR",
        "bearing": 182.97,
        "range": 154.99,
        "frequency": 149.021,
        "speed": null,
        "sensor_type": "\"tail",
        "timestamp": "2010-01-12T13:59:00+00:00",
        "label": "sensor\" SUBJECT held on tail sensor",
        "symbol": "A",
        "style": {
          "stroke": true,
          "color": "#0000FF",
          "weight": 1,
          "opacity": 1.0
        },
        "provenance": [
          {
            "activity_id": "d765d379-5fdc-4f16-be4a-d094c2659db5",
            "timestamp": "2026-03-21T10:15:01.874540Z",
            "was_generated_by": {
              "tool": "rep-parser",
              "tool_version": "1.0.0",
              "parameters": []
            },
            "used": [],
            "generated": [
              "1b124f5e-12f1-46ca-ab03-833fe408d788"
            ],
            "execution_duration": "PT0S"
          }
        ]
      }
    }
  ]
}
