{
  "type": "FeatureCollection",
  "features": [
    {
      "type": "Feature",
      "id": "749aca01-653d-4c68-99c7-4a770b871e2b",
      "geometry": {
        "type": "LineString",
        "coordinates": [
          [
            0.1,
            59.95
          ],
          [
            0.098575,
            59.95085
          ],
          [
            0.0971472,
            59.9517028
          ],
          [
            0.0957222,
            59.9525528
          ],
          [
            0.0942944,
            59.9534056
          ],
          [
            0.0928694,
            59.9542556
          ],
          [
            0.0914417,
            59.9551083
          ],
          [
            0.0900139,
            59.9559583
          ],
          [
            0.0885889,
            59.9568083
          ],
          [
            0.0871611,
            59.9576611
          ],
          [
            0.0857361,
            59.9585111
          ],
          [
            0.0843083,
            59.9593639
          ],
          [
            0.0828833,
            59.9602139
          ],
          [
            0.0814556,
            59.9610639
          ],
          [
            0.0800278,
            59.9619167
          ],
          [
            0.0786028,
            59.9627667
          ],
          [
            0.077175,
            59.9636194
          ],
          [
            0.0757472,
            59.9644694
          ],
          [
            0.0743222,
            59.9653222
          ],
          [
            0.0728944,
            59.9661722
          ],
          [
            0.0714667,
            59.9670222
          ],
          [
            0.0700417,
            59.967875
          ],
          [
            0.0686139,
            59.968725
          ],
          [
            0.0671861,
            59.9695778
          ],
          [
            0.0657583,
            59.9704278
          ],
          [
            0.0643333,
            59.9712778
          ],
          [
            0.0629056,
            59.9721306
          ],
          [
            0.0614778,
            59.9729806
          ],
          [
            0.06005,
            59.9738333
          ],
          [
            0.0586222,
            59.9746833
          ],
          [
            0.0571944,
            59.9755361
          ],
          [
            0.0557694,
            59.9763861
          ],
          [
            0.0543417,
            59.9772361
          ],
          [
            0.0529139,
            59.9780889
          ],
          [
            0.0514861,
            59.9789389
          ],
          [
            0.0500583,
            59.9797917
          ],
          [
            0.0486306,
            59.9806417
          ],
          [
            0.0472028,
            59.9814917
          ],
          [
            0.045775,
            59.9823444
          ],
          [
            0.0443472,
            59.9831944
          ],
          [
            0.0429194,
            59.9840472
          ],
          [
            0.0414917,
            59.9848972
          ],
          [
            0.0400639,
            59.98575
          ],
          [
            0.0386361,
            59.9866
          ],
          [
            0.0372083,
            59.98745
          ],
          [
            0.0357806,
            59.9883028
          ],
          [
            0.0343528,
            59.9891528
          ],
          [
            0.032925,
            59.9900056
          ],
          [
            0.0314972,
            59.9908556
          ],
          [
            0.0300694,
            59.9917056
          ],
          [
            0.0286417,
            59.9925583
          ],
          [
            0.0272139,
            59.9934083
          ],
          [
            0.0257861,
            59.9942611
          ],
          [
            0.0243556,
            59.9951111
          ],
          [
            0.0229278,
            59.9959639
          ],
          [
            0.0215,
            59.9968139
          ],
          [
            0.0200722,
            59.9976639
          ],
          [
            0.0186444,
            59.9985167
          ],
          [
            0.0172139,
            59.9993667
          ],
          [
            0.0157861,
            60.0002194
          ],
          [
            0.0143583,
            60.0010694
          ],
          [
            0.0129306,
            60.0019194
          ],
          [
            0.0115,
            60.0027722
          ],
          [
            0.0100722,
            60.0036222
          ],
          [
            0.0086444,
            60.004475
          ],
          [
            0.0072167,
            60.005325
          ],
          [
            0.0057861,
            60.0061778
          ],
          [
            0.0043583,
            60.0070278
          ],
          [
            0.0029306,
            60.0078778
          ],
          [
            0.0015,
            60.0087306
          ],
          [
            7.22e-05,
            60.0095806
          ],
          [
            -0.0013583,
            60.0104333
          ],
          [
            -0.0027861,
            60.0112833
          ],
          [
            -0.0042139,
            60.0121361
          ],
          [
            -0.0056444,
            60.0129861
          ],
          [
            -0.0070722,
            60.0138361
          ],
          [
            -0.0085028,
            60.0146889
          ],
          [
            -0.0099306,
            60.0155389
          ],
          [
            -0.0113611,
            60.0163917
          ],
          [
            -0.0127889,
            60.0172417
          ],
          [
            -0.0142194,
            60.0180917
          ],
          [
            -0.0156472,
            60.0189444
          ],
          [
            -0.0170778,
            60.0197944
          ],
          [
            -0.0185056,
            60.0206472
          ],
          [
            -0.0199361,
            60.0214972
          ],
          [
            -0.0213639,
            60.02235
          ],
          [
            -0.0227944,
            60.0232
          ],
          [
            -0.0242222,
            60.02405
          ],
          [
            -0.0256528,
            60.0249028
          ],
          [
            -0.0270833,
            60.0257528
          ],
          [
            -0.0285111,
            60.0266056
          ],
          [
            -0.0299417,
            60.0274556
          ],
          [
            -0.0313722,
            60.0283056
          ],
          [
            -0.0328,
            60.0291583
          ],
          [
            -0.0342306,
            60.0300083
          ],
          [
            -0.0356611,
            60.0308611
          ],
          [
            -0.0371639,
            60.0323667
          ],
          [
            -0.03705,
            60.0341972
          ],
          [
            -0.0351444,
            60.0357639
          ],
          [
            -0.0319472,
            60.0366583
          ],
          [
            -0.0282778,
            60.0366528
          ],
          [
            -0.0246778,
            60.0362139
          ],
          [
            -0.021075,
            60.035775
          ],
          [
            -0.017475,
            60.0353333
          ],
          [
            -0.0138722,
            60.0348944
          ],
          [
            -0.0102694,
            60.0344556
          ],
          [
            -0.0066694,
            60.0340167
          ],
          [
            -0.0030667,
            60.0335778
          ],
          [
            0.0005333,
            60.0331361
          ],
          [
            0.0041361,
            60.0326972
          ],
          [
            0.0077361,
            60.0322583
          ],
          [
            0.0113389,
            60.0318194
          ],
          [
            0.0149389,
            60.0313778
          ],
          [
            0.0185417,
            60.0309389
          ],
          [
            0.0221417,
            60.0305
          ],
          [
            0.0257444,
            60.0300611
          ],
          [
            0.0293444,
            60.0296222
          ],
          [
            0.0329444,
            60.0291806
          ],
          [
            0.0365472,
            60.0287417
          ],
          [
            0.0401472,
            60.0283028
          ],
          [
            0.04375,
            60.0278639
          ],
          [
            0.04735,
            60.0274222
          ],
          [
            0.05095,
            60.0269833
          ],
          [
            0.05455,
            60.0265444
          ],
          [
            0.0581528,
            60.0261056
          ],
          [
            0.0617528,
            60.0256639
          ],
          [
            0.0653528,
            60.025225
          ],
          [
            0.0689528,
            60.0247861
          ],
          [
            0.0725556,
            60.0243472
          ],
          [
            0.0761556,
            60.0239083
          ],
          [
            0.0797556,
            60.0234667
          ],
          [
            0.0833556,
            60.0230278
          ],
          [
            0.0869556,
            60.0225889
          ],
          [
            0.0905556,
            60.02215
          ],
          [
            0.0941556,
            60.0217083
          ],
          [
            0.0977583,
            60.0212694
          ],
          [
            0.1013583,
            60.0208306
          ],
          [
            0.1049583,
            60.0203917
          ],
          [
            0.1085583,
            60.0199528
          ],
          [
            0.1121583,
            60.0195111
          ],
          [
            0.1157583,
            60.0190722
          ],
          [
            0.1193583,
            60.0186333
          ],
          [
            0.1229583,
            60.0181944
          ],
          [
            0.1265583,
            60.0177528
          ],
          [
            0.1301556,
            60.0173139
          ],
          [
            0.1337556,
            60.016875
          ],
          [
            0.1373556,
            60.0164361
          ],
          [
            0.1409556,
            60.0159972
          ],
          [
            0.1445556,
            60.0155556
          ],
          [
            0.1481556,
            60.0151167
          ],
          [
            0.1517556,
            60.0146778
          ],
          [
            0.1553528,
            60.0142389
          ],
          [
            0.1589528,
            60.0137972
          ],
          [
            0.1625528,
            60.0133583
          ],
          [
            0.1661528,
            60.0129194
          ],
          [
            0.16975,
            60.0124806
          ],
          [
            0.17335,
            60.0120389
          ],
          [
            0.17695,
            60.0116
          ],
          [
            0.18055,
            60.0111611
          ],
          [
            0.1841472,
            60.0107222
          ],
          [
            0.1877472,
            60.0102833
          ],
          [
            0.1913472,
            60.0098417
          ],
          [
            0.1949444,
            60.0094028
          ],
          [
            0.1985444,
            60.0089639
          ],
          [
            0.2021417,
            60.008525
          ],
          [
            0.2057417,
            60.0080833
          ],
          [
            0.2093389,
            60.0076444
          ],
          [
            0.2129389,
            60.0072056
          ],
          [
            0.2165361,
            60.0067667
          ],
          [
            0.2201361,
            60.0063278
          ],
          [
            0.2237333,
            60.0058861
          ],
          [
            0.2273333,
            60.0054472
          ],
          [
            0.2309306,
            60.0050083
          ],
          [
            0.2345306,
            60.0045694
          ],
          [
            0.2381278,
            60.0041278
          ],
          [
            0.2417278,
            60.0036889
          ],
          [
            0.245325,
            60.00325
          ],
          [
            0.2489222,
            60.0028111
          ],
          [
            0.2525222,
            60.0023722
          ],
          [
            0.2561194,
            60.0019306
          ],
          [
            0.2597167,
            60.0014917
          ],
          [
            0.2633167,
            60.0010528
          ],
          [
            0.2669139,
            60.0006139
          ],
          [
            0.2705111,
            60.0001722
          ],
          [
            0.2741083,
            59.9997333
          ],
          [
            0.2777056,
            59.9992944
          ],
          [
            0.2813056,
            59.9988556
          ],
          [
            0.2849028,
            59.9984139
          ],
          [
            0.2885,
            59.997975
          ],
          [
            0.2920972,
            59.9975361
          ],
          [
            0.2956944,
            59.9970972
          ],
          [
            0.2992917,
            59.9966583
          ],
          [
            0.3028917,
            59.9962167
          ],
          [
            0.3064889,
            59.9957778
          ],
          [
            0.3100861,
            59.9953389
          ],
          [
            0.3136833,
            59.9949
          ],
          [
            0.3172806,
            59.9944583
          ],
          [
            0.3208778,
            59.9940194
          ],
          [
            0.324475,
            59.9935806
          ],
          [
            0.3280722,
            59.9931417
          ],
          [
            0.3316694,
            59.9927028
          ],
          [
            0.3352667,
            59.9922611
          ],
          [
            0.3388639,
            59.9918222
          ],
          [
            0.3424583,
            59.9913833
          ],
          [
            0.3460556,
            59.9909444
          ],
          [
            0.3496528,
            59.9905028
          ],
          [
            0.35325,
            59.9900639
          ],
          [
            0.3568472,
            59.989625
          ],
          [
            0.3604444,
            59.9891861
          ],
          [
            0.3640417,
            59.9887472
          ],
          [
            0.3676361,
            59.9883056
          ],
          [
            0.3712333,
            59.9878667
          ],
          [
            0.3748306,
            59.9874278
          ],
          [
            0.3784278,
            59.9869889
          ],
          [
            0.3820222,
            59.9865472
          ],
          [
            0.3856194,
            59.9861083
          ],
          [
            0.3892167,
            59.9856694
          ],
          [
            0.3928111,
            59.9852306
          ],
          [
            0.3964083,
            59.9847889
          ],
          [
            0.4000056,
            59.98435
          ],
          [
            0.4036,
            59.9839111
          ],
          [
            0.4071972,
            59.9834722
          ],
          [
            0.4107917,
            59.9830333
          ],
          [
            0.4143889,
            59.9825917
          ],
          [
            0.4179861,
            59.9821528
          ],
          [
            0.4215806,
            59.9817139
          ],
          [
            0.4251778,
            59.981275
          ],
          [
            0.4287722,
            59.9808333
          ],
          [
            0.4323694,
            59.9803944
          ],
          [
            0.4359639,
            59.9799556
          ],
          [
            0.4395583,
            59.9795167
          ],
          [
            0.4431556,
            59.9790778
          ],
          [
            0.44675,
            59.9786361
          ],
          [
            0.4503472,
            59.9781972
          ],
          [
            0.4539417,
            59.9777583
          ],
          [
            0.4575361,
            59.9773194
          ],
          [
            0.4611333,
            59.9768778
          ],
          [
            0.4647278,
            59.9764389
          ],
          [
            0.4683222,
            59.976
          ],
          [
            0.4719194,
            59.9755611
          ],
          [
            0.4755139,
            59.9751222
          ],
          [
            0.4791083,
            59.9746806
          ],
          [
            0.4827028,
            59.9742417
          ],
          [
            0.4863,
            59.9738028
          ],
          [
            0.4898944,
            59.9733639
          ],
          [
            0.4934889,
            59.9729222
          ],
          [
            0.4970833,
            59.9724833
          ],
          [
            0.5006778,
            59.9720444
          ],
          [
            0.5042722,
            59.9716056
          ],
          [
            0.5078694,
            59.9711639
          ],
          [
            0.5114639,
            59.970725
          ],
          [
            0.5150583,
            59.9702861
          ],
          [
            0.5186528,
            59.9698472
          ],
          [
            0.5222472,
            59.9694083
          ],
          [
            0.5258417,
            59.9689667
          ],
          [
            0.5294361,
            59.9685278
          ],
          [
            0.5330306,
            59.9680889
          ],
          [
            0.536625,
            59.96765
          ],
          [
            0.5402194,
            59.9672083
          ],
          [
            0.5438139,
            59.9667694
          ],
          [
            0.5474083,
            59.9663306
          ],
          [
            0.5510028,
            59.9658917
          ],
          [
            0.5545972,
            59.9654528
          ],
          [
            0.5581889,
            59.9650111
          ],
          [
            0.5617833,
            59.9645722
          ],
          [
            0.5653778,
            59.9641333
          ],
          [
            0.5689722,
            59.9636944
          ],
          [
            0.5725667,
            59.9632528
          ],
          [
            0.5761611,
            59.9628139
          ],
          [
            0.5797528,
            59.962375
          ],
          [
            0.5833472,
            59.9619361
          ]
        ]
      },
      "properties": {
        "kind": "TRACK",
        "platform_id": "SENSOR",
        "platform_name": "SENSOR",
        "track_type": "CONTACT",
        "start_time": "2010-01-12T12:00:00+00:00",
        "end_time": "2010-01-12T13:30:00+00:00",
        "positions": [
          {
            "time": "2010-01-12T12:00:00+00:00",
            "course": 320.0,
            "speed": 12.0,
            "depth": 0.0
          },
          {
            "time": "2010-01-12T12:00:20+00:00",
            "course": 320.0,
            "speed": 12.0,
            "depth": 0.0
          },
          {
            "time": "2010-01-12T12:00:40+00:00",
            "course": 320.0,
            "speed": 12.0,
            "depth": 0.0
          },
          {
            "time": "2010-01-12T12:01:00+00:00",
            "course": 320.0,
            "speed": 12.0,
            "depth": 0.0
          },
          {
            "time": "2010-01-12T12:01:20+00:00",
            "course": 320.0,
            "speed": 12.0,
            "depth": 0.0
          },
          {
            "time": "2010-01-12T12:01:40+00:00",
            "course": 320.0,
            "speed": 12.0,
            "depth": 0.0
          },
          {
            "time": "2010-01-12T12:02:00+00:00",
            "course": 320.0,
            "speed": 12.0,
            "depth": 0.0
          },
          {
            "time": "2010-01-12T12:02:20+00:00",
            "course": 320.0,
            "speed": 12.0,
            "depth": 0.0
          },
          {
            "time": "2010-01-12T12:02:40+00:00",
            "course": 320.0,
            "speed": 12.0,
            "depth": 0.0
          },
          {
            "time": "2010-01-12T12:03:00+00:00",
            "course": 320.0,
            "speed": 12.0,
            "depth": 0.0
          },
          {
            "time": "2010-01-12T12:03:20+00:00",
            "course": 320.0,
            "speed": 12.0,
            "depth": 0.0
          },
          {
            "time": "2010-01-12T12:03:40+00:00",
            "course": 320.0,
            "speed": 12.0,
            "depth": 0.0
          },
          {
            "time": "2010-01-12T12:04:00+00:00",
            "course": 320.0,
            "speed": 12.0,
            "depth": 0.0
          },
          {
            "time": "2010-01-12T12:04:20+00:00",
            "course": 320.0,
            "speed": 12.0,
            "depth": 0.0
          },
          {
            "time": "2010-01-12T12:04:40+00:00",
            "course": 320.0,
            "speed": 12.0,
            "depth": 0.0
          },
          {
            "time": "2010-01-12T12:05:00+00:00",
            "course": 320.0,
            "speed": 12.0,
            "depth": 0.0
          },
          {
            "time": "2010-01-12T12:05:20+00:00",
            "course": 320.0,
            "speed": 12.0,
            "depth": 0.0
          },
          {
            "time": "2010-01-12T12:05:40+00:00",
            "course": 320.0,
            "speed": 12.0,
            "depth": 0.0
          },
          {
            "time": "2010-01-12T12:06:00+00:00",
            "course": 320.0,
            "speed": 12.0,
            "depth": 0.0
          },
          {
            "time": "2010-01-12T12:06:20+00:00",
            "course": 320.0,
            "speed": 12.0,
            "depth": 0.0
          },
          {
            "time": "2010-01-12T12:06:40+00:00",
            "course": 320.0,
            "speed": 12.0,
            "depth": 0.0
          },
          {
            "time": "2010-01-12T12:07:00+00:00",
            "course": 320.0,
            "speed": 12.0,
            "depth": 0.0
          },
          {
            "time": "2010-01-12T12:07:20+00:00",
            "course": 320.0,
            "speed": 12.0,
            "depth": 0.0
          },
          {
            "time": "2010-01-12T12:07:40+00:00",
            "course": 320.0,
            "speed": 12.0,
            "depth": 0.0
          },
          {
            "time": "2010-01-12T12:08:00+00:00",
            "course": 320.0,
            "speed": 12.0,
            "depth": 0.0
          },
          {
            "time": "2010-01-12T12:08:20+00:00",
            "course": 320.0,
            "speed": 12.0,
            "depth": 0.0
          },
          {
            "time": "2010-01-12T12:08:40+00:00",
            "course": 320.0,
            "speed": 12.0,
            "depth": 0.0
          },
          {
            "time": "2010-01-12T12:09:00+00:00",
            "course": 320.0,
            "speed": 12.0,
            "depth": 0.0
          },
          {
            "time": "2010-01-12T12:09:20+00:00",
            "course": 320.0,
            "speed": 12.0,
            "depth": 0.0
          },
          {
            "time": "2010-01-12T12:09:40+00:00",
            "course": 320.0,
            "speed": 12.0,
            "depth": 0.0
          },
          {
            "time": "2010-01-12T12:10:00+00:00",
            "course": 320.0,
            "speed": 12.0,
            "depth": 0.0
          },
          {
            "time": "2010-01-12T12:10:20+00:00",
            "course": 320.0,
            "speed": 12.0,
            "depth": 0.0
          },
          {
            "time": "2010-01-12T12:10:40+00:00",
            "course": 320.0,
            "speed": 12.0,
            "depth": 0.0
          },
          {
            "time": "2010-01-12T12:11:00+00:00",
            "course": 320.0,
            "speed": 12.0,
            "depth": 0.0
          },
          {
            "time": "2010-01-12T12:11:20+00:00",
            "course": 320.0,
            "speed": 12.0,
            "depth": 0.0
          },
          {
            "time": "2010-01-12T12:11:40+00:00",
            "course": 320.0,
            "speed": 12.0,
            "depth": 0.0
          },
          {
            "time": "2010-01-12T12:12:00+00:00",
            "course": 320.0,
            "speed": 12.0,
            "depth": 0.0
          },
          {
            "time": "2010-01-12T12:12:20+00:00",
            "course": 320.0,
            "speed": 12.0,
            "depth": 0.0
          },
          {
            "time": "2010-01-12T12:12:40+00:00",
            "course": 320.0,
            "speed": 12.0,
            "depth": 0.0
          },
          {
            "time": "2010-01-12T12:13:00+00:00",
            "course": 320.0,
            "speed": 12.0,
            "depth": 0.0
          },
          {
            "time": "2010-01-12T12:13:20+00:00",
            "course": 320.0,
            "speed": 12.0,
            "depth": 0.0
          },
          {
            "time": "2010-01-12T12:13:40+00:00",
            "course": 320.0,
            "speed": 12.0,
            "depth": 0.0
          },
          {
            "time": "2010-01-12T12:14:00+00:00",
            "course": 320.0,
            "speed": 12.0,
            "depth": 0.0
          },
          {
            "time": "2010-01-12T12:14:20+00:00",
            "course": 320.0,
            "speed": 12.0,
            "depth": 0.0
          },
          {
            "time": "2010-01-12T12:14:40+00:00",
            "course": 320.0,
            "speed": 12.0,
            "depth": 0.0
          },
          {
            "time": "2010-01-12T12:15:00+00:00",
            "course": 320.0,
            "speed": 12.0,
            "depth": 0.0
          },
          {
            "time": "2010-01-12T12:15:20+00:00",
            "course": 320.0,
            "speed": 12.0,
            "depth": 0.0
          },
          {
            "time": "2010-01-12T12:15:40+00:00",
            "course": 320.0,
            "speed": 12.0,
            "depth": 0.0
          },
          {
            "time": "2010-01-12T12:16:00+00:00",
            "course": 320.0,
            "speed": 12.0,
            "depth": 0.0
          },
          {
            "time": "2010-01-12T12:16:20+00:00",
            "course": 320.0,
            "speed": 12.0,
            "depth": 0.0
          },
          {
            "time": "2010-01-12T12:16:40+00:00",
            "course": 320.0,
            "speed": 12.0,
            "depth": 0.0
          },
          {
            "time": "2010-01-12T12:17:00+00:00",
            "course": 320.0,
            "speed": 12.0,
            "depth": 0.0
          },
          {
            "time": "2010-01-12T12:17:20+00:00",
            "course": 320.0,
            "speed": 12.0,
            "depth": 0.0
          },
          {
            "time": "2010-01-12T12:17:40+00:00",
            "course": 320.0,
            "speed": 12.0,
            "depth": 0.0
          },
          {
            "time": "2010-01-12T12:18:00+00:00",
            "course": 320.0,
            "speed": 12.0,
            "depth": 0.0
          },
          {
            "time": "2010-01-12T12:18:20+00:00",
            "course": 320.0,
            "speed": 12.0,
            "depth": 0.0
          },
          {
            "time": "2010-01-12T12:18:40+00:00",
            "course": 320.0,
            "speed": 12.0,
            "depth": 0.0
          },
          {
            "time": "2010-01-12T12:19:00+00:00",
            "course": 320.0,
            "speed": 12.0,
            "depth": 0.0
          },
          {
            "time": "2010-01-12T12:19:20+00:00",
            "course": 320.0,
            "speed": 12.0,
            "depth": 0.0
          },
          {
            "time": "2010-01-12T12:19:40+00:00",
            "course": 320.0,
            "speed": 12.0,
            "depth": 0.0
          },
          {
            "time": "2010-01-12T12:20:00+00:00",
            "course": 320.0,
            "speed": 12.0,
            "depth": 0.0
          },
          {
            "time": "2010-01-12T12:20:20+00:00",
            "course": 320.0,
            "speed": 12.0,
            "depth": 0.0
          },
          {
            "time": "2010-01-12T12:20:40+00:00",
            "course": 320.0,
            "speed": 12.0,
            "depth": 0.0
          },
          {
            "time": "2010-01-12T12:21:00+00:00",
            "course": 320.0,
            "speed": 12.0,
            "depth": 0.0
          },
          {
            "time": "2010-01-12T12:21:20+00:00",
            "course": 320.0,
            "speed": 12.0,
            "depth": 0.0
          },
          {
            "time": "2010-01-12T12:21:40+00:00",
            "course": 320.0,
            "speed": 12.0,
            "depth": 0.0
          },
          {
            "time": "2010-01-12T12:22:00+00:00",
            "course": 320.0,
            "speed": 12.0,
            "depth": 0.0
          },
          {
            "time": "2010-01-12T12:22:20+00:00",
            "course": 320.0,
            "speed": 12.0,
            "depth": 0.0
          },
          {
            "time": "2010-01-12T12:22:40+00:00",
            "course": 320.0,
            "speed": 12.0,
            "depth": 0.0
          },
          {
            "time": "2010-01-12T12:23:00+00:00",
            "course": 320.0,
            "speed": 12.0,
            "depth": 0.0
          },
          {
            "time": "2010-01-12T12:23:20+00:00",
            "course": 320.0,
            "speed": 12.0,
            "depth": 0.0
          },
          {
            "time": "2010-01-12T12:23:40+00:00",
            "course": 320.0,
            "speed": 12.0,
            "depth": 0.0
          },
          {
            "time": "2010-01-12T12:24:00+00:00",
            "course": 320.0,
            "speed": 12.0,
            "depth": 0.0
          },
          {
            "time": "2010-01-12T12:24:20+00:00",
            "course": 320.0,
            "speed": 12.0,
            "depth": 0.0
          },
          {
            "time": "2010-01-12T12:24:40+00:00",
            "course": 320.0,
            "speed": 12.0,
            "depth": 0.0
          },
          {
            "time": "2010-01-12T12:25:00+00:00",
            "course": 320.0,
            "speed": 12.0,
            "depth": 0.0
          },
          {
            "time": "2010-01-12T12:25:20+00:00",
            "course": 320.0,
            "speed": 12.0,
            "depth": 0.0
          },
          {
            "time": "2010-01-12T12:25:40+00:00",
            "course": 320.0,
            "speed": 12.0,
            "depth": 0.0
          },
          {
            "time": "2010-01-12T12:26:00+00:00",
            "course": 320.0,
            "speed": 12.0,
            "depth": 0.0
          },
          {
            "time": "2010-01-12T12:26:20+00:00",
            "course": 320.0,
            "speed": 12.0,
            "depth": 0.0
          },
          {
            "time": "2010-01-12T12:26:40+00:00",
            "course": 320.0,
            "speed": 12.0,
            "depth": 0.0
          },
          {
            "time": "2010-01-12T12:27:00+00:00",
            "course": 320.0,
            "speed": 12.0,
            "depth": 0.0
          },
          {
            "time": "2010-01-12T12:27:20+00:00",
            "course": 320.0,
            "speed": 12.0,
            "depth": 0.0
          },
          {
            "time": "2010-01-12T12:27:40+00:00",
            "course": 320.0,
            "speed": 12.0,
            "depth": 0.0
          },
          {
            "time": "2010-01-12T12:28:00+00:00",
            "course": 320.0,
            "speed": 12.0,
            "depth": 0.0
          },
          {
            "time": "2010-01-12T12:28:20+00:00",
            "course": 320.0,
            "speed": 12.0,
            "depth": 0.0
          },
          {
            "time": "2010-01-12T12:28:40+00:00",
            "course": 320.0,
            "speed": 12.0,
            "depth": 0.0
          },
          {
            "time": "2010-01-12T12:29:00+00:00",
            "course": 320.0,
            "speed": 12.0,
            "depth": 0.0
          },
          {
            "time": "2010-01-12T12:29:20+00:00",
            "course": 320.0,
            "speed": 12.0,
            "depth": 0.0
          },
          {
            "time": "2010-01-12T12:29:40+00:00",
            "course": 320.0,
            "speed": 12.0,
            "depth": 0.0
          },
          {
            "time": "2010-01-12T12:30:00+00:00",
            "course": 320.0,
            "speed": 12.0,
            "depth": 0.0
          },
          {
            "time": "2010-01-12T12:30:20+00:00",
            "course": 320.0,
            "speed": 12.0,
            "depth": 0.0
          },
          {
            "time": "2010-01-12T12:30:40+00:00",
            "course": 320.0,
            "speed": 12.0,
            "depth": 0.0
          },
          {
            "time": "2010-01-12T12:31:00+00:00",
            "course": 320.0,
            "speed": 12.0,
            "depth": 0.0
          },
          {
            "time": "2010-01-12T12:31:20+00:00",
            "course": 320.0,
            "speed": 12.0,
            "depth": 0.0
          },
          {
            "time": "2010-01-12T12:31:40+00:00",
            "course": 320.0,
            "speed": 12.0,
            "depth": 0.0
          },
          {
            "time": "2010-01-12T12:32:00+00:00",
            "course": 347.05,
            "speed": 20.0,
            "depth": 0.0
          },
          {
            "time": "2010-01-12T12:32:20+00:00",
            "course": 16.52,
            "speed": 20.0,
            "depth": 0.0
          },
          {
            "time": "2010-01-12T12:32:40+00:00",
            "course": 46.0,
            "speed": 20.0,
            "depth": 0.0
          },
          {
            "time": "2010-01-12T12:33:00+00:00",
            "course": 75.48,
            "speed": 20.0,
            "depth": 0.0
          },
          {
            "time": "2010-01-12T12:33:20+00:00",
            "course": 103.48,
            "speed": 20.0,
            "depth": 0.0
          },
          {
            "time": "2010-01-12T12:33:40+00:00",
            "course": 103.73,
            "speed": 20.0,
            "depth": 0.0
          },
          {
            "time": "2010-01-12T12:34:00+00:00",
            "course": 103.73,
            "speed": 20.0,
            "depth": 0.0
          },
          {
            "time": "2010-01-12T12:34:20+00:00",
            "course": 103.73,
            "speed": 20.0,
            "depth": 0.0
          },
          {
            "time": "2010-01-12T12:34:40+00:00",
            "course": 103.73,
            "speed": 20.0,
            "depth": 0.0
          },
          {
            "time": "2010-01-12T12:35:00+00:00",
            "course": 103.73,
            "speed": 20.0,
            "depth": 0.0
          },
          {
            "time": "2010-01-12T12:35:20+00:00",
            "course": 103.73,
            "speed": 20.0,
            "depth": 0.0
          },
          {
            "time": "2010-01-12T12:35:40+00:00",
            "course": 103.73,
            "speed": 20.0,
            "depth": 0.0
          },
          {
            "time": "2010-01-12T12:36:00+00:00",
            "course": 103.73,
            "speed": 20.0,
            "depth": 0.0
          },
          {
            "time": "2010-01-12T12:36:20+00:00",
            "course": 103.73,
            "speed": 20.0,
            "depth": 0.0
          },
          {
            "time": "2010-01-12T12:36:40+00:00",
            "course": 103.73,
            "speed": 20.0,
            "depth": 0.0
          },
          {
            "time": "2010-01-12T12:37:00+00:00",
            "course": 103.73,
            "speed": 20.0,
            "depth": 0.0
          },
          {
            "time": "2010-01-12T12:37:20+00:00",
            "course": 103.73,
            "speed": 20.0,
            "depth": 0.0
          },
          {
            "time": "2010-01-12T12:37:40+00:00",
            "course": 103.73,
            "speed": 20.0,
            "depth": 0.0
          },
          {
            "time": "2010-01-12T12:38:00+00:00",
            "course": 103.73,
            "speed": 20.0,
            "depth": 0.0
          },
          {
            "time": "2010-01-12T12:38:20+00:00",
            "course": 103.73,
            "speed": 20.0,
            "depth": 0.0
          },
          {
            "time": "2010-01-12T12:38:40+00:00",
            "course": 103.73,
            "speed": 20.0,
            "depth": 0.0
          },
          {
            "time": "2010-01-12T12:39:00+00:00",
            "course": 103.73,
            "speed": 20.0,
            "depth": 0.0
          },
          {
            "time": "2010-01-12T12:39:20+00:00",
            "course": 103.73,
            "speed": 20.0,
            "depth": 0.0
          },
          {
            "time": "2010-01-12T12:39:40+00:00",
            "course": 103.73,
            "speed": 20.0,
            "depth": 0.0
          },
          {
            "time": "2010-01-12T12:40:00+00:00",
            "course": 103.73,
            "speed": 20.0,
            "depth": 0.0
          },
          {
            "time": "2010-01-12T12:40:20+00:00",
            "course": 103.73,
            "speed": 20.0,
            "depth": 0.0
          },
          {
            "time": "2010-01-12T12:40:40+00:00",
            "course": 103.73,
            "speed": 20.0,
            "depth": 0.0
          },
          {
            "time": "2010-01-12T12:41:00+00:00",
            "course": 103.73,
            "speed": 20.0,
            "depth": 0.0
          },
          {
            "time": "2010-01-12T12:41:20+00:00",
            "course": 103.73,
            "speed": 20.0,
            "depth": 0.0
          },
          {
            "time": "2010-01-12T12:41:40+00:00",
            "course": 103.73,
            "speed": 20.0,
            "depth": 0.0
          },
          {
            "time": "2010-01-12T12:42:00+00:00",
            "course": 103.73,
            "speed": 20.0,
            "depth": 0.0
          },
          {
            "time": "2010-01-12T12:42:20+00:00",
            "course": 103.73,
            "speed": 20.0,
            "depth": 0.0
          },
          {
            "time": "2010-01-12T12:42:40+00:00",
            "course": 103.73,
            "speed": 20.0,
            "depth": 0.0
          },
          {
            "time": "2010-01-12T12:43:00+00:00",
            "course": 103.73,
            "speed": 20.0,
            "depth": 0.0
          },
          {
            "time": "2010-01-12T12:43:20+00:00",
            "course": 103.73,
            "speed": 20.0,
            "depth": 0.0
          },
          {
            "time": "2010-01-12T12:43:40+00:00",
            "course": 103.73,
            "speed": 20.0,
            "depth": 0.0
          },
          {
            "time": "2010-01-12T12:44:00+00:00",
            "course": 103.73,
            "speed": 20.0,
            "depth": 0.0
          },
          {
            "time": "2010-01-12T12:44:20+00:00",
            "course": 103.73,
            "speed": 20.0,
            "depth": 0.0
          },
          {
            "time": "2010-01-12T12:44:40+00:00",
            "course": 103.73,
            "speed": 20.0,
            "depth": 0.0
          },
          {
            "time": "2010-01-12T12:45:00+00:00",
            "course": 103.73,
            "speed": 20.0,
            "depth": 0.0
          },
          {
            "time": "2010-01-12T12:45:20+00:00",
            "course": 103.73,
            "speed": 20.0,
            "depth": 0.0
          },
          {
            "time": "2010-01-12T12:45:40+00:00",
            "course": 103.73,
            "speed": 20.0,
            "depth": 0.0
          },
          {
            "time": "2010-01-12T12:46:00+00:00",
            "course": 103.73,
            "speed": 20.0,
            "depth": 0.0
          },
          {
            "time": "2010-01-12T12:46:20+00:00",
            "course": 103.73,
            "speed": 20.0,
            "depth": 0.0
          },
          {
            "time": "2010-01-12T12:46:40+00:00",
            "course": 103.73,
            "speed": 20.0,
            "depth": 0.0
          },
          {
            "time": "2010-01-12T12:47:00+00:00",
            "course": 103.73,
            "speed": 20.0,
            "depth": 0.0
          },
          {
            "time": "2010-01-12T12:47:20+00:00",
            "course": 103.73,
            "speed": 20.0,
            "depth": 0.0
          },
          {
            "time": "2010-01-12T12:47:40+00:00",
            "course": 103.73,
            "speed": 20.0,
            "depth": 0.0
          },
          {
            "time": "2010-01-12T12:48:00+00:00",
            "course": 103.73,
            "speed": 20.0,
            "depth": 0.0
          },
          {
            "time": "2010-01-12T12:48:20+00:00",
            "course": 103.73,
            "speed": 20.0,
            "depth": 0.0
          },
          {
            "time": "2010-01-12T12:48:40+00:00",
            "course": 103.73,
            "speed": 20.0,
            "depth": 0.0
          },
          {
            "time": "2010-01-12T12:49:00+00:00",
            "course": 103.73,
            "speed": 20.0,
            "depth": 0.0
          },
          {
            "time": "2010-01-12T12:49:20+00:00",
            "course": 103.73,
            "speed": 20.0,
            "depth": 0.0
          },
          {
            "time": "2010-01-12T12:49:40+00:00",
            "course": 103.73,
            "speed": 20.0,
            "depth": 0.0
          },
          {
            "time": "2010-01-12T12:50:00+00:00",
            "course": 103.73,
            "speed": 20.0,
            "depth": 0.0
          },
          {
            "time": "2010-01-12T12:50:20+00:00",
            "course": 103.73,
            "speed": 20.0,
            "depth": 0.0
          },
          {
            "time": "2010-01-12T12:50:40+00:00",
            "course": 103.73,
            "speed": 20.0,
            "depth": 0.0
          },
          {
            "time": "2010-01-12T12:51:00+00:00",
            "course": 103.73,
            "speed": 20.0,
            "depth": 0.0
          },
          {
            "time": "2010-01-12T12:51:20+00:00",
            "course": 103.73,
            "speed": 20.0,
            "depth": 0.0
          },
          {
            "time": "2010-01-12T12:51:40+00:00",
            "course": 103.73,
            "speed": 20.0,
            "depth": 0.0
          },
          {
            "time": "2010-01-12T12:52:00+00:00",
            "course": 103.73,
            "speed": 20.0,
            "depth": 0.0
          },
          {
            "time": "2010-01-12T12:52:20+00:00",
            "course": 103.73,
            "speed": 20.0,
            "depth": 0.0
          },
          {
            "time": "2010-01-12T12:52:40+00:00",
            "course": 103.73,
            "speed": 20.0,
            "depth": 0.0
          },
          {
            "time": "2010-01-12T12:53:00+00:00",
            "course": 103.73,
            "speed": 20.0,
            "depth": 0.0
          },
          {
            "time": "2010-01-12T12:53:20+00:00",
            "course": 103.73,
            "speed": 20.0,
            "depth": 0.0
          },
          {
            "time": "2010-01-12T12:53:40+00:00",
            "course": 103.73,
            "speed": 20.0,
            "depth": 0.0
          },
          {
            "time": "2010-01-12T12:54:00+00:00",
            "course": 103.73,
            "speed": 20.0,
            "depth": 0.0
          },
          {
            "time": "2010-01-12T12:54:20+00:00",
            "course": 103.73,
            "speed": 20.0,
            "depth": 0.0
          },
          {
            "time": "2010-01-12T12:54:40+00:00",
            "course": 103.73,
            "speed": 20.0,
            "depth": 0.0
          },
          {
            "time": "2010-01-12T12:55:00+00:00",
            "course": 103.73,
            "speed": 20.0,
            "depth": 0.0
          },
          {
            "time": "2010-01-12T12:55:20+00:00",
            "course": 103.73,
            "speed": 20.0,
            "depth": 0.0
          },
          {
            "time": "2010-01-12T12:55:40+00:00",
            "course": 103.73,
            "speed": 20.0,
            "depth": 0.0
          },
          {
            "time": "2010-01-12T12:56:00+00:00",
            "course": 103.73,
            "speed": 20.0,
            "depth": 0.0
          },
          {
            "time": "2010-01-12T12:56:20+00:00",
            "course": 103.73,
            "speed": 20.0,
            "depth": 0.0
          },
          {
            "time": "2010-01-12T12:56:40+00:00",
            "course": 103.73,
            "speed": 20.0,
            "depth": 0.0
          },
          {
            "time": "2010-01-12T12:57:00+00:00",
            "course": 103.73,
            "speed": 20.0,
            "depth": 0.0
          },
          {
            "time": "2010-01-12T12:57:20+00:00",
            "course": 103.73,
            "speed": 20.0,
            "depth": 0.0
          },
          {
            "time": "2010-01-12T12:57:40+00:00",
            "course": 103.73,
            "speed": 20.0,
            "depth": 0.0
          },
          {
            "time": "2010-01-12T12:58:00+00:00",
            "course": 103.73,
            "speed": 20.0,
            "depth": 0.0
          },
          {
            "time": "2010-01-12T12:58:20+00:00",
            "course": 103.73,
            "speed": 20.0,
            "depth": 0.0
          },
          {
            "time": "2010-01-12T12:58:40+00:00",
            "course": 103.73,
            "speed": 20.0,
            "depth": 0.0
          },
          {
            "time": "2010-01-12T12:59:00+00:00",
            "course": 103.73,
            "speed": 20.0,
            "depth": 0.0
          },
          {
            "time": "2010-01-12T12:59:20+00:00",
            "course": 103.73,
            "speed": 20.0,
            "depth": 0.0
          },
          {
            "time": "2010-01-12T12:59:40+00:00",
            "course": 103.73,
            "speed": 20.0,
            "depth": 0.0
          },
          {
            "time": "2010-01-12T13:00:00+00:00",
            "course": 103.73,
            "speed": 20.0,
            "depth": 0.0
          },
          {
            "time": "2010-01-12T13:00:20+00:00",
            "course": 103.73,
            "speed": 20.0,
            "depth": 0.0
          },
          {
            "time": "2010-01-12T13:00:40+00:00",
            "course": 103.73,
            "speed": 20.0,
            "depth": 0.0
          },
          {
            "time": "2010-01-12T13:01:00+00:00",
            "course": 103.73,
            "speed": 20.0,
            "depth": 0.0
          },
          {
            "time": "2010-01-12T13:01:20+00:00",
            "course": 103.73,
            "speed": 20.0,
            "depth": 0.0
          },
          {
            "time": "2010-01-12T13:01:40+00:00",
            "course": 103.73,
            "speed": 20.0,
            "depth": 0.0
          },
          {
            "time": "2010-01-12T13:02:00+00:00",
            "course": 103.73,
            "speed": 20.0,
            "depth": 0.0
          },
          {
            "time": "2010-01-12T13:02:20+00:00",
            "course": 103.73,
            "speed": 20.0,
            "depth": 0.0
          },
          {
            "time": "2010-01-12T13:02:40+00:00",
            "course": 103.73,
            "speed": 20.0,
            "depth": 0.0
          },
          {
            "time": "2010-01-12T13:03:00+00:00",
            "course": 103.73,
            "speed": 20.0,
            "depth": 0.0
          },
          {
            "time": "2010-01-12T13:03:20+00:00",
            "course": 103.73,
            "speed": 20.0,
            "depth": 0.0
          },
          {
            "time": "2010-01-12T13:03:40+00:00",
            "course": 103.73,
            "speed": 20.0,
            "depth": 0.0
          },
          {
            "time": "2010-01-12T13:04:00+00:00",
            "course": 103.73,
            "speed": 20.0,
            "depth": 0.0
          },
          {
            "time": "2010-01-12T13:04:20+00:00",
            "course": 103.73,
            "speed": 20.0,
            "depth": 0.0
          },
          {
            "time": "2010-01-12T13:04:40+00:00",
            "course": 103.73,
            "speed": 20.0,
            "depth": 0.0
          },
          {
            "time": "2010-01-12T13:05:00+00:00",
            "course": 103.73,
            "speed": 20.0,
            "depth": 0.0
          },
          {
            "time": "2010-01-12T13:05:20+00:00",
            "course": 103.73,
            "speed": 20.0,
            "depth": 0.0
          },
          {
            "time": "2010-01-12T13:05:40+00:00",
            "course": 103.73,
            "speed": 20.0,
            "depth": 0.0
          },
          {
            "time": "2010-01-12T13:06:00+00:00",
            "course": 103.73,
            "speed": 20.0,
            "depth": 0.0
          },
          {
            "time": "2010-01-12T13:06:20+00:00",
            "course": 103.73,
            "speed": 20.0,
            "depth": 0.0
          },
          {
            "time": "2010-01-12T13:06:40+00:00",
            "course": 103.73,
            "speed": 20.0,
            "depth": 0.0
          },
          {
            "time": "2010-01-12T13:07:00+00:00",
            "course": 103.73,
            "speed": 20.0,
            "depth": 0.0
          },
          {
            "time": "2010-01-12T13:07:20+00:00",
            "course": 103.73,
            "speed": 20.0,
            "depth": 0.0
          },
          {
            "time": "2010-01-12T13:07:40+00:00",
            "course": 103.73,
            "speed": 20.0,
            "depth": 0.0
          },
          {
            "time": "2010-01-12T13:08:00+00:00",
            "course": 103.73,
            "speed": 20.0,
            "depth": 0.0
          },
          {
            "time": "2010-01-12T13:08:20+00:00",
            "course": 103.73,
            "speed": 20.0,
            "depth": 0.0
          },
          {
            "time": "2010-01-12T13:08:40+00:00",
            "course": 103.73,
            "speed": 20.0,
            "depth": 0.0
          },
          {
            "time": "2010-01-12T13:09:00+00:00",
            "course": 103.73,
            "speed": 20.0,
            "depth": 0.0
          },
          {
            "time": "2010-01-12T13:09:20+00:00",
            "course": 103.73,
            "speed": 20.0,
            "depth": 0.0
          },
          {
            "time": "2010-01-12T13:09:40+00:00",
            "course": 103.73,
            "speed": 20.0,
            "depth": 0.0
          },
          {
            "time": "2010-01-12T13:10:00+00:00",
            "course": 103.73,
            "speed": 20.0,
            "depth": 0.0
          },
          {
            "time": "2010-01-12T13:10:20+00:00",
            "course": 103.73,
            "speed": 20.0,
            "depth": 0.0
          },
          {
            "time": "2010-01-12T13:10:40+00:00",
            "course": 103.73,
            "speed": 20.0,
            "depth": 0.0
          },
          {
            "time": "2010-01-12T13:11:00+00:00",
            "course": 103.73,
            "speed": 20.0,
            "depth": 0.0
          },
          {
            "time": "2010-01-12T13:11:20+00:00",
            "course": 103.73,
            "speed": 20.0,
            "depth": 0.0
          },
          {
            "time": "2010-01-12T13:11:40+00:00",
            "course": 103.73,
            "speed": 20.0,
            "depth": 0.0
          },
          {
            "time": "2010-01-12T13:12:00+00:00",
            "course": 103.73,
            "speed": 20.0,
            "depth": 0.0
          },
          {
            "time": "2010-01-12T13:12:20+00:00",
            "course": 103.73,
            "speed": 20.0,
            "depth": 0.0
          },
          {
            "time": "2010-01-12T13:12:40+00:00",
            "course": 103.73,
            "speed": 20.0,
            "depth": 0.0
          },
          {
            "time": "2010-01-12T13:13:00+00:00",
            "course": 103.73,
            "speed": 20.0,
            "depth": 0.0
          },
          {
            "time": "2010-01-12T13:13:20+00:00",
            "course": 103.73,
            "speed": 20.0,
            "depth": 0.0
          },
          {
            "time": "2010-01-12T13:13:40+00:00",
            "course": 103.73,
            "speed": 20.0,
            "depth": 0.0
          },
          {
            "time": "2010-01-12T13:14:00+00:00",
            "course": 103.73,
            "speed": 20.0,
            "depth": 0.0
          },
          {
            "time": "2010-01-12T13:14:20+00:00",
            "course": 103.73,
            "speed": 20.0,
            "depth": 0.0
          },
          {
            "time": "2010-01-12T13:14:40+00:00",
            "course": 103.73,
            "speed": 20.0,
            "depth": 0.0
          },
          {
            "time": "2010-01-12T13:15:00+00:00",
            "course": 103.73,
            "speed": 20.0,
            "depth": 0.0
          },
          {
            "time": "2010-01-12T13:15:20+00:00",
            "course": 103.73,
            "speed": 20.0,
            "depth": 0.0
          },
          {
            "time": "2010-01-12T13:15:40+00:00",
            "course": 103.73,
            "speed": 20.0,
            "depth": 0.0
          },
          {
            "time": "2010-01-12T13:16:00+00:00",
            "course": 103.73,
            "speed": 20.0,
            "depth": 0.0
          },
          {
            "time": "2010-01-12T13:16:20+00:00",
            "course": 103.73,
            "speed": 20.0,
            "depth": 0.0
          },
          {
            "time": "2010-01-12T13:16:40+00:00",
            "course": 103.73,
            "speed": 20.0,
            "depth": 0.0
          },
          {
            "time": "2010-01-12T13:17:00+00:00",
            "course": 103.73,
            "speed": 20.0,
            "depth": 0.0
          },
          {
            "time": "2010-01-12T13:17:20+00:00",
            "course": 103.73,
            "speed": 20.0,
            "depth": 0.0
          },
          {
            "time": "2010-01-12T13:17:40+00:00",
            "course": 103.73,
            "speed": 20.0,
            "depth": 0.0
          },
          {
            "time": "2010-01-12T13:18:00+00:00",
            "course": 103.73,
            "speed": 20.0,
            "depth": 0.0
          },
          {
            "time": "2010-01-12T13:18:20+00:00",
            "course": 103.73,
            "speed": 20.0,
            "depth": 0.0
          },
          {
            "time": "2010-01-12T13:18:40+00:00",
            "course": 103.73,
            "speed": 20.0,
            "depth": 0.0
          },
          {
            "time": "2010-01-12T13:19:00+00:00",
            "course": 103.73,
            "speed": 20.0,
            "depth": 0.0
          },
          {
            "time": "2010-01-12T13:19:20+00:00",
            "course": 103.73,
            "speed": 20.0,
            "depth": 0.0
          },
          {
            "time": "2010-01-12T13:19:40+00:00",
            "course": 103.73,
            "speed": 20.0,
            "depth": 0.0
          },
          {
            "time": "2010-01-12T13:20:00+00:00",
            "course": 103.73,
            "speed": 20.0,
            "depth": 0.0
          },
          {
            "time": "2010-01-12T13:20:20+00:00",
            "course": 103.73,
            "speed": 20.0,
            "depth": 0.0
          },
          {
            "time": "2010-01-12T13:20:40+00:00",
            "course": 103.73,
            "speed": 20.0,
            "depth": 0.0
          },
          {
            "time": "2010-01-12T13:21:00+00:00",
            "course": 103.73,
            "speed": 20.0,
            "depth": 0.0
          },
          {
            "time": "2010-01-12T13:21:20+00:00",
            "course": 103.73,
            "speed": 20.0,
            "depth": 0.0
          },
          {
            "time": "2010-01-12T13:21:40+00:00",
            "course": 103.73,
            "speed": 20.0,
            "depth": 0.0
          },
          {
            "time": "2010-01-12T13:22:00+00:00",
            "course": 103.73,
            "speed": 20.0,
            "depth": 0.0
          },
          {
            "time": "2010-01-12T13:22:20+00:00",
            "course": 103.73,
            "speed": 20.0,
            "depth": 0.0
          },
          {
            "time": "2010-01-12T13:22:40+00:00",
            "course": 103.73,
            "speed": 20.0,
            "depth": 0.0
          },
          {
            "time": "2010-01-12T13:23:00+00:00",
            "course": 103.73,
            "speed": 20.0,
            "depth": 0.0
          },
          {
            "time": "2010-01-12T13:23:20+00:00",
            "course": 103.73,
            "speed": 20.0,
            "depth": 0.0
          },
          {
            "time": "2010-01-12T13:23:40+00:00",
            "course": 103.73,
            "speed": 20.0,
            "depth": 0.0
          },
          {
            "time": "2010-01-12T13:24:00+00:00",
            "course": 103.73,
            "speed": 20.0,
            "depth": 0.0
          },
          {
            "time": "2010-01-12T13:24:20+00:00",
            "course": 103.73,
            "speed": 20.0,
            "depth": 0.0
          },
          {
            "time": "2010-01-12T13:24:40+00:00",
            "course": 103.73,
            "speed": 20.0,
            "depth": 0.0
          },
          {
            "time": "2010-01-12T13:25:00+00:00",
            "course": 103.73,
            "speed": 20.0,
            "depth": 0.0
          },
          {
            "time": "2010-01-12T13:25:20+00:00",
            "course": 103.73,
            "speed": 20.0,
            "depth": 0.0
          },
          {
            "time": "2010-01-12T13:25:40+00:00",
            "course": 103.73,
            "speed": 20.0,
            "depth": 0.0
          },
          {
            "time": "2010-01-12T13:26:00+00:00",
            "course": 103.73,
            "speed": 20.0,
            "depth": 0.0
          },
          {
            "time": "2010-01-12T13:26:20+00:00",
            "course": 103.73,
            "speed": 20.0,
            "depth": 0.0
          },
          {
            "time": "2010-01-12T13:26:40+00:00",
            "course": 103.73,
            "speed": 20.0,
            "depth": 0.0
          },
          {
            "time": "2010-01-12T13:27:00+00:00",
            "course": 103.73,
            "speed": 20.0,
            "depth": 0.0
          },
          {
            "time": "2010-01-12T13:27:20+00:00",
            "course": 103.73,
            "speed": 20.0,
            "depth": 0.0
          },
          {
            "time": "2010-01-12T13:27:40+00:00",
            "course": 103.73,
            "speed": 20.0,
            "depth": 0.0
          },
          {
            "time": "2010-01-12T13:28:00+00:00",
            "course": 103.73,
            "speed": 20.0,
            "depth": 0.0
          },
          {
            "time": "2010-01-12T13:28:20+00:00",
            "course": 103.73,
            "speed": 20.0,
            "depth": 0.0
          },
          {
            "time": "2010-01-12T13:28:40+00:00",
            "course": 103.73,
            "speed": 20.0,
            "depth": 0.0
          },
          {
            "time": "2010-01-12T13:29:00+00:00",
            "course": 103.73,
            "speed": 20.0,
            "depth": 0.0
          },
          {
            "time": "2010-01-12T13:29:20+00:00",
            "course": 103.73,
            "speed": 20.0,
            "depth": 0.0
          },
          {
            "time": "2010-01-12T13:29:40+00:00",
            "course": 103.73,
            "speed": 20.0,
            "depth": 0.0
          },
          {
            "time": "2010-01-12T13:30:00+00:00",
            "course": 103.73,
            "speed": 20.0,
            "depth": 0.0
          }
        ],
        "style": {
          "line": {
            "color": "#808080"
          },
          "point": {
            "shape": "circle",
            "radius": 3.0,
            "fill_color": "#808080",
            "color": "#808080"
          }
        },
        "default_position_style": {
          "show_symbol": false,
          "symbol": "circle",
          "show_label": false
        },
        "symbol_interval": "PT5M",
        "label_interval": "PT15M",
        "sensors": [
          {
            "name": "NB_FREQ",
            "contacts": [
              {
                "time": "2010-01-12T12:00:00+00:00",
                "bearing": 0.0,
                "frequency": 150.792,
                "label": "SUBJECT held on NB_FREQ"
              },
              {
                "time": "2010-01-12T12:00:20+00:00",
                "bearing": 0.0,
                "frequency": 150.79,
                "label": "SUBJECT held on NB_FREQ"
              },
              {
                "time": "2010-01-12T12:00:40+00:00",
                "bearing": 0.0,
                "frequency": 150.788,
                "label": "SUBJECT held on NB_FREQ"
              },
              {
                "time": "2010-01-12T12:01:00+00:00",
                "bearing": 0.0,
                "frequency": 150.786,
                "label": "SUBJECT held on NB_FREQ"
              },
              {
                "time": "2010-01-12T12:01:20+00:00",
                "bearing": 0.0,
                "frequency": 150.784,
                "label": "SUBJECT held on NB_FREQ"
              },
              {
                "time": "2010-01-12T12:01:40+00:00",
                "bearing": 0.0,
                "frequency": 150.782,
                "label": "SUBJECT held on NB_FREQ"
              },
              {
                "time": "2010-01-12T12:02:00+00:00",
                "bearing": 0.0,
                "frequency": 150.78,
                "label": "SUBJECT held on NB_FREQ"
              },
              {
                "time": "2010-01-12T12:02:20+00:00",
                "bearing": 0.0,
                "frequency": 150.777,
                "label": "SUBJECT held on NB_FREQ"
              },
              {
                "time": "2010-01-12T12:02:40+00:00",
                "bearing": 0.0,
                "frequency": 150.775,
                "label": "SUBJECT held on NB_FREQ"
              },
              {
                "time": "2010-01-12T12:03:00+00:00",
                "bearing": 0.0,
                "frequency": 150.772,
                "label": "SUBJECT held on NB_FREQ"
              },
              {
                "time": "2010-01-12T12:03:20+00:00",
                "bearing": 0.0,
                "frequency": 150.769,
                "label": "SUBJECT held on NB_FREQ"
              },
              {
                "time": "2010-01-12T12:03:40+00:00",
                "bearing": 0.0,
                "frequency": 150.766,
                "label": "SUBJECT held on NB_FREQ"
              },
              {
                "time": "2010-01-12T12:04:00+00:00",
                "bearing": 0.0,
                "frequency": 150.763,
                "label": "SUBJECT held on NB_FREQ"
              },
              {
                "time": "2010-01-12T12:04:20+00:00",
                "bearing": 0.0,
                "frequency": 150.759,
                "label": "SUBJECT held on NB_FREQ"
              },
              {
                "time": "2010-01-12T12:04:40+00:00",
                "bearing": 0.0,
                "frequency": 150.756,
                "label": "SUBJECT held on NB_FREQ"
              },
              {
                "time": "2010-01-12T12:05:00+00:00",
                "bearing": 0.0,
                "frequency": 150.752,
                "label": "SUBJECT held on NB_FREQ"
              },
              {
                "time": "2010-01-12T12:05:20+00:00",
                "bearing": 0.0,
                "frequency": 150.748,
                "label": "SUBJECT held on NB_FREQ"
              },
              {
                "time": "2010-01-12T12:05:40+00:00",
                "bearing": 0.0,
                "frequency": 150.744,
                "label": "SUBJECT held on NB_FREQ"
              },
              {
                "time": "2010-01-12T12:06:00+00:00",
                "bearing": 0.0,
                "frequency": 150.739,
                "label": "SUBJECT held on NB_FREQ"
              },
              {
                "time": "2010-01-12T12:06:20+00:00",
                "bearing": 0.0,
                "frequency": 150.734,
                "label": "SUBJECT held on NB_FREQ"
              },
              {
                "time": "2010-01-12T12:06:40+00:00",
                "bearing": 0.0,
                "frequency": 150.729,
                "label": "SUBJECT held on NB_FREQ"
              },
              {
                "time": "2010-01-12T12:07:00+00:00",
                "bearing": 0.0,
                "frequency": 150.724,
                "label": "SUBJECT held on NB_FREQ"
              },
              {
                "time": "2010-01-12T12:07:20+00:00",
                "bearing": 0.0,
                "frequency": 150.718,
                "label": "SUBJECT held on NB_FREQ"
              },
              {
                "time": "2010-01-12T12:07:40+00:00",
                "bearing": 0.0,
                "frequency": 150.712,
                "label": "SUBJECT held on NB_FREQ"
              },
              {
                "time": "2010-01-12T12:08:00+00:00",
                "bearing": 0.0,
                "frequency": 150.705,
                "label": "SUBJECT held on NB_FREQ"
              },
              {
                "time": "2010-01-12T12:08:20+00:00",
                "bearing": 0.0,
                "frequency": 150.698,
                "label": "SUBJECT held on NB_FREQ"
              },
              {
                "time": "2010-01-12T12:08:40+00:00",
                "bearing": 0.0,
                "frequency": 150.691,
                "label": "SUBJECT held on NB_FREQ"
              },
              {
                "time": "2010-01-12T12:09:00+00:00",
                "bearing": 0.0,
                "frequency": 150.683,
                "label": "SUBJECT held on NB_FREQ"
              },
              {
                "time": "2010-01-12T12:09:20+00:00",
                "bearing": 0.0,
                "frequency": 150.674,
                "label": "SUBJECT held on NB_FREQ"
              },
              {
                "time": "2010-01-12T12:09:40+00:00",
                "bearing": 0.0,
                "frequency": 150.665,
                "label": "SUBJECT held on NB_FREQ"
              },
              {
                "time": "2010-01-12T12:10:00+00:00",
                "bearing": 0.0,
                "frequency": 150.655,
                "label": "SUBJECT held on NB_FREQ"
              },
              {
                "time": "2010-01-12T12:10:20+00:00",
                "bearing": 0.0,
                "frequency": 150.645,
                "label": "SUBJECT held on NB_FREQ"
              },
              {
                "time": "2010-01-12T12:10:40+00:00",
                "bearing": 0.0,
                "frequency": 150.634,
                "label": "SUBJECT held on NB_FREQ"
              },
              {
                "time": "2010-01-12T12:11:00+00:00",
                "bearing": 0.0,
                "frequency": 150.622,
                "label": "SUBJECT held on NB_FREQ"
              },
              {
                "time": "2010-01-12T12:11:20+00:00",
                "bearing": 0.0,
                "frequency": 150.609,
                "label": "SUBJECT held on NB_FREQ"
              },
              {
                "time": "2010-01-12T12:11:40+00:00",
                "bearing": 0.0,
                "frequency": 150.595,
                "label": "SUBJECT held on NB_FREQ"
              },
              {
                "time": "2010-01-12T12:12:00+00:00",
                "bearing": 0.0,
                "frequency": 150.58,
                "label": "SUBJECT held on NB_FREQ"
              },
              {
                "time": "2010-01-12T12:12:20+00:00",
                "bearing": 0.0,
                "frequency": 150.564,
                "label": "SUBJECT held on NB_FREQ"
              },
              {
                "time": "2010-01-12T12:12:40+00:00",
                "bearing": 0.0,
                "frequency": 150.547,
                "label": "SUBJECT held on NB_FREQ"
              },
              {
                "time": "2010-01-12T12:13:00+00:00",
                "bearing": 0.0,
                "frequency": 150.528,
                "label": "SUBJECT held on NB_FREQ"
              },
              {
                "time": "2010-01-12T12:13:20+00:00",
                "bearing": 0.0,
                "frequency": 150.509,
                "label": "SUBJECT held on NB_FREQ"
              },
              {
                "time": "2010-01-12T12:13:40+00:00",
                "bearing": 0.0,
                "frequency": 150.487,
                "label": "SUBJECT held on NB_FREQ"
              },
              {
                "time": "2010-01-12T12:14:00+00:00",
                "bearing": 0.0,
                "frequency": 150.465,
                "label": "SUBJECT held on NB_FREQ"
              },
              {
                "time": "2010-01-12T12:14:20+00:00",
                "bearing": 0.0,
                "frequency": 150.441,
                "label": "SUBJECT held on NB_FREQ"
              },
              {
                "time": "2010-01-12T12:14:40+00:00",
                "bearing": 0.0,
                "frequency": 150.415,
                "label": "SUBJECT held on NB_FREQ"
              },
              {
                "time": "2010-01-12T12:15:00+00:00",
                "bearing": 0.0,
                "frequency": 150.388,
                "label": "SUBJECT held on NB_FREQ"
              },
              {
                "time": "2010-01-12T12:15:20+00:00",
                "bearing": 0.0,
                "frequency": 150.359,
                "label": "SUBJECT held on NB_FREQ"
              },
              {
                "time": "2010-01-12T12:15:40+00:00",
                "bearing": 0.0,
                "frequency": 150.329,
                "label": "SUBJECT held on NB_FREQ"
              },
              {
                "time": "2010-01-12T12:16:00+00:00",
                "bearing": 0.0,
                "frequency": 150.297,
                "label": "SUBJECT held on NB_FREQ"
              },
              {
                "time": "2010-01-12T12:16:20+00:00",
                "bearing": 0.0,
                "frequency": 150.263,
                "label": "SUBJECT held on NB_FREQ"
              },
              {
                "time": "2010-01-12T12:16:40+00:00",
                "bearing": 0.0,
                "frequency": 150.228,
                "label": "SUBJECT held on NB_FREQ"
              },
              {
                "time": "2010-01-12T12:17:00+00:00",
                "bearing": 0.0,
                "frequency": 150.192,
                "label": "SUBJECT held on NB_FREQ"
              },
              {
                "time": "2010-01-12T12:17:20+00:00",
                "bearing": 0.0,
                "frequency": 150.155,
                "label": "SUBJECT held on NB_FREQ"
              },
              {
                "time": "2010-01-12T12:17:40+00:00",
                "bearing": 0.0,
                "frequency": 150.116,
                "label": "SUBJECT held on NB_FREQ"
              },
              {
                "time": "2010-01-12T12:18:00+00:00",
                "bearing": 0.0,
                "frequency": 150.077,
                "label": "SUBJECT held on NB_FREQ"
              },
              {
                "time": "2010-01-12T12:18:20+00:00",
                "bearing": 0.0,
                "frequency": 150.038,
                "label": "SUBJECT held on NB_FREQ"
              },
              {
                "time": "2010-01-12T12:18:40+00:00",
                "bearing": 0.0,
                "frequency": 149.998,
                "label": "SUBJECT held on NB_FREQ"
              },
              {
                "time": "2010-01-12T12:19:00+00:00",
                "bearing": 0.0,
                "frequency": 149.958,
                "label": "SUBJECT held on NB_FREQ"
              },
              {
                "time": "2010-01-12T12:19:20+00:00",
                "bearing": 0.0,
                "frequency": 149.919,
                "label": "SUBJECT held on NB_FREQ"
              },
              {
                "time": "2010-01-12T12:19:40+00:00",
                "bearing": 0.0,
                "frequency": 149.88,
                "label": "SUBJECT held on NB_FREQ"
              },
              {
                "time": "2010-01-12T12:20:00+00:00",
                "bearing": 0.0,
                "frequency": 149.842,
                "label": "SUBJECT held on NB_FREQ"
              },
              {
                "time": "2010-01-12T12:20:20+00:00",
                "bearing": 0.0,
                "frequency": 149.804,
                "label": "SUBJECT held on NB_FREQ"
              },
              {
                "time": "2010-01-12T12:20:40+00:00",
                "bearing": 0.0,
                "frequency": 149.768,
                "label": "SUBJECT held on NB_FREQ"
              },
              {
                "time": "2010-01-12T12:21:00+00:00",
                "bearing": 0.0,
                "frequency": 149.734,
                "label": "SUBJECT held on NB_FREQ"
              },
              {
                "time": "2010-01-12T12:21:20+00:00",
                "bearing": 0.0,
                "frequency": 149.7,
                "label": "SUBJECT held on NB_FREQ"
              },
              {
                "time": "2010-01-12T12:21:40+00:00",
                "bearing": 0.0,
                "frequency": 149.669,
                "label": "SUBJECT held on NB_FREQ"
              },
              {
                "time": "2010-01-12T12:22:00+00:00",
                "bearing": 0.0,
                "frequency": 149.638,
                "label": "SUBJECT held on NB_FREQ"
              },
              {
                "time": "2010-01-12T12:22:20+00:00",
                "bearing": 0.0,
                "frequency": 149.61,
                "label": "SUBJECT held on NB_FREQ"
              },
              {
                "time": "2010-01-12T12:22:40+00:00",
                "bearing": 0.0,
                "frequency": 149.583,
                "label": "SUBJECT held on NB_FREQ"
              },
              {
                "time": "2010-01-12T12:23:00+00:00",
                "bearing": 0.0,
                "frequency": 149.558,
                "label": "SUBJECT held on NB_FREQ"
              },
              {
                "time": "2010-01-12T12:23:20+00:00",
                "bearing": 0.0,
                "frequency": 149.534,
                "label": "SUBJECT held on NB_FREQ"
              },
              {
                "time": "2010-01-12T12:23:40+00:00",
                "bearing": 0.0,
                "frequency": 149.511,
                "label": "SUBJECT held on NB_FREQ"
              },
              {
                "time": "2010-01-12T12:24:00+00:00",
                "bearing": 0.0,
                "frequency": 149.491,
                "label": "SUBJECT held on NB_FREQ"
              },
              {
                "time": "2010-01-12T12:24:20+00:00",
                "bearing": 0.0,
                "frequency": 149.471,
                "label": "SUBJECT held on NB_FREQ"
              },
              {
                "time": "2010-01-12T12:24:40+00:00",
                "bearing": 0.0,
                "frequency": 149.453,
                "label": "SUBJECT held on NB_FREQ"
              },
              {
                "time": "2010-01-12T12:25:00+00:00",
                "bearing": 0.0,
                "frequency": 149.436,
                "label": "SUBJECT held on NB_FREQ"
              },
              {
                "time": "2010-01-12T12:25:20+00:00",
                "bearing": 0.0,
                "frequency": 149.42,
                "label": "SUBJECT held on NB_FREQ"
              },
              {
                "time": "2010-01-12T12:25:40+00:00",
                "bearing": 0.0,
                "frequency": 149.405,
                "label": "SUBJECT held on NB_FREQ"
              },
              {
                "time": "2010-01-12T12:26:00+00:00",
                "bearing": 0.0,
                "frequency": 149.392,
                "label": "SUBJECT held on NB_FREQ"
              },
              {
                "time": "2010-01-12T12:26:20+00:00",
                "bearing": 0.0,
                "frequency": 149.379,
                "label": "SUBJECT held on NB_FREQ"
              },
              {
                "time": "2010-01-12T12:26:40+00:00",
                "bearing": 0.0,
                "frequency": 149.367,
                "label": "SUBJECT held on NB_FREQ"
              },
              {
                "time": "2010-01-12T12:27:00+00:00",
                "bearing": 0.0,
                "frequency": 149.356,
                "label": "SUBJECT held on NB_FREQ"
              },
              {
                "time": "2010-01-12T12:27:20+00:00",
                "bearing": 0.0,
                "frequency": 149.345,
                "label": "SUBJECT held on NB_FREQ"
              },
              {
                "time": "2010-01-12T12:27:40+00:00",
                "bearing": 0.0,
                "frequency": 149.336,
                "label": "SUBJECT held on NB_FREQ"
              },
              {
                "time": "2010-01-12T12:28:00+00:00",
                "bearing": 0.0,
                "frequency": 149.327,
                "label": "SUBJECT held on NB_FREQ"
              },
              {
                "time": "2010-01-12T12:28:20+00:00",
                "bearing": 0.0,
                "frequency": 149.318,
                "label": "SUBJECT held on NB_FREQ"
              },
              {
                "time": "2010-01-12T12:28:40+00:00",
                "bearing": 0.0,
                "frequency": 149.31,
                "label": "SUBJECT held on NB_FREQ"
              },
              {
                "time": "2010-01-12T12:29:00+00:00",
                "bearing": 0.0,
                "frequency": 149.303,
                "label": "SUBJECT held on NB_FREQ"
              },
              {
                "time": "2010-01-12T12:29:20+00:00",
                "bearing": 0.0,
                "frequency": 149.296,
                "label": "SUBJECT held on NB_FREQ"
              },
              {
                "time": "2010-01-12T12:29:40+00:00",
                "bearing": 0.0,
                "frequency": 149.29,
                "label": "SUBJECT held on NB_FREQ"
              },
              {
                "time": "2010-01-12T12:30:00+00:00",
                "bearing": 0.0,
                "frequency": 149.284,
                "label": "SUBJECT held on NB_FREQ"
              },
              {
                "time": "2010-01-12T12:30:20+00:00",
                "bearing": 0.0,
                "frequency": 149.278,
                "label": "SUBJECT held on NB_FREQ"
              },
              {
                "time": "2010-01-12T12:30:40+00:00",
                "bearing": 0.0,
                "frequency": 149.272,
                "label": "SUBJECT held on NB_FREQ"
              },
              {
                "time": "2010-01-12T12:31:00+00:00",
                "bearing": 0.0,
                "frequency": 149.267,
                "label": "SUBJECT held on NB_FREQ"
              },
              {
                "time": "2010-01-12T12:31:20+00:00",
                "bearing": 0.0,
                "frequency": 149.263,
                "label": "SUBJECT held on NB_FREQ"
              },
              {
                "time": "2010-01-12T12:31:40+00:00",
                "bearing": 0.0,
                "frequency": 149.258,
                "label": "SUBJECT held on NB_FREQ"
              },
              {
                "time": "2010-01-12T12:32:00+00:00",
                "bearing": 0.0,
                "frequency": 149.403,
                "label": "SUBJECT held on NB_FREQ"
              },
              {
                "time": "2010-01-12T12:32:20+00:00",
                "bearing": 0.0,
                "frequency": 149.897,
                "label": "SUBJECT held on NB_FREQ"
              },
              {
                "time": "2010-01-12T12:32:40+00:00",
                "bearing": 0.0,
                "frequency": 150.336,
                "label": "SUBJECT held on NB_FREQ"
              },
              {
                "time": "2010-01-12T12:33:00+00:00",
                "bearing": 0.0,
                "frequency": 150.615,
                "label": "SUBJECT held on NB_FREQ"
              },
              {
                "time": "2010-01-12T12:33:20+00:00",
                "bearing": 0.0,
                "frequency": 150.658,
                "label": "SUBJECT held on NB_FREQ"
              },
              {
                "time": "2010-01-12T12:33:40+00:00",
                "bearing": 0.0,
                "frequency": 150.656,
                "label": "SUBJECT held on NB_FREQ"
              },
              {
                "time": "2010-01-12T12:34:00+00:00",
                "bearing": 0.0,
                "frequency": 150.654,
                "label": "SUBJECT held on NB_FREQ"
              },
              {
                "time": "2010-01-12T12:34:20+00:00",
                "bearing": 0.0,
                "frequency": 150.652,
                "label": "SUBJECT held on NB_FREQ"
              },
              {
                "time": "2010-01-12T12:34:40+00:00",
                "bearing": 0.0,
                "frequency": 150.65,
                "label": "SUBJECT held on NB_FREQ"
              },
              {
                "time": "2010-01-12T12:35:00+00:00",
                "bearing": 0.0,
                "frequency": 150.648,
                "label": "SUBJECT held on NB_FREQ"
              },
              {
                "time": "2010-01-12T12:35:20+00:00",
                "bearing": 0.0,
                "frequency": 150.646,
                "label": "SUBJECT held on NB_FREQ"
              },
              {
                "time": "2010-01-12T12:35:40+00:00",
                "bearing": 0.0,
                "frequency": 150.643,
                "label": "SUBJECT held on NB_FREQ"
              },
              {
                "time": "2010-01-12T12:36:00+00:00",
                "bearing": 0.0,
                "frequency": 150.641,
                "label": "SUBJECT held on NB_FREQ"
              },
              {
                "time": "2010-01-12T12:36:20+00:00",
                "bearing": 0.0,
                "frequency": 150.638,
                "label": "SUBJECT held on NB_FREQ"
              },
              {
                "time": "2010-01-12T12:36:40+00:00",
                "bearing": 0.0,
                "frequency": 150.635,
                "label": "SUBJECT held on NB_FREQ"
              },
              {
                "time": "2010-01-12T12:37:00+00:00",
                "bearing": 0.0,
                "frequency": 150.632,
                "label": "SUBJECT held on NB_FREQ"
              },
              {
                "time": "2010-01-12T12:37:20+00:00",
                "bearing": 0.0,
                "frequency": 150.629,
                "label": "SUBJECT held on NB_FREQ"
              },
              {
                "time": "2010-01-12T12:37:40+00:00",
                "bearing": 0.0,
                "frequency": 150.625,
                "label": "SUBJECT held on NB_FREQ"
              },
              {
                "time": "2010-01-12T12:38:00+00:00",
                "bearing": 0.0,
                "frequency": 150.621,
                "label": "SUBJECT held on NB_FREQ"
              },
              {
                "time": "2010-01-12T12:38:20+00:00",
                "bearing": 0.0,
                "frequency": 150.617,
                "label": "SUBJECT held on NB_FREQ"
              },
              {
                "time": "2010-01-12T12:38:40+00:00",
                "bearing": 0.0,
                "frequency": 150.613,
                "label": "SUBJECT held on NB_FREQ"
              },
              {
                "time": "2010-01-12T12:39:00+00:00",
                "bearing": 0.0,
                "frequency": 150.609,
                "label": "SUBJECT held on NB_FREQ"
              },
              {
                "time": "2010-01-12T12:39:20+00:00",
                "bearing": 0.0,
                "frequency": 150.604,
                "label": "SUBJECT held on NB_FREQ"
              },
              {
                "time": "2010-01-12T12:39:40+00:00",
                "bearing": 0.0,
                "frequency": 150.598,
                "label": "SUBJECT held on NB_FREQ"
              },
              {
                "time": "2010-01-12T12:40:00+00:00",
                "bearing": 0.0,
                "frequency": 150.593,
                "label": "SUBJECT held on NB_FREQ"
              },
              {
                "time": "2010-01-12T12:40:20+00:00",
                "bearing": 0.0,
                "frequency": 150.587,
                "label": "SUBJECT held on NB_FREQ"
              },
              {
                "time": "2010-01-12T12:40:40+00:00",
                "bearing": 0.0,
                "frequency": 150.58,
                "label": "SUBJECT held on NB_FREQ"
              },
              {
                "time": "2010-01-12T12:41:00+00:00",
                "bearing": 0.0,
                "frequency": 150.573,
                "label": "SUBJECT held on NB_FREQ"
              },
              {
                "time": "2010-01-12T12:41:20+00:00",
                "bearing": 0.0,
                "frequency": 150.566,
                "label": "SUBJECT held on NB_FREQ"
              },
              {
                "time": "2010-01-12T12:41:40+00:00",
                "bearing": 0.0,
                "frequency": 150.558,
                "label": "SUBJECT held on NB_FREQ"
              },
              {
                "time": "2010-01-12T12:42:00+00:00",
                "bearing": 0.0,
                "frequency": 150.549,
                "label": "SUBJECT held on NB_FREQ"
              },
              {
                "time": "2010-01-12T12:42:20+00:00",
                "bearing": 0.0,
                "frequency": 150.539,
                "label": "SUBJECT held on NB_FREQ"
              },
              {
                "time": "2010-01-12T12:42:40+00:00",
                "bearing": 0.0,
                "frequency": 150.529,
                "label": "SUBJECT held on NB_FREQ"
              },
              {
                "time": "2010-01-12T12:43:00+00:00",
                "bearing": 0.0,
                "frequency": 150.518,
                "label": "SUBJECT held on NB_FREQ"
              },
              {
                "time": "2010-01-12T12:43:20+00:00",
                "bearing": 0.0,
                "frequency": 150.506,
                "label": "SUBJECT held on NB_FREQ"
              },
              {
                "time": "2010-01-12T12:43:40+00:00",
                "bearing": 0.0,
                "frequency": 150.493,
                "label": "SUBJECT held on NB_FREQ"
              },
              {
                "time": "2010-01-12T12:44:00+00:00",
                "bearing": 0.0,
                "frequency": 150.479,
                "label": "SUBJECT held on NB_FREQ"
              },
              {
                "time": "2010-01-12T12:44:20+00:00",
                "bearing": 0.0,
                "frequency": 150.464,
                "label": "SUBJECT held on NB_FREQ"
              },
              {
                "time": "2010-01-12T12:44:40+00:00",
                "bearing": 0.0,
                "frequency": 150.447,
                "label": "SUBJECT held on NB_FREQ"
              },
              {
                "time": "2010-01-12T12:45:00+00:00",
                "bearing": 0.0,
                "frequency": 150.429,
                "label": "SUBJECT held on NB_FREQ"
              },
              {
                "time": "2010-01-12T12:45:20+00:00",
                "bearing": 0.0,
                "frequency": 150.41,
                "label": "SUBJECT held on NB_FREQ"
              },
              {
                "time": "2010-01-12T12:45:40+00:00",
                "bearing": 0.0,
                "frequency": 150.389,
                "label": "SUBJECT held on NB_FREQ"
              },
              {
                "time": "2010-01-12T12:46:00+00:00",
                "bearing": 0.0,
                "frequency": 150.367,
                "label": "SUBJECT held on NB_FREQ"
              },
              {
                "time": "2010-01-12T12:46:20+00:00",
                "bearing": 0.0,
                "frequency": 150.343,
                "label": "SUBJECT held on NB_FREQ"
              },
              {
                "time": "2010-01-12T12:46:40+00:00",
                "bearing": 0.0,
                "frequency": 150.317,
                "label": "SUBJECT held on NB_FREQ"
              },
              {
                "time": "2010-01-12T12:47:00+00:00",
                "bearing": 0.0,
                "frequency": 150.29,
                "label": "SUBJECT held on NB_FREQ"
              },
              {
                "time": "2010-01-12T12:47:20+00:00",
                "bearing": 0.0,
                "frequency": 150.261,
                "label": "SUBJECT held on NB_FREQ"
              },
              {
                "time": "2010-01-12T12:47:40+00:00",
                "bearing": 0.0,
                "frequency": 150.231,
                "label": "SUBJECT held on NB_FREQ"
              },
              {
                "time": "2010-01-12T12:48:00+00:00",
                "bearing": 0.0,
                "frequency": 150.199,
                "label": "SUBJECT held on NB_FREQ"
              },
              {
                "time": "2010-01-12T12:48:20+00:00",
                "bearing": 0.0,
                "frequency": 150.165,
                "label": "SUBJECT held on NB_FREQ"
              },
              {
                "time": "2010-01-12T12:48:40+00:00",
                "bearing": 0.0,
                "frequency": 150.13,
                "label": "SUBJECT held on NB_FREQ"
              },
              {
                "time": "2010-01-12T12:49:00+00:00",
                "bearing": 0.0,
                "frequency": 150.095,
                "label": "SUBJECT held on NB_FREQ"
              },
              {
                "time": "2010-01-12T12:49:20+00:00",
                "bearing": 0.0,
                "frequency": 150.058,
                "label": "SUBJECT held on NB_FREQ"
              },
              {
                "time": "2010-01-12T12:49:40+00:00",
                "bearing": 0.0,
                "frequency": 150.021,
                "label": "SUBJECT held on NB_FREQ"
              },
              {
                "time": "2010-01-12T12:50:00+00:00",
                "bearing": 0.0,
                "frequency": 149.984,
                "label": "SUBJECT held on NB_FREQ"
              },
              {
                "time": "2010-01-12T12:50:20+00:00",
                "bearing": 0.0,
                "frequency": 149.947,
                "label": "SUBJECT held on NB_FREQ"
              },
              {
                "time": "2010-01-12T12:50:40+00:00",
                "bearing": 0.0,
                "frequency": 149.91,
                "label": "SUBJECT held on NB_FREQ"
              },
              {
                "time": "2010-01-12T12:51:00+00:00",
                "bearing": 0.0,
                "frequency": 149.874,
                "label": "SUBJECT held on NB_FREQ"
              },
              {
                "time": "2010-01-12T12:51:20+00:00",
                "bearing": 0.0,
                "frequency": 149.839,
                "label": "SUBJECT held on NB_FREQ"
              },
              {
                "time": "2010-01-12T12:51:40+00:00",
                "bearing": 0.0,
                "frequency": 149.806,
                "label": "SUBJECT held on NB_FREQ"
              },
              {
                "time": "2010-01-12T12:52:00+00:00",
                "bearing": 0.0,
                "frequency": 149.773,
                "label": "SUBJECT held on NB_FREQ"
              },
              {
                "time": "2010-01-12T12:52:20+00:00",
                "bearing": 0.0,
                "frequency": 149.742,
                "label": "SUBJECT held on NB_FREQ"
              },
              {
                "time": "2010-01-12T12:52:40+00:00",
                "bearing": 0.0,
                "frequency": 149.713,
                "label": "SUBJECT held on NB_FREQ"
              },
              {
                "time": "2010-01-12T12:53:00+00:00",
                "bearing": 0.0,
                "frequency": 149.686,
                "label": "SUBJECT held on NB_FREQ"
              },
              {
                "time": "2010-01-12T12:53:20+00:00",
                "bearing": 0.0,
                "frequency": 149.66,
                "label": "SUBJECT held on NB_FREQ"
              },
              {
                "time": "2010-01-12T12:53:40+00:00",
                "bearing": 0.0,
                "frequency": 149.635,
                "label": "SUBJECT held on NB_FREQ"
              },
              {
                "time": "2010-01-12T12:54:00+00:00",
                "bearing": 0.0,
                "frequency": 149.613,
                "label": "SUBJECT held on NB_FREQ"
              },
              {
                "time": "2010-01-12T12:54:20+00:00",
                "bearing": 0.0,
                "frequency": 149.592,
                "label": "SUBJECT held on NB_FREQ"
              },
              {
                "time": "2010-01-12T12:54:40+00:00",
                "bearing": 0.0,
                "frequency": 149.572,
                "label": "SUBJECT held on NB_FREQ"
              },
              {
                "time": "2010-01-12T12:55:00+00:00",
                "bearing": 0.0,
                "frequency": 149.554,
                "label": "SUBJECT held on NB_FREQ"
              },
              {
                "time": "2010-01-12T12:55:20+00:00",
                "bearing": 0.0,
                "frequency": 149.538,
                "label": "SUBJECT held on NB_FREQ"
              },
              {
                "time": "2010-01-12T12:55:40+00:00",
                "bearing": 0.0,
                "frequency": 149.522,
                "label": "SUBJECT held on NB_FREQ"
              },
              {
                "time": "2010-01-12T12:56:00+00:00",
                "bearing": 0.0,
                "frequency": 149.508,
                "label": "SUBJECT held on NB_FREQ"
              },
              {
                "time": "2010-01-12T12:56:20+00:00",
                "bearing": 0.0,
                "frequency": 149.495,
                "label": "SUBJECT held on NB_FREQ"
              },
              {
                "time": "2010-01-12T12:56:40+00:00",
                "bearing": 0.0,
                "frequency": 149.482,
                "label": "SUBJECT held on NB_FREQ"
              },
              {
                "time": "2010-01-12T12:57:00+00:00",
                "bearing": 0.0,
                "frequency": 149.471,
                "label": "SUBJECT held on NB_FREQ"
              },
              {
                "time": "2010-01-12T12:57:20+00:00",
                "bearing": 0.0,
                "frequency": 149.461,
                "label": "SUBJECT held on NB_FREQ"
              },
              {
                "time": "2010-01-12T12:57:40+00:00",
                "bearing": 0.0,
                "frequency": 149.451,
                "label": "SUBJECT held on NB_FREQ"
              },
              {
                "time": "2010-01-12T12:58:00+00:00",
                "bearing": 0.0,
                "frequency": 149.442,
                "label": "SUBJECT held on NB_FREQ"
              },
              {
                "time": "2010-01-12T12:58:20+00:00",
                "bearing": 0.0,
                "frequency": 149.434,
                "label": "SUBJECT held on NB_FREQ"
              },
              {
                "time": "2010-01-12T12:58:40+00:00",
                "bearing": 0.0,
                "frequency": 149.426,
                "label": "SUBJECT held on NB_FREQ"
              },
              {
                "time": "2010-01-12T12:59:00+00:00",
                "bearing": 0.0,
                "frequency": 149.419,
                "label": "SUBJECT held on NB_FREQ"
              },
              {
                "time": "2010-01-12T12:59:20+00:00",
                "bearing": 0.0,
                "frequency": 149.412,
                "label": "SUBJECT held on NB_FREQ"
              },
              {
                "time": "2010-01-12T12:59:40+00:00",
                "bearing": 0.0,
                "frequency": 149.406,
                "label": "SUBJECT held on NB_FREQ"
              },
              {
                "time": "2010-01-12T13:00:00+00:00",
                "bearing": 0.0,
                "frequency": 149.4,
                "label": "SUBJECT held on NB_FREQ"
              },
              {
                "time": "2010-01-12T13:00:20+00:00",
                "bearing": 0.0,
                "frequency": 149.395,
                "label": "SUBJECT held on NB_FREQ"
              },
              {
                "time": "2010-01-12T13:00:40+00:00",
                "bearing": 0.0,
                "frequency": 149.39,
                "label": "SUBJECT held on NB_FREQ"
              },
              {
                "time": "2010-01-12T13:01:00+00:00",
                "bearing": 0.0,
                "frequency": 149.386,
                "label": "SUBJECT held on NB_FREQ"
              },
              {
                "time": "2010-01-12T13:01:20+00:00",
                "bearing": 0.0,
                "frequency": 149.381,
                "label": "SUBJECT held on NB_FREQ"
              },
              {
                "time": "2010-01-12T13:01:40+00:00",
                "bearing": 0.0,
                "frequency": 149.377,
                "label": "SUBJECT held on NB_FREQ"
              },
              {
                "time": "2010-01-12T13:02:00+00:00",
                "bearing": 0.0,
                "frequency": 149.373,
                "label": "SUBJECT held on NB_FREQ"
              },
              {
                "time": "2010-01-12T13:02:20+00:00",
                "bearing": 0.0,
                "frequency": 149.37,
                "label": "SUBJECT held on NB_FREQ"
              },
              {
                "time": "2010-01-12T13:02:40+00:00",
                "bearing": 0.0,
                "frequency": 149.367,
                "label": "SUBJECT held on NB_FREQ"
              },
              {
                "time": "2010-01-12T13:03:00+00:00",
                "bearing": 0.0,
                "frequency": 149.363,
                "label": "SUBJECT held on NB_FREQ"
              },
              {
                "time": "2010-01-12T13:03:20+00:00",
                "bearing": 0.0,
                "frequency": 149.36,
                "label": "SUBJECT held on NB_FREQ"
              },
              {
                "time": "2010-01-12T13:03:40+00:00",
                "bearing": 0.0,
                "frequency": 149.358,
                "label": "SUBJECT held on NB_FREQ"
              },
              {
                "time": "2010-01-12T13:04:00+00:00",
                "bearing": 0.0,
                "frequency": 149.355,
                "label": "SUBJECT held on NB_FREQ"
              },
              {
                "time": "2010-01-12T13:04:20+00:00",
                "bearing": 0.0,
                "frequency": 149.353,
                "label": "SUBJECT held on NB_FREQ"
              },
              {
                "time": "2010-01-12T13:04:40+00:00",
                "bearing": 0.0,
                "frequency": 149.35,
                "label": "SUBJECT held on NB_FREQ"
              },
              {
                "time": "2010-01-12T13:05:00+00:00",
                "bearing": 0.0,
                "frequency": 149.348,
                "label": "SUBJECT held on NB_FREQ"
              },
              {
                "time": "2010-01-12T13:05:20+00:00",
                "bearing": 0.0,
                "frequency": 149.346,
                "label": "SUBJECT held on NB_FREQ"
              },
              {
                "time": "2010-01-12T13:05:40+00:00",
                "bearing": 0.0,
                "frequency": 149.344,
                "label": "SUBJECT held on NB_FREQ"
              },
              {
                "time": "2010-01-12T13:06:00+00:00",
                "bearing": 0.0,
                "frequency": 149.342,
                "label": "SUBJECT held on NB_FREQ"
              },
              {
                "time": "2010-01-12T13:06:20+00:00",
                "bearing": 0.0,
                "frequency": 149.34,
                "label": "SUBJECT held on NB_FREQ"
              },
              {
                "time": "2010-01-12T13:06:40+00:00",
                "bearing": 0.0,
                "frequency": 149.339,
                "label": "SUBJECT held on NB_FREQ"
              },
              {
                "time": "2010-01-12T13:07:00+00:00",
                "bearing": 0.0,
                "frequency": 149.337,
                "label": "SUBJECT held on NB_FREQ"
              },
              {
                "time": "2010-01-12T13:07:20+00:00",
                "bearing": 0.0,
                "frequency": 149.336,
                "label": "SUBJECT held on NB_FREQ"
              },
              {
                "time": "2010-01-12T13:07:40+00:00",
                "bearing": 0.0,
                "frequency": 149.334,
                "label": "SUBJECT held on NB_FREQ"
              },
              {
                "time": "2010-01-12T13:08:00+00:00",
                "bearing": 0.0,
                "frequency": 149.333,
                "label": "SUBJECT held on NB_FREQ"
              },
              {
                "time": "2010-01-12T13:08:20+00:00",
                "bearing": 0.0,
                "frequency": 149.331,
                "label": "SUBJECT held on NB_FREQ"
              },
              {
                "time": "2010-01-12T13:08:40+00:00",
                "bearing": 0.0,
                "frequency": 149.33,
                "label": "SUBJECT held on NB_FREQ"
              },
              {
                "time": "2010-01-12T13:09:00+00:00",
                "bearing": 0.0,
                "frequency": 149.329,
                "label": "SUBJECT held on NB_FREQ"
              },
              {
                "time": "2010-01-12T13:09:20+00:00",
                "bearing": 0.0,
                "frequency": 149.328,
                "label": "SUBJECT held on NB_FREQ"
              },
              {
                "time": "2010-01-12T13:09:40+00:00",
                "bearing": 0.0,
                "frequency": 149.327,
                "label": "SUBJECT held on NB_FREQ"
              },
              {
                "time": "2010-01-12T13:10:00+00:00",
                "bearing": 0.0,
                "frequency": 149.326,
                "label": "SUBJECT held on NB_FREQ"
              },
              {
                "time": "2010-01-12T13:10:20+00:00",
                "bearing": 0.0,
                "frequency": 149.325,
                "label": "SUBJECT held on NB_FREQ"
              },
              {
                "time": "2010-01-12T13:10:40+00:00",
                "bearing": 0.0,
                "frequency": 149.324,
                "label": "SUBJECT held on NB_FREQ"
              },
              {
                "time": "2010-01-12T13:11:00+00:00",
                "bearing": 0.0,
                "frequency": 149.323,
                "label": "SUBJECT held on NB_FREQ"
              },
              {
                "time": "2010-01-12T13:11:20+00:00",
                "bearing": 0.0,
                "frequency": 149.322,
                "label": "SUBJECT held on NB_FREQ"
              },
              {
                "time": "2010-01-12T13:11:40+00:00",
                "bearing": 0.0,
                "frequency": 149.321,
                "label": "SUBJECT held on NB_FREQ"
              },
              {
                "time": "2010-01-12T13:12:00+00:00",
                "bearing": 0.0,
                "frequency": 149.321,
                "label": "SUBJECT held on NB_FREQ"
              },
              {
                "time": "2010-01-12T13:12:20+00:00",
                "bearing": 0.0,
                "frequency": 149.32,
                "label": "SUBJECT held on NB_FREQ"
              },
              {
                "time": "2010-01-12T13:12:40+00:00",
                "bearing": 0.0,
                "frequency": 149.319,
                "label": "SUBJECT held on NB_FREQ"
              },
              {
                "time": "2010-01-12T13:13:00+00:00",
                "bearing": 0.0,
                "frequency": 149.318,
                "label": "SUBJECT held on NB_FREQ"
              },
              {
                "time": "2010-01-12T13:13:20+00:00",
                "bearing": 0.0,
                "frequency": 149.318,
                "label": "SUBJECT held on NB_FREQ"
              },
              {
                "time": "2010-01-12T13:13:40+00:00",
                "bearing": 0.0,
                "frequency": 149.317,
                "label": "SUBJECT held on NB_FREQ"
              },
              {
                "time": "2010-01-12T13:14:00+00:00",
                "bearing": 0.0,
                "frequency": 149.316,
                "label": "SUBJECT held on NB_FREQ"
              },
              {
                "time": "2010-01-12T13:14:20+00:00",
                "bearing": 0.0,
                "frequency": 149.316,
                "label": "SUBJECT held on NB_FREQ"
              },
              {
                "time": "2010-01-12T13:14:40+00:00",
                "bearing": 0.0,
                "frequency": 149.315,
                "label": "SUBJECT held on NB_FREQ"
              },
              {
                "time": "2010-01-12T13:15:00+00:00",
                "bearing": 0.0,
                "frequency": 149.315,
                "label": "SUBJECT held on NB_FREQ"
              },
              {
                "time": "2010-01-12T13:15:20+00:00",
                "bearing": 0.0,
                "frequency": 149.314,
                "label": "SUBJECT held on NB_FREQ"
              },
              {
                "time": "2010-01-12T13:15:40+00:00",
                "bearing": 0.0,
                "frequency": 149.314,
                "label": "SUBJECT held on NB_FREQ"
              },
              {
                "time": "2010-01-12T13:16:00+00:00",
                "bearing": 0.0,
                "frequency": 149.313,
                "label": "SUBJECT held on NB_FREQ"
              },
              {
                "time": "2010-01-12T13:16:20+00:00",
                "bearing": 0.0,
                "frequency": 149.313,
                "label": "SUBJECT held on NB_FREQ"
              },
              {
                "time": "2010-01-12T13:16:40+00:00",
                "bearing": 0.0,
                "frequency": 149.312,
                "label": "SUBJECT held on NB_FREQ"
              },
              {
                "time": "2010-01-12T13:17:00+00:00",
                "bearing": 0.0,
                "frequency": 149.312,
                "label": "SUBJECT held on NB_FREQ"
              },
              {
                "time": "2010-01-12T13:17:20+00:00",
                "bearing": 0.0,
                "frequency": 149.311,
                "label": "SUBJECT held on NB_FREQ"
              },
              {
                "time": "2010-01-12T13:17:40+00:00",
                "bearing": 0.0,
                "frequency": 149.311,
                "label": "SUBJECT held on NB_FREQ"
              },
              {
                "time": "2010-01-12T13:18:00+00:00",
                "bearing": 0.0,
                "frequency": 149.311,
                "label": "SUBJECT held on NB_FREQ"
              },
              {
                "time": "2010-01-12T13:18:20+00:00",
                "bearing": 0.0,
                "frequency": 149.31,
                "label": "SUBJECT held on NB_FREQ"
              },
              {
                "time": "2010-01-12T13:18:40+00:00",
                "bearing": 0.0,
                "frequency": 149.31,
                "label": "SUBJECT held on NB_FREQ"
              },
              {
                "time": "2010-01-12T13:19:00+00:00",
                "bearing": 0.0,
                "frequency": 149.309,
                "label": "SUBJECT held on NB_FREQ"
              },
              {
                "time": "2010-01-12T13:19:20+00:00",
                "bearing": 0.0,
                "frequency": 149.309,
                "label": "SUBJECT held on NB_FREQ"
              },
              {
                "time": "2010-01-12T13:19:40+00:00",
                "bearing": 0.0,
                "frequency": 149.309,
                "label": "SUBJECT held on NB_FREQ"
              },
              {
                "time": "2010-01-12T13:20:00+00:00",
                "bearing": 0.0,
                "frequency": 149.308,
                "label": "SUBJECT held on NB_FREQ"
              },
              {
                "time": "2010-01-12T13:20:20+00:00",
                "bearing": 0.0,
                "frequency": 149.308,
                "label": "SUBJECT held on NB_FREQ"
              },
              {
                "time": "2010-01-12T13:20:40+00:00",
                "bearing": 0.0,
                "frequency": 149.308,
                "label": "SUBJECT held on NB_FREQ"
              },
              {
                "time": "2010-01-12T13:21:00+00:00",
                "bearing": 0.0,
                "frequency": 149.307,
                "label": "SUBJECT held on NB_FREQ"
              },
              {
                "time": "2010-01-12T13:21:20+00:00",
                "bearing": 0.0,
                "frequency": 149.307,
                "label": "SUBJECT held on NB_FREQ"
              },
              {
                "time": "2010-01-12T13:21:40+00:00",
                "bearing": 0.0,
                "frequency": 149.307,
                "label": "SUBJECT held on NB_FREQ"
              },
              {
                "time": "2010-01-12T13:22:00+00:00",
                "bearing": 0.0,
                "frequency": 149.307,
                "label": "SUBJECT held on NB_FREQ"
              },
              {
                "time": "2010-01-12T13:22:20+00:00",
                "bearing": 0.0,
                "frequency": 149.306,
                "label": "SUBJECT held on NB_FREQ"
              },
              {
                "time": "2010-01-12T13:22:40+00:00",
                "bearing": 0.0,
                "frequency": 149.306,
                "label": "SUBJECT held on NB_FREQ"
              },
              {
                "time": "2010-01-12T13:23:00+00:00",
                "bearing": 0.0,
                "frequency": 149.306,
                "label": "SUBJECT held on NB_FREQ"
              },
              {
                "time": "2010-01-12T13:23:20+00:00",
                "bearing": 0.0,
                "frequency": 149.306,
                "label": "SUBJECT held on NB_FREQ"
              },
              {
                "time": "2010-01-12T13:23:40+00:00",
                "bearing": 0.0,
                "frequency": 149.305,
                "label": "SUBJECT held on NB_FREQ"
              },
              {
                "time": "2010-01-12T13:24:00+00:00",
                "bearing": 0.0,
                "frequency": 149.305,
                "label": "SUBJECT held on NB_FREQ"
              },
              {
                "time": "2010-01-12T13:24:20+00:00",
                "bearing": 0.0,
                "frequency": 149.305,
                "label": "SUBJECT held on NB_FREQ"
              },
              {
                "time": "2010-01-12T13:24:40+00:00",
                "bearing": 0.0,
                "frequency": 149.305,
                "label": "SUBJECT held on NB_FREQ"
              },
              {
                "time": "2010-01-12T13:25:00+00:00",
                "bearing": 0.0,
                "frequency": 149.304,
                "label": "SUBJECT held on NB_FREQ"
              },
              {
                "time": "2010-01-12T13:25:20+00:00",
                "bearing": 0.0,
                "frequency": 149.304,
                "label": "SUBJECT held on NB_FREQ"
              },
              {
                "time": "2010-01-12T13:25:40+00:00",
                "bearing": 0.0,
                "frequency": 149.304,
                "label": "SUBJECT held on NB_FREQ"
              },
              {
                "time": "2010-01-12T13:26:00+00:00",
                "bearing": 0.0,
                "frequency": 149.304,
                "label": "SUBJECT held on NB_FREQ"
              },
              {
                "time": "2010-01-12T13:26:20+00:00",
                "bearing": 0.0,
                "frequency": 149.304,
                "label": "SUBJECT held on NB_FREQ"
              },
              {
                "time": "2010-01-12T13:26:40+00:00",
                "bearing": 0.0,
                "frequency": 149.303,
                "label": "SUBJECT held on NB_FREQ"
              },
              {
                "time": "2010-01-12T13:27:00+00:00",
                "bearing": 0.0,
                "frequency": 149.303,
                "label": "SUBJECT held on NB_FREQ"
              },
              {
                "time": "2010-01-12T13:27:20+00:00",
                "bearing": 0.0,
                "frequency": 149.303,
                "label": "SUBJECT held on NB_FREQ"
              },
              {
                "time": "2010-01-12T13:27:40+00:00",
                "bearing": 0.0,
                "frequency": 149.303,
                "label": "SUBJECT held on NB_FREQ"
              },
              {
                "time": "2010-01-12T13:28:00+00:00",
                "bearing": 0.0,
                "frequency": 149.303,
                "label": "SUBJECT held on NB_FREQ"
              },
              {
                "time": "2010-01-12T13:28:20+00:00",
                "bearing": 0.0,
                "frequency": 149.303,
                "label": "SUBJECT held on NB_FREQ"
              },
              {
                "time": "2010-01-12T13:28:40+00:00",
                "bearing": 0.0,
                "frequency": 149.302,
                "label": "SUBJECT held on NB_FREQ"
              },
              {
                "time": "2010-01-12T13:29:00+00:00",
                "bearing": 0.0,
                "frequency": 149.302,
                "label": "SUBJECT held on NB_FREQ"
              },
              {
                "time": "2010-01-12T13:29:20+00:00",
                "bearing": 0.0,
                "frequency": 149.302,
                "label": "SUBJECT held on NB_FREQ"
              },
              {
                "time": "2010-01-12T13:29:40+00:00",
                "bearing": 0.0,
                "frequency": 149.302,
                "label": "SUBJECT held on NB_FREQ"
              },
              {
                "time": "2010-01-12T13:30:00+00:00",
                "bearing": 0.0,
                "frequency": 149.302,
                "label": "SUBJECT held on NB_FREQ"
              }
            ]
          }
        ],
        "provenance": [
          {
            "activity_id": "6996244f-3a5b-44ba-9c44-ae88add92035",
            "timestamp": "2026-04-13T23:12:32.551059Z",
            "was_generated_by": {
              "tool": "dpf-parser",
              "tool_version": "1.0.0",
              "parameters": []
            },
            "used": [],
            "generated": [
              "749aca01-653d-4c68-99c7-4a770b871e2b"
            ],
            "execution_duration": "PT0.006715S"
          }
        ]
      }
    },
    {
      "type": "Feature",
      "id": "b378ef83-f351-44e3-b706-4a8816e16ba9",
      "geometry": {
        "type": "LineString",
        "coordinates": [
          [
            -0.02,
            60.02
          ],
          [
            -0.0187222,
            60.0201139
          ],
          [
            -0.0174444,
            60.020225
          ],
          [
            -0.0161667,
            60.0203389
          ],
          [
            -0.0148917,
            60.02045
          ],
          [
            -0.0136139,
            60.0205639
          ],
          [
            -0.0123361,
            60.020675
          ],
          [
            -0.0110583,
            60.0207889
          ],
          [
            -0.0097806,
            60.0209
          ],
          [
            -0.0085028,
            60.0210139
          ],
          [
            -0.007225,
            60.021125
          ],
          [
            -0.00595,
            60.0212389
          ],
          [
            -0.0046722,
            60.02135
          ],
          [
            -0.0033944,
            60.0214639
          ],
          [
            -0.0021167,
            60.021575
          ],
          [
            -0.0008389,
            60.0216889
          ],
          [
            0.0004389,
            60.0218
          ],
          [
            0.0017167,
            60.0219139
          ],
          [
            0.0029944,
            60.022025
          ],
          [
            0.0042722,
            60.0221389
          ],
          [
            0.0055472,
            60.02225
          ],
          [
            0.006825,
            60.0223639
          ],
          [
            0.0081028,
            60.022475
          ],
          [
            0.0093806,
            60.0225889
          ],
          [
            0.0106583,
            60.0227
          ],
          [
            0.0119361,
            60.0228139
          ],
          [
            0.0132139,
            60.022925
          ],
          [
            0.0144917,
            60.0230389
          ],
          [
            0.0157694,
            60.0231528
          ],
          [
            0.0170444,
            60.0232639
          ],
          [
            0.0183222,
            60.0233778
          ],
          [
            0.0196,
            60.0234889
          ],
          [
            0.0208778,
            60.0236028
          ],
          [
            0.0221556,
            60.0237139
          ],
          [
            0.0234333,
            60.0238278
          ],
          [
            0.0247111,
            60.0239389
          ],
          [
            0.0259889,
            60.0240528
          ],
          [
            0.0272667,
            60.0241639
          ],
          [
            0.0285444,
            60.0242778
          ],
          [
            0.0298222,
            60.0243889
          ],
          [
            0.0310972,
            60.0245028
          ],
          [
            0.032375,
            60.0246139
          ],
          [
            0.0336528,
            60.0247278
          ],
          [
            0.0349306,
            60.0248389
          ],
          [
            0.0362083,
            60.0249528
          ],
          [
            0.0374861,
            60.0250639
          ],
          [
            0.0387639,
            60.0251778
          ],
          [
            0.0400417,
            60.0252889
          ],
          [
            0.0413194,
            60.0254028
          ],
          [
            0.0425972,
            60.0255139
          ],
          [
            0.043875,
            60.0256278
          ],
          [
            0.0451528,
            60.0257389
          ],
          [
            0.0464306,
            60.0258528
          ],
          [
            0.0477083,
            60.0259639
          ],
          [
            0.0489833,
            60.0260778
          ],
          [
            0.0502611,
            60.0261889
          ],
          [
            0.0515389,
            60.0263028
          ],
          [
            0.0528167,
            60.0264167
          ],
          [
            0.0540944,
            60.0265278
          ],
          [
            0.0553722,
            60.0266417
          ],
          [
            0.05665,
            60.0267528
          ],
          [
            0.0579278,
            60.0268667
          ],
          [
            0.0592056,
            60.0269778
          ],
          [
            0.0604833,
            60.0270917
          ],
          [
            0.0617611,
            60.0272028
          ],
          [
            0.0630389,
            60.0273167
          ],
          [
            0.0643167,
            60.0274278
          ],
          [
            0.0655944,
            60.0275417
          ],
          [
            0.0668722,
            60.0276528
          ],
          [
            0.06815,
            60.0277667
          ],
          [
            0.0694278,
            60.0278778
          ],
          [
            0.0707056,
            60.0279917
          ],
          [
            0.0719833,
            60.0281028
          ],
          [
            0.0732611,
            60.0282167
          ],
          [
            0.0745389,
            60.0283278
          ],
          [
            0.0758167,
            60.0284417
          ],
          [
            0.0770944,
            60.0285528
          ],
          [
            0.0783694,
            60.0286667
          ],
          [
            0.0796472,
            60.0287778
          ],
          [
            0.080925,
            60.0288917
          ],
          [
            0.0822028,
            60.0290028
          ],
          [
            0.0834806,
            60.0291167
          ],
          [
            0.0847583,
            60.0292278
          ],
          [
            0.0860361,
            60.0293417
          ],
          [
            0.0873139,
            60.0294556
          ],
          [
            0.0885917,
            60.0295667
          ],
          [
            0.0898694,
            60.0296806
          ],
          [
            0.0911472,
            60.0297917
          ],
          [
            0.092425,
            60.0299056
          ],
          [
            0.0937028,
            60.0300167
          ],
          [
            0.0949806,
            60.0301306
          ],
          [
            0.0962583,
            60.0302417
          ],
          [
            0.0975361,
            60.0303556
          ],
          [
            0.0988139,
            60.0304667
          ],
          [
            0.1000917,
            60.0305806
          ],
          [
            0.1013694,
            60.0306917
          ],
          [
            0.1026472,
            60.0308056
          ],
          [
            0.103925,
            60.0309167
          ],
          [
            0.1052028,
            60.0310306
          ],
          [
            0.1064806,
            60.0311417
          ],
          [
            0.1077583,
            60.0312556
          ],
          [
            0.1090361,
            60.0313667
          ],
          [
            0.1103139,
            60.0314806
          ],
          [
            0.1115917,
            60.0315917
          ],
          [
            0.1128694,
            60.0317056
          ],
          [
            0.1141472,
            60.0318167
          ],
          [
            0.115425,
            60.0319306
          ],
          [
            0.1167028,
            60.0320417
          ],
          [
            0.1179806,
            60.0321556
          ],
          [
            0.1192611,
            60.0322667
          ],
          [
            0.1205389,
            60.0323806
          ],
          [
            0.1218167,
            60.0324917
          ],
          [
            0.1230944,
            60.0326056
          ],
          [
            0.1243722,
            60.0327194
          ],
          [
            0.12565,
            60.0328306
          ],
          [
            0.1269278,
            60.0329444
          ],
          [
            0.1282056,
            60.0330556
          ],
          [
            0.1294833,
            60.0331694
          ],
          [
            0.1307611,
            60.0332806
          ],
          [
            0.1320389,
            60.0333944
          ],
          [
            0.1333167,
            60.0335056
          ],
          [
            0.1345944,
            60.0336194
          ],
          [
            0.1358722,
            60.0337306
          ],
          [
            0.13715,
            60.0338444
          ],
          [
            0.1384278,
            60.0339556
          ],
          [
            0.1397056,
            60.0340694
          ],
          [
            0.1409833,
            60.0341806
          ],
          [
            0.1422611,
            60.0342944
          ],
          [
            0.1435389,
            60.0344056
          ],
          [
            0.1448167,
            60.0345194
          ],
          [
            0.1460944,
            60.0346306
          ],
          [
            0.1473722,
            60.0347444
          ],
          [
            0.1486528,
            60.0348556
          ],
          [
            0.1499306,
            60.0349694
          ],
          [
            0.1512083,
            60.0350806
          ],
          [
            0.1524861,
            60.0351944
          ],
          [
            0.1537639,
            60.0353056
          ],
          [
            0.1550417,
            60.0354194
          ],
          [
            0.1563194,
            60.0355306
          ],
          [
            0.1575972,
            60.0356444
          ],
          [
            0.158875,
            60.0357583
          ],
          [
            0.1601528,
            60.0358694
          ],
          [
            0.1614306,
            60.0359833
          ],
          [
            0.1627083,
            60.0360944
          ],
          [
            0.1639861,
            60.0362083
          ],
          [
            0.1652639,
            60.0363194
          ],
          [
            0.1665444,
            60.0364333
          ],
          [
            0.1678222,
            60.0365444
          ],
          [
            0.1691,
            60.0366583
          ],
          [
            0.1703778,
            60.0367694
          ],
          [
            0.1716556,
            60.0368833
          ],
          [
            0.1729333,
            60.0369944
          ],
          [
            0.1742111,
            60.0371083
          ],
          [
            0.1754889,
            60.0372194
          ],
          [
            0.1767667,
            60.0373333
          ],
          [
            0.1780444,
            60.0374444
          ],
          [
            0.1793222,
            60.0375583
          ],
          [
            0.1806028,
            60.0376694
          ],
          [
            0.1818806,
            60.0377833
          ],
          [
            0.1831583,
            60.0378944
          ],
          [
            0.1844361,
            60.0380083
          ],
          [
            0.1857139,
            60.0381194
          ],
          [
            0.1869917,
            60.0382333
          ],
          [
            0.1882694,
            60.0383444
          ],
          [
            0.1895472,
            60.0384583
          ],
          [
            0.190825,
            60.0385694
          ],
          [
            0.1921056,
            60.0386833
          ],
          [
            0.1933833,
            60.0387944
          ],
          [
            0.1946611,
            60.0389083
          ],
          [
            0.1959389,
            60.0390222
          ],
          [
            0.1972167,
            60.0391333
          ],
          [
            0.1984944,
            60.0392472
          ],
          [
            0.1997722,
            60.0393583
          ],
          [
            0.20105,
            60.0394722
          ],
          [
            0.2023278,
            60.0395833
          ],
          [
            0.2036083,
            60.0396972
          ],
          [
            0.2048861,
            60.0398083
          ],
          [
            0.2061639,
            60.0399222
          ],
          [
            0.2074417,
            60.0400333
          ],
          [
            0.2087194,
            60.0401472
          ],
          [
            0.2099972,
            60.0402583
          ],
          [
            0.211275,
            60.0403722
          ],
          [
            0.2125556,
            60.0404833
          ],
          [
            0.2138333,
            60.0405972
          ],
          [
            0.2151111,
            60.0407083
          ],
          [
            0.2163889,
            60.0408222
          ],
          [
            0.2176667,
            60.0409333
          ],
          [
            0.2189444,
            60.0410472
          ],
          [
            0.2202222,
            60.0411583
          ],
          [
            0.2215028,
            60.0412722
          ],
          [
            0.2227806,
            60.0413833
          ],
          [
            0.2240583,
            60.0414972
          ],
          [
            0.2253361,
            60.0416083
          ],
          [
            0.2266139,
            60.0417222
          ],
          [
            0.2278917,
            60.0418333
          ],
          [
            0.2291722,
            60.0419472
          ],
          [
            0.23045,
            60.0420611
          ],
          [
            0.2317278,
            60.0421722
          ],
          [
            0.2330056,
            60.0422861
          ],
          [
            0.2342833,
            60.0423972
          ],
          [
            0.2355611,
            60.0425111
          ],
          [
            0.2368417,
            60.0426222
          ],
          [
            0.2381194,
            60.0427361
          ],
          [
            0.2393972,
            60.0428472
          ],
          [
            0.240675,
            60.0429611
          ],
          [
            0.2419528,
            60.0430722
          ],
          [
            0.2432306,
            60.0431861
          ],
          [
            0.2445111,
            60.0432972
          ],
          [
            0.2457889,
            60.0434111
          ],
          [
            0.2470667,
            60.0435222
          ],
          [
            0.2483444,
            60.0436361
          ],
          [
            0.2496222,
            60.0437472
          ],
          [
            0.2509,
            60.0438611
          ],
          [
            0.2521806,
            60.0439722
          ],
          [
            0.2534583,
            60.0440861
          ],
          [
            0.2547361,
            60.0441972
          ],
          [
            0.2560139,
            60.0443111
          ],
          [
            0.2572917,
            60.0444222
          ],
          [
            0.2585722,
            60.0445361
          ],
          [
            0.25985,
            60.0446472
          ],
          [
            0.2611278,
            60.0447611
          ],
          [
            0.2624056,
            60.0448722
          ],
          [
            0.2636833,
            60.0449861
          ],
          [
            0.2649639,
            60.0450972
          ],
          [
            0.2662417,
            60.0452111
          ],
          [
            0.2675194,
            60.045325
          ],
          [
            0.2687972,
            60.0454361
          ],
          [
            0.270075,
            60.04555
          ],
          [
            0.2713556,
            60.0456611
          ],
          [
            0.2726333,
            60.045775
          ],
          [
            0.2739111,
            60.0458861
          ],
          [
            0.2751889,
            60.046
          ],
          [
            0.2764694,
            60.0461111
          ],
          [
            0.2777472,
            60.046225
          ],
          [
            0.279025,
            60.0463361
          ],
          [
            0.2803028,
            60.04645
          ],
          [
            0.2815806,
            60.0465611
          ],
          [
            0.2828611,
            60.046675
          ],
          [
            0.2841389,
            60.0467861
          ],
          [
            0.2854167,
            60.0469
          ],
          [
            0.2866944,
            60.0470111
          ],
          [
            0.287975,
            60.047125
          ],
          [
            0.2892528,
            60.0472361
          ],
          [
            0.2905306,
            60.04735
          ],
          [
            0.2918083,
            60.0474611
          ],
          [
            0.2930889,
            60.047575
          ],
          [
            0.2943667,
            60.0476861
          ],
          [
            0.2956444,
            60.0478
          ],
          [
            0.2969222,
            60.0479111
          ],
          [
            0.2982,
            60.048025
          ],
          [
            0.2994806,
            60.0481361
          ],
          [
            0.3007583,
            60.04825
          ],
          [
            0.3020361,
            60.0483639
          ],
          [
            0.3033139,
            60.048475
          ],
          [
            0.3045944,
            60.0485889
          ],
          [
            0.3058722,
            60.0487
          ],
          [
            0.30715,
            60.0488139
          ],
          [
            0.3084278,
            60.048925
          ],
          [
            0.3097083,
            60.0490389
          ],
          [
            0.3109861,
            60.04915
          ],
          [
            0.3122639,
            60.0492639
          ],
          [
            0.3135444,
            60.049375
          ],
          [
            0.3148222,
            60.0494889
          ],
          [
            0.3161,
            60.0496
          ],
          [
            0.3173778,
            60.0497139
          ],
          [
            0.3186583,
            60.049825
          ],
          [
            0.3199361,
            60.0499389
          ],
          [
            0.3212139,
            60.05005
          ],
          [
            0.3224917,
            60.0501639
          ],
          [
            0.3237722,
            60.050275
          ],
          [
            0.32505,
            60.0503889
          ]
        ]
      },
      "properties": {
        "kind": "TRACK",
        "platform_id": "SUBJECT",
        "platform_name": "SUBJECT",
        "track_type": "CONTACT",
        "start_time": "2010-01-12T12:00:00+00:00",
        "end_time": "2010-01-12T13:30:00+00:00",
        "positions": [
          {
            "time": "2010-01-12T12:00:00+00:00",
            "course": 80.0,
            "speed": 7.0,
            "depth": 0.0
          },
          {
            "time": "2010-01-12T12:00:20+00:00",
            "course": 80.0,
            "speed": 7.0,
            "depth": 0.0
          },
          {
            "time": "2010-01-12T12:00:40+00:00",
            "course": 80.0,
            "speed": 7.0,
            "depth": 0.0
          },
          {
            "time": "2010-01-12T12:01:00+00:00",
            "course": 80.0,
            "speed": 7.0,
            "depth": 0.0
          },
          {
            "time": "2010-01-12T12:01:20+00:00",
            "course": 80.0,
            "speed": 7.0,
            "depth": 0.0
          },
          {
            "time": "2010-01-12T12:01:40+00:00",
            "course": 80.0,
            "speed": 7.0,
            "depth": 0.0
          },
          {
            "time": "2010-01-12T12:02:00+00:00",
            "course": 80.0,
            "speed": 7.0,
            "depth": 0.0
          },
          {
            "time": "2010-01-12T12:02:20+00:00",
            "course": 80.0,
            "speed": 7.0,
            "depth": 0.0
          },
          {
            "time": "2010-01-12T12:02:40+00:00",
            "course": 80.0,
            "speed": 7.0,
            "depth": 0.0
          },
          {
            "time": "2010-01-12T12:03:00+00:00",
            "course": 80.0,
            "speed": 7.0,
            "depth": 0.0
          },
          {
            "time": "2010-01-12T12:03:20+00:00",
            "course": 80.0,
            "speed": 7.0,
            "depth": 0.0
          },
          {
            "time": "2010-01-12T12:03:40+00:00",
            "course": 80.0,
            "speed": 7.0,
            "depth": 0.0
          },
          {
            "time": "2010-01-12T12:04:00+00:00",
            "course": 80.0,
            "speed": 7.0,
            "depth": 0.0
          },
          {
            "time": "2010-01-12T12:04:20+00:00",
            "course": 80.0,
            "speed": 7.0,
            "depth": 0.0
          },
          {
            "time": "2010-01-12T12:04:40+00:00",
            "course": 80.0,
            "speed": 7.0,
            "depth": 0.0
          },
          {
            "time": "2010-01-12T12:05:00+00:00",
            "course": 80.0,
            "speed": 7.0,
            "depth": 0.0
          },
          {
            "time": "2010-01-12T12:05:20+00:00",
            "course": 80.0,
            "speed": 7.0,
            "depth": 0.0
          },
          {
            "time": "2010-01-12T12:05:40+00:00",
            "course": 80.0,
            "speed": 7.0,
            "depth": 0.0
          },
          {
            "time": "2010-01-12T12:06:00+00:00",
            "course": 80.0,
            "speed": 7.0,
            "depth": 0.0
          },
          {
            "time": "2010-01-12T12:06:20+00:00",
            "course": 80.0,
            "speed": 7.0,
            "depth": 0.0
          },
          {
            "time": "2010-01-12T12:06:40+00:00",
            "course": 80.0,
            "speed": 7.0,
            "depth": 0.0
          },
          {
            "time": "2010-01-12T12:07:00+00:00",
            "course": 80.0,
            "speed": 7.0,
            "depth": 0.0
          },
          {
            "time": "2010-01-12T12:07:20+00:00",
            "course": 80.0,
            "speed": 7.0,
            "depth": 0.0
          },
          {
            "time": "2010-01-12T12:07:40+00:00",
            "course": 80.0,
            "speed": 7.0,
            "depth": 0.0
          },
          {
            "time": "2010-01-12T12:08:00+00:00",
            "course": 80.0,
            "speed": 7.0,
            "depth": 0.0
          },
          {
            "time": "2010-01-12T12:08:20+00:00",
            "course": 80.0,
            "speed": 7.0,
            "depth": 0.0
          },
          {
            "time": "2010-01-12T12:08:40+00:00",
            "course": 80.0,
            "speed": 7.0,
            "depth": 0.0
          },
          {
            "time": "2010-01-12T12:09:00+00:00",
            "course": 80.0,
            "speed": 7.0,
            "depth": 0.0
          },
          {
            "time": "2010-01-12T12:09:20+00:00",
            "course": 80.0,
            "speed": 7.0,
            "depth": 0.0
          },
          {
            "time": "2010-01-12T12:09:40+00:00",
            "course": 80.0,
            "speed": 7.0,
            "depth": 0.0
          },
          {
            "time": "2010-01-12T12:10:00+00:00",
            "course": 80.0,
            "speed": 7.0,
            "depth": 0.0
          },
          {
            "time": "2010-01-12T12:10:20+00:00",
            "course": 80.0,
            "speed": 7.0,
            "depth": 0.0
          },
          {
            "time": "2010-01-12T12:10:40+00:00",
            "course": 80.0,
            "speed": 7.0,
            "depth": 0.0
          },
          {
            "time": "2010-01-12T12:11:00+00:00",
            "course": 80.0,
            "speed": 7.0,
            "depth": 0.0
          },
          {
            "time": "2010-01-12T12:11:20+00:00",
            "course": 80.0,
            "speed": 7.0,
            "depth": 0.0
          },
          {
            "time": "2010-01-12T12:11:40+00:00",
            "course": 80.0,
            "speed": 7.0,
            "depth": 0.0
          },
          {
            "time": "2010-01-12T12:12:00+00:00",
            "course": 80.0,
            "speed": 7.0,
            "depth": 0.0
          },
          {
            "time": "2010-01-12T12:12:20+00:00",
            "course": 80.0,
            "speed": 7.0,
            "depth": 0.0
          },
          {
            "time": "2010-01-12T12:12:40+00:00",
            "course": 80.0,
            "speed": 7.0,
            "depth": 0.0
          },
          {
            "time": "2010-01-12T12:13:00+00:00",
            "course": 80.0,
            "speed": 7.0,
            "depth": 0.0
          },
          {
            "time": "2010-01-12T12:13:20+00:00",
            "course": 80.0,
            "speed": 7.0,
            "depth": 0.0
          },
          {
            "time": "2010-01-12T12:13:40+00:00",
            "course": 80.0,
            "speed": 7.0,
            "depth": 0.0
          },
          {
            "time": "2010-01-12T12:14:00+00:00",
            "course": 80.0,
            "speed": 7.0,
            "depth": 0.0
          },
          {
            "time": "2010-01-12T12:14:20+00:00",
            "course": 80.0,
            "speed": 7.0,
            "depth": 0.0
          },
          {
            "time": "2010-01-12T12:14:40+00:00",
            "course": 80.0,
            "speed": 7.0,
            "depth": 0.0
          },
          {
            "time": "2010-01-12T12:15:00+00:00",
            "course": 80.0,
            "speed": 7.0,
            "depth": 0.0
          },
          {
            "time": "2010-01-12T12:15:20+00:00",
            "course": 80.0,
            "speed": 7.0,
            "depth": 0.0
          },
          {
            "time": "2010-01-12T12:15:40+00:00",
            "course": 80.0,
            "speed": 7.0,
            "depth": 0.0
          },
          {
            "time": "2010-01-12T12:16:00+00:00",
            "course": 80.0,
            "speed": 7.0,
            "depth": 0.0
          },
          {
            "time": "2010-01-12T12:16:20+00:00",
            "course": 80.0,
            "speed": 7.0,
            "depth": 0.0
          },
          {
            "time": "2010-01-12T12:16:40+00:00",
            "course": 80.0,
            "speed": 7.0,
            "depth": 0.0
          },
          {
            "time": "2010-01-12T12:17:00+00:00",
            "course": 80.0,
            "speed": 7.0,
            "depth": 0.0
          },
          {
            "time": "2010-01-12T12:17:20+00:00",
            "course": 80.0,
            "speed": 7.0,
            "depth": 0.0
          },
          {
            "time": "2010-01-12T12:17:40+00:00",
            "course": 80.0,
            "speed": 7.0,
            "depth": 0.0
          },
          {
            "time": "2010-01-12T12:18:00+00:00",
            "course": 80.0,
            "speed": 7.0,
            "depth": 0.0
          },
          {
            "time": "2010-01-12T12:18:20+00:00",
            "course": 80.0,
            "speed": 7.0,
            "depth": 0.0
          },
          {
            "time": "2010-01-12T12:18:40+00:00",
            "course": 80.0,
            "speed": 7.0,
            "depth": 0.0
          },
          {
            "time": "2010-01-12T12:19:00+00:00",
            "course": 80.0,
            "speed": 7.0,
            "depth": 0.0
          },
          {
            "time": "2010-01-12T12:19:20+00:00",
            "course": 80.0,
            "speed": 7.0,
            "depth": 0.0
          },
          {
            "time": "2010-01-12T12:19:40+00:00",
            "course": 80.0,
            "speed": 7.0,
            "depth": 0.0
          },
          {
            "time": "2010-01-12T12:20:00+00:00",
            "course": 80.0,
            "speed": 7.0,
            "depth": 0.0
          },
          {
            "time": "2010-01-12T12:20:20+00:00",
            "course": 80.0,
            "speed": 7.0,
            "depth": 0.0
          },
          {
            "time": "2010-01-12T12:20:40+00:00",
            "course": 80.0,
            "speed": 7.0,
            "depth": 0.0
          },
          {
            "time": "2010-01-12T12:21:00+00:00",
            "course": 80.0,
            "speed": 7.0,
            "depth": 0.0
          },
          {
            "time": "2010-01-12T12:21:20+00:00",
            "course": 80.0,
            "speed": 7.0,
            "depth": 0.0
          },
          {
            "time": "2010-01-12T12:21:40+00:00",
            "course": 80.0,
            "speed": 7.0,
            "depth": 0.0
          },
          {
            "time": "2010-01-12T12:22:00+00:00",
            "course": 80.0,
            "speed": 7.0,
            "depth": 0.0
          },
          {
            "time": "2010-01-12T12:22:20+00:00",
            "course": 80.0,
            "speed": 7.0,
            "depth": 0.0
          },
          {
            "time": "2010-01-12T12:22:40+00:00",
            "course": 80.0,
            "speed": 7.0,
            "depth": 0.0
          },
          {
            "time": "2010-01-12T12:23:00+00:00",
            "course": 80.0,
            "speed": 7.0,
            "depth": 0.0
          },
          {
            "time": "2010-01-12T12:23:20+00:00",
            "course": 80.0,
            "speed": 7.0,
            "depth": 0.0
          },
          {
            "time": "2010-01-12T12:23:40+00:00",
            "course": 80.0,
            "speed": 7.0,
            "depth": 0.0
          },
          {
            "time": "2010-01-12T12:24:00+00:00",
            "course": 80.0,
            "speed": 7.0,
            "depth": 0.0
          },
          {
            "time": "2010-01-12T12:24:20+00:00",
            "course": 80.0,
            "speed": 7.0,
            "depth": 0.0
          },
          {
            "time": "2010-01-12T12:24:40+00:00",
            "course": 80.0,
            "speed": 7.0,
            "depth": 0.0
          },
          {
            "time": "2010-01-12T12:25:00+00:00",
            "course": 80.0,
            "speed": 7.0,
            "depth": 0.0
          },
          {
            "time": "2010-01-12T12:25:20+00:00",
            "course": 80.0,
            "speed": 7.0,
            "depth": 0.0
          },
          {
            "time": "2010-01-12T12:25:40+00:00",
            "course": 80.0,
            "speed": 7.0,
            "depth": 0.0
          },
          {
            "time": "2010-01-12T12:26:00+00:00",
            "course": 80.0,
            "speed": 7.0,
            "depth": 0.0
          },
          {
            "time": "2010-01-12T12:26:20+00:00",
            "course": 80.0,
            "speed": 7.0,
            "depth": 0.0
          },
          {
            "time": "2010-01-12T12:26:40+00:00",
            "course": 80.0,
            "speed": 7.0,
            "depth": 0.0
          },
          {
            "time": "2010-01-12T12:27:00+00:00",
            "course": 80.0,
            "speed": 7.0,
            "depth": 0.0
          },
          {
            "time": "2010-01-12T12:27:20+00:00",
            "course": 80.0,
            "speed": 7.0,
            "depth": 0.0
          },
          {
            "time": "2010-01-12T12:27:40+00:00",
            "course": 80.0,
            "speed": 7.0,
            "depth": 0.0
          },
          {
            "time": "2010-01-12T12:28:00+00:00",
            "course": 80.0,
            "speed": 7.0,
            "depth": 0.0
          },
          {
            "time": "2010-01-12T12:28:20+00:00",
            "course": 80.0,
            "speed": 7.0,
            "depth": 0.0
          },
          {
            "time": "2010-01-12T12:28:40+00:00",
            "course": 80.0,
            "speed": 7.0,
            "depth": 0.0
          },
          {
            "time": "2010-01-12T12:29:00+00:00",
            "course": 80.0,
            "speed": 7.0,
            "depth": 0.0
          },
          {
            "time": "2010-01-12T12:29:20+00:00",
            "course": 80.0,
            "speed": 7.0,
            "depth": 0.0
          },
          {
            "time": "2010-01-12T12:29:40+00:00",
            "course": 80.0,
            "speed": 7.0,
            "depth": 0.0
          },
          {
            "time": "2010-01-12T12:30:00+00:00",
            "course": 80.0,
            "speed": 7.0,
            "depth": 0.0
          },
          {
            "time": "2010-01-12T12:30:20+00:00",
            "course": 80.0,
            "speed": 7.0,
            "depth": 0.0
          },
          {
            "time": "2010-01-12T12:30:40+00:00",
            "course": 80.0,
            "speed": 7.0,
            "depth": 0.0
          },
          {
            "time": "2010-01-12T12:31:00+00:00",
            "course": 80.0,
            "speed": 7.0,
            "depth": 0.0
          },
          {
            "time": "2010-01-12T12:31:20+00:00",
            "course": 80.0,
            "speed": 7.0,
            "depth": 0.0
          },
          {
            "time": "2010-01-12T12:31:40+00:00",
            "course": 80.0,
            "speed": 7.0,
            "depth": 0.0
          },
          {
            "time": "2010-01-12T12:32:00+00:00",
            "course": 80.0,
            "speed": 7.0,
            "depth": 0.0
          },
          {
            "time": "2010-01-12T12:32:20+00:00",
            "course": 80.0,
            "speed": 7.0,
            "depth": 0.0
          },
          {
            "time": "2010-01-12T12:32:40+00:00",
            "course": 80.0,
            "speed": 7.0,
            "depth": 0.0
          },
          {
            "time": "2010-01-12T12:33:00+00:00",
            "course": 80.0,
            "speed": 7.0,
            "depth": 0.0
          },
          {
            "time": "2010-01-12T12:33:20+00:00",
            "course": 80.0,
            "speed": 7.0,
            "depth": 0.0
          },
          {
            "time": "2010-01-12T12:33:40+00:00",
            "course": 80.0,
            "speed": 7.0,
            "depth": 0.0
          },
          {
            "time": "2010-01-12T12:34:00+00:00",
            "course": 80.0,
            "speed": 7.0,
            "depth": 0.0
          },
          {
            "time": "2010-01-12T12:34:20+00:00",
            "course": 80.0,
            "speed": 7.0,
            "depth": 0.0
          },
          {
            "time": "2010-01-12T12:34:40+00:00",
            "course": 80.0,
            "speed": 7.0,
            "depth": 0.0
          },
          {
            "time": "2010-01-12T12:35:00+00:00",
            "course": 80.0,
            "speed": 7.0,
            "depth": 0.0
          },
          {
            "time": "2010-01-12T12:35:20+00:00",
            "course": 80.0,
            "speed": 7.0,
            "depth": 0.0
          },
          {
            "time": "2010-01-12T12:35:40+00:00",
            "course": 80.0,
            "speed": 7.0,
            "depth": 0.0
          },
          {
            "time": "2010-01-12T12:36:00+00:00",
            "course": 80.0,
            "speed": 7.0,
            "depth": 0.0
          },
          {
            "time": "2010-01-12T12:36:20+00:00",
            "course": 80.0,
            "speed": 7.0,
            "depth": 0.0
          },
          {
            "time": "2010-01-12T12:36:40+00:00",
            "course": 80.0,
            "speed": 7.0,
            "depth": 0.0
          },
          {
            "time": "2010-01-12T12:37:00+00:00",
            "course": 80.0,
            "speed": 7.0,
            "depth": 0.0
          },
          {
            "time": "2010-01-12T12:37:20+00:00",
            "course": 80.0,
            "speed": 7.0,
            "depth": 0.0
          },
          {
            "time": "2010-01-12T12:37:40+00:00",
            "course": 80.0,
            "speed": 7.0,
            "depth": 0.0
          },
          {
            "time": "2010-01-12T12:38:00+00:00",
            "course": 80.0,
            "speed": 7.0,
            "depth": 0.0
          },
          {
            "time": "2010-01-12T12:38:20+00:00",
            "course": 80.0,
            "speed": 7.0,
            "depth": 0.0
          },
          {
            "time": "2010-01-12T12:38:40+00:00",
            "course": 80.0,
            "speed": 7.0,
            "depth": 0.0
          },
          {
            "time": "2010-01-12T12:39:00+00:00",
            "course": 80.0,
            "speed": 7.0,
            "depth": 0.0
          },
          {
            "time": "2010-01-12T12:39:20+00:00",
            "course": 80.0,
            "speed": 7.0,
            "depth": 0.0
          },
          {
            "time": "2010-01-12T12:39:40+00:00",
            "course": 80.0,
            "speed": 7.0,
            "depth": 0.0
          },
          {
            "time": "2010-01-12T12:40:00+00:00",
            "course": 80.0,
            "speed": 7.0,
            "depth": 0.0
          },
          {
            "time": "2010-01-12T12:40:20+00:00",
            "course": 80.0,
            "speed": 7.0,
            "depth": 0.0
          },
          {
            "time": "2010-01-12T12:40:40+00:00",
            "course": 80.0,
            "speed": 7.0,
            "depth": 0.0
          },
          {
            "time": "2010-01-12T12:41:00+00:00",
            "course": 80.0,
            "speed": 7.0,
            "depth": 0.0
          },
          {
            "time": "2010-01-12T12:41:20+00:00",
            "course": 80.0,
            "speed": 7.0,
            "depth": 0.0
          },
          {
            "time": "2010-01-12T12:41:40+00:00",
            "course": 80.0,
            "speed": 7.0,
            "depth": 0.0
          },
          {
            "time": "2010-01-12T12:42:00+00:00",
            "course": 80.0,
            "speed": 7.0,
            "depth": 0.0
          },
          {
            "time": "2010-01-12T12:42:20+00:00",
            "course": 80.0,
            "speed": 7.0,
            "depth": 0.0
          },
          {
            "time": "2010-01-12T12:42:40+00:00",
            "course": 80.0,
            "speed": 7.0,
            "depth": 0.0
          },
          {
            "time": "2010-01-12T12:43:00+00:00",
            "course": 80.0,
            "speed": 7.0,
            "depth": 0.0
          },
          {
            "time": "2010-01-12T12:43:20+00:00",
            "course": 80.0,
            "speed": 7.0,
            "depth": 0.0
          },
          {
            "time": "2010-01-12T12:43:40+00:00",
            "course": 80.0,
            "speed": 7.0,
            "depth": 0.0
          },
          {
            "time": "2010-01-12T12:44:00+00:00",
            "course": 80.0,
            "speed": 7.0,
            "depth": 0.0
          },
          {
            "time": "2010-01-12T12:44:20+00:00",
            "course": 80.0,
            "speed": 7.0,
            "depth": 0.0
          },
          {
            "time": "2010-01-12T12:44:40+00:00",
            "course": 80.0,
            "speed": 7.0,
            "depth": 0.0
          },
          {
            "time": "2010-01-12T12:45:00+00:00",
            "course": 80.0,
            "speed": 7.0,
            "depth": 0.0
          },
          {
            "time": "2010-01-12T12:45:20+00:00",
            "course": 80.0,
            "speed": 7.0,
            "depth": 0.0
          },
          {
            "time": "2010-01-12T12:45:40+00:00",
            "course": 80.0,
            "speed": 7.0,
            "depth": 0.0
          },
          {
            "time": "2010-01-12T12:46:00+00:00",
            "course": 80.0,
            "speed": 7.0,
            "depth": 0.0
          },
          {
            "time": "2010-01-12T12:46:20+00:00",
            "course": 80.0,
            "speed": 7.0,
            "depth": 0.0
          },
          {
            "time": "2010-01-12T12:46:40+00:00",
            "course": 80.0,
            "speed": 7.0,
            "depth": 0.0
          },
          {
            "time": "2010-01-12T12:47:00+00:00",
            "course": 80.0,
            "speed": 7.0,
            "depth": 0.0
          },
          {
            "time": "2010-01-12T12:47:20+00:00",
            "course": 80.0,
            "speed": 7.0,
            "depth": 0.0
          },
          {
            "time": "2010-01-12T12:47:40+00:00",
            "course": 80.0,
            "speed": 7.0,
            "depth": 0.0
          },
          {
            "time": "2010-01-12T12:48:00+00:00",
            "course": 80.0,
            "speed": 7.0,
            "depth": 0.0
          },
          {
            "time": "2010-01-12T12:48:20+00:00",
            "course": 80.0,
            "speed": 7.0,
            "depth": 0.0
          },
          {
            "time": "2010-01-12T12:48:40+00:00",
            "course": 80.0,
            "speed": 7.0,
            "depth": 0.0
          },
          {
            "time": "2010-01-12T12:49:00+00:00",
            "course": 80.0,
            "speed": 7.0,
            "depth": 0.0
          },
          {
            "time": "2010-01-12T12:49:20+00:00",
            "course": 80.0,
            "speed": 7.0,
            "depth": 0.0
          },
          {
            "time": "2010-01-12T12:49:40+00:00",
            "course": 80.0,
            "speed": 7.0,
            "depth": 0.0
          },
          {
            "time": "2010-01-12T12:50:00+00:00",
            "course": 80.0,
            "speed": 7.0,
            "depth": 0.0
          },
          {
            "time": "2010-01-12T12:50:20+00:00",
            "course": 80.0,
            "speed": 7.0,
            "depth": 0.0
          },
          {
            "time": "2010-01-12T12:50:40+00:00",
            "course": 80.0,
            "speed": 7.0,
            "depth": 0.0
          },
          {
            "time": "2010-01-12T12:51:00+00:00",
            "course": 80.0,
            "speed": 7.0,
            "depth": 0.0
          },
          {
            "time": "2010-01-12T12:51:20+00:00",
            "course": 80.0,
            "speed": 7.0,
            "depth": 0.0
          },
          {
            "time": "2010-01-12T12:51:40+00:00",
            "course": 80.0,
            "speed": 7.0,
            "depth": 0.0
          },
          {
            "time": "2010-01-12T12:52:00+00:00",
            "course": 80.0,
            "speed": 7.0,
            "depth": 0.0
          },
          {
            "time": "2010-01-12T12:52:20+00:00",
            "course": 80.0,
            "speed": 7.0,
            "depth": 0.0
          },
          {
            "time": "2010-01-12T12:52:40+00:00",
            "course": 80.0,
            "speed": 7.0,
            "depth": 0.0
          },
          {
            "time": "2010-01-12T12:53:00+00:00",
            "course": 80.0,
            "speed": 7.0,
            "depth": 0.0
          },
          {
            "time": "2010-01-12T12:53:20+00:00",
            "course": 80.0,
            "speed": 7.0,
            "depth": 0.0
          },
          {
            "time": "2010-01-12T12:53:40+00:00",
            "course": 80.0,
            "speed": 7.0,
            "depth": 0.0
          },
          {
            "time": "2010-01-12T12:54:00+00:00",
            "course": 80.0,
            "speed": 7.0,
            "depth": 0.0
          },
          {
            "time": "2010-01-12T12:54:20+00:00",
            "course": 80.0,
            "speed": 7.0,
            "depth": 0.0
          },
          {
            "time": "2010-01-12T12:54:40+00:00",
            "course": 80.0,
            "speed": 7.0,
            "depth": 0.0
          },
          {
            "time": "2010-01-12T12:55:00+00:00",
            "course": 80.0,
            "speed": 7.0,
            "depth": 0.0
          },
          {
            "time": "2010-01-12T12:55:20+00:00",
            "course": 80.0,
            "speed": 7.0,
            "depth": 0.0
          },
          {
            "time": "2010-01-12T12:55:40+00:00",
            "course": 80.0,
            "speed": 7.0,
            "depth": 0.0
          },
          {
            "time": "2010-01-12T12:56:00+00:00",
            "course": 80.0,
            "speed": 7.0,
            "depth": 0.0
          },
          {
            "time": "2010-01-12T12:56:20+00:00",
            "course": 80.0,
            "speed": 7.0,
            "depth": 0.0
          },
          {
            "time": "2010-01-12T12:56:40+00:00",
            "course": 80.0,
            "speed": 7.0,
            "depth": 0.0
          },
          {
            "time": "2010-01-12T12:57:00+00:00",
            "course": 80.0,
            "speed": 7.0,
            "depth": 0.0
          },
          {
            "time": "2010-01-12T12:57:20+00:00",
            "course": 80.0,
            "speed": 7.0,
            "depth": 0.0
          },
          {
            "time": "2010-01-12T12:57:40+00:00",
            "course": 80.0,
            "speed": 7.0,
            "depth": 0.0
          },
          {
            "time": "2010-01-12T12:58:00+00:00",
            "course": 80.0,
            "speed": 7.0,
            "depth": 0.0
          },
          {
            "time": "2010-01-12T12:58:20+00:00",
            "course": 80.0,
            "speed": 7.0,
            "depth": 0.0
          },
          {
            "time": "2010-01-12T12:58:40+00:00",
            "course": 80.0,
            "speed": 7.0,
            "depth": 0.0
          },
          {
            "time": "2010-01-12T12:59:00+00:00",
            "course": 80.0,
            "speed": 7.0,
            "depth": 0.0
          },
          {
            "time": "2010-01-12T12:59:20+00:00",
            "course": 80.0,
            "speed": 7.0,
            "depth": 0.0
          },
          {
            "time": "2010-01-12T12:59:40+00:00",
            "course": 80.0,
            "speed": 7.0,
            "depth": 0.0
          },
          {
            "time": "2010-01-12T13:00:00+00:00",
            "course": 80.0,
            "speed": 7.0,
            "depth": 0.0
          },
          {
            "time": "2010-01-12T13:00:20+00:00",
            "course": 80.0,
            "speed": 7.0,
            "depth": 0.0
          },
          {
            "time": "2010-01-12T13:00:40+00:00",
            "course": 80.0,
            "speed": 7.0,
            "depth": 0.0
          },
          {
            "time": "2010-01-12T13:01:00+00:00",
            "course": 80.0,
            "speed": 7.0,
            "depth": 0.0
          },
          {
            "time": "2010-01-12T13:01:20+00:00",
            "course": 80.0,
            "speed": 7.0,
            "depth": 0.0
          },
          {
            "time": "2010-01-12T13:01:40+00:00",
            "course": 80.0,
            "speed": 7.0,
            "depth": 0.0
          },
          {
            "time": "2010-01-12T13:02:00+00:00",
            "course": 80.0,
            "speed": 7.0,
            "depth": 0.0
          },
          {
            "time": "2010-01-12T13:02:20+00:00",
            "course": 80.0,
            "speed": 7.0,
            "depth": 0.0
          },
          {
            "time": "2010-01-12T13:02:40+00:00",
            "course": 80.0,
            "speed": 7.0,
            "depth": 0.0
          },
          {
            "time": "2010-01-12T13:03:00+00:00",
            "course": 80.0,
            "speed": 7.0,
            "depth": 0.0
          },
          {
            "time": "2010-01-12T13:03:20+00:00",
            "course": 80.0,
            "speed": 7.0,
            "depth": 0.0
          },
          {
            "time": "2010-01-12T13:03:40+00:00",
            "course": 80.0,
            "speed": 7.0,
            "depth": 0.0
          },
          {
            "time": "2010-01-12T13:04:00+00:00",
            "course": 80.0,
            "speed": 7.0,
            "depth": 0.0
          },
          {
            "time": "2010-01-12T13:04:20+00:00",
            "course": 80.0,
            "speed": 7.0,
            "depth": 0.0
          },
          {
            "time": "2010-01-12T13:04:40+00:00",
            "course": 80.0,
            "speed": 7.0,
            "depth": 0.0
          },
          {
            "time": "2010-01-12T13:05:00+00:00",
            "course": 80.0,
            "speed": 7.0,
            "depth": 0.0
          },
          {
            "time": "2010-01-12T13:05:20+00:00",
            "course": 80.0,
            "speed": 7.0,
            "depth": 0.0
          },
          {
            "time": "2010-01-12T13:05:40+00:00",
            "course": 80.0,
            "speed": 7.0,
            "depth": 0.0
          },
          {
            "time": "2010-01-12T13:06:00+00:00",
            "course": 80.0,
            "speed": 7.0,
            "depth": 0.0
          },
          {
            "time": "2010-01-12T13:06:20+00:00",
            "course": 80.0,
            "speed": 7.0,
            "depth": 0.0
          },
          {
            "time": "2010-01-12T13:06:40+00:00",
            "course": 80.0,
            "speed": 7.0,
            "depth": 0.0
          },
          {
            "time": "2010-01-12T13:07:00+00:00",
            "course": 80.0,
            "speed": 7.0,
            "depth": 0.0
          },
          {
            "time": "2010-01-12T13:07:20+00:00",
            "course": 80.0,
            "speed": 7.0,
            "depth": 0.0
          },
          {
            "time": "2010-01-12T13:07:40+00:00",
            "course": 80.0,
            "speed": 7.0,
            "depth": 0.0
          },
          {
            "time": "2010-01-12T13:08:00+00:00",
            "course": 80.0,
            "speed": 7.0,
            "depth": 0.0
          },
          {
            "time": "2010-01-12T13:08:20+00:00",
            "course": 80.0,
            "speed": 7.0,
            "depth": 0.0
          },
          {
            "time": "2010-01-12T13:08:40+00:00",
            "course": 80.0,
            "speed": 7.0,
            "depth": 0.0
          },
          {
            "time": "2010-01-12T13:09:00+00:00",
            "course": 80.0,
            "speed": 7.0,
            "depth": 0.0
          },
          {
            "time": "2010-01-12T13:09:20+00:00",
            "course": 80.0,
            "speed": 7.0,
            "depth": 0.0
          },
          {
            "time": "2010-01-12T13:09:40+00:00",
            "course": 80.0,
            "speed": 7.0,
            "depth": 0.0
          },
          {
            "time": "2010-01-12T13:10:00+00:00",
            "course": 80.0,
            "speed": 7.0,
            "depth": 0.0
          },
          {
            "time": "2010-01-12T13:10:20+00:00",
            "course": 80.0,
            "speed": 7.0,
            "depth": 0.0
          },
          {
            "time": "2010-01-12T13:10:40+00:00",
            "course": 80.0,
            "speed": 7.0,
            "depth": 0.0
          },
          {
            "time": "2010-01-12T13:11:00+00:00",
            "course": 80.0,
            "speed": 7.0,
            "depth": 0.0
          },
          {
            "time": "2010-01-12T13:11:20+00:00",
            "course": 80.0,
            "speed": 7.0,
            "depth": 0.0
          },
          {
            "time": "2010-01-12T13:11:40+00:00",
            "course": 80.0,
            "speed": 7.0,
            "depth": 0.0
          },
          {
            "time": "2010-01-12T13:12:00+00:00",
            "course": 80.0,
            "speed": 7.0,
            "depth": 0.0
          },
          {
            "time": "2010-01-12T13:12:20+00:00",
            "course": 80.0,
            "speed": 7.0,
            "depth": 0.0
          },
          {
            "time": "2010-01-12T13:12:40+00:00",
            "course": 80.0,
            "speed": 7.0,
            "depth": 0.0
          },
          {
            "time": "2010-01-12T13:13:00+00:00",
            "course": 80.0,
            "speed": 7.0,
            "depth": 0.0
          },
          {
            "time": "2010-01-12T13:13:20+00:00",
            "course": 80.0,
            "speed": 7.0,
            "depth": 0.0
          },
          {
            "time": "2010-01-12T13:13:40+00:00",
            "course": 80.0,
            "speed": 7.0,
            "depth": 0.0
          },
          {
            "time": "2010-01-12T13:14:00+00:00",
            "course": 80.0,
            "speed": 7.0,
            "depth": 0.0
          },
          {
            "time": "2010-01-12T13:14:20+00:00",
            "course": 80.0,
            "speed": 7.0,
            "depth": 0.0
          },
          {
            "time": "2010-01-12T13:14:40+00:00",
            "course": 80.0,
            "speed": 7.0,
            "depth": 0.0
          },
          {
            "time": "2010-01-12T13:15:00+00:00",
            "course": 80.0,
            "speed": 7.0,
            "depth": 0.0
          },
          {
            "time": "2010-01-12T13:15:20+00:00",
            "course": 80.0,
            "speed": 7.0,
            "depth": 0.0
          },
          {
            "time": "2010-01-12T13:15:40+00:00",
            "course": 80.0,
            "speed": 7.0,
            "depth": 0.0
          },
          {
            "time": "2010-01-12T13:16:00+00:00",
            "course": 80.0,
            "speed": 7.0,
            "depth": 0.0
          },
          {
            "time": "2010-01-12T13:16:20+00:00",
            "course": 80.0,
            "speed": 7.0,
            "depth": 0.0
          },
          {
            "time": "2010-01-12T13:16:40+00:00",
            "course": 80.0,
            "speed": 7.0,
            "depth": 0.0
          },
          {
            "time": "2010-01-12T13:17:00+00:00",
            "course": 80.0,
            "speed": 7.0,
            "depth": 0.0
          },
          {
            "time": "2010-01-12T13:17:20+00:00",
            "course": 80.0,
            "speed": 7.0,
            "depth": 0.0
          },
          {
            "time": "2010-01-12T13:17:40+00:00",
            "course": 80.0,
            "speed": 7.0,
            "depth": 0.0
          },
          {
            "time": "2010-01-12T13:18:00+00:00",
            "course": 80.0,
            "speed": 7.0,
            "depth": 0.0
          },
          {
            "time": "2010-01-12T13:18:20+00:00",
            "course": 80.0,
            "speed": 7.0,
            "depth": 0.0
          },
          {
            "time": "2010-01-12T13:18:40+00:00",
            "course": 80.0,
            "speed": 7.0,
            "depth": 0.0
          },
          {
            "time": "2010-01-12T13:19:00+00:00",
            "course": 80.0,
            "speed": 7.0,
            "depth": 0.0
          },
          {
            "time": "2010-01-12T13:19:20+00:00",
            "course": 80.0,
            "speed": 7.0,
            "depth": 0.0
          },
          {
            "time": "2010-01-12T13:19:40+00:00",
            "course": 80.0,
            "speed": 7.0,
            "depth": 0.0
          },
          {
            "time": "2010-01-12T13:20:00+00:00",
            "course": 80.0,
            "speed": 7.0,
            "depth": 0.0
          },
          {
            "time": "2010-01-12T13:20:20+00:00",
            "course": 80.0,
            "speed": 7.0,
            "depth": 0.0
          },
          {
            "time": "2010-01-12T13:20:40+00:00",
            "course": 80.0,
            "speed": 7.0,
            "depth": 0.0
          },
          {
            "time": "2010-01-12T13:21:00+00:00",
            "course": 80.0,
            "speed": 7.0,
            "depth": 0.0
          },
          {
            "time": "2010-01-12T13:21:20+00:00",
            "course": 80.0,
            "speed": 7.0,
            "depth": 0.0
          },
          {
            "time": "2010-01-12T13:21:40+00:00",
            "course": 80.0,
            "speed": 7.0,
            "depth": 0.0
          },
          {
            "time": "2010-01-12T13:22:00+00:00",
            "course": 80.0,
            "speed": 7.0,
            "depth": 0.0
          },
          {
            "time": "2010-01-12T13:22:20+00:00",
            "course": 80.0,
            "speed": 7.0,
            "depth": 0.0
          },
          {
            "time": "2010-01-12T13:22:40+00:00",
            "course": 80.0,
            "speed": 7.0,
            "depth": 0.0
          },
          {
            "time": "2010-01-12T13:23:00+00:00",
            "course": 80.0,
            "speed": 7.0,
            "depth": 0.0
          },
          {
            "time": "2010-01-12T13:23:20+00:00",
            "course": 80.0,
            "speed": 7.0,
            "depth": 0.0
          },
          {
            "time": "2010-01-12T13:23:40+00:00",
            "course": 80.0,
            "speed": 7.0,
            "depth": 0.0
          },
          {
            "time": "2010-01-12T13:24:00+00:00",
            "course": 80.0,
            "speed": 7.0,
            "depth": 0.0
          },
          {
            "time": "2010-01-12T13:24:20+00:00",
            "course": 80.0,
            "speed": 7.0,
            "depth": 0.0
          },
          {
            "time": "2010-01-12T13:24:40+00:00",
            "course": 80.0,
            "speed": 7.0,
            "depth": 0.0
          },
          {
            "time": "2010-01-12T13:25:00+00:00",
            "course": 80.0,
            "speed": 7.0,
            "depth": 0.0
          },
          {
            "time": "2010-01-12T13:25:20+00:00",
            "course": 80.0,
            "speed": 7.0,
            "depth": 0.0
          },
          {
            "time": "2010-01-12T13:25:40+00:00",
            "course": 80.0,
            "speed": 7.0,
            "depth": 0.0
          },
          {
            "time": "2010-01-12T13:26:00+00:00",
            "course": 80.0,
            "speed": 7.0,
            "depth": 0.0
          },
          {
            "time": "2010-01-12T13:26:20+00:00",
            "course": 80.0,
            "speed": 7.0,
            "depth": 0.0
          },
          {
            "time": "2010-01-12T13:26:40+00:00",
            "course": 80.0,
            "speed": 7.0,
            "depth": 0.0
          },
          {
            "time": "2010-01-12T13:27:00+00:00",
            "course": 80.0,
            "speed": 7.0,
            "depth": 0.0
          },
          {
            "time": "2010-01-12T13:27:20+00:00",
            "course": 80.0,
            "speed": 7.0,
            "depth": 0.0
          },
          {
            "time": "2010-01-12T13:27:40+00:00",
            "course": 80.0,
            "speed": 7.0,
            "depth": 0.0
          },
          {
            "time": "2010-01-12T13:28:00+00:00",
            "course": 80.0,
            "speed": 7.0,
            "depth": 0.0
          },
          {
            "time": "2010-01-12T13:28:20+00:00",
            "course": 80.0,
            "speed": 7.0,
            "depth": 0.0
          },
          {
            "time": "2010-01-12T13:28:40+00:00",
            "course": 80.0,
            "speed": 7.0,
            "depth": 0.0
          },
          {
            "time": "2010-01-12T13:29:00+00:00",
            "course": 80.0,
            "speed": 7.0,
            "depth": 0.0
          },
          {
            "time": "2010-01-12T13:29:20+00:00",
            "course": 80.0,
            "speed": 7.0,
            "depth": 0.0
          },
          {
            "time": "2010-01-12T13:29:40+00:00",
            "course": 80.0,
            "speed": 7.0,
            "depth": 0.0
          },
          {
            "time": "2010-01-12T13:30:00+00:00",
            "course": 80.0,
            "speed": 7.0,
            "depth": 0.0
          }
        ],
        "style": {
          "line": {
            "color": "#808080"
          },
          "point": {
            "shape": "circle",
            "radius": 3.0,
            "fill_color": "#808080",
            "color": "#808080"
          }
        },
        "default_position_style": {
          "show_symbol": false,
          "symbol": "circle",
          "show_label": false
        },
        "symbol_interval": "PT5M",
        "label_interval": "PT15M",
        "provenance": [
          {
            "activity_id": "6996244f-3a5b-44ba-9c44-ae88add92035",
            "timestamp": "2026-04-13T23:12:32.551059Z",
            "was_generated_by": {
              "tool": "dpf-parser",
              "tool_version": "1.0.0",
              "parameters": []
            },
            "used": [],
            "generated": [
              "b378ef83-f351-44e3-b706-4a8816e16ba9"
            ],
            "execution_duration": "PT0.006715S"
          }
        ]
      }
    }
  ]
}