{
  "type": "FeatureCollection",
  "features": [
    {
      "type": "Feature",
      "id": "5c635e31-5bb9-4b0f-9d6c-d8f5048adbd8",
      "geometry": {
        "type": "LineString",
        "coordinates": [
          [
            0.0289292569,
            0.1490181608
          ],
          [
            0.0298534885,
            0.1489425664
          ],
          [
            0.0307939188,
            0.1489011695
          ],
          [
            0.0317253498,
            0.1488885704
          ],
          [
            0.0326702798,
            0.1489254677
          ],
          [
            0.0335819123,
            0.1489605651
          ],
          [
            0.0344854453,
            0.1489290674
          ],
          [
            0.0354276755,
            0.148920968
          ],
          [
            0.0363771052,
            0.1489506658
          ],
          [
            0.0372806383,
            0.1489731641
          ],
          [
            0.0381922707,
            0.1489605651
          ],
          [
            0.0391390006,
            0.1489587652
          ],
          [
            0.0400659319,
            0.1489803636
          ],
          [
            0.0409955631,
            0.1489956625
          ],
          [
            0.041941393,
            0.1489695644
          ],
          [
            0.0428710241,
            0.1489659647
          ],
          [
            0.0438258534,
            0.1489983623
          ],
          [
            0.0447824825,
            0.1490586578
          ],
          [
            0.0457391117,
            0.1491090541
          ],
          [
            0.0466642431,
            0.1491495511
          ],
          [
            0.0476082732,
            0.1491783489
          ],
          [
            0.0485793013,
            0.1491891481
          ],
          [
            0.0495512293,
            0.1492224457
          ],
          [
            0.0505186576,
            0.1492701421
          ],
          [
            0.0514887857,
            0.1493295377
          ],
          [
            0.0524589139,
            0.1494078319
          ],
          [
            0.0534272421,
            0.1494708273
          ],
          [
            0.0543838713,
            0.1495239233
          ],
          [
            0.0553405004,
            0.1496067172
          ],
          [
            0.056304329,
            0.1496823116
          ],
          [
            0.0572420595,
            0.1497516065
          ],
          [
            0.0582031883,
            0.1498137019
          ],
          [
            0.059152618,
            0.1498991955
          ],
          [
            0.0600768495,
            0.1499576912
          ],
          [
            0.0610073806,
            0.1499999881
          ],
          [
            0.0619487109,
            0.1500395851
          ],
          [
            0.0629008403,
            0.1500566839
          ],
          [
            0.0638592693,
            0.150068383
          ],
          [
            0.0647934001,
            0.150095381
          ],
          [
            0.0657194315,
            0.1501214791
          ],
          [
            0.066658062,
            0.1501475771
          ],
          [
            0.0676074917,
            0.1501961735
          ],
          [
            0.0685767199,
            0.1502294711
          ],
          [
            0.0695477479,
            0.150257369
          ],
          [
            0.0705016773,
            0.150297866
          ],
          [
            0.0714655059,
            0.1503293637
          ],
          [
            0.0724239349,
            0.1503545618
          ],
          [
            0.0733751644,
            0.1503527619
          ],
          [
            0.0743785901,
            0.150324864
          ],
          [
            0.0754162132,
            0.1503491622
          ],
          [
            0.0764619357,
            0.1503905591
          ],
          [
            0.0775301566,
            0.1504760528
          ],
          [
            0.0785965776,
            0.1506308413
          ],
          [
            0.0796467998,
            0.15078383
          ],
          [
            0.0806907225,
            0.1509404184
          ],
          [
            0.0817283456,
            0.1511132056
          ],
          [
            0.0827398707,
            0.1512598947
          ],
          [
            0.083734297,
            0.1513885852
          ],
          [
            0.0847233237,
            0.1515379741
          ],
          [
            0.0857204499,
            0.1516864631
          ],
          [
            0.0867094766,
            0.1518313524
          ],
          [
            0.0877084026,
            0.1520104391
          ],
          [
            0.0887064287,
            0.1522084245
          ],
          [
            0.0896927556,
            0.1523884111
          ],
          [
            0.0906943814,
            0.1525422997
          ],
          [
            0.0916978071,
            0.1526916887
          ],
          [
            0.092724631,
            0.1528536767
          ],
          [
            0.0937451554,
            0.153024664
          ],
          [
            0.0947737792,
            0.1531929515
          ],
          [
            0.0957907039,
            0.1533792377
          ],
          [
            0.0968202276,
            0.1535763231
          ],
          [
            0.0978614505,
            0.1537500103
          ],
          [
            0.0988963738,
            0.1539245973
          ],
          [
            0.0999357968,
            0.1540919849
          ],
          [
            0.1009572211,
            0.1542638722
          ],
          [
            0.1019624467,
            0.1544213605
          ],
          [
            0.1029685721,
            0.1545707495
          ],
          [
            0.1039854968,
            0.1547183385
          ],
          [
            0.1050060212,
            0.1548758269
          ],
          [
            0.1060148465,
            0.1550522138
          ],
          [
            0.1070173722,
            0.1551944033
          ],
          [
            0.1080342969,
            0.1553356928
          ],
          [
            0.1090611208,
            0.1554724827
          ],
          [
            0.1100924444,
            0.15564347
          ],
          [
            0.1111327673,
            0.1558045581
          ],
          [
            0.1121865893,
            0.1559489974
          ],
          [
            0.1132494105,
            0.1561222345
          ],
          [
            0.1142951331,
            0.1563139203
          ],
          [
            0.1153237569,
            0.1564867075
          ],
          [
            0.1163514807,
            0.1566477956
          ],
          [
            0.1173666055,
            0.156804384
          ],
          [
            0.1183970292,
            0.1569771712
          ],
          [
            0.119425653,
            0.1571598577
          ],
          [
            0.1204596764,
            0.1573335448
          ],
          [
            0.1215017992,
            0.1575144314
          ],
          [
            0.1225547212,
            0.157708817
          ],
          [
            0.1235932443,
            0.1579041025
          ],
          [
            0.1246218681,
            0.1580795895
          ],
          [
            0.1256504919,
            0.1582559765
          ],
          [
            0.1266836153,
            0.158437763
          ],
          [
            0.1277356374,
            0.1586330485
          ],
          [
            0.1287750604,
            0.1588355335
          ],
          [
            0.1297937849,
            0.1590137203
          ],
          [
            0.1308206089,
            0.1591946069
          ],
          [
            0.1318528324,
            0.1594114909
          ],
          [
            0.132870657,
            0.1596058765
          ],
          [
            0.133869583,
            0.1597786637
          ],
          [
            0.1348793082,
            0.1599280526
          ],
          [
            0.1358899333,
            0.1600765416
          ],
          [
            0.1369266565,
            0.1602448291
          ],
          [
            0.1379669795,
            0.1604392147
          ],
          [
            0.1390172017,
            0.1606398999
          ],
          [
            0.140052125,
            0.1608378852
          ],
          [
            0.1410690497,
            0.1610457698
          ],
          [
            0.1420958736,
            0.1612518545
          ],
          [
            0.1430867002,
            0.1614327411
          ],
          [
            0.1440955255,
            0.1616055283
          ],
          [
            0.1451070505,
            0.1617954143
          ],
          [
            0.1461185756,
            0.1619844003
          ],
          [
            0.1471471994,
            0.1621805857
          ],
          [
            0.148178523,
            0.1623875704
          ],
          [
            0.1491999473,
            0.1625693569
          ],
          [
            0.1502051729,
            0.1627547432
          ],
          [
            0.1512175979,
            0.1629311301
          ],
          [
            0.1522309228,
            0.1631327152
          ],
          [
            0.1532379482,
            0.1633450995
          ],
          [
            0.1542476734,
            0.1635610835
          ],
          [
            0.1552690977,
            0.1637788673
          ],
          [
            0.1562626241,
            0.1640029507
          ],
          [
            0.1572417516,
            0.1642468327
          ],
          [
            0.1582190792,
            0.164525812
          ],
          [
            0.1591784081,
            0.1648434885
          ],
          [
            0.1600936403,
            0.1651746639
          ],
          [
            0.1610457698,
            0.1654932403
          ],
          [
            0.162014998,
            0.1658028174
          ],
          [
            0.1629914257,
            0.1661060949
          ],
          [
            0.1639696532,
            0.1664030729
          ],
          [
            0.1649370815,
            0.1667225493
          ],
          [
            0.1659189088,
            0.1670582244
          ],
          [
            0.1668935366,
            0.1674226974
          ],
          [
            0.1678618649,
            0.1677934699
          ],
          [
            0.1688391925,
            0.1681741417
          ],
          [
            0.1697877222,
            0.1685386147
          ],
          [
            0.1707425515,
            0.1688679903
          ],
          [
            0.1717216789,
            0.1692027655
          ],
          [
            0.1726774081,
            0.1695465401
          ],
          [
            0.1736475363,
            0.1698723159
          ],
          [
            0.174609565,
            0.1702007916
          ],
          [
            0.1755580947,
            0.1705265675
          ],
          [
            0.1765192235,
            0.1708595428
          ],
          [
            0.1774686532,
            0.1711799191
          ],
          [
            0.1784135832,
            0.1714768971
          ],
          [
            0.1793810115,
            0.1717720752
          ],
          [
            0.1803709382,
            0.1720915515
          ],
          [
            0.1813419663,
            0.1724380259
          ],
          [
            0.1823120944,
            0.1727773007
          ],
          [
            0.1832840224,
            0.1731192754
          ],
          [
            0.1842442513,
            0.173448651
          ],
          [
            0.1852134795,
            0.1737852261
          ],
          [
            0.1862016063,
            0.1741200013
          ],
          [
            0.1871852334,
            0.1744601761
          ],
          [
            0.1881427625,
            0.1748282488
          ],
          [
            0.1890462955,
            0.1749974363
          ],
          [
            0.1900605204,
            0.1755634943
          ],
          [
            0.1910387479,
            0.1759387665
          ],
          [
            0.1920250749,
            0.1763077392
          ],
          [
            0.1929637053,
            0.1766515137
          ],
          [
            0.1938141423,
            0.176904395
          ],
          [
            0.1947284746,
            0.1768746972
          ],
          [
            0.195627508,
            0.1764976251
          ],
          [
            0.1964455474,
            0.1759378666
          ],
          [
            0.1971510951,
            0.1752233195
          ],
          [
            0.1976604574,
            0.1743512841
          ],
          [
            0.1979214381,
            0.1733928551
          ],
          [
            0.1978773413,
            0.1723921293
          ],
          [
            0.1975344667,
            0.1714310005
          ],
          [
            0.1969792079,
            0.1704860705
          ],
          [
            0.1963950511,
            0.1695710882
          ],
          [
            0.1958220936,
            0.1686816541
          ],
          [
            0.1952369369,
            0.1677970697
          ],
          [
            0.1946591797,
            0.1669241343
          ],
          [
            0.1940823225,
            0.1660727974
          ],
          [
            0.1935072651,
            0.1652052617
          ],
          [
            0.1929331076,
            0.1643395258
          ],
          [
            0.1923625499,
            0.1634719901
          ],
          [
            0.1917775932,
            0.1626197532
          ],
          [
            0.191199836,
            0.1617711161
          ],
          [
            0.1906373777,
            0.1609152795
          ],
          [
            0.1900830187,
            0.1600558431
          ],
          [
            0.1895178606,
            0.1591964068
          ],
          [
            0.1889608019,
            0.1583378704
          ],
          [
            0.188392044,
            0.1574712346
          ],
          [
            0.1878268859,
            0.1565928997
          ],
          [
            0.1872644275,
            0.1557154647
          ],
          [
            0.186718168,
            0.1548533285
          ],
          [
            0.1861701086,
            0.1539974919
          ],
          [
            0.1856292487,
            0.1531398555
          ],
          [
            0.1850667903,
            0.1522831189
          ],
          [
            0.1845034321,
            0.1514209828
          ],
          [
            0.1839391739,
            0.1505615465
          ],
          [
            0.1833902145,
            0.1496976105
          ],
          [
            0.1828322559,
            0.1488282749
          ],
          [
            0.1822751971,
            0.147962539
          ],
          [
            0.1817406367,
            0.1471139019
          ],
          [
            0.1811871777,
            0.1462670646
          ],
          [
            0.1805914219,
            0.1454067283
          ],
          [
            0.1800019655,
            0.1445265935
          ],
          [
            0.1793900109,
            0.143656358
          ],
          [
            0.1787789561,
            0.1428032212
          ],
          [
            0.1781634017,
            0.1419626835
          ],
          [
            0.1775352483,
            0.1411302451
          ],
          [
            0.1769079947,
            0.1402987067
          ],
          [
            0.1762942402,
            0.1394536693
          ],
          [
            0.1757155831,
            0.1385753344
          ],
          [
            0.1751513249,
            0.137716798
          ],
          [
            0.1745474696,
            0.1368573617
          ],
          [
            0.1739373148,
            0.1359844263
          ],
          [
            0.1733154609,
            0.1350997919
          ],
          [
            0.1726972067,
            0.1342232568
          ],
          [
            0.1720735529,
            0.133356621
          ],
          [
            0.1714579985,
            0.1324764862
          ],
          [
            0.1708424441,
            0.1316053507
          ],
          [
            0.1702448883,
            0.1307666129
          ],
          [
            0.1695996361,
            0.1299575728
          ],
          [
            0.1689552839,
            0.1291161351
          ],
          [
            0.1683433292,
            0.1282431998
          ],
          [
            0.167738574,
            0.1273792638
          ],
          [
            0.1671221197,
            0.1265153278
          ],
          [
            0.1665002657,
            0.1256531917
          ],
          [
            0.1658775119,
            0.1247856559
          ],
          [
            0.1652862557,
            0.1239055211
          ],
          [
            0.164674301,
            0.1230316859
          ],
          [
            0.1640614464,
            0.1221587505
          ],
          [
            0.1634530915,
            0.1212768159
          ],
          [
            0.1628771341,
            0.1203651834
          ],
          [
            0.1622354817,
            0.119506647
          ],
          [
            0.1616055283,
            0.1186463107
          ],
          [
            0.1609638759,
            0.1177769751
          ],
          [
            0.1603339225,
            0.1169094394
          ],
          [
            0.1597111687,
            0.1160563026
          ],
          [
            0.1590821153,
            0.1151986661
          ],
          [
            0.1584764601,
            0.11433653
          ],
          [
            0.1578798043,
            0.1134680943
          ],
          [
            0.1572615501,
            0.1126167574
          ],
          [
            0.156615398,
            0.1117780195
          ],
          [
            0.1559845447,
            0.1109248827
          ],
          [
            0.1553680904,
            0.1100834451
          ],
          [
            0.1547543359,
            0.1092555064
          ],
          [
            0.1541351817,
            0.1084365671
          ],
          [
            0.1535097281,
            0.1076167278
          ],
          [
            0.1528941737,
            0.1068148872
          ],
          [
            0.1522597207,
            0.1060139465
          ],
          [
            0.1516081689,
            0.1051860079
          ],
          [
            0.1509620168,
            0.1043499698
          ],
          [
            0.150311365,
            0.1035220311
          ],
          [
            0.1496346151,
            0.1026940925
          ],
          [
            0.1489443663,
            0.1018571545
          ],
          [
            0.1482721161,
            0.101040015
          ],
          [
            0.1475962661,
            0.1002201757
          ],
          [
            0.146909617,
            0.0993877374
          ],
          [
            0.1462274675,
            0.0985489995
          ],
          [
            0.1455453181,
            0.0977039621
          ],
          [
            0.144857769,
            0.0968490255
          ],
          [
            0.1441639204,
            0.096004888
          ],
          [
            0.1434637723,
            0.0951769493
          ],
          [
            0.1427735234,
            0.0943328119
          ],
          [
            0.1420868743,
            0.0934778752
          ],
          [
            0.1413759269,
            0.0926382374
          ],
          [
            0.1406685793,
            0.0917932
          ],
          [
            0.1399630316,
            0.0909382633
          ],
          [
            0.1392592837,
            0.0900842266
          ],
          [
            0.1385465365,
            0.0892427889
          ],
          [
            0.1378238901,
            0.0883977515
          ],
          [
            0.1371066432,
            0.0875383152
          ],
          [
            0.1363911962,
            0.0866608802
          ],
          [
            0.1356802489,
            0.0857960443
          ],
          [
            0.1349567025,
            0.0849402077
          ],
          [
            0.1342412555,
            0.0840663724
          ],
          [
            0.1335447071,
            0.0831745385
          ],
          [
            0.1328616577,
            0.0822836045
          ],
          [
            0.1321714088,
            0.081412469
          ],
          [
            0.1314811599,
            0.0805503329
          ],
          [
            0.1307855115,
            0.0796989959
          ],
          [
            0.1300844634,
            0.078820661
          ],
          [
            0.1293834153,
            0.0779243274
          ],
          [
            0.1286814673,
            0.0770270939
          ],
          [
            0.1279723199,
            0.0761604581
          ],
          [
            0.1272586727,
            0.0753100211
          ],
          [
            0.1265459255,
            0.0744388856
          ],
          [
            0.1258313785,
            0.0735848489
          ],
          [
            0.1250898334,
            0.0727299122
          ],
          [
            0.1243590875,
            0.0718640478
          ],
          [
            0.1236247419,
            0.0709894411
          ],
          [
            0.1228993957,
            0.0701093063
          ],
          [
            0.1221605504,
            0.0692336712
          ],
          [
            0.1214172055,
            0.0683499367
          ],
          [
            0.1206756604,
            0.0674698019
          ],
          [
            0.1199413148,
            0.0665977665
          ],
          [
            0.1192132687,
            0.0657338305
          ],
          [
            0.1184888224,
            0.0648734942
          ],
          [
            0.1178012733,
            0.0640014588
          ],
          [
            0.1171497216,
            0.0631240238
          ],
          [
            0.1164927703,
            0.062270887
          ],
          [
            0.1157881225,
            0.0614375487
          ],
          [
            0.1151005734,
            0.0605916114
          ],
          [
            0.1144409223,
            0.0597429743
          ],
          [
            0.1137731717,
            0.0588943371
          ],
          [
            0.1130955219,
            0.0580546993
          ],
          [
            0.1124151723,
            0.0572195612
          ],
          [
            0.1117240235,
            0.0563889227
          ],
          [
            0.111042774,
            0.0555465851
          ],
          [
            0.1103831229,
            0.0546943483
          ],
          [
            0.1096991735,
            0.0538583102
          ],
          [
            0.1090287232,
            0.0530123729
          ],
          [
            0.1083519733,
            0.0521772347
          ],
          [
            0.1076932221,
            0.0513330973
          ],
          [
            0.1070362708,
            0.0504808604
          ],
          [
            0.1063937184,
            0.0495962259
          ],
          [
            0.1057484662,
            0.0487088917
          ],
          [
            0.1050915149,
            0.047840456
          ],
          [
            0.1044300639,
            0.0469648209
          ],
          [
            0.1037920111,
            0.0460918855
          ],
          [
            0.1031665575,
            0.0452135506
          ],
          [
            0.1025366041,
            0.0443514145
          ],
          [
            0.1019102505,
            0.0434766793
          ],
          [
            0.1012757975,
            0.0426370415
          ],
          [
            0.1006116467,
            0.0418073029
          ],
          [
            0.0999798935,
            0.0409334677
          ],
          [
            0.099366139,
            0.0400488332
          ],
          [
            0.0987154872,
            0.0391641987
          ],
          [
            0.0980486366,
            0.0382885636
          ],
          [
            0.0973772863,
            0.0374219278
          ],
          [
            0.0967158353,
            0.036541793
          ],
          [
            0.0960606839,
            0.0356679577
          ],
          [
            0.095383934,
            0.0348067215
          ],
          [
            0.0947260827,
            0.0339400857
          ],
          [
            0.0940448332,
            0.0330662505
          ],
          [
            0.0933509846,
            0.0321879155
          ],
          [
            0.0926661353,
            0.0313005813
          ],
          [
            0.0919740866,
            0.0304249461
          ],
          [
            0.091280238,
            0.0295484111
          ],
          [
            0.0906115875,
            0.0286610768
          ],
          [
            0.0899330378,
            0.0277737425
          ],
          [
            0.0892427889,
            0.0268936077
          ],
          [
            0.0885408409,
            0.0260143729
          ],
          [
            0.087837993,
            0.0251225389
          ],
          [
            0.0871279456,
            0.0242406043
          ],
          [
            0.0864124986,
            0.0233505702
          ],
          [
            0.0857105506,
            0.0224461372
          ],
          [
            0.0850194018,
            0.0215597029
          ],
          [
            0.0843048547,
            0.0206849677
          ],
          [
            0.0836065065,
            0.0197886341
          ],
          [
            0.0829090581,
            0.0188994999
          ],
          [
            0.0822017105,
            0.0180220649
          ],
          [
            0.0815087619,
            0.0171068327
          ],
          [
            0.0808311121,
            0.0161862009
          ],
          [
            0.0801498625,
            0.015294367
          ],
          [
            0.0794803121,
            0.0143998333
          ],
          [
            0.0788107617,
            0.0134998999
          ],
          [
            0.0781448111,
            0.0125972668
          ],
          [
            0.0774563621,
            0.0116919339
          ],
          [
            0.076741815,
            0.0107830012
          ],
          [
            0.0760299677,
            0.0098758684
          ],
          [
            0.0753352192,
            0.0089615361
          ],
          [
            0.0746269717,
            0.0080553033
          ],
          [
            0.0739331231,
            0.0071391711
          ],
          [
            0.0732581731,
            0.0062122398
          ],
          [
            0.072570624,
            0.0053015073
          ],
          [
            0.0718560769,
            0.0044087734
          ],
          [
            0.0711541289,
            0.0034980409
          ],
          [
            0.0704746793,
            0.0025945078
          ],
          [
            0.0697916299,
            0.001673876
          ],
          [
            0.0690896819,
            0.000742445
          ],
          [
            0.0683877339,
            -0.0001844863
          ],
          [
            0.0676812862,
            -0.0011042182
          ],
          [
            0.0669982368,
            -0.0019744537
          ],
          [
            0.0664159799,
            -0.0027528961
          ],
          [
            0.0660983035,
            -0.0035538367
          ],
          [
            0.0660299085,
            -0.0044213725
          ],
          [
            0.0661486997,
            -0.0051224205
          ],
          [
            0.0664024809,
            -0.0057343752
          ],
          [
            0.0668794456,
            -0.0062176394
          ],
          [
            0.0676101915,
            -0.0065587141
          ],
          [
            0.0684948259,
            -0.0067620991
          ],
          [
            0.0694370561,
            -0.0068205947
          ],
          [
            0.0704179835,
            -0.0067782979
          ],
          [
            0.0714205092,
            -0.0066712058
          ],
          [
            0.0724275346,
            -0.006560514
          ],
          [
            0.0733724646,
            -0.0064507221
          ],
          [
            0.0743344933,
            -0.0063274313
          ],
          [
            0.0753136208,
            -0.0061924413
          ],
          [
            0.0762549511,
            -0.0060565513
          ],
          [
            0.0771278864,
            -0.0059575587
          ],
          [
            0.0780395189,
            -0.0058513665
          ],
          [
            0.078996148,
            -0.0057244759
          ],
          [
            0.079968076,
            -0.0055921857
          ],
          [
            0.0809490033,
            -0.0054499963
          ],
          [
            0.0818921335,
            -0.0052979075
          ],
          [
            0.0828352636,
            -0.0051602177
          ],
          [
            0.0837576953,
            -0.0050477261
          ],
          [
            0.0846675279,
            -0.004940634
          ],
          [
            0.0855197647,
            -0.0048515406
          ],
          [
            0.0864106987,
            -0.0048083438
          ],
          [
            0.0873466294,
            -0.0047561477
          ],
          [
            0.0883050584,
            -0.0046337567
          ],
          [
            0.089214891,
            -0.0045032664
          ],
          [
            0.0901517216,
            -0.0044321717
          ],
          [
            0.0911146503,
            -0.0043376787
          ],
          [
            0.0920658798,
            -0.0042080883
          ],
          [
            0.0930180093,
            -0.0040730983
          ],
          [
            0.0939548399,
            -0.0039741056
          ],
          [
            0.0948790714,
            -0.0039120102
          ],
          [
            0.0958132022,
            -0.0038148174
          ],
          [
            0.0967644317,
            -0.0036825272
          ],
          [
            0.0977282603,
            -0.0035475372
          ],
          [
            0.0986740903,
            -0.0034098474
          ],
          [
            0.0996190203,
            -0.0033126546
          ],
          [
            0.1005315527,
            -0.0032100622
          ],
          [
            0.1014737829,
            -0.0030993704
          ],
          [
            0.1024385114,
            -0.0029985779
          ],
          [
            0.1034014401,
            -0.0029049848
          ],
          [
            0.1043598691,
            -0.0027951929
          ],
          [
            0.1053344969,
            -0.0026584031
          ],
          [
            0.1063136243,
            -0.0025189134
          ],
          [
            0.1072639539,
            -0.0024001222
          ],
          [
            0.1082376818,
            -0.0022732316
          ],
          [
            0.1092105097,
            -0.0021139434
          ],
          [
            0.1101743383,
            -0.0019375565
          ],
          [
            0.1111588654,
            -0.0018052663
          ],
          [
            0.1121325933,
            -0.0016657766
          ],
          [
            0.1131072211,
            -0.0015019887
          ],
          [
            0.1141088469,
            -0.0013570995
          ],
          [
            0.1151032732,
            -0.0011852122
          ],
          [
            0.116077901,
            -0.0010214243
          ],
          [
            0.1170255308,
            -0.0008423376
          ],
          [
            0.1179398631,
            -0.0006578513
          ],
          [
            0.1188091987,
            -0.0005120621
          ],
          [
            0.1197163315,
            -0.0004031701
          ],
          [
            0.1206891594,
            -0.0003059773
          ],
          [
            0.1216997845,
            -0.0001772869
          ],
          [
            0.1236193423,
            0.0002006851
          ],
          [
            0.1245120762,
            0.0003446745
          ],
          [
            0.1254489068,
            0.0004832642
          ],
          [
            0.1263686387,
            0.0006578513
          ],
          [
            0.1273270677,
            0.0008162395
          ],
          [
            0.1282971958,
            0.0009773276
          ],
          [
            0.1292907222,
            0.0011654137
          ],
          [
            0.1302635501,
            0.0013615991
          ],
          [
            0.1312336783,
            0.0015487853
          ],
          [
            0.1322254048,
            0.0017314717
          ],
          [
            0.1332153315,
            0.0019096585
          ],
          [
            0.1341944589,
            0.0020914451
          ],
          [
            0.1351726865,
            0.0022750315
          ],
          [
            0.136137415,
            0.0024613177
          ],
          [
            0.1371012436,
            0.0026197059
          ],
          [
            0.1380596726,
            0.0027474965
          ],
          [
            0.138985704,
            0.0028725872
          ],
          [
            0.139930634,
            0.0029949781
          ],
          [
            0.1408791637,
            0.0031443671
          ],
          [
            0.1418393926,
            0.0033531516
          ],
          [
            0.1428041211,
            0.0035970335
          ],
          [
            0.1437418517,
            0.0038364158
          ],
          [
            0.1447164795,
            0.0040461003
          ],
          [
            0.1457073061,
            0.0042566847
          ],
          [
            0.1466702347,
            0.0044825679
          ],
          [
            0.1476340633,
            0.0047210503
          ],
          [
            0.1485690941,
            0.0049433338
          ],
          [
            0.1495221235,
            0.0051467187
          ],
          [
            0.1505102503,
            0.0053582031
          ],
          [
            0.1514902777,
            0.0055912858
          ],
          [
            0.1524532063,
            0.0058162691
          ],
          [
            0.1533981363,
            0.0060520517
          ],
          [
            0.1543655647,
            0.0062338382
          ],
          [
            0.1553473919,
            0.0063859269
          ],
          [
            0.1563544173,
            0.0065506147
          ],
          [
            0.1573740418,
            0.0067495
          ],
          [
            0.1583981659,
            0.0069420857
          ],
          [
            0.1594222901,
            0.0071184727
          ],
          [
            0.1604158165,
            0.0072966595
          ],
          [
            0.1613841447,
            0.0074694467
          ],
          [
            0.1623614723,
            0.0076215354
          ],
          [
            0.1633441995,
            0.007775424
          ],
          [
            0.1643170275,
            0.0079437115
          ],
          [
            0.1652637573,
            0.0080940004
          ],
          [
            0.166186189,
            0.00823439
          ],
          [
            0.1671131203,
            0.0083702799
          ],
          [
            0.1680571504,
            0.0085025701
          ],
          [
            0.1690398776,
            0.0086348603
          ],
          [
            0.1700325041,
            0.0087824494
          ],
          [
            0.1709819337,
            0.0089282386
          ],
          [
            0.1719457623,
            0.0090614287
          ],
          [
            0.1729059912,
            0.0091802199
          ],
          [
            0.1738761193,
            0.0093035108
          ],
          [
            0.1748561467,
            0.0094466002
          ],
          [
            0.1758154757,
            0.0096040885
          ],
          [
            0.1767955031,
            0.0097687763
          ],
          [
            0.1777530321,
            0.0099100659
          ],
          [
            0.1787195605,
            0.0100441559
          ],
          [
            0.1796905886,
            0.0101980445
          ],
          [
            0.1806598168,
            0.0103438337
          ],
          [
            0.1815588502,
            0.0104653247
          ],
          [
            0.1824848816,
            0.0105589178
          ],
          [
            0.1834361111,
            0.0106885082
          ],
          [
            0.1844215381,
            0.0108540959
          ],
          [
            0.1853727677,
            0.0110259832
          ],
          [
            0.1863158978,
            0.0111933708
          ],
          [
            0.1872788265,
            0.0113607584
          ],
          [
            0.1882552541,
            0.0115425449
          ],
          [
            0.1892388813,
            0.0117360306
          ],
          [
            0.1902171088,
            0.0119286163
          ],
          [
            0.1912016359,
            0.0121365009
          ],
          [
            0.1921933624,
            0.0123695837
          ],
          [
            0.1931688901,
            0.0125900673
          ],
          [
            0.1941543171,
            0.0127961521
          ],
          [
            0.1951532431,
            0.0130094363
          ],
          [
            0.1961521691,
            0.0132164209
          ],
          [
            0.1971483953,
            0.0134171061
          ],
          [
            0.1981158237,
            0.0136141915
          ],
          [
            0.1990949511,
            0.0138139767
          ],
          [
            0.2000803781,
            0.0140083623
          ],
          [
            0.2010928031,
            0.0141991481
          ],
          [
            0.2020773302,
            0.0143863343
          ],
          [
            0.2030501581,
            0.014565421
          ],
          [
            0.2040220861,
            0.0147346085
          ],
          [
            0.2049967139,
            0.0149217946
          ],
          [
            0.2059866406,
            0.0151233797
          ],
          [
            0.2069621683,
            0.0153096659
          ],
          [
            0.2079430957,
            0.0154806532
          ],
          [
            0.2089357221,
            0.0156606399
          ],
          [
            0.2099130497,
            0.0158622249
          ],
          [
            0.2108912773,
            0.0160458113
          ],
          [
            0.2118605055,
            0.0162176986
          ],
          [
            0.2128549318,
            0.0163940855
          ],
          [
            0.2138556577,
            0.0165848714
          ],
          [
            0.2148590833,
            0.0167774571
          ],
          [
            0.215862509,
            0.0169881701
          ],
          [
            0.2168533356,
            0.0172058254
          ],
          [
            0.217846862,
            0.0174020109
          ],
          [
            0.2188475879,
            0.0175882971
          ],
          [
            0.2198484666,
            0.0177678253
          ],
          [
            0.2208361858,
            0.0179364354
          ],
          [
            0.2218239051,
            0.0181050456
          ],
          [
            0.2228116244,
            0.0182736557
          ],
          [
            0.2237950402,
            0.0184478922
          ],
          [
            0.224599263,
            0.0185987634
          ],
          [
            0.2254034857,
            0.0187496346
          ],
          [
            0.2260497543,
            0.0190416894
          ],
          [
            0.2264133274,
            0.0194988555
          ],
          [
            0.2259049466,
            0.0201400692
          ],
          [
            0.2250382974,
            0.0207390161
          ],
          [
            0.2241716482,
            0.0213379631
          ],
          [
            0.223304999,
            0.02193691
          ],
          [
            0.2224383498,
            0.022535857
          ],
          [
            0.2215717006,
            0.0231348039
          ],
          [
            0.2207050514,
            0.0237337509
          ],
          [
            0.2198384022,
            0.0243326978
          ],
          [
            0.218971753,
            0.0249316448
          ],
          [
            0.2181051038,
            0.0255305917
          ],
          [
            0.2172384546,
            0.0261295387
          ],
          [
            0.2163718054,
            0.0267284856
          ],
          [
            0.2155051562,
            0.0273274325
          ],
          [
            0.214638507,
            0.0279263795
          ],
          [
            0.2137718578,
            0.0285253264
          ],
          [
            0.2129052086,
            0.0291242734
          ],
          [
            0.2120385594,
            0.0297232203
          ],
          [
            0.2111719102,
            0.0303221673
          ],
          [
            0.210305261,
            0.0309211142
          ],
          [
            0.2094386118,
            0.0315200612
          ],
          [
            0.2085719626,
            0.0321190081
          ],
          [
            0.2077053134,
            0.0327179551
          ],
          [
            0.2068386642,
            0.033316902
          ],
          [
            0.205972015,
            0.0339158489
          ],
          [
            0.2051053658,
            0.0345147959
          ],
          [
            0.2042387166,
            0.0351137428
          ],
          [
            0.2033720674,
            0.0357126898
          ],
          [
            0.2025038986,
            0.0363465075
          ],
          [
            0.2016399626,
            0.0369809605
          ],
          [
            0.2007652274,
            0.0376037143
          ],
          [
            0.1998949919,
            0.0382183688
          ],
          [
            0.1990265562,
            0.0388348231
          ],
          [
            0.1981581205,
            0.0394377785
          ],
          [
            0.1973004841,
            0.0400434336
          ],
          [
            0.1964392479,
            0.0406625877
          ],
          [
            0.1955861111,
            0.0412637432
          ],
          [
            0.1947257748,
            0.0418702983
          ],
          [
            0.1938411403,
            0.0424705538
          ],
          [
            0.1929529061,
            0.0430780088
          ],
          [
            0.1920664718,
            0.0436863637
          ],
          [
            0.1911836372,
            0.0442965185
          ],
          [
            0.1903017025,
            0.0448940743
          ],
          [
            0.1894278673,
            0.0455069289
          ],
          [
            0.1885396331,
            0.0461161837
          ],
          [
            0.1876396997,
            0.0467146394
          ],
          [
            0.1867532654,
            0.0473337935
          ],
          [
            0.1858605315,
            0.0479727462
          ],
          [
            0.1849641979,
            0.0485820011
          ],
          [
            0.1840885628,
            0.0491777569
          ],
          [
            0.1832390257,
            0.0498059104
          ],
          [
            0.1823651905,
            0.0504133654
          ],
          [
            0.1814895553,
            0.0510190205
          ],
          [
            0.1806292191,
            0.0516246757
          ],
          [
            0.1797922811,
            0.0522159319
          ],
          [
            0.1789463437,
            0.0528593842
          ],
          [
            0.1780815078,
            0.0534956371
          ],
          [
            0.1772112723,
            0.0541210907
          ],
          [
            0.1763356371,
            0.0547492442
          ],
          [
            0.1754663015,
            0.0553719981
          ],
          [
            0.1746068652,
            0.0559812529
          ],
          [
            0.1737366297,
            0.0566157059
          ],
          [
            0.1728591947,
            0.0572366599
          ],
          [
            0.1720096576,
            0.0578315159
          ],
          [
            0.1711763193,
            0.0584713685
          ],
          [
            0.1703393813,
            0.0591040216
          ],
          [
            0.1694808449,
            0.0597303752
          ],
          [
            0.1686187088,
            0.0603486294
          ],
          [
            0.1677727715,
            0.0609515847
          ],
          [
            0.1669322337,
            0.0615860377
          ],
          [
            0.1660736973,
            0.0622204907
          ],
          [
            0.1652124611,
            0.0628270458
          ],
          [
            0.1643485251,
            0.0634461999
          ],
          [
            0.1634755898,
            0.0640716536
          ],
          [
            0.1626107539,
            0.0647115062
          ],
          [
            0.1617513175,
            0.0653477591
          ],
          [
            0.1609242788,
            0.0659651133
          ],
          [
            0.1600810413,
            0.0665995663
          ],
          [
            0.1592261046,
            0.0672052215
          ],
          [
            0.1583873667,
            0.0678153763
          ],
          [
            0.1575405295,
            0.0684543289
          ],
          [
            0.1567431885,
            0.0690383857
          ],
          [
            0.1560826375,
            0.0694892523
          ],
          [
            0.1554877815,
            0.0699122209
          ],
          [
            0.1549082245,
            0.07032979
          ],
          [
            0.1543241677,
            0.0706951629
          ],
          [
            0.1537509102,
            0.0710884338
          ],
          [
            0.1531542544,
            0.0714934038
          ],
          [
            0.152525201,
            0.0719514699
          ],
          [
            0.1518628501,
            0.0724437334
          ],
          [
            0.1511870001,
            0.0729260977
          ],
          [
            0.1504913517,
            0.0734201611
          ],
          [
            0.1497696051,
            0.0739142245
          ],
          [
            0.1490568579,
            0.0744964813
          ],
          [
            0.1482829153,
            0.075081438
          ],
          [
            0.1474819746,
            0.0756672946
          ],
          [
            0.1466792341,
            0.0762630505
          ],
          [
            0.1459025916,
            0.0768264087
          ],
          [
            0.1451232493,
            0.077403266
          ],
          [
            0.1443241085,
            0.0780071213
          ],
          [
            0.1435069691,
            0.0786226757
          ],
          [
            0.1426673313,
            0.0792472294
          ],
          [
            0.1418285934,
            0.0798618839
          ],
          [
            0.1409979549,
            0.0804936371
          ],
          [
            0.1401700163,
            0.0811334897
          ],
          [
            0.1393078801,
            0.0817517439
          ],
          [
            0.1384241456,
            0.0823421001
          ],
          [
            0.1375224124,
            0.0829405558
          ],
          [
            0.1366125798,
            0.0835300121
          ],
          [
            0.1357117465,
            0.0840969701
          ],
          [
            0.1348181127,
            0.0846468294
          ],
          [
            0.1339361781,
            0.0851966887
          ],
          [
            0.1330560433,
            0.085759147
          ],
          [
            0.1321642093,
            0.0863180056
          ],
          [
            0.1312723754,
            0.0868570657
          ],
          [
            0.13040034,
            0.0874069249
          ],
          [
            0.1295274047,
            0.0879855821
          ],
          [
            0.1286625687,
            0.0885273419
          ],
          [
            0.1277977328,
            0.0891077989
          ],
          [
            0.1269067988,
            0.0896891559
          ],
          [
            0.1260149649,
            0.0902453147
          ],
          [
            0.1251348301,
            0.0907969738
          ],
          [
            0.1242654945,
            0.0913765309
          ],
          [
            0.1233772603,
            0.0919623875
          ],
          [
            0.1224863263,
            0.0925158465
          ],
          [
            0.1215935924,
            0.0930468071
          ],
          [
            0.1207233569,
            0.0935849673
          ],
          [
            0.1198729199,
            0.0941357265
          ],
          [
            0.1190179832,
            0.0947260827
          ],
          [
            0.1181261493,
            0.095289441
          ],
          [
            0.1172208163,
            0.0958141021
          ],
          [
            0.116307384,
            0.0963729607
          ],
          [
            0.1153867522,
            0.0969201202
          ],
          [
            0.1144661204,
            0.0974690795
          ],
          [
            0.1135643872,
            0.0980189388
          ],
          [
            0.1126833525,
            0.0985822971
          ],
          [
            0.1118014178,
            0.0991699535
          ],
          [
            0.1109095839,
            0.0997234125
          ],
          [
            0.1100141502,
            0.1002687721
          ],
          [
            0.1091250161,
            0.1008186314
          ],
          [
            0.1082376818,
            0.1013477922
          ],
          [
            0.10731705,
            0.1018967515
          ],
          [
            0.106385619,
            0.1024403113
          ],
          [
            0.1054631873,
            0.1029577729
          ],
          [
            0.1045596543,
            0.1034842339
          ],
          [
            0.1036732199,
            0.1040466923
          ],
          [
            0.1027732866,
            0.1046190499
          ],
          [
            0.1018535547,
            0.1051680092
          ],
          [
            0.1009383225,
            0.1057133688
          ],
          [
            0.1000419889,
            0.1062533288
          ],
          [
            0.0991429555,
            0.1068076877
          ],
          [
            0.0982304231,
            0.1073692461
          ],
          [
            0.0973250902,
            0.1079137058
          ],
          [
            0.0964134577,
            0.1084707645
          ],
          [
            0.095491926,
            0.1090485217
          ],
          [
            0.0945640947,
            0.1096289787
          ],
          [
            0.0936416631,
            0.1102040361
          ],
          [
            0.0927156317,
            0.1107844931
          ],
          [
            0.0917932,
            0.1113523511
          ],
          [
            0.0908698684,
            0.1119292083
          ],
          [
            0.0899492366,
            0.1125123651
          ],
          [
            0.0890295047,
            0.1130694239
          ],
          [
            0.0881133726,
            0.1136471811
          ],
          [
            0.0871873412,
            0.1142186387
          ],
          [
            0.0862640096,
            0.1147639983
          ],
          [
            0.0853424779,
            0.1153156575
          ],
          [
            0.0844317453,
            0.1158772159
          ],
          [
            0.0835246125,
            0.1164531732
          ],
          [
            0.0826165798,
            0.1170291305
          ],
          [
            0.0817022475,
            0.1176284861
          ],
          [
            0.080778016,
            0.1182053434
          ],
          [
            0.0798555843,
            0.1187678017
          ],
          [
            0.0789277531,
            0.1193140613
          ],
          [
            0.0779864228,
            0.1198459219
          ],
          [
            0.0770486923,
            0.1203867818
          ],
          [
            0.0761028623,
            0.1209258419
          ],
          [
            0.0751615321,
            0.1214559026
          ],
          [
            0.0742049029,
            0.1220093616
          ],
          [
            0.0732482738,
            0.1225547212
          ],
          [
            0.0723024439,
            0.1231072803
          ],
          [
            0.0713404151,
            0.1236670388
          ],
          [
            0.0703801863,
            0.124204299
          ],
          [
            0.0694217573,
            0.1247469588
          ],
          [
            0.0684642282,
            0.1252941183
          ],
          [
            0.0675057992,
            0.1258439775
          ],
          [
            0.0665473702,
            0.1264001363
          ],
          [
            0.0655907411,
            0.1269562951
          ],
          [
            0.0646314121,
            0.1275133539
          ],
          [
            0.0636630839,
            0.1280605133
          ],
          [
            0.0626920558,
            0.1286022732
          ],
          [
            0.0617282272,
            0.1291485327
          ],
          [
            0.0607760977,
            0.1297010918
          ],
          [
            0.0598212685,
            0.1302554507
          ],
          [
            0.0588745386,
            0.1308242086
          ],
          [
            0.0579485072,
            0.1314010659
          ],
          [
            0.0570278754,
            0.1320049211
          ],
          [
            0.0560820455,
            0.1325817784
          ],
          [
            0.0551254163,
            0.1331424369
          ],
          [
            0.0541642875,
            0.1337048952
          ],
          [
            0.0532121581,
            0.1342781527
          ],
          [
            0.0522672281,
            0.1348541101
          ],
          [
            0.0513222981,
            0.1354255677
          ],
          [
            0.0503719685,
            0.1360177239
          ],
          [
            0.04940634,
            0.1365783823
          ],
          [
            0.0484497109,
            0.1371489401
          ],
          [
            0.0474975814,
            0.1377383964
          ],
          [
            0.0465355527,
            0.1383080542
          ],
          [
            0.0455852231,
            0.1388687127
          ],
          [
            0.0446177947,
            0.1394527694
          ],
          [
            0.0437178614,
            0.1399945293
          ],
          [
            0.0429916152,
            0.1405704866
          ],
          [
            0.0424876525,
            0.1412733345
          ],
          [
            0.0422689687,
            0.1420427775
          ],
          [
            0.0423373637,
            0.1427942219
          ],
          [
            0.0430258127,
            0.1433809784
          ],
          [
            0.0440193391,
            0.1436680571
          ],
          [
            0.0450623618,
            0.1439074394
          ],
          [
            0.0461359823,
            0.1440973253
          ],
          [
            0.0472258015,
            0.1442872113
          ],
          [
            0.0482949223,
            0.1444950959
          ],
          [
            0.0493226462,
            0.1447029805
          ],
          [
            0.0503251719,
            0.1448892667
          ],
          [
            0.0513105989,
            0.1450512547
          ],
          [
            0.052281627,
            0.145222242
          ],
          [
            0.0532454556,
            0.1454094281
          ],
          [
            0.0541948853,
            0.1455885149
          ],
          [
            0.0551443149,
            0.1457703014
          ],
          [
            0.0560955445,
            0.1459691867
          ],
          [
            0.0570458741,
            0.1461554729
          ],
          [
            0.0580070029,
            0.1463453588
          ],
          [
            0.0589726313,
            0.1465595429
          ],
          [
            0.0599319603,
            0.146774627
          ],
          [
            0.0608723906,
            0.146990611
          ],
          [
            0.0618047215,
            0.147193096
          ],
          [
            0.0627406522,
            0.147382082
          ],
          [
            0.0636945815,
            0.1475917665
          ],
          [
            0.0646530105,
            0.1478167498
          ],
          [
            0.0656078398,
            0.1480507325
          ],
          [
            0.0665734683,
            0.1482793155
          ],
          [
            0.0675372969,
            0.1485132982
          ],
          [
            0.0684966258,
            0.1487508806
          ],
          [
            0.0694541549,
            0.1489929627
          ],
          [
            0.0704161836,
            0.1492359447
          ],
          [
            0.0713791123,
            0.1494753269
          ],
          [
            0.0723519402,
            0.1497138093
          ],
          [
            0.0733292678,
            0.1499648907
          ],
          [
            0.0743110951,
            0.1502105725
          ],
          [
            0.0752875227,
            0.1504481549
          ],
          [
            0.0762603507,
            0.1506731382
          ],
          [
            0.0772313787,
            0.1508837226
          ],
          [
            0.0782024068,
            0.1511042063
          ],
          [
            0.0791788345,
            0.1513327893
          ],
          [
            0.0801615617,
            0.151539774
          ],
          [
            0.0811505884,
            0.1517530582
          ],
          [
            0.0821198166,
            0.1519870409
          ],
          [
            0.0830854451,
            0.1522183237
          ],
          [
            0.0840564731,
            0.152430708
          ],
          [
            0.0850257013,
            0.1526475919
          ],
          [
            0.0859913298,
            0.1528788748
          ],
          [
            0.0869623579,
            0.1531209569
          ],
          [
            0.0879450851,
            0.1533675386
          ],
          [
            0.088931412,
            0.1536375186
          ],
          [
            0.0899177389,
            0.1539056987
          ],
          [
            0.090902266,
            0.1541621797
          ],
          [
            0.0918885929,
            0.1544258602
          ],
          [
            0.0928704202,
            0.1546787415
          ],
          [
            0.0938621467,
            0.1549109243
          ],
          [
            0.0948295751,
            0.1551404073
          ],
          [
            0.0957898039,
            0.1553671905
          ],
          [
            0.0967500328,
            0.1555912739
          ],
          [
            0.0977147613,
            0.1558333559
          ],
          [
            0.0986569915,
            0.1560898369
          ],
          [
            0.0995893225,
            0.1563445181
          ],
          [
            0.1005234533,
            0.1565955995
          ],
          [
            0.1014620837,
            0.1568529804
          ],
          [
            0.1024079137,
            0.1571067616
          ],
          [
            0.1033393447,
            0.1573470438
          ],
          [
            0.1042743754,
            0.1575882259
          ],
          [
            0.1052076063,
            0.1578321079
          ],
          [
            0.1061390373,
            0.1580624908
          ],
          [
            0.1070758679,
            0.1583009731
          ],
          [
            0.1080027992,
            0.1585349558
          ],
          [
            0.1089378299,
            0.1587500399
          ],
          [
            0.1098656612,
            0.1589570245
          ],
          [
            0.1107853931,
            0.1591649091
          ],
          [
            0.1117231236,
            0.1593583948
          ],
          [
            0.1126545546,
            0.159544681
          ],
          [
            0.1135877855,
            0.1597246677
          ],
          [
            0.1145264159,
            0.1599127537
          ],
          [
            0.1154641465,
            0.1601197384
          ],
          [
            0.1164000771,
            0.1603384222
          ],
          [
            0.1173396075,
            0.1605265083
          ],
          [
            0.1182908371,
            0.1607064949
          ],
          [
            0.1192357671,
            0.1608882815
          ],
          [
            0.1201743975,
            0.1610646684
          ],
          [
            0.1211139279,
            0.1612329559
          ],
          [
            0.1220498586,
            0.1614165423
          ],
          [
            0.1229812896,
            0.1615992288
          ],
          [
            0.1239235198,
            0.1618044136
          ],
          [
            0.1248603504,
            0.1620320967
          ],
          [
            0.1258052804,
            0.1622525804
          ],
          [
            0.1267493105,
            0.1624946625
          ],
          [
            0.1276906407,
            0.1627340447
          ],
          [
            0.1286373706,
            0.1629626278
          ],
          [
            0.1295823006,
            0.1631930107
          ],
          [
            0.1305263307,
            0.1634080948
          ],
          [
            0.1314649611,
            0.1635970808
          ],
          [
            0.1324035916,
            0.1637842669
          ],
          [
            0.1333404222,
            0.1639714531
          ],
          [
            0.1342817525,
            0.1641775378
          ],
          [
            0.1352311821,
            0.1643953217
          ],
          [
            0.136177912,
            0.1646140055
          ],
          [
            0.1371282416,
            0.1648281896
          ],
          [
            0.1380767713,
            0.1650495732
          ],
          [
            0.1390217013,
            0.1652709568
          ],
          [
            0.1399666313,
            0.1654869408
          ],
          [
            0.1409106614,
            0.1657020249
          ],
          [
            0.1418681905,
            0.1659270082
          ],
          [
            0.1428185201,
            0.1661474919
          ],
          [
            0.1437679497,
            0.1663715753
          ],
          [
            0.1447263787,
            0.1665938588
          ],
          [
            0.1456866076,
            0.1668197421
          ],
          [
            0.1466513361,
            0.167050125
          ],
          [
            0.1476196644,
            0.1672778081
          ],
          [
            0.1485843929,
            0.1675072911
          ],
          [
            0.1495491215,
            0.1677295747
          ],
          [
            0.1505183497,
            0.1679500583
          ],
          [
            0.1514803784,
            0.1681822411
          ],
          [
            0.1524460069,
            0.1684333225
          ],
          [
            0.153402636,
            0.1686871037
          ],
          [
            0.1543673645,
            0.1689147869
          ],
          [
            0.1553365927,
            0.1691406701
          ],
          [
            0.1562977215,
            0.1693863519
          ],
          [
            0.1572543507,
            0.1696320337
          ],
          [
            0.158221779,
            0.1698606168
          ],
          [
            0.1591676089,
            0.1700703013
          ],
          [
            0.1600891407,
            0.1702655868
          ],
          [
            0.1609989733,
            0.1704635721
          ],
          [
            0.1618827078,
            0.1706687569
          ],
          [
            0.162757443,
            0.1708811412
          ],
          [
            0.1636186792,
            0.1710845261
          ],
          [
            0.1644808153,
            0.1712717123
          ],
          [
            0.1653375519,
            0.1714462993
          ],
          [
            0.1662032877,
            0.1716244861
          ],
          [
            0.1670213271,
            0.1718053727
          ],
          [
            0.1678231677,
            0.1719799598
          ],
          [
            0.1686214086,
            0.1721464475
          ],
          [
            0.1694214493,
            0.1723048357
          ],
          [
            0.1702160905,
            0.1724686236
          ],
          [
            0.1709837336,
            0.1727242047
          ],
          [
            0.1717837743,
            0.1729248898
          ],
          [
            0.1725973141,
            0.1731030766
          ],
          [
            0.1734045543,
            0.1732758638
          ],
          [
            0.1742387925,
            0.1734540506
          ],
          [
            0.1750649313,
            0.1736268378
          ],
          [
            0.1758856705,
            0.1737816263
          ],
          [
            0.1767091095,
            0.1739400146
          ],
          [
            0.1775181495,
            0.1741047024
          ],
          [
            0.1783433884,
            0.1742774896
          ],
          [
            0.1791488287,
            0.1744547765
          ],
          [
            0.1799695679,
            0.1746410627
          ],
          [
            0.1807993065,
            0.1748372481
          ],
          [
            0.1816200457,
            0.1750487325
          ],
          [
            0.182452484,
            0.1752665163
          ],
          [
            0.1832588243,
            0.1754843002
          ],
          [
            0.1840480658,
            0.1757047839
          ],
          [
            0.1848544061,
            0.1759144683
          ]
        ]
      },
      "properties": {
        "kind": "TRACK",
        "platform_id": "SOURCE",
        "platform_name": "SOURCE",
        "track_type": "CONTACT",
        "start_time": "1999-12-31T22:00:00+00:00",
        "end_time": "2000-01-01T05:37:00+00:00",
        "positions": [
          {
            "time": "1999-12-31T22:00:00+00:00",
            "course": 97.9,
            "speed": 6.6090696,
            "depth": 39.4
          },
          {
            "time": "1999-12-31T22:00:30+00:00",
            "course": 92.8,
            "speed": 6.803454,
            "depth": 35.0
          },
          {
            "time": "1999-12-31T22:01:00+00:00",
            "course": 91.7,
            "speed": 6.803454,
            "depth": 34.3
          },
          {
            "time": "1999-12-31T22:01:30+00:00",
            "course": 89.5,
            "speed": 6.803454,
            "depth": 34.1
          },
          {
            "time": "1999-12-31T22:02:00+00:00",
            "course": 86.5,
            "speed": 6.6090696,
            "depth": 33.7
          },
          {
            "time": "1999-12-31T22:02:30+00:00",
            "course": 90.2,
            "speed": 6.4146852,
            "depth": 33.6
          },
          {
            "time": "1999-12-31T22:03:00+00:00",
            "course": 92.2,
            "speed": 6.6090696,
            "depth": 34.1
          },
          {
            "time": "1999-12-31T22:03:30+00:00",
            "course": 88.7,
            "speed": 6.803454,
            "depth": 33.9
          },
          {
            "time": "1999-12-31T22:04:00+00:00",
            "course": 88.5,
            "speed": 6.803454,
            "depth": 33.5
          },
          {
            "time": "1999-12-31T22:04:30+00:00",
            "course": 89.3,
            "speed": 6.4146852,
            "depth": 34.7
          },
          {
            "time": "1999-12-31T22:05:00+00:00",
            "course": 91.0,
            "speed": 6.803454,
            "depth": 33.9
          },
          {
            "time": "1999-12-31T22:05:30+00:00",
            "course": 89.5,
            "speed": 6.803454,
            "depth": 33.5
          },
          {
            "time": "1999-12-31T22:06:00+00:00",
            "course": 88.5,
            "speed": 6.6090696,
            "depth": 34.0
          },
          {
            "time": "1999-12-31T22:06:30+00:00",
            "course": 90.3,
            "speed": 6.803454,
            "depth": 33.4
          },
          {
            "time": "1999-12-31T22:07:00+00:00",
            "course": 91.7,
            "speed": 6.6090696,
            "depth": 33.0
          },
          {
            "time": "1999-12-31T22:07:30+00:00",
            "course": 89.4,
            "speed": 6.803454,
            "depth": 34.4
          },
          {
            "time": "1999-12-31T22:08:00+00:00",
            "course": 87.3,
            "speed": 6.9978384,
            "depth": 34.3
          },
          {
            "time": "1999-12-31T22:08:30+00:00",
            "course": 86.6,
            "speed": 6.9978384,
            "depth": 34.1
          },
          {
            "time": "1999-12-31T22:09:00+00:00",
            "course": 87.9,
            "speed": 6.803454,
            "depth": 33.9
          },
          {
            "time": "1999-12-31T22:09:30+00:00",
            "course": 86.8,
            "speed": 6.803454,
            "depth": 34.9
          },
          {
            "time": "1999-12-31T22:10:00+00:00",
            "course": 89.5,
            "speed": 6.803454,
            "depth": 34.5
          },
          {
            "time": "1999-12-31T22:10:30+00:00",
            "course": 88.6,
            "speed": 6.9978384,
            "depth": 33.9
          },
          {
            "time": "1999-12-31T22:11:00+00:00",
            "course": 87.9,
            "speed": 6.9978384,
            "depth": 33.4
          },
          {
            "time": "1999-12-31T22:11:30+00:00",
            "course": 87.5,
            "speed": 6.9978384,
            "depth": 33.3
          },
          {
            "time": "1999-12-31T22:12:00+00:00",
            "course": 85.5,
            "speed": 6.9978384,
            "depth": 33.0
          },
          {
            "time": "1999-12-31T22:12:30+00:00",
            "course": 85.6,
            "speed": 6.9978384,
            "depth": 32.7
          },
          {
            "time": "1999-12-31T22:13:00+00:00",
            "course": 87.3,
            "speed": 6.9978384,
            "depth": 33.1
          },
          {
            "time": "1999-12-31T22:13:30+00:00",
            "course": 85.4,
            "speed": 6.803454,
            "depth": 33.5
          },
          {
            "time": "1999-12-31T22:14:00+00:00",
            "course": 85.5,
            "speed": 6.9978384,
            "depth": 33.1
          },
          {
            "time": "1999-12-31T22:14:30+00:00",
            "course": 85.1,
            "speed": 6.803454,
            "depth": 33.4
          },
          {
            "time": "1999-12-31T22:15:00+00:00",
            "course": 86.6,
            "speed": 6.803454,
            "depth": 33.7
          },
          {
            "time": "1999-12-31T22:15:30+00:00",
            "course": 85.7,
            "speed": 6.9978384,
            "depth": 33.2
          },
          {
            "time": "1999-12-31T22:16:00+00:00",
            "course": 85.9,
            "speed": 6.803454,
            "depth": 33.2
          },
          {
            "time": "1999-12-31T22:16:30+00:00",
            "course": 87.0,
            "speed": 6.6090696,
            "depth": 34.0
          },
          {
            "time": "1999-12-31T22:17:00+00:00",
            "course": 87.7,
            "speed": 6.6090696,
            "depth": 34.4
          },
          {
            "time": "1999-12-31T22:17:30+00:00",
            "course": 88.1,
            "speed": 6.9978384,
            "depth": 33.7
          },
          {
            "time": "1999-12-31T22:18:00+00:00",
            "course": 89.4,
            "speed": 6.803454,
            "depth": 33.2
          },
          {
            "time": "1999-12-31T22:18:30+00:00",
            "course": 89.0,
            "speed": 6.803454,
            "depth": 33.4
          },
          {
            "time": "1999-12-31T22:19:00+00:00",
            "course": 88.0,
            "speed": 6.6090696,
            "depth": 34.4
          },
          {
            "time": "1999-12-31T22:19:30+00:00",
            "course": 88.3,
            "speed": 6.803454,
            "depth": 34.2
          },
          {
            "time": "1999-12-31T22:20:00+00:00",
            "course": 87.7,
            "speed": 6.803454,
            "depth": 34.7
          },
          {
            "time": "1999-12-31T22:20:30+00:00",
            "course": 87.1,
            "speed": 6.9978384,
            "depth": 33.8
          },
          {
            "time": "1999-12-31T22:21:00+00:00",
            "course": 88.9,
            "speed": 6.9978384,
            "depth": 32.6
          },
          {
            "time": "1999-12-31T22:21:30+00:00",
            "course": 87.8,
            "speed": 6.9978384,
            "depth": 32.6
          },
          {
            "time": "1999-12-31T22:22:00+00:00",
            "course": 87.6,
            "speed": 6.9978384,
            "depth": 33.7
          },
          {
            "time": "1999-12-31T22:22:30+00:00",
            "course": 88.5,
            "speed": 6.803454,
            "depth": 33.6
          },
          {
            "time": "1999-12-31T22:23:00+00:00",
            "course": 89.0,
            "speed": 6.9978384,
            "depth": 33.7
          },
          {
            "time": "1999-12-31T22:23:30+00:00",
            "course": 91.4,
            "speed": 7.1922228,
            "depth": 33.4
          },
          {
            "time": "1999-12-31T22:24:00+00:00",
            "course": 90.5,
            "speed": 7.3866072,
            "depth": 31.0
          },
          {
            "time": "1999-12-31T22:24:30+00:00",
            "course": 87.5,
            "speed": 7.5809916,
            "depth": 29.9
          },
          {
            "time": "1999-12-31T22:25:00+00:00",
            "course": 87.5,
            "speed": 7.5809916,
            "depth": 28.9
          },
          {
            "time": "1999-12-31T22:25:30+00:00",
            "course": 83.1,
            "speed": 7.775376,
            "depth": 28.6
          },
          {
            "time": "1999-12-31T22:26:00+00:00",
            "course": 81.5,
            "speed": 7.775376,
            "depth": 27.7
          },
          {
            "time": "1999-12-31T22:26:30+00:00",
            "course": 81.9,
            "speed": 7.5809916,
            "depth": 28.2
          },
          {
            "time": "1999-12-31T22:27:00+00:00",
            "course": 80.6,
            "speed": 7.5809916,
            "depth": 28.7
          },
          {
            "time": "1999-12-31T22:27:30+00:00",
            "course": 81.2,
            "speed": 7.3866072,
            "depth": 28.7
          },
          {
            "time": "1999-12-31T22:28:00+00:00",
            "course": 82.3,
            "speed": 7.1922228,
            "depth": 29.2
          },
          {
            "time": "1999-12-31T22:28:30+00:00",
            "course": 81.8,
            "speed": 7.1922228,
            "depth": 30.2
          },
          {
            "time": "1999-12-31T22:29:00+00:00",
            "course": 81.5,
            "speed": 7.1922228,
            "depth": 31.1
          },
          {
            "time": "1999-12-31T22:29:30+00:00",
            "course": 81.7,
            "speed": 7.1922228,
            "depth": 30.6
          },
          {
            "time": "1999-12-31T22:30:00+00:00",
            "course": 80.8,
            "speed": 7.1922228,
            "depth": 31.1
          },
          {
            "time": "1999-12-31T22:30:30+00:00",
            "course": 79.0,
            "speed": 7.3866072,
            "depth": 30.3
          },
          {
            "time": "1999-12-31T22:31:00+00:00",
            "course": 79.0,
            "speed": 7.1922228,
            "depth": 30.5
          },
          {
            "time": "1999-12-31T22:31:30+00:00",
            "course": 81.0,
            "speed": 7.3866072,
            "depth": 30.4
          },
          {
            "time": "1999-12-31T22:32:00+00:00",
            "course": 81.9,
            "speed": 7.1922228,
            "depth": 30.5
          },
          {
            "time": "1999-12-31T22:32:30+00:00",
            "course": 81.3,
            "speed": 7.3866072,
            "depth": 30.4
          },
          {
            "time": "1999-12-31T22:33:00+00:00",
            "course": 80.9,
            "speed": 7.3866072,
            "depth": 30.0
          },
          {
            "time": "1999-12-31T22:33:30+00:00",
            "course": 80.7,
            "speed": 7.3866072,
            "depth": 29.8
          },
          {
            "time": "1999-12-31T22:34:00+00:00",
            "course": 80.3,
            "speed": 7.3866072,
            "depth": 30.0
          },
          {
            "time": "1999-12-31T22:34:30+00:00",
            "course": 79.2,
            "speed": 7.5809916,
            "depth": 29.8
          },
          {
            "time": "1999-12-31T22:35:00+00:00",
            "course": 79.4,
            "speed": 7.5809916,
            "depth": 29.3
          },
          {
            "time": "1999-12-31T22:35:30+00:00",
            "course": 80.9,
            "speed": 7.5809916,
            "depth": 28.6
          },
          {
            "time": "1999-12-31T22:36:00+00:00",
            "course": 80.5,
            "speed": 7.5809916,
            "depth": 28.7
          },
          {
            "time": "1999-12-31T22:36:30+00:00",
            "course": 80.6,
            "speed": 7.5809916,
            "depth": 28.5
          },
          {
            "time": "1999-12-31T22:37:00+00:00",
            "course": 80.3,
            "speed": 7.3866072,
            "depth": 29.8
          },
          {
            "time": "1999-12-31T22:37:30+00:00",
            "course": 81.0,
            "speed": 7.3866072,
            "depth": 30.2
          },
          {
            "time": "1999-12-31T22:38:00+00:00",
            "course": 81.8,
            "speed": 7.3866072,
            "depth": 31.7
          },
          {
            "time": "1999-12-31T22:38:30+00:00",
            "course": 81.4,
            "speed": 7.3866072,
            "depth": 31.3
          },
          {
            "time": "1999-12-31T22:39:00+00:00",
            "course": 80.5,
            "speed": 7.3866072,
            "depth": 31.7
          },
          {
            "time": "1999-12-31T22:39:30+00:00",
            "course": 81.2,
            "speed": 7.3866072,
            "depth": 30.6
          },
          {
            "time": "1999-12-31T22:40:00+00:00",
            "course": 81.8,
            "speed": 7.1922228,
            "depth": 32.0
          },
          {
            "time": "1999-12-31T22:40:30+00:00",
            "course": 82.5,
            "speed": 7.3866072,
            "depth": 30.7
          },
          {
            "time": "1999-12-31T22:41:00+00:00",
            "course": 81.7,
            "speed": 7.5809916,
            "depth": 30.6
          },
          {
            "time": "1999-12-31T22:41:30+00:00",
            "course": 80.1,
            "speed": 7.5809916,
            "depth": 30.1
          },
          {
            "time": "1999-12-31T22:42:00+00:00",
            "course": 82.1,
            "speed": 7.5809916,
            "depth": 29.5
          },
          {
            "time": "1999-12-31T22:42:30+00:00",
            "course": 81.7,
            "speed": 7.775376,
            "depth": 29.65
          },
          {
            "time": "1999-12-31T22:43:00+00:00",
            "course": 80.1,
            "speed": 7.775376,
            "depth": 29.6
          },
          {
            "time": "1999-12-31T22:43:30+00:00",
            "course": 79.9,
            "speed": 7.5809916,
            "depth": 30.0
          },
          {
            "time": "1999-12-31T22:44:00+00:00",
            "course": 81.0,
            "speed": 7.5809916,
            "depth": 29.9
          },
          {
            "time": "1999-12-31T22:44:30+00:00",
            "course": 81.4,
            "speed": 7.3866072,
            "depth": 30.5
          },
          {
            "time": "1999-12-31T22:45:00+00:00",
            "course": 80.9,
            "speed": 7.5809916,
            "depth": 30.7
          },
          {
            "time": "1999-12-31T22:45:30+00:00",
            "course": 79.9,
            "speed": 7.5809916,
            "depth": 30.1
          },
          {
            "time": "1999-12-31T22:46:00+00:00",
            "course": 79.9,
            "speed": 7.5809916,
            "depth": 30.0
          },
          {
            "time": "1999-12-31T22:46:30+00:00",
            "course": 80.9,
            "speed": 7.5809916,
            "depth": 27.0
          },
          {
            "time": "1999-12-31T22:47:00+00:00",
            "course": 79.9,
            "speed": 7.775376,
            "depth": 27.8
          },
          {
            "time": "1999-12-31T22:47:30+00:00",
            "course": 79.2,
            "speed": 7.5809916,
            "depth": 27.2
          },
          {
            "time": "1999-12-31T22:48:00+00:00",
            "course": 80.0,
            "speed": 7.5809916,
            "depth": 28.1
          },
          {
            "time": "1999-12-31T22:48:30+00:00",
            "course": 80.9,
            "speed": 7.5809916,
            "depth": 28.3
          },
          {
            "time": "1999-12-31T22:49:00+00:00",
            "course": 80.0,
            "speed": 7.3866072,
            "depth": 28.2
          },
          {
            "time": "1999-12-31T22:49:30+00:00",
            "course": 79.7,
            "speed": 7.775376,
            "depth": 28.3
          },
          {
            "time": "1999-12-31T22:50:00+00:00",
            "course": 79.0,
            "speed": 7.5809916,
            "depth": 27.9
          },
          {
            "time": "1999-12-31T22:50:30+00:00",
            "course": 79.3,
            "speed": 7.5809916,
            "depth": 28.2
          },
          {
            "time": "1999-12-31T22:51:00+00:00",
            "course": 80.9,
            "speed": 7.5809916,
            "depth": 28.6
          },
          {
            "time": "1999-12-31T22:51:30+00:00",
            "course": 78.7,
            "speed": 7.5809916,
            "depth": 29.1
          },
          {
            "time": "1999-12-31T22:52:00+00:00",
            "course": 78.3,
            "speed": 7.5809916,
            "depth": 28.7
          },
          {
            "time": "1999-12-31T22:52:30+00:00",
            "course": 79.2,
            "speed": 7.1922228,
            "depth": 30.1
          },
          {
            "time": "1999-12-31T22:53:00+00:00",
            "course": 81.1,
            "speed": 7.3866072,
            "depth": 29.9
          },
          {
            "time": "1999-12-31T22:53:30+00:00",
            "course": 81.2,
            "speed": 7.3866072,
            "depth": 30.8
          },
          {
            "time": "1999-12-31T22:54:00+00:00",
            "course": 81.7,
            "speed": 7.3866072,
            "depth": 30.7
          },
          {
            "time": "1999-12-31T22:54:30+00:00",
            "course": 79.8,
            "speed": 7.5809916,
            "depth": 30.3
          },
          {
            "time": "1999-12-31T22:55:00+00:00",
            "course": 79.3,
            "speed": 7.775376,
            "depth": 29.4
          },
          {
            "time": "1999-12-31T22:55:30+00:00",
            "course": 79.1,
            "speed": 7.5809916,
            "depth": 29.1
          },
          {
            "time": "1999-12-31T22:56:00+00:00",
            "course": 78.9,
            "speed": 7.3866072,
            "depth": 29.4
          },
          {
            "time": "1999-12-31T22:56:30+00:00",
            "course": 78.1,
            "speed": 7.5809916,
            "depth": 30.0
          },
          {
            "time": "1999-12-31T22:57:00+00:00",
            "course": 79.1,
            "speed": 7.3866072,
            "depth": 29.6
          },
          {
            "time": "1999-12-31T22:57:30+00:00",
            "course": 80.2,
            "speed": 7.1922228,
            "depth": 30.5
          },
          {
            "time": "1999-12-31T22:58:00+00:00",
            "course": 79.8,
            "speed": 7.3866072,
            "depth": 30.5
          },
          {
            "time": "1999-12-31T22:58:30+00:00",
            "course": 79.0,
            "speed": 7.3866072,
            "depth": 30.6
          },
          {
            "time": "1999-12-31T22:59:00+00:00",
            "course": 80.3,
            "speed": 7.3866072,
            "depth": 30.7
          },
          {
            "time": "1999-12-31T22:59:30+00:00",
            "course": 78.4,
            "speed": 7.5809916,
            "depth": 30.0
          },
          {
            "time": "1999-12-31T23:00:00+00:00",
            "course": 79.5,
            "speed": 7.5809916,
            "depth": 29.8
          },
          {
            "time": "1999-12-31T23:00:30+00:00",
            "course": 80.0,
            "speed": 7.3866072,
            "depth": 29.8
          },
          {
            "time": "1999-12-31T23:01:00+00:00",
            "course": 79.6,
            "speed": 7.3866072,
            "depth": 30.1
          },
          {
            "time": "1999-12-31T23:01:30+00:00",
            "course": 79.8,
            "speed": 7.3866072,
            "depth": 29.9
          },
          {
            "time": "1999-12-31T23:02:00+00:00",
            "course": 78.1,
            "speed": 7.3866072,
            "depth": 29.8
          },
          {
            "time": "1999-12-31T23:02:30+00:00",
            "course": 78.3,
            "speed": 7.3866072,
            "depth": 29.8
          },
          {
            "time": "1999-12-31T23:03:00+00:00",
            "course": 77.9,
            "speed": 7.5809916,
            "depth": 29.0
          },
          {
            "time": "1999-12-31T23:03:30+00:00",
            "course": 77.7,
            "speed": 7.3866072,
            "depth": 29.1
          },
          {
            "time": "1999-12-31T23:04:00+00:00",
            "course": 76.9,
            "speed": 7.1922228,
            "depth": 29.2
          },
          {
            "time": "1999-12-31T23:04:30+00:00",
            "course": 74.9,
            "speed": 7.3866072,
            "depth": 29.9
          },
          {
            "time": "1999-12-31T23:05:00+00:00",
            "course": 73.2,
            "speed": 7.3866072,
            "depth": 30.2
          },
          {
            "time": "1999-12-31T23:05:30+00:00",
            "course": 69.9,
            "speed": 6.9978384,
            "depth": 29.0
          },
          {
            "time": "1999-12-31T23:06:00+00:00",
            "course": 70.4,
            "speed": 6.9978384,
            "depth": 29.7
          },
          {
            "time": "1999-12-31T23:06:30+00:00",
            "course": 72.0,
            "speed": 7.3866072,
            "depth": 28.8
          },
          {
            "time": "1999-12-31T23:07:00+00:00",
            "course": 72.5,
            "speed": 7.3866072,
            "depth": 31.0
          },
          {
            "time": "1999-12-31T23:07:30+00:00",
            "course": 73.1,
            "speed": 7.3866072,
            "depth": 27.5
          },
          {
            "time": "1999-12-31T23:08:00+00:00",
            "course": 72.4,
            "speed": 7.3866072,
            "depth": 28.2
          },
          {
            "time": "1999-12-31T23:08:30+00:00",
            "course": 71.6,
            "speed": 7.3866072,
            "depth": 30.5
          },
          {
            "time": "1999-12-31T23:09:00+00:00",
            "course": 70.5,
            "speed": 7.5809916,
            "depth": 27.7
          },
          {
            "time": "1999-12-31T23:09:30+00:00",
            "course": 69.5,
            "speed": 7.5809916,
            "depth": 29.0
          },
          {
            "time": "1999-12-31T23:10:00+00:00",
            "course": 68.6,
            "speed": 7.3866072,
            "depth": 29.3
          },
          {
            "time": "1999-12-31T23:10:30+00:00",
            "course": 68.5,
            "speed": 7.3866072,
            "depth": 26.3
          },
          {
            "time": "1999-12-31T23:11:00+00:00",
            "course": 69.4,
            "speed": 7.1922228,
            "depth": 26.9
          },
          {
            "time": "1999-12-31T23:11:30+00:00",
            "course": 71.9,
            "speed": 7.3866072,
            "depth": 27.8
          },
          {
            "time": "1999-12-31T23:12:00+00:00",
            "course": 69.9,
            "speed": 7.3866072,
            "depth": 26.6
          },
          {
            "time": "1999-12-31T23:12:30+00:00",
            "course": 70.9,
            "speed": 7.3866072,
            "depth": 27.4
          },
          {
            "time": "1999-12-31T23:13:00+00:00",
            "course": 71.6,
            "speed": 7.3866072,
            "depth": 27.1
          },
          {
            "time": "1999-12-31T23:13:30+00:00",
            "course": 70.5,
            "speed": 7.1922228,
            "depth": 27.3
          },
          {
            "time": "1999-12-31T23:14:00+00:00",
            "course": 70.5,
            "speed": 7.1922228,
            "depth": 27.3
          },
          {
            "time": "1999-12-31T23:14:30+00:00",
            "course": 71.0,
            "speed": 7.3866072,
            "depth": 27.2
          },
          {
            "time": "1999-12-31T23:15:00+00:00",
            "course": 71.9,
            "speed": 7.1922228,
            "depth": 28.1
          },
          {
            "time": "1999-12-31T23:15:30+00:00",
            "course": 72.5,
            "speed": 7.1922228,
            "depth": 28.5
          },
          {
            "time": "1999-12-31T23:16:00+00:00",
            "course": 72.9,
            "speed": 7.3866072,
            "depth": 27.9
          },
          {
            "time": "1999-12-31T23:16:30+00:00",
            "course": 71.0,
            "speed": 7.5809916,
            "depth": 27.1
          },
          {
            "time": "1999-12-31T23:17:00+00:00",
            "course": 70.3,
            "speed": 7.3866072,
            "depth": 26.9
          },
          {
            "time": "1999-12-31T23:17:30+00:00",
            "course": 70.7,
            "speed": 7.3866072,
            "depth": 26.7
          },
          {
            "time": "1999-12-31T23:18:00+00:00",
            "course": 70.8,
            "speed": 6.9978384,
            "depth": 26.2
          },
          {
            "time": "1999-12-31T23:18:30+00:00",
            "course": 70.9,
            "speed": 7.3866072,
            "depth": 28.0
          },
          {
            "time": "1999-12-31T23:19:00+00:00",
            "course": 70.9,
            "speed": 7.3866072,
            "depth": 27.1
          },
          {
            "time": "1999-12-31T23:19:30+00:00",
            "course": 72.0,
            "speed": 7.775376,
            "depth": 26.1
          },
          {
            "time": "1999-12-31T23:20:00+00:00",
            "course": 69.7,
            "speed": 7.3866072,
            "depth": 24.9
          },
          {
            "time": "1999-12-31T23:20:30+00:00",
            "course": 68.7,
            "speed": 7.3866072,
            "depth": 27.3
          },
          {
            "time": "1999-12-31T23:21:00+00:00",
            "course": 70.4,
            "speed": 7.3866072,
            "depth": -17.1
          },
          {
            "time": "1999-12-31T23:21:30+00:00",
            "course": 69.3,
            "speed": 7.3866072,
            "depth": 27.2
          },
          {
            "time": "1999-12-31T23:22:00+00:00",
            "course": 69.6,
            "speed": 7.5809916,
            "depth": 27.7
          },
          {
            "time": "1999-12-31T23:22:30+00:00",
            "course": 69.1,
            "speed": 7.5809916,
            "depth": 27.7
          },
          {
            "time": "1999-12-31T23:23:00+00:00",
            "course": 69.8,
            "speed": 6.6090696,
            "depth": 25.3
          },
          {
            "time": "1999-12-31T23:23:30+00:00",
            "course": 79.5,
            "speed": 6.4146852,
            "depth": 25.3
          },
          {
            "time": "1999-12-31T23:24:00+00:00",
            "course": 104.1,
            "speed": 6.803454,
            "depth": 25.3
          },
          {
            "time": "1999-12-31T23:24:30+00:00",
            "course": 119.1,
            "speed": 7.1922228,
            "depth": 24.3
          },
          {
            "time": "1999-12-31T23:25:00+00:00",
            "course": 128.8,
            "speed": 6.9978384,
            "depth": 23.1
          },
          {
            "time": "1999-12-31T23:25:30+00:00",
            "course": 142.9,
            "speed": 7.3866072,
            "depth": 22.2
          },
          {
            "time": "1999-12-31T23:26:00+00:00",
            "course": 156.6,
            "speed": 7.1922228,
            "depth": 22.7
          },
          {
            "time": "1999-12-31T23:26:30+00:00",
            "course": 173.5,
            "speed": 7.1922228,
            "depth": 22.7
          },
          {
            "time": "1999-12-31T23:27:00+00:00",
            "course": 190.7,
            "speed": 7.1922228,
            "depth": 22.7
          },
          {
            "time": "1999-12-31T23:27:30+00:00",
            "course": 207.3,
            "speed": 7.5809916,
            "depth": 22.7
          },
          {
            "time": "1999-12-31T23:28:00+00:00",
            "course": 210.6,
            "speed": 8.3585292,
            "depth": 21.0
          },
          {
            "time": "1999-12-31T23:28:30+00:00",
            "course": 211.3,
            "speed": 7.8023738333,
            "depth": 21.4138888889
          },
          {
            "time": "1999-12-31T23:29:00+00:00",
            "course": 214.6,
            "speed": 7.9643608333,
            "depth": 21.4972222222
          },
          {
            "time": "1999-12-31T23:29:30+00:00",
            "course": 213.3,
            "speed": 7.5809916,
            "depth": 21.5
          },
          {
            "time": "1999-12-31T23:30:00+00:00",
            "course": 213.6,
            "speed": 7.5809916,
            "depth": 21.5
          },
          {
            "time": "1999-12-31T23:30:30+00:00",
            "course": 213.8,
            "speed": 7.3866072,
            "depth": 24.6
          },
          {
            "time": "1999-12-31T23:31:00+00:00",
            "course": 213.3,
            "speed": 7.3866072,
            "depth": 25.1
          },
          {
            "time": "1999-12-31T23:31:30+00:00",
            "course": 214.2,
            "speed": 7.3866072,
            "depth": 24.9
          },
          {
            "time": "1999-12-31T23:32:00+00:00",
            "course": 213.8,
            "speed": 7.3866072,
            "depth": 25.0
          },
          {
            "time": "1999-12-31T23:32:30+00:00",
            "course": 214.8,
            "speed": 7.5809916,
            "depth": 25.2
          },
          {
            "time": "1999-12-31T23:33:00+00:00",
            "course": 212.5,
            "speed": 7.1922228,
            "depth": 25.9
          },
          {
            "time": "1999-12-31T23:33:30+00:00",
            "course": 212.9,
            "speed": 7.3866072,
            "depth": 25.6
          },
          {
            "time": "1999-12-31T23:34:00+00:00",
            "course": 212.9,
            "speed": 7.3866072,
            "depth": 25.3
          },
          {
            "time": "1999-12-31T23:34:30+00:00",
            "course": 212.9,
            "speed": 7.3866072,
            "depth": 25.6
          },
          {
            "time": "1999-12-31T23:35:00+00:00",
            "course": 213.3,
            "speed": 7.3866072,
            "depth": 25.2
          },
          {
            "time": "1999-12-31T23:35:30+00:00",
            "course": 213.5,
            "speed": 7.5809916,
            "depth": 25.2
          },
          {
            "time": "1999-12-31T23:36:00+00:00",
            "course": 212.9,
            "speed": 7.3866072,
            "depth": 25.2
          },
          {
            "time": "1999-12-31T23:36:30+00:00",
            "course": 212.3,
            "speed": 7.3866072,
            "depth": 25.6
          },
          {
            "time": "1999-12-31T23:37:00+00:00",
            "course": 212.5,
            "speed": 7.1922228,
            "depth": 25.5
          },
          {
            "time": "1999-12-31T23:37:30+00:00",
            "course": 212.1,
            "speed": 7.3866072,
            "depth": 26.1
          },
          {
            "time": "1999-12-31T23:38:00+00:00",
            "course": 213.1,
            "speed": 7.3866072,
            "depth": 25.7
          },
          {
            "time": "1999-12-31T23:38:30+00:00",
            "course": 212.9,
            "speed": 7.3866072,
            "depth": 25.8
          },
          {
            "time": "1999-12-31T23:39:00+00:00",
            "course": 213.4,
            "speed": 7.3866072,
            "depth": 25.8
          },
          {
            "time": "1999-12-31T23:39:30+00:00",
            "course": 213.0,
            "speed": 7.3866072,
            "depth": 26.2
          },
          {
            "time": "1999-12-31T23:40:00+00:00",
            "course": 212.6,
            "speed": 7.3866072,
            "depth": 25.8
          },
          {
            "time": "1999-12-31T23:40:30+00:00",
            "course": 212.9,
            "speed": 7.3866072,
            "depth": 26.1
          },
          {
            "time": "1999-12-31T23:41:00+00:00",
            "course": 213.5,
            "speed": 7.3866072,
            "depth": 26.1
          },
          {
            "time": "1999-12-31T23:41:30+00:00",
            "course": 211.4,
            "speed": 7.1922228,
            "depth": 27.0
          },
          {
            "time": "1999-12-31T23:42:00+00:00",
            "course": 214.6,
            "speed": 7.3866072,
            "depth": 25.8
          },
          {
            "time": "1999-12-31T23:42:30+00:00",
            "course": 214.4,
            "speed": 7.5809916,
            "depth": 25.2
          },
          {
            "time": "1999-12-31T23:43:00+00:00",
            "course": 213.9,
            "speed": 7.5809916,
            "depth": 24.8
          },
          {
            "time": "1999-12-31T23:43:30+00:00",
            "course": 215.0,
            "speed": 7.5809916,
            "depth": 24.3
          },
          {
            "time": "1999-12-31T23:44:00+00:00",
            "course": 215.9,
            "speed": 7.5809916,
            "depth": 25.7
          },
          {
            "time": "1999-12-31T23:44:30+00:00",
            "course": 216.6,
            "speed": 7.5809916,
            "depth": 26.0
          },
          {
            "time": "1999-12-31T23:45:00+00:00",
            "course": 217.0,
            "speed": 7.5809916,
            "depth": 26.0
          },
          {
            "time": "1999-12-31T23:45:30+00:00",
            "course": 216.7,
            "speed": 7.3866072,
            "depth": 26.5
          },
          {
            "time": "1999-12-31T23:46:00+00:00",
            "course": 214.9,
            "speed": 7.5809916,
            "depth": 27.7
          },
          {
            "time": "1999-12-31T23:46:30+00:00",
            "course": 212.6,
            "speed": 7.3866072,
            "depth": 26.4
          },
          {
            "time": "1999-12-31T23:47:00+00:00",
            "course": 214.2,
            "speed": 7.3866072,
            "depth": 26.4
          },
          {
            "time": "1999-12-31T23:47:30+00:00",
            "course": 215.4,
            "speed": 7.5809916,
            "depth": 25.9
          },
          {
            "time": "1999-12-31T23:48:00+00:00",
            "course": 215.0,
            "speed": 7.775376,
            "depth": 26.0
          },
          {
            "time": "1999-12-31T23:48:30+00:00",
            "course": 215.2,
            "speed": 7.775376,
            "depth": 25.8
          },
          {
            "time": "1999-12-31T23:49:00+00:00",
            "course": 215.6,
            "speed": 7.775376,
            "depth": 25.3
          },
          {
            "time": "1999-12-31T23:49:30+00:00",
            "course": 215.0,
            "speed": 7.5809916,
            "depth": 25.4
          },
          {
            "time": "1999-12-31T23:50:00+00:00",
            "course": 214.8,
            "speed": 7.775376,
            "depth": 25.1
          },
          {
            "time": "1999-12-31T23:50:30+00:00",
            "course": 214.8,
            "speed": 7.5809916,
            "depth": 25.0
          },
          {
            "time": "1999-12-31T23:51:00+00:00",
            "course": 217.4,
            "speed": 7.3866072,
            "depth": 24.7
          },
          {
            "time": "1999-12-31T23:51:30+00:00",
            "course": 219.0,
            "speed": 7.5809916,
            "depth": 25.6
          },
          {
            "time": "1999-12-31T23:52:00+00:00",
            "course": 215.7,
            "speed": 7.5809916,
            "depth": 25.9
          },
          {
            "time": "1999-12-31T23:52:30+00:00",
            "course": 214.8,
            "speed": 7.5809916,
            "depth": 25.7
          },
          {
            "time": "1999-12-31T23:53:00+00:00",
            "course": 215.0,
            "speed": 7.5809916,
            "depth": 25.6
          },
          {
            "time": "1999-12-31T23:53:30+00:00",
            "course": 215.4,
            "speed": 7.5809916,
            "depth": 24.7
          },
          {
            "time": "1999-12-31T23:54:00+00:00",
            "course": 215.6,
            "speed": 7.5809916,
            "depth": 24.6
          },
          {
            "time": "1999-12-31T23:54:30+00:00",
            "course": 214.5,
            "speed": 7.775376,
            "depth": 24.5
          },
          {
            "time": "1999-12-31T23:55:00+00:00",
            "course": 214.1,
            "speed": 7.5809916,
            "depth": 24.0
          },
          {
            "time": "1999-12-31T23:55:30+00:00",
            "course": 214.7,
            "speed": 7.775376,
            "depth": 24.9
          },
          {
            "time": "1999-12-31T23:56:00+00:00",
            "course": 215.0,
            "speed": 7.775376,
            "depth": 24.3
          },
          {
            "time": "1999-12-31T23:56:30+00:00",
            "course": 214.5,
            "speed": 7.775376,
            "depth": 23.2
          },
          {
            "time": "1999-12-31T23:57:00+00:00",
            "course": 210.1,
            "speed": 7.9697604,
            "depth": 23.9
          },
          {
            "time": "1999-12-31T23:57:30+00:00",
            "course": 215.7,
            "speed": 7.5809916,
            "depth": 25.8
          },
          {
            "time": "1999-12-31T23:58:00+00:00",
            "course": 216.7,
            "speed": 7.775376,
            "depth": 25.1
          },
          {
            "time": "1999-12-31T23:58:30+00:00",
            "course": 216.1,
            "speed": 7.775376,
            "depth": 24.8
          },
          {
            "time": "1999-12-31T23:59:00+00:00",
            "course": 215.7,
            "speed": 7.5809916,
            "depth": 25.1
          },
          {
            "time": "1999-12-31T23:59:30+00:00",
            "course": 215.9,
            "speed": 7.5809916,
            "depth": 25.2
          },
          {
            "time": "2000-01-01T00:00:00+00:00",
            "course": 215.8,
            "speed": 7.5809916,
            "depth": 25.6
          },
          {
            "time": "2000-01-01T00:00:30+00:00",
            "course": 214.3,
            "speed": 7.5809916,
            "depth": 25.1
          },
          {
            "time": "2000-01-01T00:01:00+00:00",
            "course": 215.0,
            "speed": 7.5809916,
            "depth": 24.9
          },
          {
            "time": "2000-01-01T00:01:30+00:00",
            "course": 217.4,
            "speed": 7.5809916,
            "depth": 24.3
          },
          {
            "time": "2000-01-01T00:02:00+00:00",
            "course": 217.5,
            "speed": 7.5809916,
            "depth": 24.5
          },
          {
            "time": "2000-01-01T00:02:30+00:00",
            "course": 215.6,
            "speed": 7.5809916,
            "depth": 25.1
          },
          {
            "time": "2000-01-01T00:03:00+00:00",
            "course": 216.0,
            "speed": 7.5809916,
            "depth": 25.0
          },
          {
            "time": "2000-01-01T00:03:30+00:00",
            "course": 217.0,
            "speed": 7.3866072,
            "depth": 25.5
          },
          {
            "time": "2000-01-01T00:04:00+00:00",
            "course": 216.8,
            "speed": 7.3866072,
            "depth": 26.1
          },
          {
            "time": "2000-01-01T00:04:30+00:00",
            "course": 217.5,
            "speed": 7.3866072,
            "depth": 26.1
          },
          {
            "time": "2000-01-01T00:05:00+00:00",
            "course": 218.0,
            "speed": 7.1922228,
            "depth": 26.0
          },
          {
            "time": "2000-01-01T00:05:30+00:00",
            "course": 218.5,
            "speed": 7.5809916,
            "depth": 26.4
          },
          {
            "time": "2000-01-01T00:06:00+00:00",
            "course": 217.7,
            "speed": 7.5809916,
            "depth": 25.5
          },
          {
            "time": "2000-01-01T00:06:30+00:00",
            "course": 217.4,
            "speed": 7.5809916,
            "depth": 24.8
          },
          {
            "time": "2000-01-01T00:07:00+00:00",
            "course": 218.9,
            "speed": 7.5809916,
            "depth": 24.1
          },
          {
            "time": "2000-01-01T00:07:30+00:00",
            "course": 219.7,
            "speed": 7.775376,
            "depth": 23.4
          },
          {
            "time": "2000-01-01T00:08:00+00:00",
            "course": 219.4,
            "speed": 7.775376,
            "depth": 22.8
          },
          {
            "time": "2000-01-01T00:08:30+00:00",
            "course": 219.5,
            "speed": 7.5809916,
            "depth": 23.7
          },
          {
            "time": "2000-01-01T00:09:00+00:00",
            "course": 219.3,
            "speed": 7.775376,
            "depth": 24.0
          },
          {
            "time": "2000-01-01T00:09:30+00:00",
            "course": 219.1,
            "speed": 7.775376,
            "depth": 23.6
          },
          {
            "time": "2000-01-01T00:10:00+00:00",
            "course": 218.8,
            "speed": 7.775376,
            "depth": 23.3
          },
          {
            "time": "2000-01-01T00:10:30+00:00",
            "course": 218.5,
            "speed": 7.775376,
            "depth": 22.5
          },
          {
            "time": "2000-01-01T00:11:00+00:00",
            "course": 219.1,
            "speed": 7.9697604,
            "depth": 21.9
          },
          {
            "time": "2000-01-01T00:11:30+00:00",
            "course": 220.1,
            "speed": 7.775376,
            "depth": 23.0
          },
          {
            "time": "2000-01-01T00:12:00+00:00",
            "course": 219.7,
            "speed": 7.775376,
            "depth": 24.0
          },
          {
            "time": "2000-01-01T00:12:30+00:00",
            "course": 218.9,
            "speed": 7.9697604,
            "depth": 23.8
          },
          {
            "time": "2000-01-01T00:13:00+00:00",
            "course": 219.3,
            "speed": 7.9697604,
            "depth": 23.2
          },
          {
            "time": "2000-01-01T00:13:30+00:00",
            "course": 220.3,
            "speed": 7.9697604,
            "depth": 23.2
          },
          {
            "time": "2000-01-01T00:14:00+00:00",
            "course": 219.5,
            "speed": 7.9697604,
            "depth": 22.9
          },
          {
            "time": "2000-01-01T00:14:30+00:00",
            "course": 219.5,
            "speed": 7.9697604,
            "depth": 22.4
          },
          {
            "time": "2000-01-01T00:15:00+00:00",
            "course": 219.8,
            "speed": 7.9697604,
            "depth": 22.0
          },
          {
            "time": "2000-01-01T00:15:30+00:00",
            "course": 220.5,
            "speed": 7.9697604,
            "depth": 22.5
          },
          {
            "time": "2000-01-01T00:16:00+00:00",
            "course": 219.9,
            "speed": 7.9697604,
            "depth": 23.2
          },
          {
            "time": "2000-01-01T00:16:30+00:00",
            "course": 219.6,
            "speed": 8.1641448,
            "depth": 23.0
          },
          {
            "time": "2000-01-01T00:17:00+00:00",
            "course": 218.9,
            "speed": 8.1641448,
            "depth": 23.1
          },
          {
            "time": "2000-01-01T00:17:30+00:00",
            "course": 220.7,
            "speed": 7.9697604,
            "depth": 22.3
          },
          {
            "time": "2000-01-01T00:18:00+00:00",
            "course": 219.8,
            "speed": 8.1641448,
            "depth": 23.3
          },
          {
            "time": "2000-01-01T00:18:30+00:00",
            "course": 218.7,
            "speed": 8.1641448,
            "depth": 23.6
          },
          {
            "time": "2000-01-01T00:19:00+00:00",
            "course": 217.7,
            "speed": 8.1641448,
            "depth": 23.1
          },
          {
            "time": "2000-01-01T00:19:30+00:00",
            "course": 217.7,
            "speed": 7.9697604,
            "depth": 23.1
          },
          {
            "time": "2000-01-01T00:20:00+00:00",
            "course": 218.6,
            "speed": 7.9697604,
            "depth": 23.8
          },
          {
            "time": "2000-01-01T00:20:30+00:00",
            "course": 219.1,
            "speed": 7.775376,
            "depth": 23.5
          },
          {
            "time": "2000-01-01T00:21:00+00:00",
            "course": 218.8,
            "speed": 7.9697604,
            "depth": 24.1
          },
          {
            "time": "2000-01-01T00:21:30+00:00",
            "course": 218.8,
            "speed": 8.1641448,
            "depth": 23.2
          },
          {
            "time": "2000-01-01T00:22:00+00:00",
            "course": 218.0,
            "speed": 8.1641448,
            "depth": 23.6
          },
          {
            "time": "2000-01-01T00:22:30+00:00",
            "course": 219.0,
            "speed": 8.1641448,
            "depth": 23.6
          },
          {
            "time": "2000-01-01T00:23:00+00:00",
            "course": 219.7,
            "speed": 7.9697604,
            "depth": 23.9
          },
          {
            "time": "2000-01-01T00:23:30+00:00",
            "course": 219.4,
            "speed": 7.9697604,
            "depth": 24.2
          },
          {
            "time": "2000-01-01T00:24:00+00:00",
            "course": 219.0,
            "speed": 7.9697604,
            "depth": 24.3
          },
          {
            "time": "2000-01-01T00:24:30+00:00",
            "course": 221.2,
            "speed": 8.1641448,
            "depth": 24.0
          },
          {
            "time": "2000-01-01T00:25:00+00:00",
            "course": 220.7,
            "speed": 8.1641448,
            "depth": 23.7
          },
          {
            "time": "2000-01-01T00:25:30+00:00",
            "course": 219.8,
            "speed": 8.1641448,
            "depth": 23.4571428571
          },
          {
            "time": "2000-01-01T00:26:00+00:00",
            "course": 219.4,
            "speed": 8.1641448,
            "depth": 23.9
          },
          {
            "time": "2000-01-01T00:26:30+00:00",
            "course": 219.7,
            "speed": 8.3585292,
            "depth": 23.1
          },
          {
            "time": "2000-01-01T00:27:00+00:00",
            "course": 220.2,
            "speed": 8.3585292,
            "depth": 22.5
          },
          {
            "time": "2000-01-01T00:27:30+00:00",
            "course": 220.2,
            "speed": 8.3585292,
            "depth": 21.9
          },
          {
            "time": "2000-01-01T00:28:00+00:00",
            "course": 220.1,
            "speed": 8.3585292,
            "depth": 22.1
          },
          {
            "time": "2000-01-01T00:28:30+00:00",
            "course": 220.1,
            "speed": 8.1641448,
            "depth": 22.4
          },
          {
            "time": "2000-01-01T00:29:00+00:00",
            "course": 220.4,
            "speed": 8.1641448,
            "depth": 22.4
          },
          {
            "time": "2000-01-01T00:29:30+00:00",
            "course": 219.4,
            "speed": 7.9697604,
            "depth": 23.0
          },
          {
            "time": "2000-01-01T00:30:00+00:00",
            "course": 217.1,
            "speed": 7.9697604,
            "depth": 24.6
          },
          {
            "time": "2000-01-01T00:30:30+00:00",
            "course": 216.6,
            "speed": 7.775376,
            "depth": 25.0
          },
          {
            "time": "2000-01-01T00:31:00+00:00",
            "course": 219.8,
            "speed": 7.775376,
            "depth": 25.2
          },
          {
            "time": "2000-01-01T00:31:30+00:00",
            "course": 220.2,
            "speed": 7.9697604,
            "depth": 25.7
          },
          {
            "time": "2000-01-01T00:32:00+00:00",
            "course": 218.5,
            "speed": 7.775376,
            "depth": 25.9
          },
          {
            "time": "2000-01-01T00:32:30+00:00",
            "course": 218.3,
            "speed": 7.775376,
            "depth": 25.4
          },
          {
            "time": "2000-01-01T00:33:00+00:00",
            "course": 218.4,
            "speed": 7.775376,
            "depth": 25.1
          },
          {
            "time": "2000-01-01T00:33:30+00:00",
            "course": 218.8,
            "speed": 7.775376,
            "depth": 25.2
          },
          {
            "time": "2000-01-01T00:34:00+00:00",
            "course": 219.3,
            "speed": 7.775376,
            "depth": 25.6
          },
          {
            "time": "2000-01-01T00:34:30+00:00",
            "course": 219.9,
            "speed": 7.775376,
            "depth": 26.3
          },
          {
            "time": "2000-01-01T00:35:00+00:00",
            "course": 218.1,
            "speed": 7.775376,
            "depth": 26.4
          },
          {
            "time": "2000-01-01T00:35:30+00:00",
            "course": 218.6,
            "speed": 7.775376,
            "depth": 26.9
          },
          {
            "time": "2000-01-01T00:36:00+00:00",
            "course": 219.1,
            "speed": 7.775376,
            "depth": 27.3
          },
          {
            "time": "2000-01-01T00:36:30+00:00",
            "course": 218.2,
            "speed": 7.775376,
            "depth": 26.1
          },
          {
            "time": "2000-01-01T00:37:00+00:00",
            "course": 218.7,
            "speed": 7.775376,
            "depth": 25.5
          },
          {
            "time": "2000-01-01T00:37:30+00:00",
            "course": 218.0,
            "speed": 7.775376,
            "depth": 25.7
          },
          {
            "time": "2000-01-01T00:38:00+00:00",
            "course": 216.8,
            "speed": 7.775376,
            "depth": 26.4
          },
          {
            "time": "2000-01-01T00:38:30+00:00",
            "course": 215.3,
            "speed": 7.9697604,
            "depth": 25.0
          },
          {
            "time": "2000-01-01T00:39:00+00:00",
            "course": 217.3,
            "speed": 7.9697604,
            "depth": 24.7
          },
          {
            "time": "2000-01-01T00:39:30+00:00",
            "course": 217.4,
            "speed": 7.775376,
            "depth": 24.6
          },
          {
            "time": "2000-01-01T00:40:00+00:00",
            "course": 216.1,
            "speed": 7.775376,
            "depth": 25.4
          },
          {
            "time": "2000-01-01T00:40:30+00:00",
            "course": 215.4,
            "speed": 7.775376,
            "depth": 25.4
          },
          {
            "time": "2000-01-01T00:41:00+00:00",
            "course": 216.1,
            "speed": 7.775376,
            "depth": 25.5
          },
          {
            "time": "2000-01-01T00:41:30+00:00",
            "course": 215.6,
            "speed": 7.775376,
            "depth": 26.2
          },
          {
            "time": "2000-01-01T00:42:00+00:00",
            "course": 216.1,
            "speed": 7.5809916,
            "depth": 26.6
          },
          {
            "time": "2000-01-01T00:42:30+00:00",
            "course": 218.5,
            "speed": 7.5809916,
            "depth": 26.5
          },
          {
            "time": "2000-01-01T00:43:00+00:00",
            "course": 217.9,
            "speed": 7.775376,
            "depth": 27.4
          },
          {
            "time": "2000-01-01T00:43:30+00:00",
            "course": 214.2,
            "speed": 7.775376,
            "depth": 27.6
          },
          {
            "time": "2000-01-01T00:44:00+00:00",
            "course": 216.0,
            "speed": 7.775376,
            "depth": 27.0
          },
          {
            "time": "2000-01-01T00:44:30+00:00",
            "course": 216.7,
            "speed": 7.9697604,
            "depth": 25.5
          },
          {
            "time": "2000-01-01T00:45:00+00:00",
            "course": 217.9,
            "speed": 7.9697604,
            "depth": 25.1
          },
          {
            "time": "2000-01-01T00:45:30+00:00",
            "course": 217.4,
            "speed": 7.9697604,
            "depth": 26.3
          },
          {
            "time": "2000-01-01T00:46:00+00:00",
            "course": 216.4,
            "speed": 7.9697604,
            "depth": 26.1
          },
          {
            "time": "2000-01-01T00:46:30+00:00",
            "course": 217.3,
            "speed": 7.775376,
            "depth": 25.9
          },
          {
            "time": "2000-01-01T00:47:00+00:00",
            "course": 217.6,
            "speed": 7.775376,
            "depth": 26.5
          },
          {
            "time": "2000-01-01T00:47:30+00:00",
            "course": 217.3,
            "speed": 7.9697604,
            "depth": 26.7
          },
          {
            "time": "2000-01-01T00:48:00+00:00",
            "course": 218.3,
            "speed": 7.9697604,
            "depth": 25.9
          },
          {
            "time": "2000-01-01T00:48:30+00:00",
            "course": 217.8,
            "speed": 7.9697604,
            "depth": 26.7
          },
          {
            "time": "2000-01-01T00:49:00+00:00",
            "course": 218.2,
            "speed": 8.1641448,
            "depth": 25.8
          },
          {
            "time": "2000-01-01T00:49:30+00:00",
            "course": 218.6,
            "speed": 8.1641448,
            "depth": 26.4
          },
          {
            "time": "2000-01-01T00:50:00+00:00",
            "course": 217.8,
            "speed": 7.9697604,
            "depth": 26.8
          },
          {
            "time": "2000-01-01T00:50:30+00:00",
            "course": 216.7,
            "speed": 7.9697604,
            "depth": 26.9
          },
          {
            "time": "2000-01-01T00:51:00+00:00",
            "course": 217.6,
            "speed": 8.1641448,
            "depth": 26.8
          },
          {
            "time": "2000-01-01T00:51:30+00:00",
            "course": 218.4,
            "speed": 7.9697604,
            "depth": 26.4
          },
          {
            "time": "2000-01-01T00:52:00+00:00",
            "course": 218.5,
            "speed": 8.1641448,
            "depth": 26.8
          },
          {
            "time": "2000-01-01T00:52:30+00:00",
            "course": 218.3,
            "speed": 8.1641448,
            "depth": 25.6
          },
          {
            "time": "2000-01-01T00:53:00+00:00",
            "course": 219.4,
            "speed": 8.1641448,
            "depth": 26.3
          },
          {
            "time": "2000-01-01T00:53:30+00:00",
            "course": 218.5,
            "speed": 8.3585292,
            "depth": 26.5
          },
          {
            "time": "2000-01-01T00:54:00+00:00",
            "course": 217.4,
            "speed": 8.1641448,
            "depth": 26.0
          },
          {
            "time": "2000-01-01T00:54:30+00:00",
            "course": 219.0,
            "speed": 8.1641448,
            "depth": 25.2
          },
          {
            "time": "2000-01-01T00:55:00+00:00",
            "course": 218.7,
            "speed": 8.1641448,
            "depth": 26.3
          },
          {
            "time": "2000-01-01T00:55:30+00:00",
            "course": 217.8,
            "speed": 8.1641448,
            "depth": 26.2
          },
          {
            "time": "2000-01-01T00:56:00+00:00",
            "course": 218.3,
            "speed": 7.9697604,
            "depth": 25.5
          },
          {
            "time": "2000-01-01T00:56:30+00:00",
            "course": 218.1,
            "speed": 8.1641448,
            "depth": 25.7
          },
          {
            "time": "2000-01-01T00:57:00+00:00",
            "course": 216.4,
            "speed": 8.3585292,
            "depth": 25.8
          },
          {
            "time": "2000-01-01T00:57:30+00:00",
            "course": 217.1,
            "speed": 8.1641448,
            "depth": 25.9
          },
          {
            "time": "2000-01-01T00:58:00+00:00",
            "course": 217.2,
            "speed": 7.9697604,
            "depth": 26.7
          },
          {
            "time": "2000-01-01T00:58:30+00:00",
            "course": 216.9,
            "speed": 8.1641448,
            "depth": 27.0
          },
          {
            "time": "2000-01-01T00:59:00+00:00",
            "course": 216.2,
            "speed": 8.1641448,
            "depth": 26.9
          },
          {
            "time": "2000-01-01T00:59:30+00:00",
            "course": 216.3,
            "speed": 8.1641448,
            "depth": 26.1
          },
          {
            "time": "2000-01-01T01:00:00+00:00",
            "course": 217.9,
            "speed": 8.3585292,
            "depth": 25.3
          },
          {
            "time": "2000-01-01T01:00:30+00:00",
            "course": 218.0,
            "speed": 8.3585292,
            "depth": 25.4
          },
          {
            "time": "2000-01-01T01:01:00+00:00",
            "course": 217.6,
            "speed": 8.1641448,
            "depth": 26.8
          },
          {
            "time": "2000-01-01T01:01:30+00:00",
            "course": 217.2,
            "speed": 8.1641448,
            "depth": 26.4
          },
          {
            "time": "2000-01-01T01:02:00+00:00",
            "course": 217.6,
            "speed": 8.3585292,
            "depth": 26.2
          },
          {
            "time": "2000-01-01T01:02:30+00:00",
            "course": 216.4,
            "speed": 8.3585292,
            "depth": 26.2
          },
          {
            "time": "2000-01-01T01:03:00+00:00",
            "course": 216.1,
            "speed": 8.1641448,
            "depth": 26.1
          },
          {
            "time": "2000-01-01T01:03:30+00:00",
            "course": 217.8,
            "speed": 8.1641448,
            "depth": 26.6
          },
          {
            "time": "2000-01-01T01:04:00+00:00",
            "course": 219.1,
            "speed": 8.3585292,
            "depth": 26.6
          },
          {
            "time": "2000-01-01T01:04:30+00:00",
            "course": 217.1,
            "speed": 8.1641448,
            "depth": 26.9
          },
          {
            "time": "2000-01-01T01:05:00+00:00",
            "course": 216.7,
            "speed": 8.1641448,
            "depth": 27.5
          },
          {
            "time": "2000-01-01T01:05:30+00:00",
            "course": 216.6,
            "speed": 8.3585292,
            "depth": 26.3
          },
          {
            "time": "2000-01-01T01:06:00+00:00",
            "course": 217.0,
            "speed": 8.3585292,
            "depth": 25.9
          },
          {
            "time": "2000-01-01T01:06:30+00:00",
            "course": 217.5,
            "speed": 8.3585292,
            "depth": 25.5
          },
          {
            "time": "2000-01-01T01:07:00+00:00",
            "course": 217.3,
            "speed": 8.1641448,
            "depth": 25.8
          },
          {
            "time": "2000-01-01T01:07:30+00:00",
            "course": 218.9,
            "speed": 7.5809916,
            "depth": 27.2
          },
          {
            "time": "2000-01-01T01:08:00+00:00",
            "course": 213.1,
            "speed": 6.4146852,
            "depth": 34.3
          },
          {
            "time": "2000-01-01T01:08:30+00:00",
            "course": 193.0,
            "speed": 6.4146852,
            "depth": 43.2
          },
          {
            "time": "2000-01-01T01:09:00+00:00",
            "course": 175.8,
            "speed": 5.831532,
            "depth": 43.3
          },
          {
            "time": "2000-01-01T01:09:30+00:00",
            "course": 164.8,
            "speed": 4.4708412,
            "depth": 45.9
          },
          {
            "time": "2000-01-01T01:10:00+00:00",
            "course": 146.9,
            "speed": 4.85961,
            "depth": 44.8
          },
          {
            "time": "2000-01-01T01:10:30+00:00",
            "course": 125.0,
            "speed": 5.0539944,
            "depth": 43.7
          },
          {
            "time": "2000-01-01T01:11:00+00:00",
            "course": 106.0,
            "speed": 6.4146852,
            "depth": 41.5
          },
          {
            "time": "2000-01-01T01:11:30+00:00",
            "course": 98.3,
            "speed": 6.6090696,
            "depth": 35.5
          },
          {
            "time": "2000-01-01T01:12:00+00:00",
            "course": 90.8,
            "speed": 6.9978384,
            "depth": 31.4
          },
          {
            "time": "2000-01-01T01:12:30+00:00",
            "course": 84.2,
            "speed": 7.1922228,
            "depth": 29.9
          },
          {
            "time": "2000-01-01T01:13:00+00:00",
            "course": 83.8,
            "speed": 7.3866072,
            "depth": 29.2
          },
          {
            "time": "2000-01-01T01:13:30+00:00",
            "course": 84.1,
            "speed": 7.1922228,
            "depth": 28.6
          },
          {
            "time": "2000-01-01T01:14:00+00:00",
            "course": 82.7,
            "speed": 6.803454,
            "depth": 29.8
          },
          {
            "time": "2000-01-01T01:14:30+00:00",
            "course": 83.0,
            "speed": 7.1922228,
            "depth": 29.7
          },
          {
            "time": "2000-01-01T01:15:00+00:00",
            "course": 81.6,
            "speed": 7.1922228,
            "depth": 29.6
          },
          {
            "time": "2000-01-01T01:15:30+00:00",
            "course": 82.0,
            "speed": 6.4146852,
            "depth": 30.8
          },
          {
            "time": "2000-01-01T01:16:00+00:00",
            "course": 83.6,
            "speed": 6.2203008,
            "depth": 32.2
          },
          {
            "time": "2000-01-01T01:16:30+00:00",
            "course": 83.0,
            "speed": 6.803454,
            "depth": 31.5
          },
          {
            "time": "2000-01-01T01:17:00+00:00",
            "course": 81.9,
            "speed": 6.9978384,
            "depth": 30.3
          },
          {
            "time": "2000-01-01T01:17:30+00:00",
            "course": 81.4,
            "speed": 6.9978384,
            "depth": 29.4
          },
          {
            "time": "2000-01-01T01:18:00+00:00",
            "course": 81.3,
            "speed": 6.9978384,
            "depth": 29.2
          },
          {
            "time": "2000-01-01T01:18:30+00:00",
            "course": 80.6,
            "speed": 6.803454,
            "depth": 30.2
          },
          {
            "time": "2000-01-01T01:19:00+00:00",
            "course": 82.5,
            "speed": 6.803454,
            "depth": 29.7
          },
          {
            "time": "2000-01-01T01:19:30+00:00",
            "course": 83.5,
            "speed": 6.6090696,
            "depth": 30.2
          },
          {
            "time": "2000-01-01T01:20:00+00:00",
            "course": 82.9,
            "speed": 6.2203008,
            "depth": 31.9
          },
          {
            "time": "2000-01-01T01:20:30+00:00",
            "course": 85.4,
            "speed": 6.2203008,
            "depth": 33.2
          },
          {
            "time": "2000-01-01T01:21:00+00:00",
            "course": 87.6,
            "speed": 6.6090696,
            "depth": 31.8
          },
          {
            "time": "2000-01-01T01:21:30+00:00",
            "course": 85.1,
            "speed": 6.803454,
            "depth": 30.5
          },
          {
            "time": "2000-01-01T01:22:00+00:00",
            "course": 81.0,
            "speed": 6.803454,
            "depth": 30.1
          },
          {
            "time": "2000-01-01T01:22:30+00:00",
            "course": 84.0,
            "speed": 6.6090696,
            "depth": 30.3
          },
          {
            "time": "2000-01-01T01:23:00+00:00",
            "course": 86.2,
            "speed": 6.9978384,
            "depth": 27.0
          },
          {
            "time": "2000-01-01T01:23:30+00:00",
            "course": 82.9,
            "speed": 6.803454,
            "depth": 27.5
          },
          {
            "time": "2000-01-01T01:24:00+00:00",
            "course": 82.2,
            "speed": 6.9978384,
            "depth": 28.0
          },
          {
            "time": "2000-01-01T01:24:30+00:00",
            "course": 82.7,
            "speed": 6.803454,
            "depth": 28.2
          },
          {
            "time": "2000-01-01T01:25:00+00:00",
            "course": 85.1,
            "speed": 6.803454,
            "depth": 28.0
          },
          {
            "time": "2000-01-01T01:25:30+00:00",
            "course": 85.6,
            "speed": 6.6090696,
            "depth": 30.0
          },
          {
            "time": "2000-01-01T01:26:00+00:00",
            "course": 82.3,
            "speed": 6.803454,
            "depth": 30.2
          },
          {
            "time": "2000-01-01T01:26:30+00:00",
            "course": 81.8,
            "speed": 6.9978384,
            "depth": 29.2
          },
          {
            "time": "2000-01-01T01:27:00+00:00",
            "course": 82.1,
            "speed": 6.803454,
            "depth": 28.6
          },
          {
            "time": "2000-01-01T01:27:30+00:00",
            "course": 82.6,
            "speed": 6.803454,
            "depth": 28.7
          },
          {
            "time": "2000-01-01T01:28:00+00:00",
            "course": 84.6,
            "speed": 6.803454,
            "depth": 28.8
          },
          {
            "time": "2000-01-01T01:28:30+00:00",
            "course": 82.3,
            "speed": 6.6090696,
            "depth": 30.4
          },
          {
            "time": "2000-01-01T01:29:00+00:00",
            "course": 83.6,
            "speed": 6.9978384,
            "depth": 30.0
          },
          {
            "time": "2000-01-01T01:29:30+00:00",
            "course": 84.1,
            "speed": 6.9978384,
            "depth": 29.1
          },
          {
            "time": "2000-01-01T01:30:00+00:00",
            "course": 83.7,
            "speed": 6.803454,
            "depth": 29.7
          },
          {
            "time": "2000-01-01T01:30:30+00:00",
            "course": 82.6,
            "speed": 6.9978384,
            "depth": 29.9
          },
          {
            "time": "2000-01-01T01:31:00+00:00",
            "course": 81.9,
            "speed": 7.1922228,
            "depth": 29.5
          },
          {
            "time": "2000-01-01T01:31:30+00:00",
            "course": 82.1,
            "speed": 6.9978384,
            "depth": 29.0
          },
          {
            "time": "2000-01-01T01:32:00+00:00",
            "course": 82.7,
            "speed": 6.9978384,
            "depth": 29.5
          },
          {
            "time": "2000-01-01T01:32:30+00:00",
            "course": 81.4,
            "speed": 7.1922228,
            "depth": 29.3
          },
          {
            "time": "2000-01-01T01:33:00+00:00",
            "course": 79.7,
            "speed": 6.9978384,
            "depth": 29.6
          },
          {
            "time": "2000-01-01T01:33:30+00:00",
            "course": 81.1,
            "speed": 7.1922228,
            "depth": 29.4
          },
          {
            "time": "2000-01-01T01:34:00+00:00",
            "course": 83.1,
            "speed": 7.1922228,
            "depth": 28.7
          },
          {
            "time": "2000-01-01T01:34:30+00:00",
            "course": 80.8,
            "speed": 6.9978384,
            "depth": 29.6
          },
          {
            "time": "2000-01-01T01:35:00+00:00",
            "course": 81.1,
            "speed": 7.1922228,
            "depth": 29.2
          },
          {
            "time": "2000-01-01T01:35:30+00:00",
            "course": 81.2,
            "speed": 7.3866072,
            "depth": 28.3
          },
          {
            "time": "2000-01-01T01:36:00+00:00",
            "course": 80.9,
            "speed": 7.1922228,
            "depth": 28.4
          },
          {
            "time": "2000-01-01T01:36:30+00:00",
            "course": 79.3,
            "speed": 6.9978384,
            "depth": 29.6
          },
          {
            "time": "2000-01-01T01:37:00+00:00",
            "course": 78.7,
            "speed": 6.803454,
            "depth": 30.9
          },
          {
            "time": "2000-01-01T01:37:30+00:00",
            "course": 79.1,
            "speed": 6.6090696,
            "depth": 31.6
          },
          {
            "time": "2000-01-01T01:38:00+00:00",
            "course": 81.7,
            "speed": 6.4146852,
            "depth": 34.0
          },
          {
            "time": "2000-01-01T01:38:30+00:00",
            "course": 83.8,
            "speed": 6.803454,
            "depth": 32.9
          },
          {
            "time": "2000-01-01T01:39:00+00:00",
            "course": 84.1,
            "speed": 7.1922228,
            "depth": 30.2
          },
          {
            "time": "2000-01-01T01:39:30+00:00",
            "course": 80.5,
            "speed": 7.1922228,
            "depth": 28.9
          },
          {
            "time": "2000-01-01T01:40:30+00:00",
            "course": 79.9,
            "speed": 6.4146852,
            "depth": 31.0
          },
          {
            "time": "2000-01-01T01:41:00+00:00",
            "course": 82.5,
            "speed": 6.803454,
            "depth": 32.0
          },
          {
            "time": "2000-01-01T01:41:30+00:00",
            "course": 80.3,
            "speed": 6.803454,
            "depth": 30.9
          },
          {
            "time": "2000-01-01T01:42:00+00:00",
            "course": 79.5,
            "speed": 6.9978384,
            "depth": 31.0
          },
          {
            "time": "2000-01-01T01:42:30+00:00",
            "course": 81.5,
            "speed": 6.9978384,
            "depth": 28.6
          },
          {
            "time": "2000-01-01T01:43:00+00:00",
            "course": 79.8,
            "speed": 7.1922228,
            "depth": 28.6
          },
          {
            "time": "2000-01-01T01:43:30+00:00",
            "course": 79.0,
            "speed": 7.1922228,
            "depth": 28.1
          },
          {
            "time": "2000-01-01T01:44:00+00:00",
            "course": 78.5,
            "speed": 6.9978384,
            "depth": 28.2
          },
          {
            "time": "2000-01-01T01:44:30+00:00",
            "course": 79.4,
            "speed": 7.1922228,
            "depth": 27.8
          },
          {
            "time": "2000-01-01T01:45:00+00:00",
            "course": 79.8,
            "speed": 7.1922228,
            "depth": 27.5
          },
          {
            "time": "2000-01-01T01:45:30+00:00",
            "course": 79.3,
            "speed": 7.1922228,
            "depth": 27.6
          },
          {
            "time": "2000-01-01T01:46:00+00:00",
            "course": 79.3,
            "speed": 7.1922228,
            "depth": 27.6
          },
          {
            "time": "2000-01-01T01:46:30+00:00",
            "course": 79.8,
            "speed": 7.1922228,
            "depth": 27.9
          },
          {
            "time": "2000-01-01T01:47:00+00:00",
            "course": 79.5,
            "speed": 6.9978384,
            "depth": 28.4
          },
          {
            "time": "2000-01-01T01:47:30+00:00",
            "course": 81.5,
            "speed": 6.9978384,
            "depth": 28.0
          },
          {
            "time": "2000-01-01T01:48:00+00:00",
            "course": 82.8,
            "speed": 6.6090696,
            "depth": 29.7
          },
          {
            "time": "2000-01-01T01:48:30+00:00",
            "course": 82.4,
            "speed": 6.803454,
            "depth": 30.4
          },
          {
            "time": "2000-01-01T01:49:00+00:00",
            "course": 82.6,
            "speed": 6.803454,
            "depth": 31.1
          },
          {
            "time": "2000-01-01T01:49:30+00:00",
            "course": 79.2,
            "speed": 6.9978384,
            "depth": 30.7
          },
          {
            "time": "2000-01-01T01:50:00+00:00",
            "course": 76.9,
            "speed": 7.1922228,
            "depth": 29.1
          },
          {
            "time": "2000-01-01T01:50:30+00:00",
            "course": 75.3,
            "speed": 6.9978384,
            "depth": 28.6
          },
          {
            "time": "2000-01-01T01:51:00+00:00",
            "course": 76.7,
            "speed": 6.9978384,
            "depth": 28.7
          },
          {
            "time": "2000-01-01T01:51:30+00:00",
            "course": 78.7,
            "speed": 7.1922228,
            "depth": 27.5
          },
          {
            "time": "2000-01-01T01:52:00+00:00",
            "course": 77.2,
            "speed": 7.1922228,
            "depth": 27.9
          },
          {
            "time": "2000-01-01T01:52:30+00:00",
            "course": 76.2,
            "speed": 7.1922228,
            "depth": 28.9
          },
          {
            "time": "2000-01-01T01:53:00+00:00",
            "course": 75.8,
            "speed": 6.9978384,
            "depth": 28.5
          },
          {
            "time": "2000-01-01T01:53:30+00:00",
            "course": 77.1,
            "speed": 6.803454,
            "depth": 29.5
          },
          {
            "time": "2000-01-01T01:54:00+00:00",
            "course": 78.5,
            "speed": 7.1922228,
            "depth": 29.4
          },
          {
            "time": "2000-01-01T01:54:30+00:00",
            "course": 76.6,
            "speed": 7.3866072,
            "depth": 29.1
          },
          {
            "time": "2000-01-01T01:55:00+00:00",
            "course": 77.5,
            "speed": 7.1922228,
            "depth": 28.8
          },
          {
            "time": "2000-01-01T01:55:30+00:00",
            "course": 75.9,
            "speed": 6.9978384,
            "depth": 29.6
          },
          {
            "time": "2000-01-01T01:56:00+00:00",
            "course": 77.2,
            "speed": 6.9978384,
            "depth": 29.6
          },
          {
            "time": "2000-01-01T01:56:30+00:00",
            "course": 80.2,
            "speed": 7.1922228,
            "depth": 28.6
          },
          {
            "time": "2000-01-01T01:57:00+00:00",
            "course": 81.4,
            "speed": 7.1922228,
            "depth": 29.1
          },
          {
            "time": "2000-01-01T01:57:30+00:00",
            "course": 79.7,
            "speed": 7.5809916,
            "depth": 29.3
          },
          {
            "time": "2000-01-01T01:58:00+00:00",
            "course": 78.7,
            "speed": 7.3866072,
            "depth": 28.8
          },
          {
            "time": "2000-01-01T01:58:30+00:00",
            "course": 80.2,
            "speed": 7.5809916,
            "depth": 27.5
          },
          {
            "time": "2000-01-01T01:59:00+00:00",
            "course": 80.1,
            "speed": 7.3866072,
            "depth": 27.8
          },
          {
            "time": "2000-01-01T01:59:30+00:00",
            "course": 79.6,
            "speed": 7.1922228,
            "depth": 29.0
          },
          {
            "time": "2000-01-01T02:00:00+00:00",
            "course": 80.6,
            "speed": 6.9978384,
            "depth": 29.8
          },
          {
            "time": "2000-01-01T02:00:30+00:00",
            "course": 81.5,
            "speed": 7.1922228,
            "depth": 29.7
          },
          {
            "time": "2000-01-01T02:01:00+00:00",
            "course": 80.5,
            "speed": 7.1922228,
            "depth": 29.9
          },
          {
            "time": "2000-01-01T02:01:30+00:00",
            "course": 80.4,
            "speed": 7.1922228,
            "depth": 29.5
          },
          {
            "time": "2000-01-01T02:02:00+00:00",
            "course": 81.1,
            "speed": 6.803454,
            "depth": 30.9
          },
          {
            "time": "2000-01-01T02:02:30+00:00",
            "course": 81.7,
            "speed": 6.803454,
            "depth": 31.9
          },
          {
            "time": "2000-01-01T02:03:00+00:00",
            "course": 81.5,
            "speed": 6.803454,
            "depth": 31.8
          },
          {
            "time": "2000-01-01T02:03:30+00:00",
            "course": 82.0,
            "speed": 6.9978384,
            "depth": 31.4
          },
          {
            "time": "2000-01-01T02:04:00+00:00",
            "course": 82.4,
            "speed": 7.3866072,
            "depth": 29.5
          },
          {
            "time": "2000-01-01T02:04:30+00:00",
            "course": 81.2,
            "speed": 6.9978384,
            "depth": 29.3
          },
          {
            "time": "2000-01-01T02:05:00+00:00",
            "course": 81.2,
            "speed": 6.9978384,
            "depth": 30.3
          },
          {
            "time": "2000-01-01T02:05:30+00:00",
            "course": 82.9,
            "speed": 6.9978384,
            "depth": 30.2
          },
          {
            "time": "2000-01-01T02:06:00+00:00",
            "course": 82.6,
            "speed": 6.9978384,
            "depth": 30.3
          },
          {
            "time": "2000-01-01T02:06:30+00:00",
            "course": 82.3,
            "speed": 7.1922228,
            "depth": 29.5
          },
          {
            "time": "2000-01-01T02:07:00+00:00",
            "course": 81.0,
            "speed": 6.9978384,
            "depth": 29.8
          },
          {
            "time": "2000-01-01T02:07:30+00:00",
            "course": 80.5,
            "speed": 6.9978384,
            "depth": 30.2
          },
          {
            "time": "2000-01-01T02:08:00+00:00",
            "course": 80.9,
            "speed": 7.1922228,
            "depth": 29.0
          },
          {
            "time": "2000-01-01T02:08:30+00:00",
            "course": 82.0,
            "speed": 6.9978384,
            "depth": 29.5
          },
          {
            "time": "2000-01-01T02:09:00+00:00",
            "course": 81.4,
            "speed": 7.1922228,
            "depth": 29.2
          },
          {
            "time": "2000-01-01T02:09:30+00:00",
            "course": 81.4,
            "speed": 7.1922228,
            "depth": 29.3
          },
          {
            "time": "2000-01-01T02:10:00+00:00",
            "course": 81.7,
            "speed": 6.803454,
            "depth": 29.6
          },
          {
            "time": "2000-01-01T02:10:30+00:00",
            "course": 83.2,
            "speed": 6.6090696,
            "depth": 32.7
          },
          {
            "time": "2000-01-01T02:11:00+00:00",
            "course": 84.4,
            "speed": 6.803454,
            "depth": 31.6
          },
          {
            "time": "2000-01-01T02:11:30+00:00",
            "course": 81.0,
            "speed": 6.9978384,
            "depth": 30.5
          },
          {
            "time": "2000-01-01T02:12:00+00:00",
            "course": 80.2,
            "speed": 7.1922228,
            "depth": 28.7
          },
          {
            "time": "2000-01-01T02:12:30+00:00",
            "course": 79.8,
            "speed": 6.803454,
            "depth": 29.6
          },
          {
            "time": "2000-01-01T02:13:00+00:00",
            "course": 80.3,
            "speed": 6.9978384,
            "depth": 29.8
          },
          {
            "time": "2000-01-01T02:13:30+00:00",
            "course": 80.2,
            "speed": 6.9978384,
            "depth": 28.8
          },
          {
            "time": "2000-01-01T02:14:00+00:00",
            "course": 79.0,
            "speed": 7.1922228,
            "depth": 28.5
          },
          {
            "time": "2000-01-01T02:14:30+00:00",
            "course": 79.1,
            "speed": 7.1922228,
            "depth": 27.2
          },
          {
            "time": "2000-01-01T02:15:00+00:00",
            "course": 78.4,
            "speed": 7.1922228,
            "depth": 27.0
          },
          {
            "time": "2000-01-01T02:15:30+00:00",
            "course": 77.4,
            "speed": 7.3866072,
            "depth": 25.9
          },
          {
            "time": "2000-01-01T02:16:00+00:00",
            "course": 77.0,
            "speed": 7.3866072,
            "depth": 25.4
          },
          {
            "time": "2000-01-01T02:16:30+00:00",
            "course": 77.9,
            "speed": 7.1922228,
            "depth": 25.1
          },
          {
            "time": "2000-01-01T02:17:00+00:00",
            "course": 78.2,
            "speed": 7.1922228,
            "depth": 24.8
          },
          {
            "time": "2000-01-01T02:17:30+00:00",
            "course": 78.2,
            "speed": 7.3866072,
            "depth": 24.5
          },
          {
            "time": "2000-01-01T02:18:00+00:00",
            "course": 79.2,
            "speed": 7.3866072,
            "depth": 24.9
          },
          {
            "time": "2000-01-01T02:18:30+00:00",
            "course": 78.3,
            "speed": 7.3866072,
            "depth": 23.0
          },
          {
            "time": "2000-01-01T02:19:00+00:00",
            "course": 78.0,
            "speed": 6.9978384,
            "depth": 24.4
          },
          {
            "time": "2000-01-01T02:19:30+00:00",
            "course": 78.5,
            "speed": 7.1922228,
            "depth": 24.9
          },
          {
            "time": "2000-01-01T02:20:00+00:00",
            "course": 79.0,
            "speed": 7.3866072,
            "depth": 23.3
          },
          {
            "time": "2000-01-01T02:20:30+00:00",
            "course": 79.2,
            "speed": 7.3866072,
            "depth": 24.3
          },
          {
            "time": "2000-01-01T02:21:00+00:00",
            "course": 79.8,
            "speed": 7.1922228,
            "depth": 24.3
          },
          {
            "time": "2000-01-01T02:21:30+00:00",
            "course": 80.0,
            "speed": 7.1922228,
            "depth": 24.3
          },
          {
            "time": "2000-01-01T02:22:00+00:00",
            "course": 80.0,
            "speed": 6.9978384,
            "depth": 24.3
          },
          {
            "time": "2000-01-01T02:22:30+00:00",
            "course": 78.6,
            "speed": 7.3866072,
            "depth": 24.3
          },
          {
            "time": "2000-01-01T02:23:00+00:00",
            "course": 78.4,
            "speed": 7.1922228,
            "depth": 23.8
          },
          {
            "time": "2000-01-01T02:23:30+00:00",
            "course": 79.7,
            "speed": 7.1922228,
            "depth": 24.1
          },
          {
            "time": "2000-01-01T02:24:00+00:00",
            "course": 80.5,
            "speed": 7.1922228,
            "depth": 24.1
          },
          {
            "time": "2000-01-01T02:24:30+00:00",
            "course": 79.0,
            "speed": 7.1922228,
            "depth": 24.1
          },
          {
            "time": "2000-01-01T02:25:00+00:00",
            "course": 78.6,
            "speed": 7.1922228,
            "depth": 24.1
          },
          {
            "time": "2000-01-01T02:25:30+00:00",
            "course": 79.8,
            "speed": 7.1922228,
            "depth": 24.1
          },
          {
            "time": "2000-01-01T02:26:00+00:00",
            "course": 79.5,
            "speed": 7.1922228,
            "depth": 24.1
          },
          {
            "time": "2000-01-01T02:26:30+00:00",
            "course": 79.9,
            "speed": 7.3866072,
            "depth": 24.1
          },
          {
            "time": "2000-01-01T02:27:00+00:00",
            "course": 78.9,
            "speed": 7.3866072,
            "depth": 24.1
          },
          {
            "time": "2000-01-01T02:27:30+00:00",
            "course": 79.7,
            "speed": 7.3866072,
            "depth": 24.1
          },
          {
            "time": "2000-01-01T02:28:00+00:00",
            "course": 77.4,
            "speed": 7.358838,
            "depth": 24.1
          },
          {
            "time": "2000-01-01T02:28:30+00:00",
            "course": 77.6,
            "speed": 7.3866072,
            "depth": 24.1
          },
          {
            "time": "2000-01-01T02:29:00+00:00",
            "course": 79.6,
            "speed": 7.1922228,
            "depth": 24.1
          },
          {
            "time": "2000-01-01T02:29:30+00:00",
            "course": 78.9,
            "speed": 7.3866072,
            "depth": 24.1
          },
          {
            "time": "2000-01-01T02:30:00+00:00",
            "course": 79.2,
            "speed": 7.1958904302,
            "depth": 24.1
          },
          {
            "time": "2000-01-01T02:30:30+00:00",
            "course": 78.5,
            "speed": 7.250904883,
            "depth": 24.1
          },
          {
            "time": "2000-01-01T02:31:00+00:00",
            "course": 77.7,
            "speed": 7.3059193358,
            "depth": 24.1
          },
          {
            "time": "2000-01-01T02:31:30+00:00",
            "course": 77.0,
            "speed": 7.3609337887,
            "depth": 24.1
          },
          {
            "time": "2000-01-01T02:32:00+00:00",
            "course": 89.5,
            "speed": 7.2379603059,
            "depth": 24.1
          },
          {
            "time": "2000-01-01T02:32:30+00:00",
            "course": 183.3,
            "speed": 7.9240228941,
            "depth": 24.1
          },
          {
            "time": "2000-01-01T02:33:00+00:00",
            "course": 277.2,
            "speed": 8.6100854824,
            "depth": 24.1
          },
          {
            "time": "2000-01-01T02:33:30+00:00",
            "course": 61.1,
            "speed": 4.0820724,
            "depth": 24.1
          },
          {
            "time": "2000-01-01T02:34:00+00:00",
            "course": 20.3,
            "speed": 4.85961,
            "depth": 24.1
          },
          {
            "time": "2000-01-01T02:34:30+00:00",
            "course": 357.4,
            "speed": 5.5023326129,
            "depth": 24.1
          },
          {
            "time": "2000-01-01T02:35:00+00:00",
            "course": 355.5,
            "speed": 5.5963895806,
            "depth": 24.1
          },
          {
            "time": "2000-01-01T02:35:30+00:00",
            "course": 353.6,
            "speed": 5.6904465484,
            "depth": 24.1
          },
          {
            "time": "2000-01-01T02:36:00+00:00",
            "course": 351.7,
            "speed": 5.7845035161,
            "depth": 24.1
          },
          {
            "time": "2000-01-01T02:36:30+00:00",
            "course": 349.8,
            "speed": 5.8785604839,
            "depth": 24.1
          },
          {
            "time": "2000-01-01T02:37:00+00:00",
            "course": 347.9,
            "speed": 5.9726174516,
            "depth": 24.1
          },
          {
            "time": "2000-01-01T02:37:30+00:00",
            "course": 346.0,
            "speed": 6.0666744194,
            "depth": 24.1
          },
          {
            "time": "2000-01-01T02:38:00+00:00",
            "course": 344.1,
            "speed": 6.1607313871,
            "depth": 24.1
          },
          {
            "time": "2000-01-01T02:38:30+00:00",
            "course": 342.2,
            "speed": 6.2547883548,
            "depth": 24.1
          },
          {
            "time": "2000-01-01T02:39:00+00:00",
            "course": 340.3,
            "speed": 6.3488453226,
            "depth": 24.1
          },
          {
            "time": "2000-01-01T02:39:30+00:00",
            "course": 338.5,
            "speed": 6.4429022903,
            "depth": 24.1
          },
          {
            "time": "2000-01-01T02:40:00+00:00",
            "course": 336.6,
            "speed": 6.5369592581,
            "depth": 24.1
          },
          {
            "time": "2000-01-01T02:40:30+00:00",
            "course": 334.7,
            "speed": 6.6310162258,
            "depth": 24.1
          },
          {
            "time": "2000-01-01T02:41:00+00:00",
            "course": 332.8,
            "speed": 6.7250731935,
            "depth": 24.1
          },
          {
            "time": "2000-01-01T02:41:30+00:00",
            "course": 330.9,
            "speed": 6.8191301613,
            "depth": 24.1
          },
          {
            "time": "2000-01-01T02:42:00+00:00",
            "course": 329.0,
            "speed": 6.913187129,
            "depth": 24.1
          },
          {
            "time": "2000-01-01T02:42:30+00:00",
            "course": 327.1,
            "speed": 7.0072440968,
            "depth": 24.1
          },
          {
            "time": "2000-01-01T02:43:00+00:00",
            "course": 325.2,
            "speed": 7.1013010645,
            "depth": 24.1
          },
          {
            "time": "2000-01-01T02:43:30+00:00",
            "course": 323.3,
            "speed": 7.1953580323,
            "depth": 24.1
          },
          {
            "time": "2000-01-01T02:44:00+00:00",
            "course": 321.4,
            "speed": 7.289415,
            "depth": 24.1
          },
          {
            "time": "2000-01-01T02:44:30+00:00",
            "course": 319.5,
            "speed": 7.3834719677,
            "depth": 24.1
          },
          {
            "time": "2000-01-01T02:45:00+00:00",
            "course": 317.6,
            "speed": 7.4775289355,
            "depth": 24.1
          },
          {
            "time": "2000-01-01T02:45:30+00:00",
            "course": 315.7,
            "speed": 7.5715859032,
            "depth": 24.1
          },
          {
            "time": "2000-01-01T02:46:00+00:00",
            "course": 313.8,
            "speed": 7.665642871,
            "depth": 24.1
          },
          {
            "time": "2000-01-01T02:46:30+00:00",
            "course": 311.9,
            "speed": 7.7596998387,
            "depth": 24.1
          },
          {
            "time": "2000-01-01T02:47:00+00:00",
            "course": 310.0,
            "speed": 7.8537568065,
            "depth": 24.1
          },
          {
            "time": "2000-01-01T02:47:30+00:00",
            "course": 308.1,
            "speed": 7.9478137742,
            "depth": 24.1
          },
          {
            "time": "2000-01-01T02:48:00+00:00",
            "course": 306.5,
            "speed": 7.775376,
            "depth": 24.1
          },
          {
            "time": "2000-01-01T02:48:30+00:00",
            "course": 306.1,
            "speed": 7.775376,
            "depth": 24.1
          },
          {
            "time": "2000-01-01T02:49:00+00:00",
            "course": 305.8,
            "speed": 7.775376,
            "depth": 24.1
          },
          {
            "time": "2000-01-01T02:49:30+00:00",
            "course": 305.1,
            "speed": 7.5809916,
            "depth": 24.1
          },
          {
            "time": "2000-01-01T02:50:00+00:00",
            "course": 305.1,
            "speed": 7.5809916,
            "depth": 24.1
          },
          {
            "time": "2000-01-01T02:50:30+00:00",
            "course": 305.0,
            "speed": 7.5809916,
            "depth": 24.1
          },
          {
            "time": "2000-01-01T02:51:00+00:00",
            "course": 305.9,
            "speed": 7.5809916,
            "depth": 24.1
          },
          {
            "time": "2000-01-01T02:51:30+00:00",
            "course": 305.3,
            "speed": 7.5809916,
            "depth": 24.1
          },
          {
            "time": "2000-01-01T02:52:00+00:00",
            "course": 305.2,
            "speed": 7.3866072,
            "depth": 24.1
          },
          {
            "time": "2000-01-01T02:52:30+00:00",
            "course": 305.0,
            "speed": 7.5809916,
            "depth": 24.1
          },
          {
            "time": "2000-01-01T02:53:00+00:00",
            "course": 304.3,
            "speed": 7.775376,
            "depth": 24.1
          },
          {
            "time": "2000-01-01T02:53:30+00:00",
            "course": 304.4,
            "speed": 7.775376,
            "depth": 24.1
          },
          {
            "time": "2000-01-01T02:54:00+00:00",
            "course": 304.4,
            "speed": 7.775376,
            "depth": 24.1
          },
          {
            "time": "2000-01-01T02:54:30+00:00",
            "course": 304.5,
            "speed": 7.775376,
            "depth": 24.1
          },
          {
            "time": "2000-01-01T02:55:00+00:00",
            "course": 304.6,
            "speed": 7.5809916,
            "depth": 24.1
          },
          {
            "time": "2000-01-01T02:55:30+00:00",
            "course": 305.2,
            "speed": 7.775376,
            "depth": 24.1
          },
          {
            "time": "2000-01-01T02:56:00+00:00",
            "course": 303.6,
            "speed": 7.775376,
            "depth": 24.1
          },
          {
            "time": "2000-01-01T02:56:30+00:00",
            "course": 304.0,
            "speed": 7.775376,
            "depth": 24.1
          },
          {
            "time": "2000-01-01T02:57:00+00:00",
            "course": 305.7,
            "speed": 7.775376,
            "depth": 24.1
          },
          {
            "time": "2000-01-01T02:57:30+00:00",
            "course": 305.5,
            "speed": 7.775376,
            "depth": 21.1
          },
          {
            "time": "2000-01-01T02:58:00+00:00",
            "course": 302.7,
            "speed": 7.775376,
            "depth": 21.1
          },
          {
            "time": "2000-01-01T02:58:30+00:00",
            "course": 305.6,
            "speed": 7.5809916,
            "depth": 16.8
          },
          {
            "time": "2000-01-01T02:59:00+00:00",
            "course": 305.9,
            "speed": 7.5809916,
            "depth": 23.4
          },
          {
            "time": "2000-01-01T02:59:30+00:00",
            "course": 304.7,
            "speed": 7.5809916,
            "depth": 23.0
          },
          {
            "time": "2000-01-01T03:00:00+00:00",
            "course": 305.0,
            "speed": 7.5809916,
            "depth": 19.6
          },
          {
            "time": "2000-01-01T03:00:30+00:00",
            "course": 305.5,
            "speed": 7.5809916,
            "depth": 24.5
          },
          {
            "time": "2000-01-01T03:01:00+00:00",
            "course": 306.5,
            "speed": 7.5809916,
            "depth": 24.1
          },
          {
            "time": "2000-01-01T03:01:30+00:00",
            "course": 306.6,
            "speed": 7.775376,
            "depth": 24.3
          },
          {
            "time": "2000-01-01T03:02:00+00:00",
            "course": 306.3,
            "speed": 7.775376,
            "depth": 23.9
          },
          {
            "time": "2000-01-01T03:02:30+00:00",
            "course": 305.2,
            "speed": 7.775376,
            "depth": 24.5
          },
          {
            "time": "2000-01-01T03:03:00+00:00",
            "course": 306.2,
            "speed": 7.775376,
            "depth": 23.8
          },
          {
            "time": "2000-01-01T03:03:30+00:00",
            "course": 305.2,
            "speed": 7.5809916,
            "depth": 24.8
          },
          {
            "time": "2000-01-01T03:04:00+00:00",
            "course": 305.4,
            "speed": 7.5809916,
            "depth": 24.7
          },
          {
            "time": "2000-01-01T03:04:30+00:00",
            "course": 305.8,
            "speed": 7.775376,
            "depth": 24.1
          },
          {
            "time": "2000-01-01T03:05:00+00:00",
            "course": 305.0,
            "speed": 7.5809916,
            "depth": 24.3
          },
          {
            "time": "2000-01-01T03:05:30+00:00",
            "course": 306.6,
            "speed": 7.5809916,
            "depth": 24.9
          },
          {
            "time": "2000-01-01T03:06:00+00:00",
            "course": 307.1,
            "speed": 7.3866072,
            "depth": 25.1
          },
          {
            "time": "2000-01-01T03:06:30+00:00",
            "course": 306.3,
            "speed": 7.5809916,
            "depth": 25.1
          },
          {
            "time": "2000-01-01T03:07:00+00:00",
            "course": 305.5,
            "speed": 7.775376,
            "depth": 24.6
          },
          {
            "time": "2000-01-01T03:07:30+00:00",
            "course": 306.2,
            "speed": 7.5809916,
            "depth": 25.1
          },
          {
            "time": "2000-01-01T03:08:00+00:00",
            "course": 306.4,
            "speed": 7.5809916,
            "depth": 25.7
          },
          {
            "time": "2000-01-01T03:08:30+00:00",
            "course": 307.4,
            "speed": 7.5809916,
            "depth": 25.0
          },
          {
            "time": "2000-01-01T03:09:00+00:00",
            "course": 305.5,
            "speed": 7.775376,
            "depth": 25.4
          },
          {
            "time": "2000-01-01T03:09:30+00:00",
            "course": 305.3,
            "speed": 7.5809916,
            "depth": 25.6
          },
          {
            "time": "2000-01-01T03:10:00+00:00",
            "course": 305.8,
            "speed": 7.775376,
            "depth": 24.6
          },
          {
            "time": "2000-01-01T03:10:30+00:00",
            "course": 305.7,
            "speed": 7.775376,
            "depth": 24.7
          },
          {
            "time": "2000-01-01T03:11:00+00:00",
            "course": 307.2,
            "speed": 7.775376,
            "depth": 24.1
          },
          {
            "time": "2000-01-01T03:11:30+00:00",
            "course": 306.3,
            "speed": 7.5809916,
            "depth": 25.1
          },
          {
            "time": "2000-01-01T03:12:00+00:00",
            "course": 307.4,
            "speed": 7.5809916,
            "depth": 25.3
          },
          {
            "time": "2000-01-01T03:12:30+00:00",
            "course": 305.7,
            "speed": 7.5809916,
            "depth": 25.8
          },
          {
            "time": "2000-01-01T03:13:00+00:00",
            "course": 305.1,
            "speed": 7.3866072,
            "depth": 26.2
          },
          {
            "time": "2000-01-01T03:13:30+00:00",
            "course": 306.8,
            "speed": 7.5809916,
            "depth": 25.1
          },
          {
            "time": "2000-01-01T03:14:00+00:00",
            "course": 307.2,
            "speed": 7.5809916,
            "depth": 25.0
          },
          {
            "time": "2000-01-01T03:14:30+00:00",
            "course": 304.8,
            "speed": 6.2203008,
            "depth": 28.9
          },
          {
            "time": "2000-01-01T03:15:00+00:00",
            "course": 304.1,
            "speed": 5.4427632,
            "depth": 37.3
          },
          {
            "time": "2000-01-01T03:15:30+00:00",
            "course": 306.5,
            "speed": 5.0539944,
            "depth": 43.4
          },
          {
            "time": "2000-01-01T03:16:00+00:00",
            "course": 304.5,
            "speed": 5.0539944,
            "depth": 48.8
          },
          {
            "time": "2000-01-01T03:16:30+00:00",
            "course": 303.1,
            "speed": 5.0539944,
            "depth": 48.6
          },
          {
            "time": "2000-01-01T03:17:00+00:00",
            "course": 305.0,
            "speed": 5.0539944,
            "depth": 48.1
          },
          {
            "time": "2000-01-01T03:17:30+00:00",
            "course": 304.3,
            "speed": 5.2483788,
            "depth": 47.9
          },
          {
            "time": "2000-01-01T03:18:00+00:00",
            "course": 307.4,
            "speed": 6.0259164,
            "depth": 46.8
          },
          {
            "time": "2000-01-01T03:18:30+00:00",
            "course": 305.8,
            "speed": 6.0259164,
            "depth": 46.0
          },
          {
            "time": "2000-01-01T03:19:00+00:00",
            "course": 306.2,
            "speed": 6.0259164,
            "depth": 44.4
          },
          {
            "time": "2000-01-01T03:19:30+00:00",
            "course": 303.4,
            "speed": 6.2203008,
            "depth": 43.1
          },
          {
            "time": "2000-01-01T03:20:00+00:00",
            "course": 307.1,
            "speed": 6.4146852,
            "depth": 41.8
          },
          {
            "time": "2000-01-01T03:20:30+00:00",
            "course": 307.3,
            "speed": 6.803454,
            "depth": 32.8
          },
          {
            "time": "2000-01-01T03:21:00+00:00",
            "course": 306.8,
            "speed": 6.9978384,
            "depth": 28.8
          },
          {
            "time": "2000-01-01T03:21:30+00:00",
            "course": 306.4,
            "speed": 7.1922228,
            "depth": 26.7
          },
          {
            "time": "2000-01-01T03:22:00+00:00",
            "course": 306.7,
            "speed": 7.1922228,
            "depth": 25.7
          },
          {
            "time": "2000-01-01T03:22:30+00:00",
            "course": 305.7,
            "speed": 6.803454,
            "depth": 27.5
          },
          {
            "time": "2000-01-01T03:23:00+00:00",
            "course": 307.6,
            "speed": 7.1922228,
            "depth": 26.6
          },
          {
            "time": "2000-01-01T03:23:30+00:00",
            "course": 306.7,
            "speed": 7.3866072,
            "depth": 27.7
          },
          {
            "time": "2000-01-01T03:24:00+00:00",
            "course": 307.3,
            "speed": 7.5809916,
            "depth": 26.6
          },
          {
            "time": "2000-01-01T03:24:30+00:00",
            "course": 306.1,
            "speed": 7.5809916,
            "depth": 26.3
          },
          {
            "time": "2000-01-01T03:25:00+00:00",
            "course": 306.8,
            "speed": 7.5809916,
            "depth": 26.5
          },
          {
            "time": "2000-01-01T03:25:30+00:00",
            "course": 307.7,
            "speed": 7.5809916,
            "depth": 26.1
          },
          {
            "time": "2000-01-01T03:26:00+00:00",
            "course": 307.6,
            "speed": 7.775376,
            "depth": 25.8
          },
          {
            "time": "2000-01-01T03:26:30+00:00",
            "course": 303.9,
            "speed": 7.5809916,
            "depth": 26.8
          },
          {
            "time": "2000-01-01T03:27:00+00:00",
            "course": 303.5,
            "speed": 7.775376,
            "depth": 25.9
          },
          {
            "time": "2000-01-01T03:27:30+00:00",
            "course": 303.3,
            "speed": 7.775376,
            "depth": 25.5
          },
          {
            "time": "2000-01-01T03:28:00+00:00",
            "course": 303.1,
            "speed": 7.775376,
            "depth": 25.0
          },
          {
            "time": "2000-01-01T03:28:30+00:00",
            "course": 301.3,
            "speed": 7.5809916,
            "depth": 25.7
          },
          {
            "time": "2000-01-01T03:29:00+00:00",
            "course": 301.8,
            "speed": 7.5809916,
            "depth": 25.8
          },
          {
            "time": "2000-01-01T03:29:30+00:00",
            "course": 302.4,
            "speed": 7.3866072,
            "depth": 26.2
          },
          {
            "time": "2000-01-01T03:30:00+00:00",
            "course": 302.3,
            "speed": 7.5809916,
            "depth": 25.6
          },
          {
            "time": "2000-01-01T03:30:30+00:00",
            "course": 301.4,
            "speed": 7.5809916,
            "depth": 26.2
          },
          {
            "time": "2000-01-01T03:31:00+00:00",
            "course": 301.6,
            "speed": 7.3866072,
            "depth": 26.3
          },
          {
            "time": "2000-01-01T03:31:30+00:00",
            "course": 303.3,
            "speed": 7.5809916,
            "depth": 25.8
          },
          {
            "time": "2000-01-01T03:32:00+00:00",
            "course": 302.2,
            "speed": 7.3866072,
            "depth": 26.5
          },
          {
            "time": "2000-01-01T03:32:30+00:00",
            "course": 302.8,
            "speed": 7.3866072,
            "depth": 27.0
          },
          {
            "time": "2000-01-01T03:33:00+00:00",
            "course": 304.0,
            "speed": 7.5809916,
            "depth": 26.7
          },
          {
            "time": "2000-01-01T03:33:30+00:00",
            "course": 302.4,
            "speed": 7.5809916,
            "depth": 26.4
          },
          {
            "time": "2000-01-01T03:34:00+00:00",
            "course": 301.8,
            "speed": 7.3866072,
            "depth": 26.2
          },
          {
            "time": "2000-01-01T03:34:30+00:00",
            "course": 302.3,
            "speed": 7.5809916,
            "depth": 26.1
          },
          {
            "time": "2000-01-01T03:35:00+00:00",
            "course": 304.2,
            "speed": 7.5809916,
            "depth": 25.7
          },
          {
            "time": "2000-01-01T03:35:30+00:00",
            "course": 302.4,
            "speed": 7.5809916,
            "depth": 26.3
          },
          {
            "time": "2000-01-01T03:36:00+00:00",
            "course": 301.3,
            "speed": 7.5809916,
            "depth": 26.4
          },
          {
            "time": "2000-01-01T03:36:30+00:00",
            "course": 301.5,
            "speed": 7.3866072,
            "depth": 25.9
          },
          {
            "time": "2000-01-01T03:37:00+00:00",
            "course": 301.5,
            "speed": 7.1922228,
            "depth": 27.2
          },
          {
            "time": "2000-01-01T03:37:30+00:00",
            "course": 304.4,
            "speed": 7.3866072,
            "depth": 26.6
          },
          {
            "time": "2000-01-01T03:38:00+00:00",
            "course": 304.1,
            "speed": 7.5809916,
            "depth": 26.2
          },
          {
            "time": "2000-01-01T03:38:30+00:00",
            "course": 300.2,
            "speed": 7.3866072,
            "depth": 27.2
          },
          {
            "time": "2000-01-01T03:39:00+00:00",
            "course": 300.9,
            "speed": 7.5809916,
            "depth": 26.1
          },
          {
            "time": "2000-01-01T03:39:30+00:00",
            "course": 301.5,
            "speed": 7.775376,
            "depth": 25.1
          },
          {
            "time": "2000-01-01T03:40:00+00:00",
            "course": 300.6,
            "speed": 7.775376,
            "depth": 25.0
          },
          {
            "time": "2000-01-01T03:40:30+00:00",
            "course": 301.5,
            "speed": 7.775376,
            "depth": 25.2
          },
          {
            "time": "2000-01-01T03:41:00+00:00",
            "course": 302.1,
            "speed": 7.5809916,
            "depth": 25.4
          },
          {
            "time": "2000-01-01T03:41:30+00:00",
            "course": 303.5,
            "speed": 7.5809916,
            "depth": 26.1
          },
          {
            "time": "2000-01-01T03:42:00+00:00",
            "course": 302.4,
            "speed": 7.5809916,
            "depth": 26.3
          },
          {
            "time": "2000-01-01T03:42:30+00:00",
            "course": 301.3,
            "speed": 7.5809916,
            "depth": 26.9
          },
          {
            "time": "2000-01-01T03:43:00+00:00",
            "course": 302.3,
            "speed": 7.5809916,
            "depth": 26.5
          },
          {
            "time": "2000-01-01T03:43:30+00:00",
            "course": 301.5,
            "speed": 7.3866072,
            "depth": 26.6
          },
          {
            "time": "2000-01-01T03:44:00+00:00",
            "course": 300.4,
            "speed": 7.5809916,
            "depth": 27.0
          },
          {
            "time": "2000-01-01T03:44:30+00:00",
            "course": 301.3,
            "speed": 7.775376,
            "depth": 25.6
          },
          {
            "time": "2000-01-01T03:45:00+00:00",
            "course": 299.1,
            "speed": 7.5809916,
            "depth": 25.4
          },
          {
            "time": "2000-01-01T03:45:30+00:00",
            "course": 299.9,
            "speed": 7.5809916,
            "depth": 25.8
          },
          {
            "time": "2000-01-01T03:46:00+00:00",
            "course": 301.1,
            "speed": 7.5809916,
            "depth": 26.1
          },
          {
            "time": "2000-01-01T03:46:30+00:00",
            "course": 303.0,
            "speed": 7.5809916,
            "depth": 25.7
          },
          {
            "time": "2000-01-01T03:47:00+00:00",
            "course": 301.4,
            "speed": 7.5809916,
            "depth": 25.8
          },
          {
            "time": "2000-01-01T03:47:30+00:00",
            "course": 300.6,
            "speed": 7.5809916,
            "depth": 25.8
          },
          {
            "time": "2000-01-01T03:48:00+00:00",
            "course": 301.1,
            "speed": 7.5809916,
            "depth": 25.3
          },
          {
            "time": "2000-01-01T03:48:30+00:00",
            "course": 301.5,
            "speed": 7.3866072,
            "depth": 26.2
          },
          {
            "time": "2000-01-01T03:49:00+00:00",
            "course": 302.1,
            "speed": 7.775376,
            "depth": 25.5
          },
          {
            "time": "2000-01-01T03:49:30+00:00",
            "course": 301.3,
            "speed": 7.5809916,
            "depth": 25.6
          },
          {
            "time": "2000-01-01T03:50:00+00:00",
            "course": 301.3,
            "speed": 7.5809916,
            "depth": 25.7
          },
          {
            "time": "2000-01-01T03:50:30+00:00",
            "course": 301.3,
            "speed": 7.775376,
            "depth": 25.4
          },
          {
            "time": "2000-01-01T03:51:00+00:00",
            "course": 302.4,
            "speed": 7.9697604,
            "depth": 24.5
          },
          {
            "time": "2000-01-01T03:51:30+00:00",
            "course": 301.5,
            "speed": 7.775376,
            "depth": 24.6
          },
          {
            "time": "2000-01-01T03:52:00+00:00",
            "course": 302.3,
            "speed": 7.9697604,
            "depth": 24.8
          },
          {
            "time": "2000-01-01T03:52:30+00:00",
            "course": 301.9,
            "speed": 7.775376,
            "depth": 24.9
          },
          {
            "time": "2000-01-01T03:53:00+00:00",
            "course": 301.4,
            "speed": 7.775376,
            "depth": 24.8
          },
          {
            "time": "2000-01-01T03:53:30+00:00",
            "course": 302.7,
            "speed": 7.9697604,
            "depth": 24.4
          },
          {
            "time": "2000-01-01T03:54:00+00:00",
            "course": 301.8,
            "speed": 7.775376,
            "depth": 24.5
          },
          {
            "time": "2000-01-01T03:54:30+00:00",
            "course": 301.6,
            "speed": 7.775376,
            "depth": 25.1
          },
          {
            "time": "2000-01-01T03:55:00+00:00",
            "course": 302.4,
            "speed": 7.9697604,
            "depth": 24.6
          },
          {
            "time": "2000-01-01T03:55:30+00:00",
            "course": 300.9,
            "speed": 7.775376,
            "depth": 25.2
          },
          {
            "time": "2000-01-01T03:56:00+00:00",
            "course": 300.5,
            "speed": 7.775376,
            "depth": 25.3
          },
          {
            "time": "2000-01-01T03:56:30+00:00",
            "course": 301.1,
            "speed": 7.775376,
            "depth": 25.1
          },
          {
            "time": "2000-01-01T03:57:00+00:00",
            "course": 302.5,
            "speed": 7.775376,
            "depth": 24.9
          },
          {
            "time": "2000-01-01T03:57:30+00:00",
            "course": 302.0,
            "speed": 7.775376,
            "depth": 25.3
          },
          {
            "time": "2000-01-01T03:58:00+00:00",
            "course": 303.1,
            "speed": 7.775376,
            "depth": 25.3
          },
          {
            "time": "2000-01-01T03:58:30+00:00",
            "course": 302.4,
            "speed": 7.9697604,
            "depth": 25.2
          },
          {
            "time": "2000-01-01T03:59:00+00:00",
            "course": 301.4,
            "speed": 7.775376,
            "depth": 25.7
          },
          {
            "time": "2000-01-01T03:59:30+00:00",
            "course": 301.1,
            "speed": 7.775376,
            "depth": 25.4
          },
          {
            "time": "2000-01-01T04:00:00+00:00",
            "course": 299.9,
            "speed": 7.775376,
            "depth": 26.0
          },
          {
            "time": "2000-01-01T04:00:30+00:00",
            "course": 299.6,
            "speed": 7.775376,
            "depth": 25.7
          },
          {
            "time": "2000-01-01T04:01:00+00:00",
            "course": 300.3,
            "speed": 7.775376,
            "depth": 25.4
          },
          {
            "time": "2000-01-01T04:01:30+00:00",
            "course": 299.1,
            "speed": 7.775376,
            "depth": 25.5
          },
          {
            "time": "2000-01-01T04:02:00+00:00",
            "course": 300.0,
            "speed": 7.775376,
            "depth": 25.2
          },
          {
            "time": "2000-01-01T04:02:30+00:00",
            "course": 299.8,
            "speed": 7.9697604,
            "depth": 24.7
          },
          {
            "time": "2000-01-01T04:03:00+00:00",
            "course": 299.7,
            "speed": 7.775376,
            "depth": 25.0
          },
          {
            "time": "2000-01-01T04:03:30+00:00",
            "course": 300.6,
            "speed": 7.9697604,
            "depth": 25.0
          },
          {
            "time": "2000-01-01T04:04:00+00:00",
            "course": 299.6,
            "speed": 7.9697604,
            "depth": 25.0
          },
          {
            "time": "2000-01-01T04:04:30+00:00",
            "course": 299.0,
            "speed": 7.9697604,
            "depth": 25.3
          },
          {
            "time": "2000-01-01T04:05:00+00:00",
            "course": 299.8,
            "speed": 7.9697604,
            "depth": 25.0
          },
          {
            "time": "2000-01-01T04:05:30+00:00",
            "course": 299.4,
            "speed": 7.9697604,
            "depth": 25.0
          },
          {
            "time": "2000-01-01T04:06:00+00:00",
            "course": 300.5,
            "speed": 7.9697604,
            "depth": 25.0
          },
          {
            "time": "2000-01-01T04:06:30+00:00",
            "course": 300.0,
            "speed": 7.9697604,
            "depth": 25.2
          },
          {
            "time": "2000-01-01T04:07:00+00:00",
            "course": 300.4,
            "speed": 7.9697604,
            "depth": 25.2
          },
          {
            "time": "2000-01-01T04:07:30+00:00",
            "course": 299.6,
            "speed": 7.9697604,
            "depth": 25.1
          },
          {
            "time": "2000-01-01T04:08:00+00:00",
            "course": 299.4,
            "speed": 7.9697604,
            "depth": 25.4
          },
          {
            "time": "2000-01-01T04:08:30+00:00",
            "course": 299.5,
            "speed": 7.9697604,
            "depth": 25.1
          },
          {
            "time": "2000-01-01T04:09:00+00:00",
            "course": 299.8,
            "speed": 7.9697604,
            "depth": 24.8
          },
          {
            "time": "2000-01-01T04:09:30+00:00",
            "course": 300.2,
            "speed": 7.9697604,
            "depth": 25.2
          },
          {
            "time": "2000-01-01T04:10:00+00:00",
            "course": 300.1,
            "speed": 7.9697604,
            "depth": 25.5
          },
          {
            "time": "2000-01-01T04:10:30+00:00",
            "course": 301.7,
            "speed": 7.9697604,
            "depth": 25.3
          },
          {
            "time": "2000-01-01T04:11:00+00:00",
            "course": 302.3,
            "speed": 7.775376,
            "depth": 25.4
          },
          {
            "time": "2000-01-01T04:11:30+00:00",
            "course": 302.5,
            "speed": 7.9697604,
            "depth": 26.0
          },
          {
            "time": "2000-01-01T04:12:00+00:00",
            "course": 300.5,
            "speed": 7.9697604,
            "depth": 26.9
          },
          {
            "time": "2000-01-01T04:12:30+00:00",
            "course": 300.2,
            "speed": 7.9697604,
            "depth": 26.1
          },
          {
            "time": "2000-01-01T04:13:00+00:00",
            "course": 300.6,
            "speed": 7.9697604,
            "depth": 25.9
          },
          {
            "time": "2000-01-01T04:13:30+00:00",
            "course": 301.3,
            "speed": 7.9697604,
            "depth": 25.6
          },
          {
            "time": "2000-01-01T04:14:00+00:00",
            "course": 301.4,
            "speed": 7.9697604,
            "depth": 25.8
          },
          {
            "time": "2000-01-01T04:14:30+00:00",
            "course": 301.6,
            "speed": 7.9697604,
            "depth": 26.0
          },
          {
            "time": "2000-01-01T04:15:00+00:00",
            "course": 301.4,
            "speed": 8.1641448,
            "depth": 26.0
          },
          {
            "time": "2000-01-01T04:15:30+00:00",
            "course": 300.0,
            "speed": 7.9697604,
            "depth": 26.8
          },
          {
            "time": "2000-01-01T04:16:00+00:00",
            "course": 302.0,
            "speed": 7.9697604,
            "depth": 26.1
          },
          {
            "time": "2000-01-01T04:16:30+00:00",
            "course": 301.0,
            "speed": 7.9697604,
            "depth": 26.6
          },
          {
            "time": "2000-01-01T04:17:00+00:00",
            "course": 300.7,
            "speed": 8.1641448,
            "depth": 26.5
          },
          {
            "time": "2000-01-01T04:17:30+00:00",
            "course": 301.1,
            "speed": 8.1641448,
            "depth": 31.7
          },
          {
            "time": "2000-01-01T04:18:00+00:00",
            "course": 300.7,
            "speed": 7.9697604,
            "depth": 29.5
          },
          {
            "time": "2000-01-01T04:18:30+00:00",
            "course": 303.4,
            "speed": 6.9978384,
            "depth": 28.1
          },
          {
            "time": "2000-01-01T04:19:00+00:00",
            "course": 315.5,
            "speed": 6.4146852,
            "depth": 30.6
          },
          {
            "time": "2000-01-01T04:19:30+00:00",
            "course": 334.9,
            "speed": 6.0259164,
            "depth": 32.4
          },
          {
            "time": "2000-01-01T04:20:00+00:00",
            "course": 348.9,
            "speed": 5.6371476,
            "depth": 39.4
          },
          {
            "time": "2000-01-01T04:20:30+00:00",
            "course": 26.5,
            "speed": 6.2203008,
            "depth": 39.4
          },
          {
            "time": "2000-01-01T04:21:00+00:00",
            "course": 69.0,
            "speed": 6.9978384,
            "depth": 35.5
          },
          {
            "time": "2000-01-01T04:21:30+00:00",
            "course": 76.5,
            "speed": 7.775376,
            "depth": 28.2
          },
          {
            "time": "2000-01-01T04:22:00+00:00",
            "course": 78.4,
            "speed": 7.775376,
            "depth": 28.0
          },
          {
            "time": "2000-01-01T04:22:30+00:00",
            "course": 80.5,
            "speed": 7.9697604,
            "depth": 27.2
          },
          {
            "time": "2000-01-01T04:23:00+00:00",
            "course": 79.3,
            "speed": 7.9697604,
            "depth": 27.2
          },
          {
            "time": "2000-01-01T04:23:30+00:00",
            "course": 78.5,
            "speed": 7.5809916,
            "depth": 27.9
          },
          {
            "time": "2000-01-01T04:24:00+00:00",
            "course": 78.8,
            "speed": 7.3866072,
            "depth": 29.6
          },
          {
            "time": "2000-01-01T04:24:30+00:00",
            "course": 80.3,
            "speed": 7.1922228,
            "depth": 30.4
          },
          {
            "time": "2000-01-01T04:25:00+00:00",
            "course": 80.6,
            "speed": 7.1922228,
            "depth": 31.7
          },
          {
            "time": "2000-01-01T04:25:30+00:00",
            "course": 79.5,
            "speed": 6.9978384,
            "depth": 32.7
          },
          {
            "time": "2000-01-01T04:26:00+00:00",
            "course": 78.8,
            "speed": 6.9978384,
            "depth": 33.4
          },
          {
            "time": "2000-01-01T04:26:30+00:00",
            "course": 79.5,
            "speed": 6.9978384,
            "depth": 33.6
          },
          {
            "time": "2000-01-01T04:27:00+00:00",
            "course": 78.5,
            "speed": 6.9978384,
            "depth": 34.1
          },
          {
            "time": "2000-01-01T04:27:30+00:00",
            "course": 78.6,
            "speed": 6.9978384,
            "depth": 33.9
          },
          {
            "time": "2000-01-01T04:28:00+00:00",
            "course": 79.2,
            "speed": 6.9978384,
            "depth": 33.9
          },
          {
            "time": "2000-01-01T04:28:30+00:00",
            "course": 78.0,
            "speed": 6.9978384,
            "depth": 33.9
          },
          {
            "time": "2000-01-01T04:29:00+00:00",
            "course": 77.3,
            "speed": 7.1922228,
            "depth": 33.6
          },
          {
            "time": "2000-01-01T04:29:30+00:00",
            "course": 77.2,
            "speed": 6.9978384,
            "depth": 34.1
          },
          {
            "time": "2000-01-01T04:30:00+00:00",
            "course": 77.2,
            "speed": 6.9978384,
            "depth": 34.4
          },
          {
            "time": "2000-01-01T04:30:30+00:00",
            "course": 78.2,
            "speed": 6.803454,
            "depth": 34.9
          },
          {
            "time": "2000-01-01T04:31:00+00:00",
            "course": 78.4,
            "speed": 6.9978384,
            "depth": 34.9
          },
          {
            "time": "2000-01-01T04:31:30+00:00",
            "course": 77.3,
            "speed": 6.9978384,
            "depth": 34.3
          },
          {
            "time": "2000-01-01T04:32:00+00:00",
            "course": 76.5,
            "speed": 6.9978384,
            "depth": 34.5
          },
          {
            "time": "2000-01-01T04:32:30+00:00",
            "course": 76.4,
            "speed": 7.1922228,
            "depth": 33.8
          },
          {
            "time": "2000-01-01T04:33:00+00:00",
            "course": 76.4,
            "speed": 7.1922228,
            "depth": 33.6
          },
          {
            "time": "2000-01-01T04:33:30+00:00",
            "course": 76.2,
            "speed": 7.1922228,
            "depth": 33.9
          },
          {
            "time": "2000-01-01T04:34:00+00:00",
            "course": 75.7,
            "speed": 6.9978384,
            "depth": 34.0
          },
          {
            "time": "2000-01-01T04:34:30+00:00",
            "course": 75.7,
            "speed": 7.1922228,
            "depth": 33.5
          },
          {
            "time": "2000-01-01T04:35:00+00:00",
            "course": 75.8,
            "speed": 7.1922228,
            "depth": 33.3
          },
          {
            "time": "2000-01-01T04:35:30+00:00",
            "course": 76.5,
            "speed": 7.1922228,
            "depth": 33.7
          },
          {
            "time": "2000-01-01T04:36:00+00:00",
            "course": 75.7,
            "speed": 7.1922228,
            "depth": 33.6
          },
          {
            "time": "2000-01-01T04:36:30+00:00",
            "course": 76.0,
            "speed": 7.3866072,
            "depth": 33.2
          },
          {
            "time": "2000-01-01T04:37:00+00:00",
            "course": 76.2,
            "speed": 7.1922228,
            "depth": 32.5
          },
          {
            "time": "2000-01-01T04:37:30+00:00",
            "course": 76.6,
            "speed": 7.1922228,
            "depth": 33.2
          },
          {
            "time": "2000-01-01T04:38:00+00:00",
            "course": 77.5,
            "speed": 7.1922228,
            "depth": 33.0
          },
          {
            "time": "2000-01-01T04:38:30+00:00",
            "course": 77.8,
            "speed": 7.1922228,
            "depth": 33.3
          },
          {
            "time": "2000-01-01T04:39:00+00:00",
            "course": 76.6,
            "speed": 7.1922228,
            "depth": 33.4
          },
          {
            "time": "2000-01-01T04:39:30+00:00",
            "course": 77.6,
            "speed": 7.1922228,
            "depth": 32.6
          },
          {
            "time": "2000-01-01T04:40:00+00:00",
            "course": 78.1,
            "speed": 7.1922228,
            "depth": 32.8
          },
          {
            "time": "2000-01-01T04:40:30+00:00",
            "course": 77.2,
            "speed": 7.1922228,
            "depth": 33.2
          },
          {
            "time": "2000-01-01T04:41:00+00:00",
            "course": 76.0,
            "speed": 7.1922228,
            "depth": 33.6
          },
          {
            "time": "2000-01-01T04:41:30+00:00",
            "course": 77.5,
            "speed": 7.1922228,
            "depth": 33.2
          },
          {
            "time": "2000-01-01T04:42:00+00:00",
            "course": 77.5,
            "speed": 7.1922228,
            "depth": 33.5
          },
          {
            "time": "2000-01-01T04:42:30+00:00",
            "course": 76.8,
            "speed": 7.1922228,
            "depth": 34.1
          },
          {
            "time": "2000-01-01T04:43:00+00:00",
            "course": 76.4,
            "speed": 7.1922228,
            "depth": 34.1
          },
          {
            "time": "2000-01-01T04:43:30+00:00",
            "course": 76.1,
            "speed": 7.1922228,
            "depth": 33.3
          },
          {
            "time": "2000-01-01T04:44:00+00:00",
            "course": 75.3,
            "speed": 7.3866072,
            "depth": 33.2
          },
          {
            "time": "2000-01-01T04:44:30+00:00",
            "course": 74.7,
            "speed": 7.3866072,
            "depth": 32.6
          },
          {
            "time": "2000-01-01T04:45:00+00:00",
            "course": 75.3,
            "speed": 7.3866072,
            "depth": 32.4
          },
          {
            "time": "2000-01-01T04:45:30+00:00",
            "course": 75.3,
            "speed": 7.3866072,
            "depth": 32.3
          },
          {
            "time": "2000-01-01T04:46:00+00:00",
            "course": 74.8,
            "speed": 7.3866072,
            "depth": 32.6
          },
          {
            "time": "2000-01-01T04:46:30+00:00",
            "course": 76.2,
            "speed": 7.3866072,
            "depth": 32.5
          },
          {
            "time": "2000-01-01T04:47:00+00:00",
            "course": 77.0,
            "speed": 7.1922228,
            "depth": 33.0
          },
          {
            "time": "2000-01-01T04:47:30+00:00",
            "course": 76.8,
            "speed": 7.1922228,
            "depth": 33.4
          },
          {
            "time": "2000-01-01T04:48:00+00:00",
            "course": 77.0,
            "speed": 6.9978384,
            "depth": 34.1
          },
          {
            "time": "2000-01-01T04:48:30+00:00",
            "course": 76.3,
            "speed": 7.1922228,
            "depth": 34.2
          },
          {
            "time": "2000-01-01T04:49:00+00:00",
            "course": 75.0,
            "speed": 7.1922228,
            "depth": 34.6
          },
          {
            "time": "2000-01-01T04:49:30+00:00",
            "course": 74.8,
            "speed": 6.9978384,
            "depth": 35.2
          },
          {
            "time": "2000-01-01T04:50:00+00:00",
            "course": 75.2,
            "speed": 6.9978384,
            "depth": 37.4
          },
          {
            "time": "2000-01-01T04:50:30+00:00",
            "course": 74.7,
            "speed": 6.9978384,
            "depth": 37.4
          },
          {
            "time": "2000-01-01T04:51:00+00:00",
            "course": 74.6,
            "speed": 6.9978384,
            "depth": 36.8
          },
          {
            "time": "2000-01-01T04:51:30+00:00",
            "course": 75.3,
            "speed": 6.9978384,
            "depth": 36.8
          },
          {
            "time": "2000-01-01T04:52:00+00:00",
            "course": 75.7,
            "speed": 6.9978384,
            "depth": 36.8
          },
          {
            "time": "2000-01-01T04:52:30+00:00",
            "course": 75.4,
            "speed": 6.9978384,
            "depth": 36.9
          },
          {
            "time": "2000-01-01T04:53:00+00:00",
            "course": 75.6,
            "speed": 6.9978384,
            "depth": 36.9
          },
          {
            "time": "2000-01-01T04:53:30+00:00",
            "course": 76.3,
            "speed": 6.9978384,
            "depth": 37.0
          },
          {
            "time": "2000-01-01T04:54:00+00:00",
            "course": 75.6,
            "speed": 6.803454,
            "depth": 37.1
          },
          {
            "time": "2000-01-01T04:54:30+00:00",
            "course": 76.2,
            "speed": 6.9978384,
            "depth": 37.1
          },
          {
            "time": "2000-01-01T04:55:00+00:00",
            "course": 77.5,
            "speed": 6.9978384,
            "depth": 37.0
          },
          {
            "time": "2000-01-01T04:55:30+00:00",
            "course": 76.9,
            "speed": 6.803454,
            "depth": 38.0
          },
          {
            "time": "2000-01-01T04:56:00+00:00",
            "course": 78.2,
            "speed": 6.803454,
            "depth": 38.3
          },
          {
            "time": "2000-01-01T04:56:30+00:00",
            "course": 78.1,
            "speed": 6.9978384,
            "depth": 37.3
          },
          {
            "time": "2000-01-01T04:57:00+00:00",
            "course": 79.1,
            "speed": 6.803454,
            "depth": 37.9
          },
          {
            "time": "2000-01-01T04:57:30+00:00",
            "course": 79.2,
            "speed": 6.803454,
            "depth": 37.8
          },
          {
            "time": "2000-01-01T04:58:00+00:00",
            "course": 78.1,
            "speed": 6.803454,
            "depth": 37.7
          },
          {
            "time": "2000-01-01T04:58:30+00:00",
            "course": 76.6,
            "speed": 6.9978384,
            "depth": 37.7
          },
          {
            "time": "2000-01-01T04:59:00+00:00",
            "course": 77.6,
            "speed": 6.9978384,
            "depth": 37.2
          },
          {
            "time": "2000-01-01T04:59:30+00:00",
            "course": 79.4,
            "speed": 6.9978384,
            "depth": 37.1
          },
          {
            "time": "2000-01-01T05:00:00+00:00",
            "course": 78.8,
            "speed": 6.9978384,
            "depth": 36.7
          },
          {
            "time": "2000-01-01T05:00:30+00:00",
            "course": 78.9,
            "speed": 6.803454,
            "depth": 37.0
          },
          {
            "time": "2000-01-01T05:01:00+00:00",
            "course": 80.1,
            "speed": 6.803454,
            "depth": 37.3
          },
          {
            "time": "2000-01-01T05:01:30+00:00",
            "course": 79.1,
            "speed": 6.803454,
            "depth": 36.7
          },
          {
            "time": "2000-01-01T05:02:00+00:00",
            "course": 79.2,
            "speed": 6.803454,
            "depth": 36.5
          },
          {
            "time": "2000-01-01T05:02:30+00:00",
            "course": 78.8,
            "speed": 6.803454,
            "depth": 36.3
          },
          {
            "time": "2000-01-01T05:03:00+00:00",
            "course": 76.7,
            "speed": 6.9978384,
            "depth": 35.9
          },
          {
            "time": "2000-01-01T05:03:30+00:00",
            "course": 76.8,
            "speed": 6.9978384,
            "depth": 35.4
          },
          {
            "time": "2000-01-01T05:04:00+00:00",
            "course": 76.1,
            "speed": 6.9978384,
            "depth": 35.8
          },
          {
            "time": "2000-01-01T05:04:30+00:00",
            "course": 75.3,
            "speed": 6.9978384,
            "depth": 35.7
          },
          {
            "time": "2000-01-01T05:05:00+00:00",
            "course": 76.3,
            "speed": 6.9978384,
            "depth": 35.3
          },
          {
            "time": "2000-01-01T05:05:30+00:00",
            "course": 76.5,
            "speed": 6.9978384,
            "depth": 35.7
          },
          {
            "time": "2000-01-01T05:06:00+00:00",
            "course": 76.5,
            "speed": 6.9978384,
            "depth": 35.5
          },
          {
            "time": "2000-01-01T05:06:30+00:00",
            "course": 78.2,
            "speed": 6.9978384,
            "depth": 35.5
          },
          {
            "time": "2000-01-01T05:07:00+00:00",
            "course": 78.3,
            "speed": 6.9978384,
            "depth": 36.0
          },
          {
            "time": "2000-01-01T05:07:30+00:00",
            "course": 78.4,
            "speed": 6.803454,
            "depth": 36.2
          },
          {
            "time": "2000-01-01T05:08:00+00:00",
            "course": 78.6,
            "speed": 6.803454,
            "depth": 36.4
          },
          {
            "time": "2000-01-01T05:08:30+00:00",
            "course": 77.1,
            "speed": 6.9978384,
            "depth": 36.0
          },
          {
            "time": "2000-01-01T05:09:00+00:00",
            "course": 77.1,
            "speed": 6.9978384,
            "depth": 36.1
          },
          {
            "time": "2000-01-01T05:09:30+00:00",
            "course": 77.2,
            "speed": 6.9978384,
            "depth": 36.0
          },
          {
            "time": "2000-01-01T05:10:00+00:00",
            "course": 76.9,
            "speed": 6.9978384,
            "depth": 35.9
          },
          {
            "time": "2000-01-01T05:10:30+00:00",
            "course": 76.7,
            "speed": 6.9978384,
            "depth": 36.0
          },
          {
            "time": "2000-01-01T05:11:00+00:00",
            "course": 77.0,
            "speed": 6.9978384,
            "depth": 36.1
          },
          {
            "time": "2000-01-01T05:11:30+00:00",
            "course": 77.1,
            "speed": 6.9978384,
            "depth": 36.2
          },
          {
            "time": "2000-01-01T05:12:00+00:00",
            "course": 77.0,
            "speed": 6.9978384,
            "depth": 36.2
          },
          {
            "time": "2000-01-01T05:12:30+00:00",
            "course": 76.6,
            "speed": 6.9978384,
            "depth": 36.0
          },
          {
            "time": "2000-01-01T05:13:00+00:00",
            "course": 76.9,
            "speed": 6.9978384,
            "depth": 36.1
          },
          {
            "time": "2000-01-01T05:13:30+00:00",
            "course": 76.3,
            "speed": 6.9978384,
            "depth": 37.0
          },
          {
            "time": "2000-01-01T05:14:00+00:00",
            "course": 76.9,
            "speed": 7.1922228,
            "depth": 36.3
          },
          {
            "time": "2000-01-01T05:14:30+00:00",
            "course": 76.8,
            "speed": 7.1922228,
            "depth": 35.6
          },
          {
            "time": "2000-01-01T05:15:00+00:00",
            "course": 76.6,
            "speed": 7.1922228,
            "depth": 35.8
          },
          {
            "time": "2000-01-01T05:15:30+00:00",
            "course": 76.7,
            "speed": 7.1922228,
            "depth": 35.3
          },
          {
            "time": "2000-01-01T05:16:00+00:00",
            "course": 76.7,
            "speed": 6.9978384,
            "depth": 35.4
          },
          {
            "time": "2000-01-01T05:16:30+00:00",
            "course": 77.6,
            "speed": 7.1922228,
            "depth": 34.9
          },
          {
            "time": "2000-01-01T05:17:00+00:00",
            "course": 77.2,
            "speed": 7.1922228,
            "depth": 35.3
          },
          {
            "time": "2000-01-01T05:17:30+00:00",
            "course": 75.8,
            "speed": 7.1922228,
            "depth": 35.8
          },
          {
            "time": "2000-01-01T05:18:00+00:00",
            "course": 74.6,
            "speed": 7.1922228,
            "depth": 35.7
          },
          {
            "time": "2000-01-01T05:18:30+00:00",
            "course": 75.9,
            "speed": 7.1922228,
            "depth": 35.5
          },
          {
            "time": "2000-01-01T05:19:00+00:00",
            "course": 77.1,
            "speed": 7.1922228,
            "depth": 35.0
          },
          {
            "time": "2000-01-01T05:19:30+00:00",
            "course": 76.2,
            "speed": 7.1922228,
            "depth": 34.9
          },
          {
            "time": "2000-01-01T05:20:00+00:00",
            "course": 75.8,
            "speed": 7.1922228,
            "depth": 35.2
          },
          {
            "time": "2000-01-01T05:20:30+00:00",
            "course": 76.3,
            "speed": 7.1922228,
            "depth": 35.2
          },
          {
            "time": "2000-01-01T05:21:00+00:00",
            "course": 77.3,
            "speed": 7.1922228,
            "depth": 35.0
          },
          {
            "time": "2000-01-01T05:21:30+00:00",
            "course": 77.9,
            "speed": 6.803454,
            "depth": 36.5
          },
          {
            "time": "2000-01-01T05:22:00+00:00",
            "course": 77.8,
            "speed": 6.803454,
            "depth": 37.6
          },
          {
            "time": "2000-01-01T05:22:30+00:00",
            "course": 77.5,
            "speed": 6.6090696,
            "depth": 39.4
          },
          {
            "time": "2000-01-01T05:23:00+00:00",
            "course": 76.3,
            "speed": 6.6090696,
            "depth": 40.8
          },
          {
            "time": "2000-01-01T05:23:30+00:00",
            "course": 76.1,
            "speed": 6.4146852,
            "depth": 42.2
          },
          {
            "time": "2000-01-01T05:24:00+00:00",
            "course": 77.6,
            "speed": 6.2203008,
            "depth": 42.5
          },
          {
            "time": "2000-01-01T05:24:30+00:00",
            "course": 77.9,
            "speed": 6.4146852,
            "depth": 42.9
          },
          {
            "time": "2000-01-01T05:25:00+00:00",
            "course": 78.9,
            "speed": 6.2203008,
            "depth": 46.3
          },
          {
            "time": "2000-01-01T05:25:30+00:00",
            "course": 78.3,
            "speed": 6.2203008,
            "depth": 43.4
          },
          {
            "time": "2000-01-01T05:26:00+00:00",
            "course": 76.9,
            "speed": 6.0259164,
            "depth": 46.0
          },
          {
            "time": "2000-01-01T05:26:30+00:00",
            "course": 78.3,
            "speed": 5.831532,
            "depth": 49.8
          },
          {
            "time": "2000-01-01T05:27:00+00:00",
            "course": 78.1,
            "speed": 5.831532,
            "depth": 50.8
          },
          {
            "time": "2000-01-01T05:27:30+00:00",
            "course": 79.3,
            "speed": 5.831532,
            "depth": 49.1
          },
          {
            "time": "2000-01-01T05:28:00+00:00",
            "course": 74.9,
            "speed": 6.0259164,
            "depth": 49.8
          },
          {
            "time": "2000-01-01T05:28:30+00:00",
            "course": 74.7,
            "speed": 6.0259164,
            "depth": 48.1
          },
          {
            "time": "2000-01-01T05:29:00+00:00",
            "course": 76.7,
            "speed": 6.0259164,
            "depth": 47.0
          },
          {
            "time": "2000-01-01T05:29:30+00:00",
            "course": 78.2,
            "speed": 5.831532,
            "depth": 47.0
          },
          {
            "time": "2000-01-01T05:30:00+00:00",
            "course": 77.9,
            "speed": 6.0259164,
            "depth": 49.2
          },
          {
            "time": "2000-01-01T05:30:30+00:00",
            "course": 77.6,
            "speed": 6.0259164,
            "depth": 46.3
          },
          {
            "time": "2000-01-01T05:31:00+00:00",
            "course": 79.3,
            "speed": 6.0259164,
            "depth": 45.8
          },
          {
            "time": "2000-01-01T05:31:30+00:00",
            "course": 79.0,
            "speed": 5.831532,
            "depth": 44.9
          },
          {
            "time": "2000-01-01T05:32:00+00:00",
            "course": 78.3,
            "speed": 6.0259164,
            "depth": 46.2
          },
          {
            "time": "2000-01-01T05:32:30+00:00",
            "course": 78.3,
            "speed": 5.831532,
            "depth": 47.5
          },
          {
            "time": "2000-01-01T05:33:00+00:00",
            "course": 78.0,
            "speed": 6.0259164,
            "depth": 45.9
          },
          {
            "time": "2000-01-01T05:33:30+00:00",
            "course": 77.5,
            "speed": 6.0259164,
            "depth": 47.8
          },
          {
            "time": "2000-01-01T05:34:00+00:00",
            "course": 76.9,
            "speed": 6.0259164,
            "depth": 47.7
          },
          {
            "time": "2000-01-01T05:34:30+00:00",
            "course": 76.1,
            "speed": 6.2203008,
            "depth": 47.3
          },
          {
            "time": "2000-01-01T05:35:00+00:00",
            "course": 75.6,
            "speed": 6.2203008,
            "depth": 46.6
          },
          {
            "time": "2000-01-01T05:35:30+00:00",
            "course": 74.9,
            "speed": 5.831532,
            "depth": 45.5
          },
          {
            "time": "2000-01-01T05:36:00+00:00",
            "course": 74.4,
            "speed": 6.2203008,
            "depth": 46.2
          },
          {
            "time": "2000-01-01T05:36:30+00:00",
            "course": 75.0,
            "speed": 5.831532,
            "depth": 47.3
          },
          {
            "time": "2000-01-01T05:37:00+00:00",
            "course": 76.0,
            "speed": 6.0259164,
            "depth": 47.1
          }
        ],
        "style": {
          "line": {
            "color": "#FF0000"
          },
          "point": {
            "shape": "circle",
            "radius": 3.0,
            "fill_color": "#FF0000",
            "color": "#FF0000"
          }
        },
        "default_position_style": {
          "show_symbol": false,
          "symbol": "circle",
          "show_label": false
        },
        "symbol_interval": "PT15M",
        "label_interval": "PT1H",
        "provenance": [
          {
            "activity_id": "5c443efb-b6a5-4139-a299-c4bb95c8d031",
            "timestamp": "2026-04-13T23:12:33.741588Z",
            "was_generated_by": {
              "tool": "rep-parser",
              "tool_version": "1.0.0",
              "parameters": []
            },
            "used": [],
            "generated": [
              "5c635e31-5bb9-4b0f-9d6c-d8f5048adbd8"
            ],
            "execution_duration": "PT0.005037S"
          }
        ]
      }
    }
  ]
}