{
  "type": "FeatureCollection",
  "features": [
    {
      "type": "Feature",
      "id": "14ada9b3-2e5d-46f4-a7c8-3e693b2c6fb6",
      "geometry": {
        "type": "LineString",
        "coordinates": [
          [
            -30.0027778,
            -0.0666667
          ],
          [
            -30.0024028,
            -0.0659389
          ],
          [
            -30.0025167,
            -0.065125
          ],
          [
            -30.0030806,
            -0.0645306
          ],
          [
            -30.0038861,
            -0.0643611
          ],
          [
            -30.0047194,
            -0.0643611
          ],
          [
            -30.0055528,
            -0.0643611
          ],
          [
            -30.0063861,
            -0.0643611
          ],
          [
            -30.0072194,
            -0.0643611
          ],
          [
            -30.0080528,
            -0.0643611
          ],
          [
            -30.0088861,
            -0.0643611
          ],
          [
            -30.0097194,
            -0.0643611
          ],
          [
            -30.0105528,
            -0.0643611
          ],
          [
            -30.0113861,
            -0.0643611
          ],
          [
            -30.0122194,
            -0.0643611
          ],
          [
            -30.0130528,
            -0.0643611
          ],
          [
            -30.0138861,
            -0.0643611
          ],
          [
            -30.0147194,
            -0.0643611
          ],
          [
            -30.0155528,
            -0.0643611
          ],
          [
            -30.0163861,
            -0.0643611
          ],
          [
            -30.0172194,
            -0.0643611
          ],
          [
            -30.018,
            -0.0641139
          ],
          [
            -30.0184917,
            -0.0634583
          ],
          [
            -30.0186056,
            -0.0626333
          ],
          [
            -30.0186778,
            -0.0618056
          ],
          [
            -30.0187528,
            -0.060975
          ],
          [
            -30.018825,
            -0.0601444
          ],
          [
            -30.0188972,
            -0.0593139
          ],
          [
            -30.0189694,
            -0.0584833
          ],
          [
            -30.0190417,
            -0.0576528
          ],
          [
            -30.0191139,
            -0.0568222
          ],
          [
            -30.0191889,
            -0.0559944
          ],
          [
            -30.0192611,
            -0.0551639
          ],
          [
            -30.0193333,
            -0.0543333
          ],
          [
            -30.0194056,
            -0.0535028
          ],
          [
            -30.0194778,
            -0.0526722
          ],
          [
            -30.01955,
            -0.0518417
          ],
          [
            -30.0196222,
            -0.0510111
          ],
          [
            -30.0196972,
            -0.0501833
          ],
          [
            -30.0197694,
            -0.0493528
          ],
          [
            -30.0198417,
            -0.0485222
          ],
          [
            -30.0199139,
            -0.0476917
          ],
          [
            -30.0199861,
            -0.0468611
          ],
          [
            -30.0200583,
            -0.0460306
          ],
          [
            -30.0201306,
            -0.0452
          ],
          [
            -30.0202056,
            -0.0443722
          ],
          [
            -30.0202778,
            -0.0435417
          ],
          [
            -30.02035,
            -0.0427111
          ],
          [
            -30.0204222,
            -0.0418806
          ],
          [
            -30.0204944,
            -0.04105
          ],
          [
            -30.0205667,
            -0.0402194
          ],
          [
            -30.0206389,
            -0.0393889
          ],
          [
            -30.0207139,
            -0.0385611
          ],
          [
            -30.0207861,
            -0.0377306
          ],
          [
            -30.0208583,
            -0.0369
          ],
          [
            -30.0209306,
            -0.0360694
          ],
          [
            -30.0210028,
            -0.0352389
          ],
          [
            -30.021075,
            -0.0344083
          ],
          [
            -30.0211472,
            -0.0335778
          ],
          [
            -30.0212222,
            -0.03275
          ],
          [
            -30.0212944,
            -0.0319194
          ],
          [
            -30.0213667,
            -0.0310889
          ],
          [
            -30.0216639,
            -0.0303194
          ],
          [
            -30.0220806,
            -0.0295972
          ],
          [
            -30.0224972,
            -0.028875
          ],
          [
            -30.0229139,
            -0.0281556
          ],
          [
            -30.0233306,
            -0.0274333
          ],
          [
            -30.0237472,
            -0.0267111
          ],
          [
            -30.0241639,
            -0.0259889
          ],
          [
            -30.0245806,
            -0.0252667
          ],
          [
            -30.0249972,
            -0.0245472
          ],
          [
            -30.0254139,
            -0.023825
          ],
          [
            -30.0258306,
            -0.0231028
          ],
          [
            -30.0262472,
            -0.0223806
          ],
          [
            -30.0266639,
            -0.0216583
          ],
          [
            -30.0270806,
            -0.0209389
          ],
          [
            -30.0274972,
            -0.0202167
          ],
          [
            -30.0279139,
            -0.0194944
          ],
          [
            -30.0283306,
            -0.0187722
          ],
          [
            -30.0287472,
            -0.01805
          ],
          [
            -30.0291639,
            -0.0173278
          ],
          [
            -30.0295806,
            -0.0166083
          ],
          [
            -30.0299972,
            -0.0158861
          ],
          [
            -30.0304139,
            -0.0151639
          ],
          [
            -30.0308306,
            -0.0144417
          ],
          [
            -30.0312472,
            -0.0137194
          ],
          [
            -30.0316639,
            -0.013
          ],
          [
            -30.0320806,
            -0.0122778
          ],
          [
            -30.0324972,
            -0.0115556
          ],
          [
            -30.0331028,
            -0.0110028
          ],
          [
            -30.0339194,
            -0.0108806
          ],
          [
            -30.0347528,
            -0.0108806
          ],
          [
            -30.0355861,
            -0.0108806
          ],
          [
            -30.0364194,
            -0.0108806
          ],
          [
            -30.0372528,
            -0.0108806
          ],
          [
            -30.0380861,
            -0.0108806
          ],
          [
            -30.0389194,
            -0.0108806
          ],
          [
            -30.0397528,
            -0.0108806
          ],
          [
            -30.0405861,
            -0.0108806
          ],
          [
            -30.0414194,
            -0.0108806
          ],
          [
            -30.0422528,
            -0.0108806
          ],
          [
            -30.0430861,
            -0.0108806
          ],
          [
            -30.0439194,
            -0.0108806
          ],
          [
            -30.0447528,
            -0.0108806
          ],
          [
            -30.0455861,
            -0.0108806
          ],
          [
            -30.0464194,
            -0.0108806
          ],
          [
            -30.0472528,
            -0.0108806
          ],
          [
            -30.0480861,
            -0.0108806
          ],
          [
            -30.0489194,
            -0.0108806
          ],
          [
            -30.0497528,
            -0.0108806
          ],
          [
            -30.0505861,
            -0.0108806
          ],
          [
            -30.0514194,
            -0.0108806
          ],
          [
            -30.0522528,
            -0.0108806
          ],
          [
            -30.0530861,
            -0.0108806
          ],
          [
            -30.0539194,
            -0.0108806
          ],
          [
            -30.0547528,
            -0.0108806
          ],
          [
            -30.0555861,
            -0.0108806
          ],
          [
            -30.0564194,
            -0.0108806
          ],
          [
            -30.0572528,
            -0.0108806
          ],
          [
            -30.0580861,
            -0.0108806
          ],
          [
            -30.0589194,
            -0.0108806
          ],
          [
            -30.0597528,
            -0.0108806
          ],
          [
            -30.0605861,
            -0.0108806
          ],
          [
            -30.0614194,
            -0.0108806
          ],
          [
            -30.0622528,
            -0.0108806
          ],
          [
            -30.0630861,
            -0.0108806
          ],
          [
            -30.0639194,
            -0.0108806
          ],
          [
            -30.0647528,
            -0.0108806
          ],
          [
            -30.0655861,
            -0.0108806
          ],
          [
            -30.0664194,
            -0.0108806
          ],
          [
            -30.0672528,
            -0.0108806
          ],
          [
            -30.0680861,
            -0.0108806
          ],
          [
            -30.0689194,
            -0.0108806
          ],
          [
            -30.0697528,
            -0.0108806
          ],
          [
            -30.0705861,
            -0.0108806
          ],
          [
            -30.0714194,
            -0.0108806
          ],
          [
            -30.0722528,
            -0.0108806
          ],
          [
            -30.0730861,
            -0.0108806
          ],
          [
            -30.0739194,
            -0.0108806
          ],
          [
            -30.0747,
            -0.0111306
          ],
          [
            -30.0751944,
            -0.0117861
          ],
          [
            -30.0752694,
            -0.0126111
          ],
          [
            -30.0752694,
            -0.0134444
          ],
          [
            -30.0752694,
            -0.0142778
          ],
          [
            -30.0752694,
            -0.0151111
          ],
          [
            -30.0752694,
            -0.0159444
          ],
          [
            -30.0752694,
            -0.0167778
          ],
          [
            -30.0752694,
            -0.0176111
          ],
          [
            -30.0752694,
            -0.0184444
          ],
          [
            -30.0752694,
            -0.0192778
          ],
          [
            -30.0752694,
            -0.0201111
          ],
          [
            -30.0752694,
            -0.0209444
          ],
          [
            -30.0752694,
            -0.0217778
          ],
          [
            -30.0752694,
            -0.0226111
          ],
          [
            -30.0752694,
            -0.0234444
          ],
          [
            -30.0752694,
            -0.0242778
          ],
          [
            -30.0752694,
            -0.0251111
          ],
          [
            -30.0752694,
            -0.0259444
          ],
          [
            -30.0752694,
            -0.0267778
          ],
          [
            -30.0752694,
            -0.0276111
          ],
          [
            -30.0752694,
            -0.0284444
          ],
          [
            -30.0752694,
            -0.0292778
          ],
          [
            -30.0752694,
            -0.0301111
          ],
          [
            -30.0752694,
            -0.0309444
          ],
          [
            -30.0752694,
            -0.0317778
          ],
          [
            -30.0752694,
            -0.0326111
          ],
          [
            -30.0752694,
            -0.0334444
          ],
          [
            -30.0752694,
            -0.0342778
          ],
          [
            -30.0752694,
            -0.0351111
          ],
          [
            -30.0752694,
            -0.0359444
          ],
          [
            -30.0752694,
            -0.0367778
          ],
          [
            -30.0752694,
            -0.0376111
          ],
          [
            -30.0752694,
            -0.0384444
          ],
          [
            -30.0752694,
            -0.0392778
          ],
          [
            -30.0752694,
            -0.0401111
          ],
          [
            -30.0752694,
            -0.0409444
          ],
          [
            -30.0752694,
            -0.0417778
          ],
          [
            -30.0752694,
            -0.0426111
          ],
          [
            -30.0752694,
            -0.0434444
          ],
          [
            -30.0752694,
            -0.0442778
          ],
          [
            -30.0752694,
            -0.0451111
          ],
          [
            -30.0752694,
            -0.0459444
          ],
          [
            -30.0752694,
            -0.0467778
          ],
          [
            -30.0752694,
            -0.0476111
          ],
          [
            -30.0752694,
            -0.0484444
          ],
          [
            -30.0752694,
            -0.0492778
          ],
          [
            -30.0752694,
            -0.0501111
          ],
          [
            -30.0752694,
            -0.0509444
          ],
          [
            -30.0752694,
            -0.0517778
          ],
          [
            -30.0752694,
            -0.0526111
          ],
          [
            -30.0752694,
            -0.0534444
          ],
          [
            -30.0752694,
            -0.0542778
          ],
          [
            -30.0752694,
            -0.0551111
          ],
          [
            -30.0752694,
            -0.0559444
          ],
          [
            -30.0752694,
            -0.0567778
          ],
          [
            -30.0752694,
            -0.0576111
          ],
          [
            -30.0752694,
            -0.0584444
          ],
          [
            -30.0752694,
            -0.0592778
          ],
          [
            -30.0752694,
            -0.0601111
          ],
          [
            -30.0752694,
            -0.0609444
          ],
          [
            -30.0752694,
            -0.0617778
          ],
          [
            -30.0752694,
            -0.0626111
          ],
          [
            -30.0752694,
            -0.0634444
          ],
          [
            -30.0752694,
            -0.0642778
          ],
          [
            -30.0752694,
            -0.0651111
          ],
          [
            -30.0752694,
            -0.0659444
          ],
          [
            -30.0752694,
            -0.0667778
          ],
          [
            -30.0752694,
            -0.0676111
          ],
          [
            -30.0752694,
            -0.0684444
          ],
          [
            -30.0752694,
            -0.0692778
          ],
          [
            -30.0752694,
            -0.0701111
          ],
          [
            -30.0752694,
            -0.0709444
          ],
          [
            -30.0752694,
            -0.0717778
          ],
          [
            -30.0752694,
            -0.0726111
          ],
          [
            -30.0752694,
            -0.0734444
          ],
          [
            -30.0752694,
            -0.0742778
          ],
          [
            -30.0752694,
            -0.0751111
          ],
          [
            -30.0752694,
            -0.0759444
          ],
          [
            -30.0752694,
            -0.0767778
          ],
          [
            -30.0752694,
            -0.0776111
          ],
          [
            -30.0752694,
            -0.0784444
          ],
          [
            -30.0752694,
            -0.0792778
          ],
          [
            -30.0752694,
            -0.0801111
          ],
          [
            -30.0752694,
            -0.0809444
          ],
          [
            -30.0752694,
            -0.0817778
          ],
          [
            -30.0752694,
            -0.0826111
          ],
          [
            -30.0752694,
            -0.0834444
          ],
          [
            -30.0752694,
            -0.0842778
          ],
          [
            -30.0752694,
            -0.0851111
          ],
          [
            -30.0752694,
            -0.0859444
          ],
          [
            -30.0752694,
            -0.0867778
          ],
          [
            -30.0752694,
            -0.0876111
          ],
          [
            -30.0752694,
            -0.0884444
          ],
          [
            -30.0752694,
            -0.0892778
          ],
          [
            -30.0752694,
            -0.0901111
          ],
          [
            -30.0752694,
            -0.0909444
          ],
          [
            -30.0752694,
            -0.0917778
          ],
          [
            -30.0752694,
            -0.0926111
          ],
          [
            -30.0752694,
            -0.0934444
          ],
          [
            -30.0752694,
            -0.0942778
          ],
          [
            -30.0752694,
            -0.0951111
          ]
        ]
      },
      "properties": {
        "kind": "TRACK",
        "platform_id": "SENSOR",
        "platform_name": "SENSOR",
        "track_type": "CONTACT",
        "times": [
          1263298394000,
          1263298409000,
          1263298424000,
          1263298439000,
          1263298454000,
          1263298469000,
          1263298484000,
          1263298499000,
          1263298514000,
          1263298529000,
          1263298544000,
          1263298559000,
          1263298574000,
          1263298589000,
          1263298604000,
          1263298619000,
          1263298634000,
          1263298649000,
          1263298664000,
          1263298679000,
          1263298694000,
          1263298709000,
          1263298724000,
          1263298739000,
          1263298754000,
          1263298769000,
          1263298784000,
          1263298799000,
          1263298814000,
          1263298829000,
          1263298844000,
          1263298859000,
          1263298874000,
          1263298889000,
          1263298904000,
          1263298919000,
          1263298934000,
          1263298949000,
          1263298964000,
          1263298979000,
          1263298994000,
          1263299009000,
          1263299024000,
          1263299039000,
          1263299054000,
          1263299069000,
          1263299084000,
          1263299099000,
          1263299114000,
          1263299129000,
          1263299144000,
          1263299159000,
          1263299174000,
          1263299189000,
          1263299204000,
          1263299219000,
          1263299234000,
          1263299249000,
          1263299264000,
          1263299279000,
          1263299294000,
          1263299309000,
          1263299324000,
          1263299339000,
          1263299354000,
          1263299369000,
          1263299384000,
          1263299399000,
          1263299414000,
          1263299429000,
          1263299444000,
          1263299459000,
          1263299474000,
          1263299489000,
          1263299504000,
          1263299519000,
          1263299534000,
          1263299549000,
          1263299564000,
          1263299579000,
          1263299594000,
          1263299609000,
          1263299624000,
          1263299639000,
          1263299654000,
          1263299669000,
          1263299684000,
          1263299699000,
          1263299714000,
          1263299729000,
          1263299744000,
          1263299759000,
          1263299774000,
          1263299789000,
          1263299804000,
          1263299819000,
          1263299834000,
          1263299849000,
          1263299864000,
          1263299879000,
          1263299894000,
          1263299909000,
          1263299924000,
          1263299939000,
          1263299954000,
          1263299969000,
          1263299984000,
          1263299999000,
          1263300014000,
          1263300029000,
          1263300044000,
          1263300059000,
          1263300074000,
          1263300089000,
          1263300104000,
          1263300119000,
          1263300134000,
          1263300149000,
          1263300164000,
          1263300179000,
          1263300194000,
          1263300209000,
          1263300224000,
          1263300239000,
          1263300254000,
          1263300269000,
          1263300284000,
          1263300299000,
          1263300314000,
          1263300329000,
          1263300344000,
          1263300359000,
          1263300374000,
          1263300389000,
          1263300404000,
          1263300419000,
          1263300434000,
          1263300449000,
          1263300464000,
          1263300479000,
          1263300494000,
          1263300509000,
          1263300524000,
          1263300539000,
          1263300554000,
          1263300569000,
          1263300584000,
          1263300599000,
          1263300614000,
          1263300629000,
          1263300644000,
          1263300659000,
          1263300674000,
          1263300689000,
          1263300704000,
          1263300719000,
          1263300734000,
          1263300749000,
          1263300764000,
          1263300779000,
          1263300794000,
          1263300809000,
          1263300824000,
          1263300839000,
          1263300854000,
          1263300869000,
          1263300884000,
          1263300899000,
          1263300914000,
          1263300929000,
          1263300944000,
          1263300959000,
          1263300974000,
          1263300989000,
          1263301004000,
          1263301019000,
          1263301034000,
          1263301049000,
          1263301064000,
          1263301079000,
          1263301094000,
          1263301109000,
          1263301124000,
          1263301139000,
          1263301154000,
          1263301169000,
          1263301184000,
          1263301199000,
          1263301214000,
          1263301229000,
          1263301244000,
          1263301259000,
          1263301274000,
          1263301289000,
          1263301304000,
          1263301319000,
          1263301334000,
          1263301349000,
          1263301364000,
          1263301379000,
          1263301394000,
          1263301409000,
          1263301424000,
          1263301439000,
          1263301454000,
          1263301469000,
          1263301484000,
          1263301499000,
          1263301514000,
          1263301529000,
          1263301544000,
          1263301559000,
          1263301574000,
          1263301589000,
          1263301604000,
          1263301619000,
          1263301634000,
          1263301649000,
          1263301664000,
          1263301679000,
          1263301694000,
          1263301709000,
          1263301724000,
          1263301739000,
          1263301754000,
          1263301769000,
          1263301784000,
          1263301799000,
          1263301814000,
          1263301829000,
          1263301844000,
          1263301859000,
          1263301874000,
          1263301889000,
          1263301904000,
          1263301919000,
          1263301934000,
          1263301949000,
          1263301964000,
          1263301979000,
          1263301994000
        ],
        "start_time": "2010-01-12T12:13:14+00:00",
        "end_time": "2010-01-12T13:13:14+00:00",
        "positions": [
          {
            "time": "2010-01-12T12:13:14+00:00",
            "course": 45.0,
            "speed": 12.0,
            "depth": 0.0
          },
          {
            "time": "2010-01-12T12:13:29+00:00",
            "course": 9.63,
            "speed": 12.0,
            "depth": 0.0
          },
          {
            "time": "2010-01-12T12:13:44+00:00",
            "course": 334.26,
            "speed": 12.0,
            "depth": 0.0
          },
          {
            "time": "2010-01-12T12:13:59+00:00",
            "course": 298.89,
            "speed": 12.0,
            "depth": 0.0
          },
          {
            "time": "2010-01-12T12:14:14+00:00",
            "course": 270.0,
            "speed": 12.0,
            "depth": 0.0
          },
          {
            "time": "2010-01-12T12:14:29+00:00",
            "course": 270.0,
            "speed": 12.0,
            "depth": 0.0
          },
          {
            "time": "2010-01-12T12:14:44+00:00",
            "course": 270.0,
            "speed": 12.0,
            "depth": 0.0
          },
          {
            "time": "2010-01-12T12:14:59+00:00",
            "course": 270.0,
            "speed": 12.0,
            "depth": 0.0
          },
          {
            "time": "2010-01-12T12:15:14+00:00",
            "course": 270.0,
            "speed": 12.0,
            "depth": 0.0
          },
          {
            "time": "2010-01-12T12:15:29+00:00",
            "course": 270.0,
            "speed": 12.0,
            "depth": 0.0
          },
          {
            "time": "2010-01-12T12:15:44+00:00",
            "course": 270.0,
            "speed": 12.0,
            "depth": 0.0
          },
          {
            "time": "2010-01-12T12:15:59+00:00",
            "course": 270.0,
            "speed": 12.0,
            "depth": 0.0
          },
          {
            "time": "2010-01-12T12:16:14+00:00",
            "course": 270.0,
            "speed": 12.0,
            "depth": 0.0
          },
          {
            "time": "2010-01-12T12:16:29+00:00",
            "course": 270.0,
            "speed": 12.0,
            "depth": 0.0
          },
          {
            "time": "2010-01-12T12:16:44+00:00",
            "course": 270.0,
            "speed": 12.0,
            "depth": 0.0
          },
          {
            "time": "2010-01-12T12:16:59+00:00",
            "course": 270.0,
            "speed": 12.0,
            "depth": 0.0
          },
          {
            "time": "2010-01-12T12:17:14+00:00",
            "course": 270.0,
            "speed": 12.0,
            "depth": 0.0
          },
          {
            "time": "2010-01-12T12:17:29+00:00",
            "course": 270.0,
            "speed": 12.0,
            "depth": 0.0
          },
          {
            "time": "2010-01-12T12:17:44+00:00",
            "course": 270.0,
            "speed": 12.0,
            "depth": 0.0
          },
          {
            "time": "2010-01-12T12:17:59+00:00",
            "course": 270.0,
            "speed": 12.0,
            "depth": 0.0
          },
          {
            "time": "2010-01-12T12:18:14+00:00",
            "course": 270.0,
            "speed": 12.0,
            "depth": 0.0
          },
          {
            "time": "2010-01-12T12:18:29+00:00",
            "course": 305.37,
            "speed": 12.0,
            "depth": 0.0
          },
          {
            "time": "2010-01-12T12:18:44+00:00",
            "course": 340.74,
            "speed": 12.0,
            "depth": 0.0
          },
          {
            "time": "2010-01-12T12:18:59+00:00",
            "course": 355.0,
            "speed": 12.0,
            "depth": 0.0
          },
          {
            "time": "2010-01-12T12:19:14+00:00",
            "course": 355.0,
            "speed": 12.0,
            "depth": 0.0
          },
          {
            "time": "2010-01-12T12:19:29+00:00",
            "course": 355.0,
            "speed": 12.0,
            "depth": 0.0
          },
          {
            "time": "2010-01-12T12:19:44+00:00",
            "course": 355.0,
            "speed": 12.0,
            "depth": 0.0
          },
          {
            "time": "2010-01-12T12:19:59+00:00",
            "course": 355.0,
            "speed": 12.0,
            "depth": 0.0
          },
          {
            "time": "2010-01-12T12:20:14+00:00",
            "course": 355.0,
            "speed": 12.0,
            "depth": 0.0
          },
          {
            "time": "2010-01-12T12:20:29+00:00",
            "course": 355.0,
            "speed": 12.0,
            "depth": 0.0
          },
          {
            "time": "2010-01-12T12:20:44+00:00",
            "course": 355.0,
            "speed": 12.0,
            "depth": 0.0
          },
          {
            "time": "2010-01-12T12:20:59+00:00",
            "course": 355.0,
            "speed": 12.0,
            "depth": 0.0
          },
          {
            "time": "2010-01-12T12:21:14+00:00",
            "course": 355.0,
            "speed": 12.0,
            "depth": 0.0
          },
          {
            "time": "2010-01-12T12:21:29+00:00",
            "course": 355.0,
            "speed": 12.0,
            "depth": 0.0
          },
          {
            "time": "2010-01-12T12:21:44+00:00",
            "course": 355.0,
            "speed": 12.0,
            "depth": 0.0
          },
          {
            "time": "2010-01-12T12:21:59+00:00",
            "course": 355.0,
            "speed": 12.0,
            "depth": 0.0
          },
          {
            "time": "2010-01-12T12:22:14+00:00",
            "course": 355.0,
            "speed": 12.0,
            "depth": 0.0
          },
          {
            "time": "2010-01-12T12:22:29+00:00",
            "course": 355.0,
            "speed": 12.0,
            "depth": 0.0
          },
          {
            "time": "2010-01-12T12:22:44+00:00",
            "course": 355.0,
            "speed": 12.0,
            "depth": 0.0
          },
          {
            "time": "2010-01-12T12:22:59+00:00",
            "course": 355.0,
            "speed": 12.0,
            "depth": 0.0
          },
          {
            "time": "2010-01-12T12:23:14+00:00",
            "course": 355.0,
            "speed": 12.0,
            "depth": 0.0
          },
          {
            "time": "2010-01-12T12:23:29+00:00",
            "course": 355.0,
            "speed": 12.0,
            "depth": 0.0
          },
          {
            "time": "2010-01-12T12:23:44+00:00",
            "course": 355.0,
            "speed": 12.0,
            "depth": 0.0
          },
          {
            "time": "2010-01-12T12:23:59+00:00",
            "course": 355.0,
            "speed": 12.0,
            "depth": 0.0
          },
          {
            "time": "2010-01-12T12:24:14+00:00",
            "course": 355.0,
            "speed": 12.0,
            "depth": 0.0
          },
          {
            "time": "2010-01-12T12:24:29+00:00",
            "course": 355.0,
            "speed": 12.0,
            "depth": 0.0
          },
          {
            "time": "2010-01-12T12:24:44+00:00",
            "course": 355.0,
            "speed": 12.0,
            "depth": 0.0
          },
          {
            "time": "2010-01-12T12:24:59+00:00",
            "course": 355.0,
            "speed": 12.0,
            "depth": 0.0
          },
          {
            "time": "2010-01-12T12:25:14+00:00",
            "course": 355.0,
            "speed": 12.0,
            "depth": 0.0
          },
          {
            "time": "2010-01-12T12:25:29+00:00",
            "course": 355.0,
            "speed": 12.0,
            "depth": 0.0
          },
          {
            "time": "2010-01-12T12:25:44+00:00",
            "course": 355.0,
            "speed": 12.0,
            "depth": 0.0
          },
          {
            "time": "2010-01-12T12:25:59+00:00",
            "course": 355.0,
            "speed": 12.0,
            "depth": 0.0
          },
          {
            "time": "2010-01-12T12:26:14+00:00",
            "course": 355.0,
            "speed": 12.0,
            "depth": 0.0
          },
          {
            "time": "2010-01-12T12:26:29+00:00",
            "course": 355.0,
            "speed": 12.0,
            "depth": 0.0
          },
          {
            "time": "2010-01-12T12:26:44+00:00",
            "course": 355.0,
            "speed": 12.0,
            "depth": 0.0
          },
          {
            "time": "2010-01-12T12:26:59+00:00",
            "course": 355.0,
            "speed": 12.0,
            "depth": 0.0
          },
          {
            "time": "2010-01-12T12:27:14+00:00",
            "course": 355.0,
            "speed": 12.0,
            "depth": 0.0
          },
          {
            "time": "2010-01-12T12:27:29+00:00",
            "course": 355.0,
            "speed": 12.0,
            "depth": 0.0
          },
          {
            "time": "2010-01-12T12:27:44+00:00",
            "course": 355.0,
            "speed": 12.0,
            "depth": 0.0
          },
          {
            "time": "2010-01-12T12:27:59+00:00",
            "course": 355.0,
            "speed": 12.0,
            "depth": 0.0
          },
          {
            "time": "2010-01-12T12:28:14+00:00",
            "course": 355.0,
            "speed": 12.0,
            "depth": 0.0
          },
          {
            "time": "2010-01-12T12:28:29+00:00",
            "course": 355.0,
            "speed": 12.0,
            "depth": 0.0
          },
          {
            "time": "2010-01-12T12:28:44+00:00",
            "course": 330.0,
            "speed": 12.0,
            "depth": 0.0
          },
          {
            "time": "2010-01-12T12:28:59+00:00",
            "course": 330.0,
            "speed": 12.0,
            "depth": 0.0
          },
          {
            "time": "2010-01-12T12:29:14+00:00",
            "course": 330.0,
            "speed": 12.0,
            "depth": 0.0
          },
          {
            "time": "2010-01-12T12:29:29+00:00",
            "course": 330.0,
            "speed": 12.0,
            "depth": 0.0
          },
          {
            "time": "2010-01-12T12:29:44+00:00",
            "course": 330.0,
            "speed": 12.0,
            "depth": 0.0
          },
          {
            "time": "2010-01-12T12:29:59+00:00",
            "course": 330.0,
            "speed": 12.0,
            "depth": 0.0
          },
          {
            "time": "2010-01-12T12:30:14+00:00",
            "course": 330.0,
            "speed": 12.0,
            "depth": 0.0
          },
          {
            "time": "2010-01-12T12:30:29+00:00",
            "course": 330.0,
            "speed": 12.0,
            "depth": 0.0
          },
          {
            "time": "2010-01-12T12:30:44+00:00",
            "course": 330.0,
            "speed": 12.0,
            "depth": 0.0
          },
          {
            "time": "2010-01-12T12:30:59+00:00",
            "course": 330.0,
            "speed": 12.0,
            "depth": 0.0
          },
          {
            "time": "2010-01-12T12:31:14+00:00",
            "course": 330.0,
            "speed": 12.0,
            "depth": 0.0
          },
          {
            "time": "2010-01-12T12:31:29+00:00",
            "course": 330.0,
            "speed": 12.0,
            "depth": 0.0
          },
          {
            "time": "2010-01-12T12:31:44+00:00",
            "course": 330.0,
            "speed": 12.0,
            "depth": 0.0
          },
          {
            "time": "2010-01-12T12:31:59+00:00",
            "course": 330.0,
            "speed": 12.0,
            "depth": 0.0
          },
          {
            "time": "2010-01-12T12:32:14+00:00",
            "course": 330.0,
            "speed": 12.0,
            "depth": 0.0
          },
          {
            "time": "2010-01-12T12:32:29+00:00",
            "course": 330.0,
            "speed": 12.0,
            "depth": 0.0
          },
          {
            "time": "2010-01-12T12:32:44+00:00",
            "course": 330.0,
            "speed": 12.0,
            "depth": 0.0
          },
          {
            "time": "2010-01-12T12:32:59+00:00",
            "course": 330.0,
            "speed": 12.0,
            "depth": 0.0
          },
          {
            "time": "2010-01-12T12:33:14+00:00",
            "course": 330.0,
            "speed": 12.0,
            "depth": 0.0
          },
          {
            "time": "2010-01-12T12:33:29+00:00",
            "course": 330.0,
            "speed": 12.0,
            "depth": 0.0
          },
          {
            "time": "2010-01-12T12:33:44+00:00",
            "course": 330.0,
            "speed": 12.0,
            "depth": 0.0
          },
          {
            "time": "2010-01-12T12:33:59+00:00",
            "course": 330.0,
            "speed": 12.0,
            "depth": 0.0
          },
          {
            "time": "2010-01-12T12:34:14+00:00",
            "course": 330.0,
            "speed": 12.0,
            "depth": 0.0
          },
          {
            "time": "2010-01-12T12:34:29+00:00",
            "course": 330.0,
            "speed": 12.0,
            "depth": 0.0
          },
          {
            "time": "2010-01-12T12:34:44+00:00",
            "course": 330.0,
            "speed": 12.0,
            "depth": 0.0
          },
          {
            "time": "2010-01-12T12:34:59+00:00",
            "course": 330.0,
            "speed": 12.0,
            "depth": 0.0
          },
          {
            "time": "2010-01-12T12:35:14+00:00",
            "course": 330.0,
            "speed": 12.0,
            "depth": 0.0
          },
          {
            "time": "2010-01-12T12:35:29+00:00",
            "course": 294.63,
            "speed": 12.0,
            "depth": 0.0
          },
          {
            "time": "2010-01-12T12:35:44+00:00",
            "course": 270.0,
            "speed": 12.0,
            "depth": 0.0
          },
          {
            "time": "2010-01-12T12:35:59+00:00",
            "course": 270.0,
            "speed": 12.0,
            "depth": 0.0
          },
          {
            "time": "2010-01-12T12:36:14+00:00",
            "course": 270.0,
            "speed": 12.0,
            "depth": 0.0
          },
          {
            "time": "2010-01-12T12:36:29+00:00",
            "course": 270.0,
            "speed": 12.0,
            "depth": 0.0
          },
          {
            "time": "2010-01-12T12:36:44+00:00",
            "course": 270.0,
            "speed": 12.0,
            "depth": 0.0
          },
          {
            "time": "2010-01-12T12:36:59+00:00",
            "course": 270.0,
            "speed": 12.0,
            "depth": 0.0
          },
          {
            "time": "2010-01-12T12:37:14+00:00",
            "course": 270.0,
            "speed": 12.0,
            "depth": 0.0
          },
          {
            "time": "2010-01-12T12:37:29+00:00",
            "course": 270.0,
            "speed": 12.0,
            "depth": 0.0
          },
          {
            "time": "2010-01-12T12:37:44+00:00",
            "course": 270.0,
            "speed": 12.0,
            "depth": 0.0
          },
          {
            "time": "2010-01-12T12:37:59+00:00",
            "course": 270.0,
            "speed": 12.0,
            "depth": 0.0
          },
          {
            "time": "2010-01-12T12:38:14+00:00",
            "course": 270.0,
            "speed": 12.0,
            "depth": 0.0
          },
          {
            "time": "2010-01-12T12:38:29+00:00",
            "course": 270.0,
            "speed": 12.0,
            "depth": 0.0
          },
          {
            "time": "2010-01-12T12:38:44+00:00",
            "course": 270.0,
            "speed": 12.0,
            "depth": 0.0
          },
          {
            "time": "2010-01-12T12:38:59+00:00",
            "course": 270.0,
            "speed": 12.0,
            "depth": 0.0
          },
          {
            "time": "2010-01-12T12:39:14+00:00",
            "course": 270.0,
            "speed": 12.0,
            "depth": 0.0
          },
          {
            "time": "2010-01-12T12:39:29+00:00",
            "course": 270.0,
            "speed": 12.0,
            "depth": 0.0
          },
          {
            "time": "2010-01-12T12:39:44+00:00",
            "course": 270.0,
            "speed": 12.0,
            "depth": 0.0
          },
          {
            "time": "2010-01-12T12:39:59+00:00",
            "course": 270.0,
            "speed": 12.0,
            "depth": 0.0
          },
          {
            "time": "2010-01-12T12:40:14+00:00",
            "course": 270.0,
            "speed": 12.0,
            "depth": 0.0
          },
          {
            "time": "2010-01-12T12:40:29+00:00",
            "course": 270.0,
            "speed": 12.0,
            "depth": 0.0
          },
          {
            "time": "2010-01-12T12:40:44+00:00",
            "course": 270.0,
            "speed": 12.0,
            "depth": 0.0
          },
          {
            "time": "2010-01-12T12:40:59+00:00",
            "course": 270.0,
            "speed": 12.0,
            "depth": 0.0
          },
          {
            "time": "2010-01-12T12:41:14+00:00",
            "course": 270.0,
            "speed": 12.0,
            "depth": 0.0
          },
          {
            "time": "2010-01-12T12:41:29+00:00",
            "course": 270.0,
            "speed": 12.0,
            "depth": 0.0
          },
          {
            "time": "2010-01-12T12:41:44+00:00",
            "course": 270.0,
            "speed": 12.0,
            "depth": 0.0
          },
          {
            "time": "2010-01-12T12:41:59+00:00",
            "course": 270.0,
            "speed": 12.0,
            "depth": 0.0
          },
          {
            "time": "2010-01-12T12:42:14+00:00",
            "course": 270.0,
            "speed": 12.0,
            "depth": 0.0
          },
          {
            "time": "2010-01-12T12:42:29+00:00",
            "course": 270.0,
            "speed": 12.0,
            "depth": 0.0
          },
          {
            "time": "2010-01-12T12:42:44+00:00",
            "course": 270.0,
            "speed": 12.0,
            "depth": 0.0
          },
          {
            "time": "2010-01-12T12:42:59+00:00",
            "course": 270.0,
            "speed": 12.0,
            "depth": 0.0
          },
          {
            "time": "2010-01-12T12:43:14+00:00",
            "course": 270.0,
            "speed": 12.0,
            "depth": 0.0
          },
          {
            "time": "2010-01-12T12:43:29+00:00",
            "course": 270.0,
            "speed": 12.0,
            "depth": 0.0
          },
          {
            "time": "2010-01-12T12:43:44+00:00",
            "course": 270.0,
            "speed": 12.0,
            "depth": 0.0
          },
          {
            "time": "2010-01-12T12:43:59+00:00",
            "course": 270.0,
            "speed": 12.0,
            "depth": 0.0
          },
          {
            "time": "2010-01-12T12:44:14+00:00",
            "course": 270.0,
            "speed": 12.0,
            "depth": 0.0
          },
          {
            "time": "2010-01-12T12:44:29+00:00",
            "course": 270.0,
            "speed": 12.0,
            "depth": 0.0
          },
          {
            "time": "2010-01-12T12:44:44+00:00",
            "course": 270.0,
            "speed": 12.0,
            "depth": 0.0
          },
          {
            "time": "2010-01-12T12:44:59+00:00",
            "course": 270.0,
            "speed": 12.0,
            "depth": 0.0
          },
          {
            "time": "2010-01-12T12:45:14+00:00",
            "course": 270.0,
            "speed": 12.0,
            "depth": 0.0
          },
          {
            "time": "2010-01-12T12:45:29+00:00",
            "course": 270.0,
            "speed": 12.0,
            "depth": 0.0
          },
          {
            "time": "2010-01-12T12:45:44+00:00",
            "course": 270.0,
            "speed": 12.0,
            "depth": 0.0
          },
          {
            "time": "2010-01-12T12:45:59+00:00",
            "course": 270.0,
            "speed": 12.0,
            "depth": 0.0
          },
          {
            "time": "2010-01-12T12:46:14+00:00",
            "course": 270.0,
            "speed": 12.0,
            "depth": 0.0
          },
          {
            "time": "2010-01-12T12:46:29+00:00",
            "course": 270.0,
            "speed": 12.0,
            "depth": 0.0
          },
          {
            "time": "2010-01-12T12:46:44+00:00",
            "course": 270.0,
            "speed": 12.0,
            "depth": 0.0
          },
          {
            "time": "2010-01-12T12:46:59+00:00",
            "course": 270.0,
            "speed": 12.0,
            "depth": 0.0
          },
          {
            "time": "2010-01-12T12:47:14+00:00",
            "course": 270.0,
            "speed": 12.0,
            "depth": 0.0
          },
          {
            "time": "2010-01-12T12:47:29+00:00",
            "course": 270.0,
            "speed": 12.0,
            "depth": 0.0
          },
          {
            "time": "2010-01-12T12:47:44+00:00",
            "course": 270.0,
            "speed": 12.0,
            "depth": 0.0
          },
          {
            "time": "2010-01-12T12:47:59+00:00",
            "course": 234.63,
            "speed": 12.0,
            "depth": 0.0
          },
          {
            "time": "2010-01-12T12:48:14+00:00",
            "course": 199.26,
            "speed": 12.0,
            "depth": 0.0
          },
          {
            "time": "2010-01-12T12:48:29+00:00",
            "course": 180.0,
            "speed": 12.0,
            "depth": 0.0
          },
          {
            "time": "2010-01-12T12:48:44+00:00",
            "course": 180.0,
            "speed": 12.0,
            "depth": 0.0
          },
          {
            "time": "2010-01-12T12:48:59+00:00",
            "course": 180.0,
            "speed": 12.0,
            "depth": 0.0
          },
          {
            "time": "2010-01-12T12:49:14+00:00",
            "course": 180.0,
            "speed": 12.0,
            "depth": 0.0
          },
          {
            "time": "2010-01-12T12:49:29+00:00",
            "course": 180.0,
            "speed": 12.0,
            "depth": 0.0
          },
          {
            "time": "2010-01-12T12:49:44+00:00",
            "course": 180.0,
            "speed": 12.0,
            "depth": 0.0
          },
          {
            "time": "2010-01-12T12:49:59+00:00",
            "course": 180.0,
            "speed": 12.0,
            "depth": 0.0
          },
          {
            "time": "2010-01-12T12:50:14+00:00",
            "course": 180.0,
            "speed": 12.0,
            "depth": 0.0
          },
          {
            "time": "2010-01-12T12:50:29+00:00",
            "course": 180.0,
            "speed": 12.0,
            "depth": 0.0
          },
          {
            "time": "2010-01-12T12:50:44+00:00",
            "course": 180.0,
            "speed": 12.0,
            "depth": 0.0
          },
          {
            "time": "2010-01-12T12:50:59+00:00",
            "course": 180.0,
            "speed": 12.0,
            "depth": 0.0
          },
          {
            "time": "2010-01-12T12:51:14+00:00",
            "course": 180.0,
            "speed": 12.0,
            "depth": 0.0
          },
          {
            "time": "2010-01-12T12:51:29+00:00",
            "course": 180.0,
            "speed": 12.0,
            "depth": 0.0
          },
          {
            "time": "2010-01-12T12:51:44+00:00",
            "course": 180.0,
            "speed": 12.0,
            "depth": 0.0
          },
          {
            "time": "2010-01-12T12:51:59+00:00",
            "course": 180.0,
            "speed": 12.0,
            "depth": 0.0
          },
          {
            "time": "2010-01-12T12:52:14+00:00",
            "course": 180.0,
            "speed": 12.0,
            "depth": 0.0
          },
          {
            "time": "2010-01-12T12:52:29+00:00",
            "course": 180.0,
            "speed": 12.0,
            "depth": 0.0
          },
          {
            "time": "2010-01-12T12:52:44+00:00",
            "course": 180.0,
            "speed": 12.0,
            "depth": 0.0
          },
          {
            "time": "2010-01-12T12:52:59+00:00",
            "course": 180.0,
            "speed": 12.0,
            "depth": 0.0
          },
          {
            "time": "2010-01-12T12:53:14+00:00",
            "course": 180.0,
            "speed": 12.0,
            "depth": 0.0
          },
          {
            "time": "2010-01-12T12:53:29+00:00",
            "course": 180.0,
            "speed": 12.0,
            "depth": 0.0
          },
          {
            "time": "2010-01-12T12:53:44+00:00",
            "course": 180.0,
            "speed": 12.0,
            "depth": 0.0
          },
          {
            "time": "2010-01-12T12:53:59+00:00",
            "course": 180.0,
            "speed": 12.0,
            "depth": 0.0
          },
          {
            "time": "2010-01-12T12:54:14+00:00",
            "course": 180.0,
            "speed": 12.0,
            "depth": 0.0
          },
          {
            "time": "2010-01-12T12:54:29+00:00",
            "course": 180.0,
            "speed": 12.0,
            "depth": 0.0
          },
          {
            "time": "2010-01-12T12:54:44+00:00",
            "course": 180.0,
            "speed": 12.0,
            "depth": 0.0
          },
          {
            "time": "2010-01-12T12:54:59+00:00",
            "course": 180.0,
            "speed": 12.0,
            "depth": 0.0
          },
          {
            "time": "2010-01-12T12:55:14+00:00",
            "course": 180.0,
            "speed": 12.0,
            "depth": 0.0
          },
          {
            "time": "2010-01-12T12:55:29+00:00",
            "course": 180.0,
            "speed": 12.0,
            "depth": 0.0
          },
          {
            "time": "2010-01-12T12:55:44+00:00",
            "course": 180.0,
            "speed": 12.0,
            "depth": 0.0
          },
          {
            "time": "2010-01-12T12:55:59+00:00",
            "course": 180.0,
            "speed": 12.0,
            "depth": 0.0
          },
          {
            "time": "2010-01-12T12:56:14+00:00",
            "course": 180.0,
            "speed": 12.0,
            "depth": 0.0
          },
          {
            "time": "2010-01-12T12:56:29+00:00",
            "course": 180.0,
            "speed": 12.0,
            "depth": 0.0
          },
          {
            "time": "2010-01-12T12:56:44+00:00",
            "course": 180.0,
            "speed": 12.0,
            "depth": 0.0
          },
          {
            "time": "2010-01-12T12:56:59+00:00",
            "course": 180.0,
            "speed": 12.0,
            "depth": 0.0
          },
          {
            "time": "2010-01-12T12:57:14+00:00",
            "course": 180.0,
            "speed": 12.0,
            "depth": 0.0
          },
          {
            "time": "2010-01-12T12:57:29+00:00",
            "course": 180.0,
            "speed": 12.0,
            "depth": 0.0
          },
          {
            "time": "2010-01-12T12:57:44+00:00",
            "course": 180.0,
            "speed": 12.0,
            "depth": 0.0
          },
          {
            "time": "2010-01-12T12:57:59+00:00",
            "course": 180.0,
            "speed": 12.0,
            "depth": 0.0
          },
          {
            "time": "2010-01-12T12:58:14+00:00",
            "course": 180.0,
            "speed": 12.0,
            "depth": 0.0
          },
          {
            "time": "2010-01-12T12:58:29+00:00",
            "course": 180.0,
            "speed": 12.0,
            "depth": 0.0
          },
          {
            "time": "2010-01-12T12:58:44+00:00",
            "course": 180.0,
            "speed": 12.0,
            "depth": 0.0
          },
          {
            "time": "2010-01-12T12:58:59+00:00",
            "course": 180.0,
            "speed": 12.0,
            "depth": 0.0
          },
          {
            "time": "2010-01-12T12:59:14+00:00",
            "course": 180.0,
            "speed": 12.0,
            "depth": 0.0
          },
          {
            "time": "2010-01-12T12:59:29+00:00",
            "course": 180.0,
            "speed": 12.0,
            "depth": 0.0
          },
          {
            "time": "2010-01-12T12:59:44+00:00",
            "course": 180.0,
            "speed": 12.0,
            "depth": 0.0
          },
          {
            "time": "2010-01-12T12:59:59+00:00",
            "course": 180.0,
            "speed": 12.0,
            "depth": 0.0
          },
          {
            "time": "2010-01-12T13:00:14+00:00",
            "course": 180.0,
            "speed": 12.0,
            "depth": 0.0
          },
          {
            "time": "2010-01-12T13:00:29+00:00",
            "course": 180.0,
            "speed": 12.0,
            "depth": 0.0
          },
          {
            "time": "2010-01-12T13:00:44+00:00",
            "course": 180.0,
            "speed": 12.0,
            "depth": 0.0
          },
          {
            "time": "2010-01-12T13:00:59+00:00",
            "course": 180.0,
            "speed": 12.0,
            "depth": 0.0
          },
          {
            "time": "2010-01-12T13:01:14+00:00",
            "course": 180.0,
            "speed": 12.0,
            "depth": 0.0
          },
          {
            "time": "2010-01-12T13:01:29+00:00",
            "course": 180.0,
            "speed": 12.0,
            "depth": 0.0
          },
          {
            "time": "2010-01-12T13:01:44+00:00",
            "course": 180.0,
            "speed": 12.0,
            "depth": 0.0
          },
          {
            "time": "2010-01-12T13:01:59+00:00",
            "course": 180.0,
            "speed": 12.0,
            "depth": 0.0
          },
          {
            "time": "2010-01-12T13:02:14+00:00",
            "course": 180.0,
            "speed": 12.0,
            "depth": 0.0
          },
          {
            "time": "2010-01-12T13:02:29+00:00",
            "course": 180.0,
            "speed": 12.0,
            "depth": 0.0
          },
          {
            "time": "2010-01-12T13:02:44+00:00",
            "course": 180.0,
            "speed": 12.0,
            "depth": 0.0
          },
          {
            "time": "2010-01-12T13:02:59+00:00",
            "course": 180.0,
            "speed": 12.0,
            "depth": 0.0
          },
          {
            "time": "2010-01-12T13:03:14+00:00",
            "course": 180.0,
            "speed": 12.0,
            "depth": 0.0
          },
          {
            "time": "2010-01-12T13:03:29+00:00",
            "course": 180.0,
            "speed": 12.0,
            "depth": 0.0
          },
          {
            "time": "2010-01-12T13:03:44+00:00",
            "course": 180.0,
            "speed": 12.0,
            "depth": 0.0
          },
          {
            "time": "2010-01-12T13:03:59+00:00",
            "course": 180.0,
            "speed": 12.0,
            "depth": 0.0
          },
          {
            "time": "2010-01-12T13:04:14+00:00",
            "course": 180.0,
            "speed": 12.0,
            "depth": 0.0
          },
          {
            "time": "2010-01-12T13:04:29+00:00",
            "course": 180.0,
            "speed": 12.0,
            "depth": 0.0
          },
          {
            "time": "2010-01-12T13:04:44+00:00",
            "course": 180.0,
            "speed": 12.0,
            "depth": 0.0
          },
          {
            "time": "2010-01-12T13:04:59+00:00",
            "course": 180.0,
            "speed": 12.0,
            "depth": 0.0
          },
          {
            "time": "2010-01-12T13:05:14+00:00",
            "course": 180.0,
            "speed": 12.0,
            "depth": 0.0
          },
          {
            "time": "2010-01-12T13:05:29+00:00",
            "course": 180.0,
            "speed": 12.0,
            "depth": 0.0
          },
          {
            "time": "2010-01-12T13:05:44+00:00",
            "course": 180.0,
            "speed": 12.0,
            "depth": 0.0
          },
          {
            "time": "2010-01-12T13:05:59+00:00",
            "course": 180.0,
            "speed": 12.0,
            "depth": 0.0
          },
          {
            "time": "2010-01-12T13:06:14+00:00",
            "course": 180.0,
            "speed": 12.0,
            "depth": 0.0
          },
          {
            "time": "2010-01-12T13:06:29+00:00",
            "course": 180.0,
            "speed": 12.0,
            "depth": 0.0
          },
          {
            "time": "2010-01-12T13:06:44+00:00",
            "course": 180.0,
            "speed": 12.0,
            "depth": 0.0
          },
          {
            "time": "2010-01-12T13:06:59+00:00",
            "course": 180.0,
            "speed": 12.0,
            "depth": 0.0
          },
          {
            "time": "2010-01-12T13:07:14+00:00",
            "course": 180.0,
            "speed": 12.0,
            "depth": 0.0
          },
          {
            "time": "2010-01-12T13:07:29+00:00",
            "course": 180.0,
            "speed": 12.0,
            "depth": 0.0
          },
          {
            "time": "2010-01-12T13:07:44+00:00",
            "course": 180.0,
            "speed": 12.0,
            "depth": 0.0
          },
          {
            "time": "2010-01-12T13:07:59+00:00",
            "course": 180.0,
            "speed": 12.0,
            "depth": 0.0
          },
          {
            "time": "2010-01-12T13:08:14+00:00",
            "course": 180.0,
            "speed": 12.0,
            "depth": 0.0
          },
          {
            "time": "2010-01-12T13:08:29+00:00",
            "course": 180.0,
            "speed": 12.0,
            "depth": 0.0
          },
          {
            "time": "2010-01-12T13:08:44+00:00",
            "course": 180.0,
            "speed": 12.0,
            "depth": 0.0
          },
          {
            "time": "2010-01-12T13:08:59+00:00",
            "course": 180.0,
            "speed": 12.0,
            "depth": 0.0
          },
          {
            "time": "2010-01-12T13:09:14+00:00",
            "course": 180.0,
            "speed": 12.0,
            "depth": 0.0
          },
          {
            "time": "2010-01-12T13:09:29+00:00",
            "course": 180.0,
            "speed": 12.0,
            "depth": 0.0
          },
          {
            "time": "2010-01-12T13:09:44+00:00",
            "course": 180.0,
            "speed": 12.0,
            "depth": 0.0
          },
          {
            "time": "2010-01-12T13:09:59+00:00",
            "course": 180.0,
            "speed": 12.0,
            "depth": 0.0
          },
          {
            "time": "2010-01-12T13:10:14+00:00",
            "course": 180.0,
            "speed": 12.0,
            "depth": 0.0
          },
          {
            "time": "2010-01-12T13:10:29+00:00",
            "course": 180.0,
            "speed": 12.0,
            "depth": 0.0
          },
          {
            "time": "2010-01-12T13:10:44+00:00",
            "course": 180.0,
            "speed": 12.0,
            "depth": 0.0
          },
          {
            "time": "2010-01-12T13:10:59+00:00",
            "course": 180.0,
            "speed": 12.0,
            "depth": 0.0
          },
          {
            "time": "2010-01-12T13:11:14+00:00",
            "course": 180.0,
            "speed": 12.0,
            "depth": 0.0
          },
          {
            "time": "2010-01-12T13:11:29+00:00",
            "course": 180.0,
            "speed": 12.0,
            "depth": 0.0
          },
          {
            "time": "2010-01-12T13:11:44+00:00",
            "course": 180.0,
            "speed": 12.0,
            "depth": 0.0
          },
          {
            "time": "2010-01-12T13:11:59+00:00",
            "course": 180.0,
            "speed": 12.0,
            "depth": 0.0
          },
          {
            "time": "2010-01-12T13:12:14+00:00",
            "course": 180.0,
            "speed": 12.0,
            "depth": 0.0
          },
          {
            "time": "2010-01-12T13:12:29+00:00",
            "course": 180.0,
            "speed": 12.0,
            "depth": 0.0
          },
          {
            "time": "2010-01-12T13:12:44+00:00",
            "course": 180.0,
            "speed": 12.0,
            "depth": 0.0
          },
          {
            "time": "2010-01-12T13:12:59+00:00",
            "course": 180.0,
            "speed": 12.0,
            "depth": 0.0
          },
          {
            "time": "2010-01-12T13:13:14+00:00",
            "course": 180.0,
            "speed": 12.0,
            "depth": 0.0
          }
        ],
        "default_position_style": {
          "show_symbol": false,
          "symbol": "circle",
          "show_label": false
        },
        "symbol_interval": "PT5M",
        "label_interval": "PT15M"
      }
    },
    {
      "type": "Feature",
      "id": "5b136a45-8c42-4acf-8ae9-73e8439b4aba",
      "geometry": null,
      "properties": {
        "kind": "SENSOR_CONTACT",
        "parent_track": "SENSOR",
        "sensor_name": "Sonar",
        "bearing": 2.4,
        "time": "2010-01-12T12:13:14+00:00",
        "label": "Cookie\tSUBJECT\theld\ton\tPlain\tCookie"
      }
    },
    {
      "type": "Feature",
      "id": "629a8cd0-8ac1-496f-9ffb-39e6da44d61e",
      "geometry": null,
      "properties": {
        "kind": "SENSOR_CONTACT",
        "parent_track": "SENSOR",
        "sensor_name": "Sonar",
        "bearing": 1.5,
        "time": "2010-01-12T12:13:29+00:00",
        "label": "Cookie\tSUBJECT\theld\ton\tPlain\tCookie"
      }
    },
    {
      "type": "Feature",
      "id": "37cdbcef-e71b-4828-9a01-e7997d0bd61c",
      "geometry": null,
      "properties": {
        "kind": "SENSOR_CONTACT",
        "parent_track": "SENSOR",
        "sensor_name": "Sonar",
        "bearing": 1.1,
        "time": "2010-01-12T12:13:44+00:00",
        "label": "Cookie\tSUBJECT\theld\ton\tPlain\tCookie"
      }
    },
    {
      "type": "Feature",
      "id": "bef7fe3f-ab95-476a-b68e-8a04842c0b2a",
      "geometry": null,
      "properties": {
        "kind": "SENSOR_CONTACT",
        "parent_track": "SENSOR",
        "sensor_name": "Sonar",
        "bearing": 1.1,
        "time": "2010-01-12T12:13:59+00:00",
        "label": "Cookie\tSUBJECT\theld\ton\tPlain\tCookie"
      }
    },
    {
      "type": "Feature",
      "id": "6d3806de-1504-4185-9420-72d33be7326e",
      "geometry": null,
      "properties": {
        "kind": "SENSOR_CONTACT",
        "parent_track": "SENSOR",
        "sensor_name": "Sonar",
        "bearing": 1.2,
        "time": "2010-01-12T12:14:14+00:00",
        "label": "Cookie\tSUBJECT\theld\ton\tPlain\tCookie"
      }
    },
    {
      "type": "Feature",
      "id": "ccaaef89-0eb3-48dd-a094-f24329da1e90",
      "geometry": null,
      "properties": {
        "kind": "SENSOR_CONTACT",
        "parent_track": "SENSOR",
        "sensor_name": "Sonar",
        "bearing": 1.4,
        "time": "2010-01-12T12:14:29+00:00",
        "label": "Cookie\tSUBJECT\theld\ton\tPlain\tCookie"
      }
    },
    {
      "type": "Feature",
      "id": "86ad2651-dae2-4fe2-a66a-21297255ce08",
      "geometry": null,
      "properties": {
        "kind": "SENSOR_CONTACT",
        "parent_track": "SENSOR",
        "sensor_name": "Sonar",
        "bearing": 1.6,
        "time": "2010-01-12T12:14:44+00:00",
        "label": "Cookie\tSUBJECT\theld\ton\tPlain\tCookie"
      }
    },
    {
      "type": "Feature",
      "id": "37049e99-35e6-46f6-83fe-902de892fde8",
      "geometry": null,
      "properties": {
        "kind": "SENSOR_CONTACT",
        "parent_track": "SENSOR",
        "sensor_name": "Sonar",
        "bearing": 1.8,
        "time": "2010-01-12T12:14:59+00:00",
        "label": "Cookie\tSUBJECT\theld\ton\tPlain\tCookie"
      }
    },
    {
      "type": "Feature",
      "id": "daef2a9b-c96f-483a-9e40-b355ec55407d",
      "geometry": null,
      "properties": {
        "kind": "SENSOR_CONTACT",
        "parent_track": "SENSOR",
        "sensor_name": "Sonar",
        "bearing": 2.0,
        "time": "2010-01-12T12:15:14+00:00",
        "label": "Cookie\tSUBJECT\theld\ton\tPlain\tCookie"
      }
    },
    {
      "type": "Feature",
      "id": "9525a242-88b5-4f10-a271-f9c4d5a162c4",
      "geometry": null,
      "properties": {
        "kind": "SENSOR_CONTACT",
        "parent_track": "SENSOR",
        "sensor_name": "Sonar",
        "bearing": 2.2,
        "time": "2010-01-12T12:15:29+00:00",
        "label": "Cookie\tSUBJECT\theld\ton\tPlain\tCookie"
      }
    },
    {
      "type": "Feature",
      "id": "91d8f598-5f4d-4de3-9c86-c5ff477f4afa",
      "geometry": null,
      "properties": {
        "kind": "SENSOR_CONTACT",
        "parent_track": "SENSOR",
        "sensor_name": "Sonar",
        "bearing": 2.3,
        "time": "2010-01-12T12:15:44+00:00",
        "label": "Cookie\tSUBJECT\theld\ton\tPlain\tCookie"
      }
    },
    {
      "type": "Feature",
      "id": "790be9bb-fc85-4a2e-aa49-37e43038d012",
      "geometry": null,
      "properties": {
        "kind": "SENSOR_CONTACT",
        "parent_track": "SENSOR",
        "sensor_name": "Sonar",
        "bearing": 2.5,
        "time": "2010-01-12T12:15:59+00:00",
        "label": "Cookie\tSUBJECT\theld\ton\tPlain\tCookie"
      }
    },
    {
      "type": "Feature",
      "id": "54db2ec7-5115-4224-8562-f7fcc3021431",
      "geometry": null,
      "properties": {
        "kind": "SENSOR_CONTACT",
        "parent_track": "SENSOR",
        "sensor_name": "Sonar",
        "bearing": 2.7,
        "time": "2010-01-12T12:16:14+00:00",
        "label": "Cookie\tSUBJECT\theld\ton\tPlain\tCookie"
      }
    },
    {
      "type": "Feature",
      "id": "5fdecf74-a617-4cf5-8b31-0a9e203bb3e9",
      "geometry": null,
      "properties": {
        "kind": "SENSOR_CONTACT",
        "parent_track": "SENSOR",
        "sensor_name": "Sonar",
        "bearing": 2.9,
        "time": "2010-01-12T12:16:29+00:00",
        "label": "Cookie\tSUBJECT\theld\ton\tPlain\tCookie"
      }
    },
    {
      "type": "Feature",
      "id": "3491328d-4531-488f-9944-3db26289bbc9",
      "geometry": null,
      "properties": {
        "kind": "SENSOR_CONTACT",
        "parent_track": "SENSOR",
        "sensor_name": "Sonar",
        "bearing": 3.1,
        "time": "2010-01-12T12:16:44+00:00",
        "label": "Cookie\tSUBJECT\theld\ton\tPlain\tCookie"
      }
    },
    {
      "type": "Feature",
      "id": "79293430-f441-42d3-ae6d-5e27b5014311",
      "geometry": null,
      "properties": {
        "kind": "SENSOR_CONTACT",
        "parent_track": "SENSOR",
        "sensor_name": "Sonar",
        "bearing": 3.3,
        "time": "2010-01-12T12:16:59+00:00",
        "label": "Cookie\tSUBJECT\theld\ton\tPlain\tCookie"
      }
    },
    {
      "type": "Feature",
      "id": "d466cde2-7046-481c-8500-d37f0b6c6310",
      "geometry": null,
      "properties": {
        "kind": "SENSOR_CONTACT",
        "parent_track": "SENSOR",
        "sensor_name": "Sonar",
        "bearing": 3.5,
        "time": "2010-01-12T12:17:14+00:00",
        "label": "Cookie\tSUBJECT\theld\ton\tPlain\tCookie"
      }
    },
    {
      "type": "Feature",
      "id": "f730eb94-f271-4913-98e9-7f4ce097f75e",
      "geometry": null,
      "properties": {
        "kind": "SENSOR_CONTACT",
        "parent_track": "SENSOR",
        "sensor_name": "Sonar",
        "bearing": 3.6,
        "time": "2010-01-12T12:17:29+00:00",
        "label": "Cookie\tSUBJECT\theld\ton\tPlain\tCookie"
      }
    },
    {
      "type": "Feature",
      "id": "f6c53900-8e9d-4adb-b8fc-6f9012a6d303",
      "geometry": null,
      "properties": {
        "kind": "SENSOR_CONTACT",
        "parent_track": "SENSOR",
        "sensor_name": "Sonar",
        "bearing": 3.8,
        "time": "2010-01-12T12:17:44+00:00",
        "label": "Cookie\tSUBJECT\theld\ton\tPlain\tCookie"
      }
    },
    {
      "type": "Feature",
      "id": "8b3515c7-f71a-4b10-b5dc-ef57bf88595e",
      "geometry": null,
      "properties": {
        "kind": "SENSOR_CONTACT",
        "parent_track": "SENSOR",
        "sensor_name": "Sonar",
        "bearing": 4.0,
        "time": "2010-01-12T12:17:59+00:00",
        "label": "Cookie\tSUBJECT\theld\ton\tPlain\tCookie"
      }
    },
    {
      "type": "Feature",
      "id": "97c7bbd1-5c59-4a5f-af4e-b8b9489e0879",
      "geometry": null,
      "properties": {
        "kind": "SENSOR_CONTACT",
        "parent_track": "SENSOR",
        "sensor_name": "Sonar",
        "bearing": 4.2,
        "time": "2010-01-12T12:18:14+00:00",
        "label": "Cookie\tSUBJECT\theld\ton\tPlain\tCookie"
      }
    },
    {
      "type": "Feature",
      "id": "9c3218a8-7c37-4523-9212-a64fe4c53638",
      "geometry": null,
      "properties": {
        "kind": "SENSOR_CONTACT",
        "parent_track": "SENSOR",
        "sensor_name": "Sonar",
        "bearing": 4.3,
        "time": "2010-01-12T12:18:29+00:00",
        "label": "Cookie\tSUBJECT\theld\ton\tPlain\tCookie"
      }
    },
    {
      "type": "Feature",
      "id": "9de64d5a-9117-41e2-b030-c04fe3e49cc0",
      "geometry": null,
      "properties": {
        "kind": "SENSOR_CONTACT",
        "parent_track": "SENSOR",
        "sensor_name": "Sonar",
        "bearing": 4.3,
        "time": "2010-01-12T12:18:44+00:00",
        "label": "Cookie\tSUBJECT\theld\ton\tPlain\tCookie"
      }
    },
    {
      "type": "Feature",
      "id": "938f3d90-a98c-4de1-af0a-c372e9e05f54",
      "geometry": null,
      "properties": {
        "kind": "SENSOR_CONTACT",
        "parent_track": "SENSOR",
        "sensor_name": "Sonar",
        "bearing": 3.9,
        "time": "2010-01-12T12:18:59+00:00",
        "label": "Cookie\tSUBJECT\theld\ton\tPlain\tCookie"
      }
    },
    {
      "type": "Feature",
      "id": "5ad9ed4f-dfb7-4ca3-93b4-12b5dbe0b507",
      "geometry": null,
      "properties": {
        "kind": "SENSOR_CONTACT",
        "parent_track": "SENSOR",
        "sensor_name": "Sonar",
        "bearing": 3.4,
        "time": "2010-01-12T12:19:14+00:00",
        "label": "Cookie\tSUBJECT\theld\ton\tPlain\tCookie"
      }
    },
    {
      "type": "Feature",
      "id": "7cba72c1-816e-4210-bf0b-1f8fddf91c6a",
      "geometry": null,
      "properties": {
        "kind": "SENSOR_CONTACT",
        "parent_track": "SENSOR",
        "sensor_name": "Sonar",
        "bearing": 2.9,
        "time": "2010-01-12T12:19:29+00:00",
        "label": "Cookie\tSUBJECT\theld\ton\tPlain\tCookie"
      }
    },
    {
      "type": "Feature",
      "id": "e37033c2-d206-4fae-b83a-0753961d608e",
      "geometry": null,
      "properties": {
        "kind": "SENSOR_CONTACT",
        "parent_track": "SENSOR",
        "sensor_name": "Sonar",
        "bearing": 2.5,
        "time": "2010-01-12T12:19:44+00:00",
        "label": "Cookie\tSUBJECT\theld\ton\tPlain\tCookie"
      }
    },
    {
      "type": "Feature",
      "id": "b1f075ac-ae77-4491-b387-fb281853908c",
      "geometry": null,
      "properties": {
        "kind": "SENSOR_CONTACT",
        "parent_track": "SENSOR",
        "sensor_name": "Sonar",
        "bearing": 2.0,
        "time": "2010-01-12T12:19:59+00:00",
        "label": "Cookie\tSUBJECT\theld\ton\tPlain\tCookie"
      }
    },
    {
      "type": "Feature",
      "id": "7ebe581b-859d-4246-82d7-40bd6bafcfd4",
      "geometry": null,
      "properties": {
        "kind": "SENSOR_CONTACT",
        "parent_track": "SENSOR",
        "sensor_name": "Sonar",
        "bearing": 1.4,
        "time": "2010-01-12T12:20:14+00:00",
        "label": "Cookie\tSUBJECT\theld\ton\tPlain\tCookie"
      }
    },
    {
      "type": "Feature",
      "id": "30b5e17f-7834-42bb-9a6b-84c8e669f094",
      "geometry": null,
      "properties": {
        "kind": "SENSOR_CONTACT",
        "parent_track": "SENSOR",
        "sensor_name": "Sonar",
        "bearing": 0.9,
        "time": "2010-01-12T12:20:29+00:00",
        "label": "Cookie\tSUBJECT\theld\ton\tPlain\tCookie"
      }
    },
    {
      "type": "Feature",
      "id": "7ee858be-d0e3-43ee-8e3b-2b2d34d2563c",
      "geometry": null,
      "properties": {
        "kind": "SENSOR_CONTACT",
        "parent_track": "SENSOR",
        "sensor_name": "Sonar",
        "bearing": 0.4,
        "time": "2010-01-12T12:20:44+00:00",
        "label": "Cookie\tSUBJECT\theld\ton\tPlain\tCookie"
      }
    },
    {
      "type": "Feature",
      "id": "13155912-6034-4117-81ff-0858a0756bdd",
      "geometry": null,
      "properties": {
        "kind": "SENSOR_CONTACT",
        "parent_track": "SENSOR",
        "sensor_name": "Sonar",
        "bearing": -0.2,
        "time": "2010-01-12T12:20:59+00:00",
        "label": "Cookie\tSUBJECT\theld\ton\tPlain\tCookie"
      }
    },
    {
      "type": "Feature",
      "id": "5f8ad400-418c-45ca-ae80-a0e2d1ad97d7",
      "geometry": null,
      "properties": {
        "kind": "SENSOR_CONTACT",
        "parent_track": "SENSOR",
        "sensor_name": "Sonar",
        "bearing": -0.8,
        "time": "2010-01-12T12:21:14+00:00",
        "label": "Cookie\tSUBJECT\theld\ton\tPlain\tCookie"
      }
    },
    {
      "type": "Feature",
      "id": "cc943010-aa22-46d2-a0dc-c5f5ef2f84d0",
      "geometry": null,
      "properties": {
        "kind": "SENSOR_CONTACT",
        "parent_track": "SENSOR",
        "sensor_name": "Sonar",
        "bearing": -1.4,
        "time": "2010-01-12T12:21:29+00:00",
        "label": "Cookie\tSUBJECT\theld\ton\tPlain\tCookie"
      }
    },
    {
      "type": "Feature",
      "id": "8477157a-4990-4626-97ef-c6b6158ed120",
      "geometry": null,
      "properties": {
        "kind": "SENSOR_CONTACT",
        "parent_track": "SENSOR",
        "sensor_name": "Sonar",
        "bearing": -2.0,
        "time": "2010-01-12T12:21:44+00:00",
        "label": "Cookie\tSUBJECT\theld\ton\tPlain\tCookie"
      }
    },
    {
      "type": "Feature",
      "id": "2e0c87d9-dea1-4708-9bcd-563ff8203304",
      "geometry": null,
      "properties": {
        "kind": "SENSOR_CONTACT",
        "parent_track": "SENSOR",
        "sensor_name": "Sonar",
        "bearing": -2.6,
        "time": "2010-01-12T12:21:59+00:00",
        "label": "Cookie\tSUBJECT\theld\ton\tPlain\tCookie"
      }
    },
    {
      "type": "Feature",
      "id": "bafffa86-1d22-4122-a4c9-3bb9033412e6",
      "geometry": null,
      "properties": {
        "kind": "SENSOR_CONTACT",
        "parent_track": "SENSOR",
        "sensor_name": "Sonar",
        "bearing": -3.3,
        "time": "2010-01-12T12:22:14+00:00",
        "label": "Cookie\tSUBJECT\theld\ton\tPlain\tCookie"
      }
    },
    {
      "type": "Feature",
      "id": "60d86031-7aa8-4733-9059-01abaedd383e",
      "geometry": null,
      "properties": {
        "kind": "SENSOR_CONTACT",
        "parent_track": "SENSOR",
        "sensor_name": "Sonar",
        "bearing": -3.9,
        "time": "2010-01-12T12:22:29+00:00",
        "label": "Cookie\tSUBJECT\theld\ton\tPlain\tCookie"
      }
    },
    {
      "type": "Feature",
      "id": "bdaf3975-5fdb-4c13-a58c-24e53480ccdb",
      "geometry": null,
      "properties": {
        "kind": "SENSOR_CONTACT",
        "parent_track": "SENSOR",
        "sensor_name": "Sonar",
        "bearing": -4.6,
        "time": "2010-01-12T12:22:44+00:00",
        "label": "Cookie\tSUBJECT\theld\ton\tPlain\tCookie"
      }
    },
    {
      "type": "Feature",
      "id": "9f85edfd-48f3-4fa0-97c9-5e5fda772116",
      "geometry": null,
      "properties": {
        "kind": "SENSOR_CONTACT",
        "parent_track": "SENSOR",
        "sensor_name": "Sonar",
        "bearing": -5.3,
        "time": "2010-01-12T12:22:59+00:00",
        "label": "Cookie\tSUBJECT\theld\ton\tPlain\tCookie"
      }
    },
    {
      "type": "Feature",
      "id": "8dad0089-3973-4c47-a842-95c430ec3191",
      "geometry": null,
      "properties": {
        "kind": "SENSOR_CONTACT",
        "parent_track": "SENSOR",
        "sensor_name": "Sonar",
        "bearing": -6.1,
        "time": "2010-01-12T12:23:14+00:00",
        "label": "Cookie\tSUBJECT\theld\ton\tPlain\tCookie"
      }
    },
    {
      "type": "Feature",
      "id": "4196e9f3-7778-43a6-9954-bf84c69d5a34",
      "geometry": null,
      "properties": {
        "kind": "SENSOR_CONTACT",
        "parent_track": "SENSOR",
        "sensor_name": "Sonar",
        "bearing": -6.8,
        "time": "2010-01-12T12:23:29+00:00",
        "label": "Cookie\tSUBJECT\theld\ton\tPlain\tCookie"
      }
    },
    {
      "type": "Feature",
      "id": "cfa2bd0b-d987-40f1-96cf-6d908227a775",
      "geometry": null,
      "properties": {
        "kind": "SENSOR_CONTACT",
        "parent_track": "SENSOR",
        "sensor_name": "Sonar",
        "bearing": -7.6,
        "time": "2010-01-12T12:23:44+00:00",
        "label": "Cookie\tSUBJECT\theld\ton\tPlain\tCookie"
      }
    },
    {
      "type": "Feature",
      "id": "d5188f71-09a4-44f7-875a-4294b6aa823e",
      "geometry": null,
      "properties": {
        "kind": "SENSOR_CONTACT",
        "parent_track": "SENSOR",
        "sensor_name": "Sonar",
        "bearing": -8.4,
        "time": "2010-01-12T12:23:59+00:00",
        "label": "Cookie\tSUBJECT\theld\ton\tPlain\tCookie"
      }
    },
    {
      "type": "Feature",
      "id": "ea0e8130-024b-4740-9df7-48b9394e12c9",
      "geometry": null,
      "properties": {
        "kind": "SENSOR_CONTACT",
        "parent_track": "SENSOR",
        "sensor_name": "Sonar",
        "bearing": -9.3,
        "time": "2010-01-12T12:24:14+00:00",
        "label": "Cookie\tSUBJECT\theld\ton\tPlain\tCookie"
      }
    },
    {
      "type": "Feature",
      "id": "e3756a50-0a13-48ed-ba37-a3528a71e7c1",
      "geometry": null,
      "properties": {
        "kind": "SENSOR_CONTACT",
        "parent_track": "SENSOR",
        "sensor_name": "Sonar",
        "bearing": -10.1,
        "time": "2010-01-12T12:24:29+00:00",
        "label": "Cookie\tSUBJECT\theld\ton\tPlain\tCookie"
      }
    },
    {
      "type": "Feature",
      "id": "f6d37dec-b05c-4135-84ad-12d854512f90",
      "geometry": null,
      "properties": {
        "kind": "SENSOR_CONTACT",
        "parent_track": "SENSOR",
        "sensor_name": "Sonar",
        "bearing": -11.0,
        "time": "2010-01-12T12:24:44+00:00",
        "label": "Cookie\tSUBJECT\theld\ton\tPlain\tCookie"
      }
    },
    {
      "type": "Feature",
      "id": "1e601b89-0bd9-4ca9-9500-3a063d498a09",
      "geometry": null,
      "properties": {
        "kind": "SENSOR_CONTACT",
        "parent_track": "SENSOR",
        "sensor_name": "Sonar",
        "bearing": -11.9,
        "time": "2010-01-12T12:24:59+00:00",
        "label": "Cookie\tSUBJECT\theld\ton\tPlain\tCookie"
      }
    },
    {
      "type": "Feature",
      "id": "951d1937-4902-40f1-ac59-50e8e4f7b84a",
      "geometry": null,
      "properties": {
        "kind": "SENSOR_CONTACT",
        "parent_track": "SENSOR",
        "sensor_name": "Sonar",
        "bearing": -12.9,
        "time": "2010-01-12T12:25:14+00:00",
        "label": "Cookie\tSUBJECT\theld\ton\tPlain\tCookie"
      }
    },
    {
      "type": "Feature",
      "id": "d95ddb0b-e953-48c4-a5f8-20df916c652c",
      "geometry": null,
      "properties": {
        "kind": "SENSOR_CONTACT",
        "parent_track": "SENSOR",
        "sensor_name": "Sonar",
        "bearing": -13.9,
        "time": "2010-01-12T12:25:29+00:00",
        "label": "Cookie\tSUBJECT\theld\ton\tPlain\tCookie"
      }
    },
    {
      "type": "Feature",
      "id": "432c98ed-b280-432d-a181-d14094ce5523",
      "geometry": null,
      "properties": {
        "kind": "SENSOR_CONTACT",
        "parent_track": "SENSOR",
        "sensor_name": "Sonar",
        "bearing": -14.9,
        "time": "2010-01-12T12:25:44+00:00",
        "label": "Cookie\tSUBJECT\theld\ton\tPlain\tCookie"
      }
    },
    {
      "type": "Feature",
      "id": "3ef9c239-664f-4cae-a29a-4cef23d15355",
      "geometry": null,
      "properties": {
        "kind": "SENSOR_CONTACT",
        "parent_track": "SENSOR",
        "sensor_name": "Sonar",
        "bearing": -15.9,
        "time": "2010-01-12T12:25:59+00:00",
        "label": "Cookie\tSUBJECT\theld\ton\tPlain\tCookie"
      }
    },
    {
      "type": "Feature",
      "id": "d94a6ff0-b322-41a6-8de4-1fce2de80bc0",
      "geometry": null,
      "properties": {
        "kind": "SENSOR_CONTACT",
        "parent_track": "SENSOR",
        "sensor_name": "Sonar",
        "bearing": -17.0,
        "time": "2010-01-12T12:26:14+00:00",
        "label": "Cookie\tSUBJECT\theld\ton\tPlain\tCookie"
      }
    },
    {
      "type": "Feature",
      "id": "e9ac0d0f-8668-4414-bb77-10b8af223ebd",
      "geometry": null,
      "properties": {
        "kind": "SENSOR_CONTACT",
        "parent_track": "SENSOR",
        "sensor_name": "Sonar",
        "bearing": -18.1,
        "time": "2010-01-12T12:26:29+00:00",
        "label": "Cookie\tSUBJECT\theld\ton\tPlain\tCookie"
      }
    },
    {
      "type": "Feature",
      "id": "1db5922c-1b5b-46a4-8ff5-cbbabf87fe53",
      "geometry": null,
      "properties": {
        "kind": "SENSOR_CONTACT",
        "parent_track": "SENSOR",
        "sensor_name": "Sonar",
        "bearing": -19.3,
        "time": "2010-01-12T12:26:44+00:00",
        "label": "Cookie\tSUBJECT\theld\ton\tPlain\tCookie"
      }
    },
    {
      "type": "Feature",
      "id": "25a3b272-633d-4f68-82b5-8f86c4ad97fd",
      "geometry": null,
      "properties": {
        "kind": "SENSOR_CONTACT",
        "parent_track": "SENSOR",
        "sensor_name": "Sonar",
        "bearing": -20.4,
        "time": "2010-01-12T12:26:59+00:00",
        "label": "Cookie\tSUBJECT\theld\ton\tPlain\tCookie"
      }
    },
    {
      "type": "Feature",
      "id": "fc4d83bf-f938-4c0e-8c57-ca86b125a953",
      "geometry": null,
      "properties": {
        "kind": "SENSOR_CONTACT",
        "parent_track": "SENSOR",
        "sensor_name": "Sonar",
        "bearing": -21.7,
        "time": "2010-01-12T12:27:14+00:00",
        "label": "Cookie\tSUBJECT\theld\ton\tPlain\tCookie"
      }
    },
    {
      "type": "Feature",
      "id": "75b30358-2e15-4b0b-a3d3-7a7793960c24",
      "geometry": null,
      "properties": {
        "kind": "SENSOR_CONTACT",
        "parent_track": "SENSOR",
        "sensor_name": "Sonar",
        "bearing": -22.9,
        "time": "2010-01-12T12:27:29+00:00",
        "label": "Cookie\tSUBJECT\theld\ton\tPlain\tCookie"
      }
    },
    {
      "type": "Feature",
      "id": "a45cb471-5a25-49ab-9e82-542c9cacfbde",
      "geometry": null,
      "properties": {
        "kind": "SENSOR_CONTACT",
        "parent_track": "SENSOR",
        "sensor_name": "Sonar",
        "bearing": -24.2,
        "time": "2010-01-12T12:27:44+00:00",
        "label": "Cookie\tSUBJECT\theld\ton\tPlain\tCookie"
      }
    },
    {
      "type": "Feature",
      "id": "18cb17c7-76d7-48f7-b1bb-742f02666f12",
      "geometry": null,
      "properties": {
        "kind": "SENSOR_CONTACT",
        "parent_track": "SENSOR",
        "sensor_name": "Sonar",
        "bearing": -25.5,
        "time": "2010-01-12T12:27:59+00:00",
        "label": "Cookie\tSUBJECT\theld\ton\tPlain\tCookie"
      }
    },
    {
      "type": "Feature",
      "id": "334845e0-a17f-42c5-a31d-521214359ae5",
      "geometry": null,
      "properties": {
        "kind": "SENSOR_CONTACT",
        "parent_track": "SENSOR",
        "sensor_name": "Sonar",
        "bearing": -26.9,
        "time": "2010-01-12T12:28:14+00:00",
        "label": "Cookie\tSUBJECT\theld\ton\tPlain\tCookie"
      }
    },
    {
      "type": "Feature",
      "id": "b96aa31e-2a09-4e6a-937e-44d7e0c36231",
      "geometry": null,
      "properties": {
        "kind": "SENSOR_CONTACT",
        "parent_track": "SENSOR",
        "sensor_name": "Sonar",
        "bearing": -28.3,
        "time": "2010-01-12T12:28:29+00:00",
        "label": "Cookie\tSUBJECT\theld\ton\tPlain\tCookie"
      }
    },
    {
      "type": "Feature",
      "id": "30928715-db5c-42ed-b597-156210611073",
      "geometry": null,
      "properties": {
        "kind": "SENSOR_CONTACT",
        "parent_track": "SENSOR",
        "sensor_name": "Sonar",
        "bearing": -29.4,
        "time": "2010-01-12T12:28:44+00:00",
        "label": "Cookie\tSUBJECT\theld\ton\tPlain\tCookie"
      }
    },
    {
      "type": "Feature",
      "id": "49c00c13-31f6-4494-bf88-46ce9983e2d3",
      "geometry": null,
      "properties": {
        "kind": "SENSOR_CONTACT",
        "parent_track": "SENSOR",
        "sensor_name": "Sonar",
        "bearing": -30.3,
        "time": "2010-01-12T12:28:59+00:00",
        "label": "Cookie\tSUBJECT\theld\ton\tPlain\tCookie"
      }
    },
    {
      "type": "Feature",
      "id": "6625f304-cad0-43cb-a439-4262119347b6",
      "geometry": null,
      "properties": {
        "kind": "SENSOR_CONTACT",
        "parent_track": "SENSOR",
        "sensor_name": "Sonar",
        "bearing": -31.2,
        "time": "2010-01-12T12:29:14+00:00",
        "label": "Cookie\tSUBJECT\theld\ton\tPlain\tCookie"
      }
    },
    {
      "type": "Feature",
      "id": "cc0fbf61-30a7-4c6b-9578-1bba75de2ca5",
      "geometry": null,
      "properties": {
        "kind": "SENSOR_CONTACT",
        "parent_track": "SENSOR",
        "sensor_name": "Sonar",
        "bearing": -32.2,
        "time": "2010-01-12T12:29:29+00:00",
        "label": "Cookie\tSUBJECT\theld\ton\tPlain\tCookie"
      }
    },
    {
      "type": "Feature",
      "id": "8e5cffcf-5f93-4a7b-a1b1-76798e723dd6",
      "geometry": null,
      "properties": {
        "kind": "SENSOR_CONTACT",
        "parent_track": "SENSOR",
        "sensor_name": "Sonar",
        "bearing": -33.2,
        "time": "2010-01-12T12:29:44+00:00",
        "label": "Cookie\tSUBJECT\theld\ton\tPlain\tCookie"
      }
    },
    {
      "type": "Feature",
      "id": "a3adca72-2dd3-4d8b-99bb-6a5975737d2e",
      "geometry": null,
      "properties": {
        "kind": "SENSOR_CONTACT",
        "parent_track": "SENSOR",
        "sensor_name": "Sonar",
        "bearing": -34.2,
        "time": "2010-01-12T12:29:59+00:00",
        "label": "Cookie\tSUBJECT\theld\ton\tPlain\tCookie"
      }
    },
    {
      "type": "Feature",
      "id": "bdda5746-8bc6-4fe6-999c-0a1aa2e35ba2",
      "geometry": null,
      "properties": {
        "kind": "SENSOR_CONTACT",
        "parent_track": "SENSOR",
        "sensor_name": "Sonar",
        "bearing": -35.2,
        "time": "2010-01-12T12:30:14+00:00",
        "label": "Cookie\tSUBJECT\theld\ton\tPlain\tCookie"
      }
    },
    {
      "type": "Feature",
      "id": "c31045b0-6592-4c36-a22c-035eaaf1e8d9",
      "geometry": null,
      "properties": {
        "kind": "SENSOR_CONTACT",
        "parent_track": "SENSOR",
        "sensor_name": "Sonar",
        "bearing": -36.3,
        "time": "2010-01-12T12:30:29+00:00",
        "label": "Cookie\tSUBJECT\theld\ton\tPlain\tCookie"
      }
    },
    {
      "type": "Feature",
      "id": "d343aa34-5ced-4d16-8e3b-5981b9363bff",
      "geometry": null,
      "properties": {
        "kind": "SENSOR_CONTACT",
        "parent_track": "SENSOR",
        "sensor_name": "Sonar",
        "bearing": -37.4,
        "time": "2010-01-12T12:30:44+00:00",
        "label": "Cookie\tSUBJECT\theld\ton\tPlain\tCookie"
      }
    },
    {
      "type": "Feature",
      "id": "f5f44029-25e7-4fe4-819c-f3ec0f703495",
      "geometry": null,
      "properties": {
        "kind": "SENSOR_CONTACT",
        "parent_track": "SENSOR",
        "sensor_name": "Sonar",
        "bearing": -38.5,
        "time": "2010-01-12T12:30:59+00:00",
        "label": "Cookie\tSUBJECT\theld\ton\tPlain\tCookie"
      }
    },
    {
      "type": "Feature",
      "id": "64a7c5f9-5e63-4b01-9eaa-a3a4e9b194c4",
      "geometry": null,
      "properties": {
        "kind": "SENSOR_CONTACT",
        "parent_track": "SENSOR",
        "sensor_name": "Sonar",
        "bearing": -39.7,
        "time": "2010-01-12T12:31:14+00:00",
        "label": "Cookie\tSUBJECT\theld\ton\tPlain\tCookie"
      }
    },
    {
      "type": "Feature",
      "id": "ff08a646-a2f1-45ef-84c9-ef5eb6f27f54",
      "geometry": null,
      "properties": {
        "kind": "SENSOR_CONTACT",
        "parent_track": "SENSOR",
        "sensor_name": "Sonar",
        "bearing": -40.9,
        "time": "2010-01-12T12:31:29+00:00",
        "label": "Cookie\tSUBJECT\theld\ton\tPlain\tCookie"
      }
    },
    {
      "type": "Feature",
      "id": "541620df-8485-45c7-a215-383b7131dcf6",
      "geometry": null,
      "properties": {
        "kind": "SENSOR_CONTACT",
        "parent_track": "SENSOR",
        "sensor_name": "Sonar",
        "bearing": -42.1,
        "time": "2010-01-12T12:31:44+00:00",
        "label": "Cookie\tSUBJECT\theld\ton\tPlain\tCookie"
      }
    },
    {
      "type": "Feature",
      "id": "2056cc21-8fd8-40d7-a876-36d767315736",
      "geometry": null,
      "properties": {
        "kind": "SENSOR_CONTACT",
        "parent_track": "SENSOR",
        "sensor_name": "Sonar",
        "bearing": -43.4,
        "time": "2010-01-12T12:31:59+00:00",
        "label": "Cookie\tSUBJECT\theld\ton\tPlain\tCookie"
      }
    },
    {
      "type": "Feature",
      "id": "f0e03c41-7d19-48d5-bc58-4587276afe4b",
      "geometry": null,
      "properties": {
        "kind": "SENSOR_CONTACT",
        "parent_track": "SENSOR",
        "sensor_name": "Sonar",
        "bearing": -44.7,
        "time": "2010-01-12T12:32:14+00:00",
        "label": "Cookie\tSUBJECT\theld\ton\tPlain\tCookie"
      }
    },
    {
      "type": "Feature",
      "id": "1169bbee-4f86-42c5-ab1c-4a2766073d55",
      "geometry": null,
      "properties": {
        "kind": "SENSOR_CONTACT",
        "parent_track": "SENSOR",
        "sensor_name": "Sonar",
        "bearing": -46.1,
        "time": "2010-01-12T12:32:29+00:00",
        "label": "Cookie\tSUBJECT\theld\ton\tPlain\tCookie"
      }
    },
    {
      "type": "Feature",
      "id": "6c6d8627-a619-47ab-a051-23698ac5a4ec",
      "geometry": null,
      "properties": {
        "kind": "SENSOR_CONTACT",
        "parent_track": "SENSOR",
        "sensor_name": "Sonar",
        "bearing": -47.7,
        "time": "2010-01-12T12:32:44+00:00",
        "label": "Cookie\tSUBJECT\theld\ton\tPlain\tCookie"
      }
    },
    {
      "type": "Feature",
      "id": "9d3878c8-56a4-4b86-a12c-9df1a181a9c0",
      "geometry": null,
      "properties": {
        "kind": "SENSOR_CONTACT",
        "parent_track": "SENSOR",
        "sensor_name": "Sonar",
        "bearing": -49.5,
        "time": "2010-01-12T12:32:59+00:00",
        "label": "Cookie\tSUBJECT\theld\ton\tPlain\tCookie"
      }
    },
    {
      "type": "Feature",
      "id": "2c095fdf-818e-4ca4-98dd-96e02c19e97b",
      "geometry": null,
      "properties": {
        "kind": "SENSOR_CONTACT",
        "parent_track": "SENSOR",
        "sensor_name": "Sonar",
        "bearing": -51.4,
        "time": "2010-01-12T12:33:14+00:00",
        "label": "Cookie\tSUBJECT\theld\ton\tPlain\tCookie"
      }
    },
    {
      "type": "Feature",
      "id": "5f146959-b894-47a2-a25e-1f3f831bced0",
      "geometry": null,
      "properties": {
        "kind": "SENSOR_CONTACT",
        "parent_track": "SENSOR",
        "sensor_name": "Sonar",
        "bearing": -53.4,
        "time": "2010-01-12T12:33:29+00:00",
        "label": "Cookie\tSUBJECT\theld\ton\tPlain\tCookie"
      }
    },
    {
      "type": "Feature",
      "id": "18984adf-2696-4d8d-8b15-aedd1091de51",
      "geometry": null,
      "properties": {
        "kind": "SENSOR_CONTACT",
        "parent_track": "SENSOR",
        "sensor_name": "Sonar",
        "bearing": -55.6,
        "time": "2010-01-12T12:33:44+00:00",
        "label": "Cookie\tSUBJECT\theld\ton\tPlain\tCookie"
      }
    },
    {
      "type": "Feature",
      "id": "981b9f07-ca42-4299-b8f9-147c2b41988c",
      "geometry": null,
      "properties": {
        "kind": "SENSOR_CONTACT",
        "parent_track": "SENSOR",
        "sensor_name": "Sonar",
        "bearing": -57.9,
        "time": "2010-01-12T12:33:59+00:00",
        "label": "Cookie\tSUBJECT\theld\ton\tPlain\tCookie"
      }
    },
    {
      "type": "Feature",
      "id": "009816fb-f353-47f1-b682-0b46349e4f92",
      "geometry": null,
      "properties": {
        "kind": "SENSOR_CONTACT",
        "parent_track": "SENSOR",
        "sensor_name": "Sonar",
        "bearing": -60.3,
        "time": "2010-01-12T12:34:14+00:00",
        "label": "Cookie\tSUBJECT\theld\ton\tPlain\tCookie"
      }
    },
    {
      "type": "Feature",
      "id": "cb919a5e-5039-4241-a8b4-fec3dce9a98b",
      "geometry": null,
      "properties": {
        "kind": "SENSOR_CONTACT",
        "parent_track": "SENSOR",
        "sensor_name": "Sonar",
        "bearing": -62.8,
        "time": "2010-01-12T12:34:29+00:00",
        "label": "Cookie\tSUBJECT\theld\ton\tPlain\tCookie"
      }
    },
    {
      "type": "Feature",
      "id": "ac77b353-535b-4aa3-8b55-7eb24914e28f",
      "geometry": null,
      "properties": {
        "kind": "SENSOR_CONTACT",
        "parent_track": "SENSOR",
        "sensor_name": "Sonar",
        "bearing": -65.4,
        "time": "2010-01-12T12:34:44+00:00",
        "label": "Cookie\tSUBJECT\theld\ton\tPlain\tCookie"
      }
    },
    {
      "type": "Feature",
      "id": "80140b7c-12f7-4758-8880-0a0490f09dee",
      "geometry": null,
      "properties": {
        "kind": "SENSOR_CONTACT",
        "parent_track": "SENSOR",
        "sensor_name": "Sonar",
        "bearing": -68.2,
        "time": "2010-01-12T12:34:59+00:00",
        "label": "Cookie\tSUBJECT\theld\ton\tPlain\tCookie"
      }
    },
    {
      "type": "Feature",
      "id": "5500505b-f9fc-4d89-99fc-20ca0f76ec77",
      "geometry": null,
      "properties": {
        "kind": "SENSOR_CONTACT",
        "parent_track": "SENSOR",
        "sensor_name": "Sonar",
        "bearing": -71.0,
        "time": "2010-01-12T12:35:14+00:00",
        "label": "Cookie\tSUBJECT\theld\ton\tPlain\tCookie"
      }
    },
    {
      "type": "Feature",
      "id": "ae7c39b9-a8a3-43c7-8f04-0c4c3e72a536",
      "geometry": null,
      "properties": {
        "kind": "SENSOR_CONTACT",
        "parent_track": "SENSOR",
        "sensor_name": "Sonar",
        "bearing": -73.4,
        "time": "2010-01-12T12:35:29+00:00",
        "label": "Cookie\tSUBJECT\theld\ton\tPlain\tCookie"
      }
    },
    {
      "type": "Feature",
      "id": "f0f44e27-230a-40a0-87a2-b260c82ba7ed",
      "geometry": null,
      "properties": {
        "kind": "SENSOR_CONTACT",
        "parent_track": "SENSOR",
        "sensor_name": "Sonar",
        "bearing": -74.6,
        "time": "2010-01-12T12:35:44+00:00",
        "label": "Cookie\tSUBJECT\theld\ton\tPlain\tCookie"
      }
    },
    {
      "type": "Feature",
      "id": "bce5dbdd-5bd6-466f-a996-185044375787",
      "geometry": null,
      "properties": {
        "kind": "SENSOR_CONTACT",
        "parent_track": "SENSOR",
        "sensor_name": "Sonar",
        "bearing": -75.5,
        "time": "2010-01-12T12:35:59+00:00",
        "label": "Cookie\tSUBJECT\theld\ton\tPlain\tCookie"
      }
    },
    {
      "type": "Feature",
      "id": "c1a09695-ef84-48b2-b9d6-595b7201eaa0",
      "geometry": null,
      "properties": {
        "kind": "SENSOR_CONTACT",
        "parent_track": "SENSOR",
        "sensor_name": "Sonar",
        "bearing": -76.4,
        "time": "2010-01-12T12:36:14+00:00",
        "label": "Cookie\tSUBJECT\theld\ton\tPlain\tCookie"
      }
    },
    {
      "type": "Feature",
      "id": "281b757e-b506-49f3-9a08-9c1f1eefd27c",
      "geometry": null,
      "properties": {
        "kind": "SENSOR_CONTACT",
        "parent_track": "SENSOR",
        "sensor_name": "Sonar",
        "bearing": -77.4,
        "time": "2010-01-12T12:36:29+00:00",
        "label": "Cookie\tSUBJECT\theld\ton\tPlain\tCookie"
      }
    },
    {
      "type": "Feature",
      "id": "8b0220ee-abdc-41f8-bdd2-c0c05ccafc73",
      "geometry": null,
      "properties": {
        "kind": "SENSOR_CONTACT",
        "parent_track": "SENSOR",
        "sensor_name": "Sonar",
        "bearing": -78.5,
        "time": "2010-01-12T12:36:44+00:00",
        "label": "Cookie\tSUBJECT\theld\ton\tPlain\tCookie"
      }
    },
    {
      "type": "Feature",
      "id": "d379bb16-b64c-453e-814a-7264f3a7d240",
      "geometry": null,
      "properties": {
        "kind": "SENSOR_CONTACT",
        "parent_track": "SENSOR",
        "sensor_name": "Sonar",
        "bearing": -79.6,
        "time": "2010-01-12T12:36:59+00:00",
        "label": "Cookie\tSUBJECT\theld\ton\tPlain\tCookie"
      }
    },
    {
      "type": "Feature",
      "id": "243ad9b6-d4fe-43bb-9d74-7343204bfdc7",
      "geometry": null,
      "properties": {
        "kind": "SENSOR_CONTACT",
        "parent_track": "SENSOR",
        "sensor_name": "Sonar",
        "bearing": -80.8,
        "time": "2010-01-12T12:37:14+00:00",
        "label": "Cookie\tSUBJECT\theld\ton\tPlain\tCookie"
      }
    },
    {
      "type": "Feature",
      "id": "1fa39a04-09e4-4ae0-a240-d1ca13f96fe0",
      "geometry": null,
      "properties": {
        "kind": "SENSOR_CONTACT",
        "parent_track": "SENSOR",
        "sensor_name": "Sonar",
        "bearing": -82.0,
        "time": "2010-01-12T12:37:29+00:00",
        "label": "Cookie\tSUBJECT\theld\ton\tPlain\tCookie"
      }
    },
    {
      "type": "Feature",
      "id": "d908217e-3674-416f-ad8e-c8a7b43d1926",
      "geometry": null,
      "properties": {
        "kind": "SENSOR_CONTACT",
        "parent_track": "SENSOR",
        "sensor_name": "Sonar",
        "bearing": -83.3,
        "time": "2010-01-12T12:37:44+00:00",
        "label": "Cookie\tSUBJECT\theld\ton\tPlain\tCookie"
      }
    },
    {
      "type": "Feature",
      "id": "9c35f20e-f059-4420-bcc8-ad97ecefd8bf",
      "geometry": null,
      "properties": {
        "kind": "SENSOR_CONTACT",
        "parent_track": "SENSOR",
        "sensor_name": "Sonar",
        "bearing": -84.6,
        "time": "2010-01-12T12:37:59+00:00",
        "label": "Cookie\tSUBJECT\theld\ton\tPlain\tCookie"
      }
    },
    {
      "type": "Feature",
      "id": "48db47a1-da24-48fc-ad65-328881517c4d",
      "geometry": null,
      "properties": {
        "kind": "SENSOR_CONTACT",
        "parent_track": "SENSOR",
        "sensor_name": "Sonar",
        "bearing": -86.0,
        "time": "2010-01-12T12:38:14+00:00",
        "label": "Cookie\tSUBJECT\theld\ton\tPlain\tCookie"
      }
    },
    {
      "type": "Feature",
      "id": "8c7fe024-4634-4538-b474-77cfc7ac0dca",
      "geometry": null,
      "properties": {
        "kind": "SENSOR_CONTACT",
        "parent_track": "SENSOR",
        "sensor_name": "Sonar",
        "bearing": -87.6,
        "time": "2010-01-12T12:38:29+00:00",
        "label": "Cookie\tSUBJECT\theld\ton\tPlain\tCookie"
      }
    },
    {
      "type": "Feature",
      "id": "46157412-cf05-4461-8e2a-465e5585cbc0",
      "geometry": null,
      "properties": {
        "kind": "SENSOR_CONTACT",
        "parent_track": "SENSOR",
        "sensor_name": "Sonar",
        "bearing": -89.1,
        "time": "2010-01-12T12:38:44+00:00",
        "label": "Cookie\tSUBJECT\theld\ton\tPlain\tCookie"
      }
    },
    {
      "type": "Feature",
      "id": "a7c29c29-a47c-4056-bce8-5acfe90ffec2",
      "geometry": null,
      "properties": {
        "kind": "SENSOR_CONTACT",
        "parent_track": "SENSOR",
        "sensor_name": "Sonar",
        "bearing": -90.8,
        "time": "2010-01-12T12:38:59+00:00",
        "label": "Cookie\tSUBJECT\theld\ton\tPlain\tCookie"
      }
    },
    {
      "type": "Feature",
      "id": "38405178-17b5-44bd-bb66-516518b32ec8",
      "geometry": null,
      "properties": {
        "kind": "SENSOR_CONTACT",
        "parent_track": "SENSOR",
        "sensor_name": "Sonar",
        "bearing": -92.6,
        "time": "2010-01-12T12:39:14+00:00",
        "label": "Cookie\tSUBJECT\theld\ton\tPlain\tCookie"
      }
    },
    {
      "type": "Feature",
      "id": "7d287fc3-63fb-4dc6-b5ff-d1e39d79ffd7",
      "geometry": null,
      "properties": {
        "kind": "SENSOR_CONTACT",
        "parent_track": "SENSOR",
        "sensor_name": "Sonar",
        "bearing": -94.4,
        "time": "2010-01-12T12:39:29+00:00",
        "label": "Cookie\tSUBJECT\theld\ton\tPlain\tCookie"
      }
    },
    {
      "type": "Feature",
      "id": "c096144f-848a-48d8-b596-973a8bf065c5",
      "geometry": null,
      "properties": {
        "kind": "SENSOR_CONTACT",
        "parent_track": "SENSOR",
        "sensor_name": "Sonar",
        "bearing": -96.4,
        "time": "2010-01-12T12:39:44+00:00",
        "label": "Cookie\tSUBJECT\theld\ton\tPlain\tCookie"
      }
    },
    {
      "type": "Feature",
      "id": "c58c9bae-19b9-44e5-b903-264bd54b834a",
      "geometry": null,
      "properties": {
        "kind": "SENSOR_CONTACT",
        "parent_track": "SENSOR",
        "sensor_name": "Sonar",
        "bearing": -98.4,
        "time": "2010-01-12T12:39:59+00:00",
        "label": "Cookie\tSUBJECT\theld\ton\tPlain\tCookie"
      }
    },
    {
      "type": "Feature",
      "id": "b5af3b6a-e9a9-417d-8104-6181633265b5",
      "geometry": null,
      "properties": {
        "kind": "SENSOR_CONTACT",
        "parent_track": "SENSOR",
        "sensor_name": "Sonar",
        "bearing": -100.6,
        "time": "2010-01-12T12:40:14+00:00",
        "label": "Cookie\tSUBJECT\theld\ton\tPlain\tCookie"
      }
    },
    {
      "type": "Feature",
      "id": "7e096828-9d72-4380-b9a8-f04a1fbaba74",
      "geometry": null,
      "properties": {
        "kind": "SENSOR_CONTACT",
        "parent_track": "SENSOR",
        "sensor_name": "Sonar",
        "bearing": -102.8,
        "time": "2010-01-12T12:40:29+00:00",
        "label": "Cookie\tSUBJECT\theld\ton\tPlain\tCookie"
      }
    },
    {
      "type": "Feature",
      "id": "20d39514-2d1c-410f-b99c-67a96a8c89b2",
      "geometry": null,
      "properties": {
        "kind": "SENSOR_CONTACT",
        "parent_track": "SENSOR",
        "sensor_name": "Sonar",
        "bearing": -105.1,
        "time": "2010-01-12T12:40:44+00:00",
        "label": "Cookie\tSUBJECT\theld\ton\tPlain\tCookie"
      }
    },
    {
      "type": "Feature",
      "id": "e2bf0ce4-f2c2-4084-bf65-1c50629851ae",
      "geometry": null,
      "properties": {
        "kind": "SENSOR_CONTACT",
        "parent_track": "SENSOR",
        "sensor_name": "Sonar",
        "bearing": -107.6,
        "time": "2010-01-12T12:40:59+00:00",
        "label": "Cookie\tSUBJECT\theld\ton\tPlain\tCookie"
      }
    },
    {
      "type": "Feature",
      "id": "d4628ab9-5cbf-4469-b32e-c4e030c3d007",
      "geometry": null,
      "properties": {
        "kind": "SENSOR_CONTACT",
        "parent_track": "SENSOR",
        "sensor_name": "Sonar",
        "bearing": -110.1,
        "time": "2010-01-12T12:41:14+00:00",
        "label": "Cookie\tSUBJECT\theld\ton\tPlain\tCookie"
      }
    },
    {
      "type": "Feature",
      "id": "8a127d5d-4a41-4cb7-84f5-1619b0d4ddad",
      "geometry": null,
      "properties": {
        "kind": "SENSOR_CONTACT",
        "parent_track": "SENSOR",
        "sensor_name": "Sonar",
        "bearing": -112.8,
        "time": "2010-01-12T12:41:29+00:00",
        "label": "Cookie\tSUBJECT\theld\ton\tPlain\tCookie"
      }
    },
    {
      "type": "Feature",
      "id": "63d374fe-c504-4198-a00c-c9220e7dddb3",
      "geometry": null,
      "properties": {
        "kind": "SENSOR_CONTACT",
        "parent_track": "SENSOR",
        "sensor_name": "Sonar",
        "bearing": -115.5,
        "time": "2010-01-12T12:41:44+00:00",
        "label": "Cookie\tSUBJECT\theld\ton\tPlain\tCookie"
      }
    },
    {
      "type": "Feature",
      "id": "c9381a16-424d-4d9f-81f8-0e9cf336ac9f",
      "geometry": null,
      "properties": {
        "kind": "SENSOR_CONTACT",
        "parent_track": "SENSOR",
        "sensor_name": "Sonar",
        "bearing": -118.3,
        "time": "2010-01-12T12:41:59+00:00",
        "label": "Cookie\tSUBJECT\theld\ton\tPlain\tCookie"
      }
    },
    {
      "type": "Feature",
      "id": "b46a0f89-ff5f-496d-b232-4bc3b12a48e9",
      "geometry": null,
      "properties": {
        "kind": "SENSOR_CONTACT",
        "parent_track": "SENSOR",
        "sensor_name": "Sonar",
        "bearing": -121.1,
        "time": "2010-01-12T12:42:14+00:00",
        "label": "Cookie\tSUBJECT\theld\ton\tPlain\tCookie"
      }
    },
    {
      "type": "Feature",
      "id": "39533df1-9e6a-4060-a354-d43fed3bbab0",
      "geometry": null,
      "properties": {
        "kind": "SENSOR_CONTACT",
        "parent_track": "SENSOR",
        "sensor_name": "Sonar",
        "bearing": -124.0,
        "time": "2010-01-12T12:42:29+00:00",
        "label": "Cookie\tSUBJECT\theld\ton\tPlain\tCookie"
      }
    },
    {
      "type": "Feature",
      "id": "1fd32167-5bc5-4647-b2ac-4b06d090540c",
      "geometry": null,
      "properties": {
        "kind": "SENSOR_CONTACT",
        "parent_track": "SENSOR",
        "sensor_name": "Sonar",
        "bearing": -127.0,
        "time": "2010-01-12T12:42:44+00:00",
        "label": "Cookie\tSUBJECT\theld\ton\tPlain\tCookie"
      }
    },
    {
      "type": "Feature",
      "id": "4f8cc56f-c5cf-4a1c-a52d-ebd7984279d1",
      "geometry": null,
      "properties": {
        "kind": "SENSOR_CONTACT",
        "parent_track": "SENSOR",
        "sensor_name": "Sonar",
        "bearing": -130.0,
        "time": "2010-01-12T12:42:59+00:00",
        "label": "Cookie\tSUBJECT\theld\ton\tPlain\tCookie"
      }
    },
    {
      "type": "Feature",
      "id": "d06a71f2-bfcf-4071-9f1a-40c4f249cefa",
      "geometry": null,
      "properties": {
        "kind": "SENSOR_CONTACT",
        "parent_track": "SENSOR",
        "sensor_name": "Sonar",
        "bearing": -133.0,
        "time": "2010-01-12T12:43:14+00:00",
        "label": "Cookie\tSUBJECT\theld\ton\tPlain\tCookie"
      }
    },
    {
      "type": "Feature",
      "id": "da879284-d906-46b5-8a68-a474eb7bd0db",
      "geometry": null,
      "properties": {
        "kind": "SENSOR_CONTACT",
        "parent_track": "SENSOR",
        "sensor_name": "Sonar",
        "bearing": -135.9,
        "time": "2010-01-12T12:43:29+00:00",
        "label": "Cookie\tSUBJECT\theld\ton\tPlain\tCookie"
      }
    },
    {
      "type": "Feature",
      "id": "fb3185d8-4b72-4757-b253-65081223bf61",
      "geometry": null,
      "properties": {
        "kind": "SENSOR_CONTACT",
        "parent_track": "SENSOR",
        "sensor_name": "Sonar",
        "bearing": -138.9,
        "time": "2010-01-12T12:43:44+00:00",
        "label": "Cookie\tSUBJECT\theld\ton\tPlain\tCookie"
      }
    },
    {
      "type": "Feature",
      "id": "20a9ac75-2d4a-4f81-8ec4-69f919ed213b",
      "geometry": null,
      "properties": {
        "kind": "SENSOR_CONTACT",
        "parent_track": "SENSOR",
        "sensor_name": "Sonar",
        "bearing": -141.8,
        "time": "2010-01-12T12:43:59+00:00",
        "label": "Cookie\tSUBJECT\theld\ton\tPlain\tCookie"
      }
    },
    {
      "type": "Feature",
      "id": "163f4990-40d6-4c7b-ac8b-fe83c86432a2",
      "geometry": null,
      "properties": {
        "kind": "SENSOR_CONTACT",
        "parent_track": "SENSOR",
        "sensor_name": "Sonar",
        "bearing": -144.7,
        "time": "2010-01-12T12:44:14+00:00",
        "label": "Cookie\tSUBJECT\theld\ton\tPlain\tCookie"
      }
    },
    {
      "type": "Feature",
      "id": "9b2c61d4-0093-49f6-81e9-446610c9db63",
      "geometry": null,
      "properties": {
        "kind": "SENSOR_CONTACT",
        "parent_track": "SENSOR",
        "sensor_name": "Sonar",
        "bearing": -147.5,
        "time": "2010-01-12T12:44:29+00:00",
        "label": "Cookie\tSUBJECT\theld\ton\tPlain\tCookie"
      }
    },
    {
      "type": "Feature",
      "id": "049a849e-7450-4d63-8778-5570b4543991",
      "geometry": null,
      "properties": {
        "kind": "SENSOR_CONTACT",
        "parent_track": "SENSOR",
        "sensor_name": "Sonar",
        "bearing": -150.2,
        "time": "2010-01-12T12:44:44+00:00",
        "label": "Cookie\tSUBJECT\theld\ton\tPlain\tCookie"
      }
    },
    {
      "type": "Feature",
      "id": "3c37751e-6d03-46d7-bbf9-6782a7a8147a",
      "geometry": null,
      "properties": {
        "kind": "SENSOR_CONTACT",
        "parent_track": "SENSOR",
        "sensor_name": "Sonar",
        "bearing": -152.8,
        "time": "2010-01-12T12:44:59+00:00",
        "label": "Cookie\tSUBJECT\theld\ton\tPlain\tCookie"
      }
    },
    {
      "type": "Feature",
      "id": "0086effb-0061-4270-96c6-7daabc4a9145",
      "geometry": null,
      "properties": {
        "kind": "SENSOR_CONTACT",
        "parent_track": "SENSOR",
        "sensor_name": "Sonar",
        "bearing": -155.4,
        "time": "2010-01-12T12:45:14+00:00",
        "label": "Cookie\tSUBJECT\theld\ton\tPlain\tCookie"
      }
    },
    {
      "type": "Feature",
      "id": "1cf722aa-44e5-4cbc-9a3a-c448e855573c",
      "geometry": null,
      "properties": {
        "kind": "SENSOR_CONTACT",
        "parent_track": "SENSOR",
        "sensor_name": "Sonar",
        "bearing": -157.8,
        "time": "2010-01-12T12:45:29+00:00",
        "label": "Cookie\tSUBJECT\theld\ton\tPlain\tCookie"
      }
    },
    {
      "type": "Feature",
      "id": "01a233fc-70d5-453d-9e36-ddd450197db5",
      "geometry": null,
      "properties": {
        "kind": "SENSOR_CONTACT",
        "parent_track": "SENSOR",
        "sensor_name": "Sonar",
        "bearing": -160.2,
        "time": "2010-01-12T12:45:44+00:00",
        "label": "Cookie\tSUBJECT\theld\ton\tPlain\tCookie"
      }
    },
    {
      "type": "Feature",
      "id": "f5506850-1505-45bb-9fd8-f95d15043b4c",
      "geometry": null,
      "properties": {
        "kind": "SENSOR_CONTACT",
        "parent_track": "SENSOR",
        "sensor_name": "Sonar",
        "bearing": -162.4,
        "time": "2010-01-12T12:45:59+00:00",
        "label": "Cookie\tSUBJECT\theld\ton\tPlain\tCookie"
      }
    },
    {
      "type": "Feature",
      "id": "e8804777-5978-4665-9629-6bc73a416ee2",
      "geometry": null,
      "properties": {
        "kind": "SENSOR_CONTACT",
        "parent_track": "SENSOR",
        "sensor_name": "Sonar",
        "bearing": -164.6,
        "time": "2010-01-12T12:46:14+00:00",
        "label": "Cookie\tSUBJECT\theld\ton\tPlain\tCookie"
      }
    },
    {
      "type": "Feature",
      "id": "de6230e7-df0d-4b41-9e60-666c4d8c4575",
      "geometry": null,
      "properties": {
        "kind": "SENSOR_CONTACT",
        "parent_track": "SENSOR",
        "sensor_name": "Sonar",
        "bearing": -166.6,
        "time": "2010-01-12T12:46:29+00:00",
        "label": "Cookie\tSUBJECT\theld\ton\tPlain\tCookie"
      }
    },
    {
      "type": "Feature",
      "id": "375d7633-7356-4daf-99c4-07a89e3bef67",
      "geometry": null,
      "properties": {
        "kind": "SENSOR_CONTACT",
        "parent_track": "SENSOR",
        "sensor_name": "Sonar",
        "bearing": -168.6,
        "time": "2010-01-12T12:46:44+00:00",
        "label": "Cookie\tSUBJECT\theld\ton\tPlain\tCookie"
      }
    },
    {
      "type": "Feature",
      "id": "da5214d7-28c0-446a-aaa0-da81ba173f3a",
      "geometry": null,
      "properties": {
        "kind": "SENSOR_CONTACT",
        "parent_track": "SENSOR",
        "sensor_name": "Sonar",
        "bearing": -170.5,
        "time": "2010-01-12T12:46:59+00:00",
        "label": "Cookie\tSUBJECT\theld\ton\tPlain\tCookie"
      }
    },
    {
      "type": "Feature",
      "id": "6a82eae3-41bc-4f4f-b516-35d79e6a25bf",
      "geometry": null,
      "properties": {
        "kind": "SENSOR_CONTACT",
        "parent_track": "SENSOR",
        "sensor_name": "Sonar",
        "bearing": -172.2,
        "time": "2010-01-12T12:47:14+00:00",
        "label": "Cookie\tSUBJECT\theld\ton\tPlain\tCookie"
      }
    },
    {
      "type": "Feature",
      "id": "6c7d2097-35e4-412d-8097-24fff1cc9276",
      "geometry": null,
      "properties": {
        "kind": "SENSOR_CONTACT",
        "parent_track": "SENSOR",
        "sensor_name": "Sonar",
        "bearing": -173.9,
        "time": "2010-01-12T12:47:29+00:00",
        "label": "Cookie\tSUBJECT\theld\ton\tPlain\tCookie"
      }
    },
    {
      "type": "Feature",
      "id": "e422c11c-5ac2-4b3f-8e83-ea19b9300652",
      "geometry": null,
      "properties": {
        "kind": "SENSOR_CONTACT",
        "parent_track": "SENSOR",
        "sensor_name": "Sonar",
        "bearing": -175.5,
        "time": "2010-01-12T12:47:44+00:00",
        "label": "Cookie\tSUBJECT\theld\ton\tPlain\tCookie"
      }
    },
    {
      "type": "Feature",
      "id": "73ef0433-e88c-4d08-97ce-b5029ef2671a",
      "geometry": null,
      "properties": {
        "kind": "SENSOR_CONTACT",
        "parent_track": "SENSOR",
        "sensor_name": "Sonar",
        "bearing": -176.8,
        "time": "2010-01-12T12:47:59+00:00",
        "label": "Cookie\tSUBJECT\theld\ton\tPlain\tCookie"
      }
    },
    {
      "type": "Feature",
      "id": "9e08bcce-d40d-4efd-a747-8f69d6674d8a",
      "geometry": null,
      "properties": {
        "kind": "SENSOR_CONTACT",
        "parent_track": "SENSOR",
        "sensor_name": "Sonar",
        "bearing": -176.9,
        "time": "2010-01-12T12:48:14+00:00",
        "label": "Cookie\tSUBJECT\theld\ton\tPlain\tCookie"
      }
    },
    {
      "type": "Feature",
      "id": "cfe31905-011d-4fff-976b-dea5a8d65d91",
      "geometry": null,
      "properties": {
        "kind": "SENSOR_CONTACT",
        "parent_track": "SENSOR",
        "sensor_name": "Sonar",
        "bearing": -175.5,
        "time": "2010-01-12T12:48:29+00:00",
        "label": "Cookie\tSUBJECT\theld\ton\tPlain\tCookie"
      }
    },
    {
      "type": "Feature",
      "id": "0049b471-ebaf-48fa-ac35-560f99b1323d",
      "geometry": null,
      "properties": {
        "kind": "SENSOR_CONTACT",
        "parent_track": "SENSOR",
        "sensor_name": "Sonar",
        "bearing": -173.8,
        "time": "2010-01-12T12:48:44+00:00",
        "label": "Cookie\tSUBJECT\theld\ton\tPlain\tCookie"
      }
    },
    {
      "type": "Feature",
      "id": "112545f1-6629-4a96-8806-295c674bb217",
      "geometry": null,
      "properties": {
        "kind": "SENSOR_CONTACT",
        "parent_track": "SENSOR",
        "sensor_name": "Sonar",
        "bearing": -171.9,
        "time": "2010-01-12T12:48:59+00:00",
        "label": "Cookie\tSUBJECT\theld\ton\tPlain\tCookie"
      }
    },
    {
      "type": "Feature",
      "id": "a7f2c7d9-6df3-4807-a590-dc74f460a15b",
      "geometry": null,
      "properties": {
        "kind": "SENSOR_CONTACT",
        "parent_track": "SENSOR",
        "sensor_name": "Sonar",
        "bearing": -170.0,
        "time": "2010-01-12T12:49:14+00:00",
        "label": "Cookie\tSUBJECT\theld\ton\tPlain\tCookie"
      }
    },
    {
      "type": "Feature",
      "id": "a36f3d8e-4a76-4990-9537-f6faf522268f",
      "geometry": null,
      "properties": {
        "kind": "SENSOR_CONTACT",
        "parent_track": "SENSOR",
        "sensor_name": "Sonar",
        "bearing": -168.0,
        "time": "2010-01-12T12:49:29+00:00",
        "label": "Cookie\tSUBJECT\theld\ton\tPlain\tCookie"
      }
    },
    {
      "type": "Feature",
      "id": "94723da4-55f3-4f84-8080-eadd73c675ec",
      "geometry": null,
      "properties": {
        "kind": "SENSOR_CONTACT",
        "parent_track": "SENSOR",
        "sensor_name": "Sonar",
        "bearing": -165.9,
        "time": "2010-01-12T12:49:44+00:00",
        "label": "Cookie\tSUBJECT\theld\ton\tPlain\tCookie"
      }
    },
    {
      "type": "Feature",
      "id": "79223408-e730-4777-a010-3824d489fe88",
      "geometry": null,
      "properties": {
        "kind": "SENSOR_CONTACT",
        "parent_track": "SENSOR",
        "sensor_name": "Sonar",
        "bearing": -163.7,
        "time": "2010-01-12T12:49:59+00:00",
        "label": "Cookie\tSUBJECT\theld\ton\tPlain\tCookie"
      }
    },
    {
      "type": "Feature",
      "id": "8d693cbf-6c88-4563-899f-0c4bf0d5128b",
      "geometry": null,
      "properties": {
        "kind": "SENSOR_CONTACT",
        "parent_track": "SENSOR",
        "sensor_name": "Sonar",
        "bearing": -161.5,
        "time": "2010-01-12T12:50:14+00:00",
        "label": "Cookie\tSUBJECT\theld\ton\tPlain\tCookie"
      }
    },
    {
      "type": "Feature",
      "id": "d7907a47-e30c-4f0c-a0fc-6021133cb5a1",
      "geometry": null,
      "properties": {
        "kind": "SENSOR_CONTACT",
        "parent_track": "SENSOR",
        "sensor_name": "Sonar",
        "bearing": -159.2,
        "time": "2010-01-12T12:50:29+00:00",
        "label": "Cookie\tSUBJECT\theld\ton\tPlain\tCookie"
      }
    },
    {
      "type": "Feature",
      "id": "74efcab8-39c8-49dc-b09e-eaa182b682c9",
      "geometry": null,
      "properties": {
        "kind": "SENSOR_CONTACT",
        "parent_track": "SENSOR",
        "sensor_name": "Sonar",
        "bearing": -156.8,
        "time": "2010-01-12T12:50:44+00:00",
        "label": "Cookie\tSUBJECT\theld\ton\tPlain\tCookie"
      }
    },
    {
      "type": "Feature",
      "id": "b897a6f0-ae19-4f07-b616-8af9af61ea08",
      "geometry": null,
      "properties": {
        "kind": "SENSOR_CONTACT",
        "parent_track": "SENSOR",
        "sensor_name": "Sonar",
        "bearing": -154.3,
        "time": "2010-01-12T12:50:59+00:00",
        "label": "Cookie\tSUBJECT\theld\ton\tPlain\tCookie"
      }
    },
    {
      "type": "Feature",
      "id": "5b2dd97b-b8d8-48e2-b290-9ec6aa44a31c",
      "geometry": null,
      "properties": {
        "kind": "SENSOR_CONTACT",
        "parent_track": "SENSOR",
        "sensor_name": "Sonar",
        "bearing": -151.8,
        "time": "2010-01-12T12:51:14+00:00",
        "label": "Cookie\tSUBJECT\theld\ton\tPlain\tCookie"
      }
    },
    {
      "type": "Feature",
      "id": "2fcd3219-75bb-47d9-ae3c-a97a1d45b542",
      "geometry": null,
      "properties": {
        "kind": "SENSOR_CONTACT",
        "parent_track": "SENSOR",
        "sensor_name": "Sonar",
        "bearing": -149.2,
        "time": "2010-01-12T12:51:29+00:00",
        "label": "Cookie\tSUBJECT\theld\ton\tPlain\tCookie"
      }
    },
    {
      "type": "Feature",
      "id": "233a2582-511c-4404-946d-858a77f68e2d",
      "geometry": null,
      "properties": {
        "kind": "SENSOR_CONTACT",
        "parent_track": "SENSOR",
        "sensor_name": "Sonar",
        "bearing": -146.5,
        "time": "2010-01-12T12:51:44+00:00",
        "label": "Cookie\tSUBJECT\theld\ton\tPlain\tCookie"
      }
    },
    {
      "type": "Feature",
      "id": "9422e63b-6202-4d90-9e5a-3dbeb3177638",
      "geometry": null,
      "properties": {
        "kind": "SENSOR_CONTACT",
        "parent_track": "SENSOR",
        "sensor_name": "Sonar",
        "bearing": -143.9,
        "time": "2010-01-12T12:51:59+00:00",
        "label": "Cookie\tSUBJECT\theld\ton\tPlain\tCookie"
      }
    },
    {
      "type": "Feature",
      "id": "7582eb6a-2cc9-4309-8d26-58d8805cda18",
      "geometry": null,
      "properties": {
        "kind": "SENSOR_CONTACT",
        "parent_track": "SENSOR",
        "sensor_name": "Sonar",
        "bearing": -141.2,
        "time": "2010-01-12T12:52:14+00:00",
        "label": "Cookie\tSUBJECT\theld\ton\tPlain\tCookie"
      }
    },
    {
      "type": "Feature",
      "id": "fd033525-c4c7-4fec-b5b7-fcd965cd70fb",
      "geometry": null,
      "properties": {
        "kind": "SENSOR_CONTACT",
        "parent_track": "SENSOR",
        "sensor_name": "Sonar",
        "bearing": -138.5,
        "time": "2010-01-12T12:52:29+00:00",
        "label": "Cookie\tSUBJECT\theld\ton\tPlain\tCookie"
      }
    },
    {
      "type": "Feature",
      "id": "3cf8eb87-c4ce-4729-837c-47f887063aa5",
      "geometry": null,
      "properties": {
        "kind": "SENSOR_CONTACT",
        "parent_track": "SENSOR",
        "sensor_name": "Sonar",
        "bearing": -135.8,
        "time": "2010-01-12T12:52:44+00:00",
        "label": "Cookie\tSUBJECT\theld\ton\tPlain\tCookie"
      }
    },
    {
      "type": "Feature",
      "id": "06f22aaa-aacc-4557-b059-302f70cfcf90",
      "geometry": null,
      "properties": {
        "kind": "SENSOR_CONTACT",
        "parent_track": "SENSOR",
        "sensor_name": "Sonar",
        "bearing": -133.1,
        "time": "2010-01-12T12:52:59+00:00",
        "label": "Cookie\tSUBJECT\theld\ton\tPlain\tCookie"
      }
    },
    {
      "type": "Feature",
      "id": "3029cea8-0f07-4e7d-9091-ec55e3e5d836",
      "geometry": null,
      "properties": {
        "kind": "SENSOR_CONTACT",
        "parent_track": "SENSOR",
        "sensor_name": "Sonar",
        "bearing": -130.4,
        "time": "2010-01-12T12:53:14+00:00",
        "label": "Cookie\tSUBJECT\theld\ton\tPlain\tCookie"
      }
    },
    {
      "type": "Feature",
      "id": "24b65329-0811-44fc-ba80-b87fc9afb2b8",
      "geometry": null,
      "properties": {
        "kind": "SENSOR_CONTACT",
        "parent_track": "SENSOR",
        "sensor_name": "Sonar",
        "bearing": -127.8,
        "time": "2010-01-12T12:53:29+00:00",
        "label": "Cookie\tSUBJECT\theld\ton\tPlain\tCookie"
      }
    },
    {
      "type": "Feature",
      "id": "c2c084b2-8f2d-45f0-be98-b35641db086a",
      "geometry": null,
      "properties": {
        "kind": "SENSOR_CONTACT",
        "parent_track": "SENSOR",
        "sensor_name": "Sonar",
        "bearing": -125.2,
        "time": "2010-01-12T12:53:44+00:00",
        "label": "Cookie\tSUBJECT\theld\ton\tPlain\tCookie"
      }
    },
    {
      "type": "Feature",
      "id": "45fbbd9b-47ac-4bf8-a119-e9b6b63ee2a5",
      "geometry": null,
      "properties": {
        "kind": "SENSOR_CONTACT",
        "parent_track": "SENSOR",
        "sensor_name": "Sonar",
        "bearing": -122.7,
        "time": "2010-01-12T12:53:59+00:00",
        "label": "Cookie\tSUBJECT\theld\ton\tPlain\tCookie"
      }
    },
    {
      "type": "Feature",
      "id": "a3e31009-2890-40c1-aefa-411bbd55ebb8",
      "geometry": null,
      "properties": {
        "kind": "SENSOR_CONTACT",
        "parent_track": "SENSOR",
        "sensor_name": "Sonar",
        "bearing": -120.2,
        "time": "2010-01-12T12:54:14+00:00",
        "label": "Cookie\tSUBJECT\theld\ton\tPlain\tCookie"
      }
    },
    {
      "type": "Feature",
      "id": "fa294b96-1779-4a2f-b5e4-fbdd6b20dc15",
      "geometry": null,
      "properties": {
        "kind": "SENSOR_CONTACT",
        "parent_track": "SENSOR",
        "sensor_name": "Sonar",
        "bearing": -117.8,
        "time": "2010-01-12T12:54:29+00:00",
        "label": "Cookie\tSUBJECT\theld\ton\tPlain\tCookie"
      }
    },
    {
      "type": "Feature",
      "id": "f893e0db-cf20-4a4d-8865-2020542efb74",
      "geometry": null,
      "properties": {
        "kind": "SENSOR_CONTACT",
        "parent_track": "SENSOR",
        "sensor_name": "Sonar",
        "bearing": -115.5,
        "time": "2010-01-12T12:54:44+00:00",
        "label": "Cookie\tSUBJECT\theld\ton\tPlain\tCookie"
      }
    },
    {
      "type": "Feature",
      "id": "8df5e946-49a2-447c-b972-82dff7bc5be7",
      "geometry": null,
      "properties": {
        "kind": "SENSOR_CONTACT",
        "parent_track": "SENSOR",
        "sensor_name": "Sonar",
        "bearing": -113.3,
        "time": "2010-01-12T12:54:59+00:00",
        "label": "Cookie\tSUBJECT\theld\ton\tPlain\tCookie"
      }
    },
    {
      "type": "Feature",
      "id": "679485e8-46ca-4897-9278-878a87f5d1d8",
      "geometry": null,
      "properties": {
        "kind": "SENSOR_CONTACT",
        "parent_track": "SENSOR",
        "sensor_name": "Sonar",
        "bearing": -111.1,
        "time": "2010-01-12T12:55:14+00:00",
        "label": "Cookie\tSUBJECT\theld\ton\tPlain\tCookie"
      }
    },
    {
      "type": "Feature",
      "id": "26808567-6c0b-4c41-8a08-bca22d18a966",
      "geometry": null,
      "properties": {
        "kind": "SENSOR_CONTACT",
        "parent_track": "SENSOR",
        "sensor_name": "Sonar",
        "bearing": -109.0,
        "time": "2010-01-12T12:55:29+00:00",
        "label": "Cookie\tSUBJECT\theld\ton\tPlain\tCookie"
      }
    },
    {
      "type": "Feature",
      "id": "b6d60089-3654-4e83-8454-dfe48c7afe43",
      "geometry": null,
      "properties": {
        "kind": "SENSOR_CONTACT",
        "parent_track": "SENSOR",
        "sensor_name": "Sonar",
        "bearing": -107.0,
        "time": "2010-01-12T12:55:44+00:00",
        "label": "Cookie\tSUBJECT\theld\ton\tPlain\tCookie"
      }
    },
    {
      "type": "Feature",
      "id": "77d9f39c-7048-466f-aba6-490ae6559d03",
      "geometry": null,
      "properties": {
        "kind": "SENSOR_CONTACT",
        "parent_track": "SENSOR",
        "sensor_name": "Sonar",
        "bearing": -105.1,
        "time": "2010-01-12T12:55:59+00:00",
        "label": "Cookie\tSUBJECT\theld\ton\tPlain\tCookie"
      }
    },
    {
      "type": "Feature",
      "id": "9d3ab6d0-e72f-4f48-9dba-3af67754790c",
      "geometry": null,
      "properties": {
        "kind": "SENSOR_CONTACT",
        "parent_track": "SENSOR",
        "sensor_name": "Sonar",
        "bearing": -103.2,
        "time": "2010-01-12T12:56:14+00:00",
        "label": "Cookie\tSUBJECT\theld\ton\tPlain\tCookie"
      }
    },
    {
      "type": "Feature",
      "id": "35b6aee3-c056-4c02-ab64-f1d7e1fc4492",
      "geometry": null,
      "properties": {
        "kind": "SENSOR_CONTACT",
        "parent_track": "SENSOR",
        "sensor_name": "Sonar",
        "bearing": -101.5,
        "time": "2010-01-12T12:56:29+00:00",
        "label": "Cookie\tSUBJECT\theld\ton\tPlain\tCookie"
      }
    },
    {
      "type": "Feature",
      "id": "dc621569-3199-4c30-ad10-89b056e48de0",
      "geometry": null,
      "properties": {
        "kind": "SENSOR_CONTACT",
        "parent_track": "SENSOR",
        "sensor_name": "Sonar",
        "bearing": -99.8,
        "time": "2010-01-12T12:56:44+00:00",
        "label": "Cookie\tSUBJECT\theld\ton\tPlain\tCookie"
      }
    },
    {
      "type": "Feature",
      "id": "46a1b6b5-4252-47ff-8c8f-ea8e8ee1582b",
      "geometry": null,
      "properties": {
        "kind": "SENSOR_CONTACT",
        "parent_track": "SENSOR",
        "sensor_name": "Sonar",
        "bearing": -98.2,
        "time": "2010-01-12T12:56:59+00:00",
        "label": "Cookie\tSUBJECT\theld\ton\tPlain\tCookie"
      }
    },
    {
      "type": "Feature",
      "id": "aed8e16d-2702-44d3-9621-91babe3e813c",
      "geometry": null,
      "properties": {
        "kind": "SENSOR_CONTACT",
        "parent_track": "SENSOR",
        "sensor_name": "Sonar",
        "bearing": -96.7,
        "time": "2010-01-12T12:57:14+00:00",
        "label": "Cookie\tSUBJECT\theld\ton\tPlain\tCookie"
      }
    },
    {
      "type": "Feature",
      "id": "40840775-e1fc-4174-a9a7-477b314fa152",
      "geometry": null,
      "properties": {
        "kind": "SENSOR_CONTACT",
        "parent_track": "SENSOR",
        "sensor_name": "Sonar",
        "bearing": -95.2,
        "time": "2010-01-12T12:57:29+00:00",
        "label": "Cookie\tSUBJECT\theld\ton\tPlain\tCookie"
      }
    },
    {
      "type": "Feature",
      "id": "9394ca21-4b87-4f55-a8e0-8fb1a44a9dc5",
      "geometry": null,
      "properties": {
        "kind": "SENSOR_CONTACT",
        "parent_track": "SENSOR",
        "sensor_name": "Sonar",
        "bearing": -93.8,
        "time": "2010-01-12T12:57:44+00:00",
        "label": "Cookie\tSUBJECT\theld\ton\tPlain\tCookie"
      }
    },
    {
      "type": "Feature",
      "id": "2aa133fa-69f7-4cbf-bc63-36146040579c",
      "geometry": null,
      "properties": {
        "kind": "SENSOR_CONTACT",
        "parent_track": "SENSOR",
        "sensor_name": "Sonar",
        "bearing": -92.5,
        "time": "2010-01-12T12:57:59+00:00",
        "label": "Cookie\tSUBJECT\theld\ton\tPlain\tCookie"
      }
    },
    {
      "type": "Feature",
      "id": "bdc312b8-6569-4fe1-82f0-a0f98b058606",
      "geometry": null,
      "properties": {
        "kind": "SENSOR_CONTACT",
        "parent_track": "SENSOR",
        "sensor_name": "Sonar",
        "bearing": -91.2,
        "time": "2010-01-12T12:58:14+00:00",
        "label": "Cookie\tSUBJECT\theld\ton\tPlain\tCookie"
      }
    },
    {
      "type": "Feature",
      "id": "6bea501c-98ea-48a3-bbae-cdb02fc830e1",
      "geometry": null,
      "properties": {
        "kind": "SENSOR_CONTACT",
        "parent_track": "SENSOR",
        "sensor_name": "Sonar",
        "bearing": -90.0,
        "time": "2010-01-12T12:58:29+00:00",
        "label": "Cookie\tSUBJECT\theld\ton\tPlain\tCookie"
      }
    },
    {
      "type": "Feature",
      "id": "83a90356-263f-41d2-b774-9077c34c48b8",
      "geometry": null,
      "properties": {
        "kind": "SENSOR_CONTACT",
        "parent_track": "SENSOR",
        "sensor_name": "Sonar",
        "bearing": -88.8,
        "time": "2010-01-12T12:58:44+00:00",
        "label": "Cookie\tSUBJECT\theld\ton\tPlain\tCookie"
      }
    },
    {
      "type": "Feature",
      "id": "ffcb6f9e-32f4-47d9-90ae-f391eb509b1a",
      "geometry": null,
      "properties": {
        "kind": "SENSOR_CONTACT",
        "parent_track": "SENSOR",
        "sensor_name": "Sonar",
        "bearing": -87.7,
        "time": "2010-01-12T12:58:59+00:00",
        "label": "Cookie\tSUBJECT\theld\ton\tPlain\tCookie"
      }
    },
    {
      "type": "Feature",
      "id": "263a45b3-a52f-48d9-bcfe-397c58581624",
      "geometry": null,
      "properties": {
        "kind": "SENSOR_CONTACT",
        "parent_track": "SENSOR",
        "sensor_name": "Sonar",
        "bearing": -86.7,
        "time": "2010-01-12T12:59:14+00:00",
        "label": "Cookie\tSUBJECT\theld\ton\tPlain\tCookie"
      }
    },
    {
      "type": "Feature",
      "id": "7d8c9d41-b3b9-42eb-9d9b-b0f8a7f2b501",
      "geometry": null,
      "properties": {
        "kind": "SENSOR_CONTACT",
        "parent_track": "SENSOR",
        "sensor_name": "Sonar",
        "bearing": -85.7,
        "time": "2010-01-12T12:59:29+00:00",
        "label": "Cookie\tSUBJECT\theld\ton\tPlain\tCookie"
      }
    },
    {
      "type": "Feature",
      "id": "f8fb7438-228b-436a-80e0-43c96593a0d4",
      "geometry": null,
      "properties": {
        "kind": "SENSOR_CONTACT",
        "parent_track": "SENSOR",
        "sensor_name": "Sonar",
        "bearing": -84.7,
        "time": "2010-01-12T12:59:44+00:00",
        "label": "Cookie\tSUBJECT\theld\ton\tPlain\tCookie"
      }
    },
    {
      "type": "Feature",
      "id": "9f7e1ce7-7af8-4ac0-8cc1-40012185736b",
      "geometry": null,
      "properties": {
        "kind": "SENSOR_CONTACT",
        "parent_track": "SENSOR",
        "sensor_name": "Sonar",
        "bearing": -83.8,
        "time": "2010-01-12T12:59:59+00:00",
        "label": "Cookie\tSUBJECT\theld\ton\tPlain\tCookie"
      }
    },
    {
      "type": "Feature",
      "id": "03a09106-d29d-4a0c-87b0-a7df6fc35f6c",
      "geometry": null,
      "properties": {
        "kind": "SENSOR_CONTACT",
        "parent_track": "SENSOR",
        "sensor_name": "Sonar",
        "bearing": -82.9,
        "time": "2010-01-12T13:00:14+00:00",
        "label": "Cookie\tSUBJECT\theld\ton\tPlain\tCookie"
      }
    },
    {
      "type": "Feature",
      "id": "0263f337-3c24-4954-b13e-8b323053cf9e",
      "geometry": null,
      "properties": {
        "kind": "SENSOR_CONTACT",
        "parent_track": "SENSOR",
        "sensor_name": "Sonar",
        "bearing": -82.0,
        "time": "2010-01-12T13:00:29+00:00",
        "label": "Cookie\tSUBJECT\theld\ton\tPlain\tCookie"
      }
    },
    {
      "type": "Feature",
      "id": "409878d1-0420-4ec3-962d-8033cbb8a5cd",
      "geometry": null,
      "properties": {
        "kind": "SENSOR_CONTACT",
        "parent_track": "SENSOR",
        "sensor_name": "Sonar",
        "bearing": -81.2,
        "time": "2010-01-12T13:00:44+00:00",
        "label": "Cookie\tSUBJECT\theld\ton\tPlain\tCookie"
      }
    },
    {
      "type": "Feature",
      "id": "243bb75a-6aad-4333-85c8-d4baeda17244",
      "geometry": null,
      "properties": {
        "kind": "SENSOR_CONTACT",
        "parent_track": "SENSOR",
        "sensor_name": "Sonar",
        "bearing": -80.5,
        "time": "2010-01-12T13:00:59+00:00",
        "label": "Cookie\tSUBJECT\theld\ton\tPlain\tCookie"
      }
    },
    {
      "type": "Feature",
      "id": "8cec6969-045b-4fc7-8e47-70b0e5fc7f56",
      "geometry": null,
      "properties": {
        "kind": "SENSOR_CONTACT",
        "parent_track": "SENSOR",
        "sensor_name": "Sonar",
        "bearing": -79.7,
        "time": "2010-01-12T13:01:14+00:00",
        "label": "Cookie\tSUBJECT\theld\ton\tPlain\tCookie"
      }
    },
    {
      "type": "Feature",
      "id": "396d062b-254a-4bac-b9bc-fdf1ceeae6d7",
      "geometry": null,
      "properties": {
        "kind": "SENSOR_CONTACT",
        "parent_track": "SENSOR",
        "sensor_name": "Sonar",
        "bearing": -79.0,
        "time": "2010-01-12T13:01:29+00:00",
        "label": "Cookie\tSUBJECT\theld\ton\tPlain\tCookie"
      }
    },
    {
      "type": "Feature",
      "id": "1ce45f15-1032-4d5e-b72e-2baefb59e3e0",
      "geometry": null,
      "properties": {
        "kind": "SENSOR_CONTACT",
        "parent_track": "SENSOR",
        "sensor_name": "Sonar",
        "bearing": -78.3,
        "time": "2010-01-12T13:01:44+00:00",
        "label": "Cookie\tSUBJECT\theld\ton\tPlain\tCookie"
      }
    },
    {
      "type": "Feature",
      "id": "96a3db23-a4f4-421e-b3ba-2aab546e8840",
      "geometry": null,
      "properties": {
        "kind": "SENSOR_CONTACT",
        "parent_track": "SENSOR",
        "sensor_name": "Sonar",
        "bearing": -77.7,
        "time": "2010-01-12T13:01:59+00:00",
        "label": "Cookie\tSUBJECT\theld\ton\tPlain\tCookie"
      }
    },
    {
      "type": "Feature",
      "id": "6bb5bb59-cb19-4c99-a454-01cd20111ec3",
      "geometry": null,
      "properties": {
        "kind": "SENSOR_CONTACT",
        "parent_track": "SENSOR",
        "sensor_name": "Sonar",
        "bearing": -77.1,
        "time": "2010-01-12T13:02:14+00:00",
        "label": "Cookie\tSUBJECT\theld\ton\tPlain\tCookie"
      }
    },
    {
      "type": "Feature",
      "id": "8be7c14e-745e-4113-8f27-132298ef915a",
      "geometry": null,
      "properties": {
        "kind": "SENSOR_CONTACT",
        "parent_track": "SENSOR",
        "sensor_name": "Sonar",
        "bearing": -76.4,
        "time": "2010-01-12T13:02:29+00:00",
        "label": "Cookie\tSUBJECT\theld\ton\tPlain\tCookie"
      }
    },
    {
      "type": "Feature",
      "id": "dac9a1a8-3672-4609-b8f6-27e3f1fb1968",
      "geometry": null,
      "properties": {
        "kind": "SENSOR_CONTACT",
        "parent_track": "SENSOR",
        "sensor_name": "Sonar",
        "bearing": -75.9,
        "time": "2010-01-12T13:02:44+00:00",
        "label": "Cookie\tSUBJECT\theld\ton\tPlain\tCookie"
      }
    },
    {
      "type": "Feature",
      "id": "5784596c-04f9-4bd7-ae52-98d3a875d929",
      "geometry": null,
      "properties": {
        "kind": "SENSOR_CONTACT",
        "parent_track": "SENSOR",
        "sensor_name": "Sonar",
        "bearing": -75.3,
        "time": "2010-01-12T13:02:59+00:00",
        "label": "Cookie\tSUBJECT\theld\ton\tPlain\tCookie"
      }
    },
    {
      "type": "Feature",
      "id": "596f0995-6265-4a42-b7cc-197c114409e4",
      "geometry": null,
      "properties": {
        "kind": "SENSOR_CONTACT",
        "parent_track": "SENSOR",
        "sensor_name": "Sonar",
        "bearing": -74.8,
        "time": "2010-01-12T13:03:14+00:00",
        "label": "Cookie\tSUBJECT\theld\ton\tPlain\tCookie"
      }
    },
    {
      "type": "Feature",
      "id": "c2686e9f-870a-4cac-83a8-03d3ff3ad977",
      "geometry": null,
      "properties": {
        "kind": "SENSOR_CONTACT",
        "parent_track": "SENSOR",
        "sensor_name": "Sonar",
        "bearing": -74.2,
        "time": "2010-01-12T13:03:29+00:00",
        "label": "Cookie\tSUBJECT\theld\ton\tPlain\tCookie"
      }
    },
    {
      "type": "Feature",
      "id": "e0050b0c-8618-4293-8def-914e6feb586b",
      "geometry": null,
      "properties": {
        "kind": "SENSOR_CONTACT",
        "parent_track": "SENSOR",
        "sensor_name": "Sonar",
        "bearing": -73.7,
        "time": "2010-01-12T13:03:44+00:00",
        "label": "Cookie\tSUBJECT\theld\ton\tPlain\tCookie"
      }
    },
    {
      "type": "Feature",
      "id": "e86f813f-a7d8-472e-9f60-dbf841b45c18",
      "geometry": null,
      "properties": {
        "kind": "SENSOR_CONTACT",
        "parent_track": "SENSOR",
        "sensor_name": "Sonar",
        "bearing": -73.3,
        "time": "2010-01-12T13:03:59+00:00",
        "label": "Cookie\tSUBJECT\theld\ton\tPlain\tCookie"
      }
    },
    {
      "type": "Feature",
      "id": "b978e4e2-98ca-48e2-9277-f06d606e7698",
      "geometry": null,
      "properties": {
        "kind": "SENSOR_CONTACT",
        "parent_track": "SENSOR",
        "sensor_name": "Sonar",
        "bearing": -72.8,
        "time": "2010-01-12T13:04:14+00:00",
        "label": "Cookie\tSUBJECT\theld\ton\tPlain\tCookie"
      }
    },
    {
      "type": "Feature",
      "id": "cbedb208-ac7c-4fcb-b877-e9a5472c9baf",
      "geometry": null,
      "properties": {
        "kind": "SENSOR_CONTACT",
        "parent_track": "SENSOR",
        "sensor_name": "Sonar",
        "bearing": -72.4,
        "time": "2010-01-12T13:04:29+00:00",
        "label": "Cookie\tSUBJECT\theld\ton\tPlain\tCookie"
      }
    },
    {
      "type": "Feature",
      "id": "c0abfa90-5763-43a5-96a2-f104909a7bb0",
      "geometry": null,
      "properties": {
        "kind": "SENSOR_CONTACT",
        "parent_track": "SENSOR",
        "sensor_name": "Sonar",
        "bearing": -71.9,
        "time": "2010-01-12T13:04:44+00:00",
        "label": "Cookie\tSUBJECT\theld\ton\tPlain\tCookie"
      }
    },
    {
      "type": "Feature",
      "id": "9991dcfb-2dbd-4b53-a988-7873cf3dcb78",
      "geometry": null,
      "properties": {
        "kind": "SENSOR_CONTACT",
        "parent_track": "SENSOR",
        "sensor_name": "Sonar",
        "bearing": -71.5,
        "time": "2010-01-12T13:04:59+00:00",
        "label": "Cookie\tSUBJECT\theld\ton\tPlain\tCookie"
      }
    },
    {
      "type": "Feature",
      "id": "5662a021-5998-4b9a-a291-501d58b73d73",
      "geometry": null,
      "properties": {
        "kind": "SENSOR_CONTACT",
        "parent_track": "SENSOR",
        "sensor_name": "Sonar",
        "bearing": -71.1,
        "time": "2010-01-12T13:05:14+00:00",
        "label": "Cookie\tSUBJECT\theld\ton\tPlain\tCookie"
      }
    },
    {
      "type": "Feature",
      "id": "efb3a10d-8ebb-40d8-af89-bac5c4008913",
      "geometry": null,
      "properties": {
        "kind": "SENSOR_CONTACT",
        "parent_track": "SENSOR",
        "sensor_name": "Sonar",
        "bearing": -70.7,
        "time": "2010-01-12T13:05:29+00:00",
        "label": "Cookie\tSUBJECT\theld\ton\tPlain\tCookie"
      }
    },
    {
      "type": "Feature",
      "id": "f900ce97-5d88-4304-ba0a-1090be8f4e15",
      "geometry": null,
      "properties": {
        "kind": "SENSOR_CONTACT",
        "parent_track": "SENSOR",
        "sensor_name": "Sonar",
        "bearing": -70.3,
        "time": "2010-01-12T13:05:44+00:00",
        "label": "Cookie\tSUBJECT\theld\ton\tPlain\tCookie"
      }
    },
    {
      "type": "Feature",
      "id": "abb079ff-f0c9-4b80-bd20-53370128741c",
      "geometry": null,
      "properties": {
        "kind": "SENSOR_CONTACT",
        "parent_track": "SENSOR",
        "sensor_name": "Sonar",
        "bearing": -70.0,
        "time": "2010-01-12T13:05:59+00:00",
        "label": "Cookie\tSUBJECT\theld\ton\tPlain\tCookie"
      }
    },
    {
      "type": "Feature",
      "id": "f98f6556-1259-4c92-b9a7-a5014aefb4ba",
      "geometry": null,
      "properties": {
        "kind": "SENSOR_CONTACT",
        "parent_track": "SENSOR",
        "sensor_name": "Sonar",
        "bearing": -69.6,
        "time": "2010-01-12T13:06:14+00:00",
        "label": "Cookie\tSUBJECT\theld\ton\tPlain\tCookie"
      }
    },
    {
      "type": "Feature",
      "id": "5ddcd7b8-492c-48dc-9c99-cf75b5690056",
      "geometry": null,
      "properties": {
        "kind": "SENSOR_CONTACT",
        "parent_track": "SENSOR",
        "sensor_name": "Sonar",
        "bearing": -69.3,
        "time": "2010-01-12T13:06:29+00:00",
        "label": "Cookie\tSUBJECT\theld\ton\tPlain\tCookie"
      }
    },
    {
      "type": "Feature",
      "id": "409807f8-1004-4a12-97f3-cca3a31dacdc",
      "geometry": null,
      "properties": {
        "kind": "SENSOR_CONTACT",
        "parent_track": "SENSOR",
        "sensor_name": "Sonar",
        "bearing": -68.9,
        "time": "2010-01-12T13:06:44+00:00",
        "label": "Cookie\tSUBJECT\theld\ton\tPlain\tCookie"
      }
    },
    {
      "type": "Feature",
      "id": "a897e390-95d5-488d-8532-18afd5b9fffd",
      "geometry": null,
      "properties": {
        "kind": "SENSOR_CONTACT",
        "parent_track": "SENSOR",
        "sensor_name": "Sonar",
        "bearing": -68.6,
        "time": "2010-01-12T13:06:59+00:00",
        "label": "Cookie\tSUBJECT\theld\ton\tPlain\tCookie"
      }
    },
    {
      "type": "Feature",
      "id": "1a3f0dec-f97d-4b56-8d20-1e78ee177e7f",
      "geometry": null,
      "properties": {
        "kind": "SENSOR_CONTACT",
        "parent_track": "SENSOR",
        "sensor_name": "Sonar",
        "bearing": -68.3,
        "time": "2010-01-12T13:07:14+00:00",
        "label": "Cookie\tSUBJECT\theld\ton\tPlain\tCookie"
      }
    },
    {
      "type": "Feature",
      "id": "4120021f-8757-485a-a2c3-e2b03fce938f",
      "geometry": null,
      "properties": {
        "kind": "SENSOR_CONTACT",
        "parent_track": "SENSOR",
        "sensor_name": "Sonar",
        "bearing": -68.0,
        "time": "2010-01-12T13:07:29+00:00",
        "label": "Cookie\tSUBJECT\theld\ton\tPlain\tCookie"
      }
    },
    {
      "type": "Feature",
      "id": "2093fe84-e686-4ca3-bc0f-03c342915afc",
      "geometry": null,
      "properties": {
        "kind": "SENSOR_CONTACT",
        "parent_track": "SENSOR",
        "sensor_name": "Sonar",
        "bearing": -67.7,
        "time": "2010-01-12T13:07:44+00:00",
        "label": "Cookie\tSUBJECT\theld\ton\tPlain\tCookie"
      }
    },
    {
      "type": "Feature",
      "id": "187e2e6f-b51f-4015-809e-c59e6dc204fe",
      "geometry": null,
      "properties": {
        "kind": "SENSOR_CONTACT",
        "parent_track": "SENSOR",
        "sensor_name": "Sonar",
        "bearing": -67.4,
        "time": "2010-01-12T13:07:59+00:00",
        "label": "Cookie\tSUBJECT\theld\ton\tPlain\tCookie"
      }
    },
    {
      "type": "Feature",
      "id": "488dd39b-887c-4434-a377-d8c49a2fd2c5",
      "geometry": null,
      "properties": {
        "kind": "SENSOR_CONTACT",
        "parent_track": "SENSOR",
        "sensor_name": "Sonar",
        "bearing": -67.1,
        "time": "2010-01-12T13:08:14+00:00",
        "label": "Cookie\tSUBJECT\theld\ton\tPlain\tCookie"
      }
    },
    {
      "type": "Feature",
      "id": "71a022f9-9526-4b4a-b285-082c006c45d0",
      "geometry": null,
      "properties": {
        "kind": "SENSOR_CONTACT",
        "parent_track": "SENSOR",
        "sensor_name": "Sonar",
        "bearing": -66.8,
        "time": "2010-01-12T13:08:29+00:00",
        "label": "Cookie\tSUBJECT\theld\ton\tPlain\tCookie"
      }
    },
    {
      "type": "Feature",
      "id": "15f51ce4-f093-4abb-b917-8ee4777145e8",
      "geometry": null,
      "properties": {
        "kind": "SENSOR_CONTACT",
        "parent_track": "SENSOR",
        "sensor_name": "Sonar",
        "bearing": -66.6,
        "time": "2010-01-12T13:08:44+00:00",
        "label": "Cookie\tSUBJECT\theld\ton\tPlain\tCookie"
      }
    },
    {
      "type": "Feature",
      "id": "b309c476-7bd1-469c-a60a-6612912e030a",
      "geometry": null,
      "properties": {
        "kind": "SENSOR_CONTACT",
        "parent_track": "SENSOR",
        "sensor_name": "Sonar",
        "bearing": -66.3,
        "time": "2010-01-12T13:08:59+00:00",
        "label": "Cookie\tSUBJECT\theld\ton\tPlain\tCookie"
      }
    },
    {
      "type": "Feature",
      "id": "ef69a857-b94e-4a51-bf75-a007e4f5804e",
      "geometry": null,
      "properties": {
        "kind": "SENSOR_CONTACT",
        "parent_track": "SENSOR",
        "sensor_name": "Sonar",
        "bearing": -66.1,
        "time": "2010-01-12T13:09:14+00:00",
        "label": "Cookie\tSUBJECT\theld\ton\tPlain\tCookie"
      }
    },
    {
      "type": "Feature",
      "id": "8473c426-14d1-493d-a123-ecb4565ebfbd",
      "geometry": null,
      "properties": {
        "kind": "SENSOR_CONTACT",
        "parent_track": "SENSOR",
        "sensor_name": "Sonar",
        "bearing": -65.8,
        "time": "2010-01-12T13:09:29+00:00",
        "label": "Cookie\tSUBJECT\theld\ton\tPlain\tCookie"
      }
    },
    {
      "type": "Feature",
      "id": "7983e55d-2bbd-41d5-8db4-a44580627b4a",
      "geometry": null,
      "properties": {
        "kind": "SENSOR_CONTACT",
        "parent_track": "SENSOR",
        "sensor_name": "Sonar",
        "bearing": -65.6,
        "time": "2010-01-12T13:09:44+00:00",
        "label": "Cookie\tSUBJECT\theld\ton\tPlain\tCookie"
      }
    },
    {
      "type": "Feature",
      "id": "9d6eaede-3b1e-4560-a1cf-cb003b1ac493",
      "geometry": null,
      "properties": {
        "kind": "SENSOR_CONTACT",
        "parent_track": "SENSOR",
        "sensor_name": "Sonar",
        "bearing": -65.4,
        "time": "2010-01-12T13:09:59+00:00",
        "label": "Cookie\tSUBJECT\theld\ton\tPlain\tCookie"
      }
    },
    {
      "type": "Feature",
      "id": "3aaae2cc-ff2f-487b-a15f-63aafd98e2df",
      "geometry": null,
      "properties": {
        "kind": "SENSOR_CONTACT",
        "parent_track": "SENSOR",
        "sensor_name": "Sonar",
        "bearing": -65.1,
        "time": "2010-01-12T13:10:14+00:00",
        "label": "Cookie\tSUBJECT\theld\ton\tPlain\tCookie"
      }
    },
    {
      "type": "Feature",
      "id": "66fa0735-07a1-4a33-ad26-319abfc6108a",
      "geometry": null,
      "properties": {
        "kind": "SENSOR_CONTACT",
        "parent_track": "SENSOR",
        "sensor_name": "Sonar",
        "bearing": -64.9,
        "time": "2010-01-12T13:10:29+00:00",
        "label": "Cookie\tSUBJECT\theld\ton\tPlain\tCookie"
      }
    },
    {
      "type": "Feature",
      "id": "293a6c64-5254-4509-a926-0be26039f8ad",
      "geometry": null,
      "properties": {
        "kind": "SENSOR_CONTACT",
        "parent_track": "SENSOR",
        "sensor_name": "Sonar",
        "bearing": -64.7,
        "time": "2010-01-12T13:10:44+00:00",
        "label": "Cookie\tSUBJECT\theld\ton\tPlain\tCookie"
      }
    },
    {
      "type": "Feature",
      "id": "c4195ff6-e6cb-476a-bded-18a6d95a6fca",
      "geometry": null,
      "properties": {
        "kind": "SENSOR_CONTACT",
        "parent_track": "SENSOR",
        "sensor_name": "Sonar",
        "bearing": -64.5,
        "time": "2010-01-12T13:10:59+00:00",
        "label": "Cookie\tSUBJECT\theld\ton\tPlain\tCookie"
      }
    },
    {
      "type": "Feature",
      "id": "3ee2a380-e53b-4226-b13a-1032e521adce",
      "geometry": null,
      "properties": {
        "kind": "SENSOR_CONTACT",
        "parent_track": "SENSOR",
        "sensor_name": "Sonar",
        "bearing": -64.3,
        "time": "2010-01-12T13:11:14+00:00",
        "label": "Cookie\tSUBJECT\theld\ton\tPlain\tCookie"
      }
    },
    {
      "type": "Feature",
      "id": "8a439046-e094-40da-b6aa-983256d8197b",
      "geometry": null,
      "properties": {
        "kind": "SENSOR_CONTACT",
        "parent_track": "SENSOR",
        "sensor_name": "Sonar",
        "bearing": -64.1,
        "time": "2010-01-12T13:11:29+00:00",
        "label": "Cookie\tSUBJECT\theld\ton\tPlain\tCookie"
      }
    },
    {
      "type": "Feature",
      "id": "238c09ce-9490-4858-ab9d-1a8ca6b5919f",
      "geometry": null,
      "properties": {
        "kind": "SENSOR_CONTACT",
        "parent_track": "SENSOR",
        "sensor_name": "Sonar",
        "bearing": -63.9,
        "time": "2010-01-12T13:11:44+00:00",
        "label": "Cookie\tSUBJECT\theld\ton\tPlain\tCookie"
      }
    },
    {
      "type": "Feature",
      "id": "87dc6f77-59b7-4250-bd32-3a4302c9b569",
      "geometry": null,
      "properties": {
        "kind": "SENSOR_CONTACT",
        "parent_track": "SENSOR",
        "sensor_name": "Sonar",
        "bearing": -63.7,
        "time": "2010-01-12T13:11:59+00:00",
        "label": "Cookie\tSUBJECT\theld\ton\tPlain\tCookie"
      }
    },
    {
      "type": "Feature",
      "id": "0fb0aa77-9a0c-4d92-b822-db44fee21f35",
      "geometry": null,
      "properties": {
        "kind": "SENSOR_CONTACT",
        "parent_track": "SENSOR",
        "sensor_name": "Sonar",
        "bearing": -63.5,
        "time": "2010-01-12T13:12:14+00:00",
        "label": "Cookie\tSUBJECT\theld\ton\tPlain\tCookie"
      }
    },
    {
      "type": "Feature",
      "id": "f63f13b8-4a03-4156-b47f-7b19b3068e28",
      "geometry": null,
      "properties": {
        "kind": "SENSOR_CONTACT",
        "parent_track": "SENSOR",
        "sensor_name": "Sonar",
        "bearing": -63.4,
        "time": "2010-01-12T13:12:29+00:00",
        "label": "Cookie\tSUBJECT\theld\ton\tPlain\tCookie"
      }
    },
    {
      "type": "Feature",
      "id": "91d5b1a3-1559-4719-a9b8-6eba3612c12c",
      "geometry": null,
      "properties": {
        "kind": "SENSOR_CONTACT",
        "parent_track": "SENSOR",
        "sensor_name": "Sonar",
        "bearing": -63.2,
        "time": "2010-01-12T13:12:44+00:00",
        "label": "Cookie\tSUBJECT\theld\ton\tPlain\tCookie"
      }
    },
    {
      "type": "Feature",
      "id": "6586fe1e-eabf-44f2-87db-0ecf697c7fee",
      "geometry": null,
      "properties": {
        "kind": "SENSOR_CONTACT",
        "parent_track": "SENSOR",
        "sensor_name": "Sonar",
        "bearing": -63.0,
        "time": "2010-01-12T13:12:59+00:00",
        "label": "Cookie\tSUBJECT\theld\ton\tPlain\tCookie"
      }
    },
    {
      "type": "Feature",
      "id": "2eff90ac-24bd-4daa-b846-8cea1488ea91",
      "geometry": null,
      "properties": {
        "kind": "SENSOR_CONTACT",
        "parent_track": "SENSOR",
        "sensor_name": "Sonar",
        "bearing": -62.8,
        "time": "2010-01-12T13:13:14+00:00",
        "label": "Cookie\tSUBJECT\theld\ton\tPlain\tCookie"
      }
    },
    {
      "type": "Feature",
      "id": "c24373e3-dbc2-4c0d-9eb0-b6cfeda45ea8",
      "geometry": {
        "type": "LineString",
        "coordinates": [
          [
            -30.0,
            -0.0
          ],
          [
            -30.000625,
            -0.0
          ],
          [
            -30.00125,
            -0.0
          ],
          [
            -30.001875,
            -0.0
          ],
          [
            -30.0025,
            -0.0
          ],
          [
            -30.003125,
            -0.0
          ],
          [
            -30.00375,
            -0.0
          ],
          [
            -30.004375,
            -0.0
          ],
          [
            -30.005,
            -0.0
          ],
          [
            -30.005625,
            -0.0
          ],
          [
            -30.00625,
            -0.0
          ],
          [
            -30.006875,
            -0.0
          ],
          [
            -30.0075,
            -0.0
          ],
          [
            -30.008125,
            -0.0
          ],
          [
            -30.00875,
            -0.0
          ],
          [
            -30.009375,
            -0.0
          ],
          [
            -30.01,
            -0.0
          ],
          [
            -30.010625,
            -0.0
          ],
          [
            -30.01125,
            -0.0
          ],
          [
            -30.011875,
            -0.0
          ],
          [
            -30.0125,
            -0.0
          ],
          [
            -30.013125,
            -0.0
          ],
          [
            -30.01375,
            -0.0
          ],
          [
            -30.014375,
            -0.0
          ],
          [
            -30.015,
            -0.0
          ],
          [
            -30.015625,
            -0.0
          ],
          [
            -30.01625,
            -0.0
          ],
          [
            -30.016875,
            -0.0
          ],
          [
            -30.0175,
            -0.0
          ],
          [
            -30.018125,
            -0.0
          ],
          [
            -30.01875,
            -0.0
          ],
          [
            -30.019375,
            -0.0
          ],
          [
            -30.02,
            -0.0
          ],
          [
            -30.020625,
            -0.0
          ],
          [
            -30.02125,
            -0.0
          ],
          [
            -30.021875,
            -0.0
          ],
          [
            -30.0225,
            -0.0
          ],
          [
            -30.023125,
            -0.0
          ],
          [
            -30.02375,
            -0.0
          ],
          [
            -30.024375,
            -0.0
          ],
          [
            -30.025,
            -0.0
          ],
          [
            -30.025625,
            -0.0
          ],
          [
            -30.02625,
            -0.0
          ],
          [
            -30.026875,
            -0.0
          ],
          [
            -30.0275,
            -0.0
          ],
          [
            -30.028125,
            -0.0
          ],
          [
            -30.02875,
            -0.0
          ],
          [
            -30.029375,
            -0.0
          ],
          [
            -30.03,
            -0.0
          ],
          [
            -30.030625,
            -0.0
          ],
          [
            -30.03125,
            -0.0
          ],
          [
            -30.031875,
            -0.0
          ],
          [
            -30.0325,
            -0.0
          ],
          [
            -30.033125,
            -0.0
          ],
          [
            -30.03375,
            -0.0
          ],
          [
            -30.034375,
            -0.0
          ],
          [
            -30.035,
            -0.0
          ],
          [
            -30.035625,
            -0.0
          ],
          [
            -30.03625,
            -0.0
          ],
          [
            -30.036875,
            -0.0
          ],
          [
            -30.0375,
            -0.0
          ],
          [
            -30.038125,
            -0.0
          ],
          [
            -30.03875,
            -0.0
          ],
          [
            -30.039375,
            -0.0
          ],
          [
            -30.04,
            -0.0
          ],
          [
            -30.040625,
            -0.0
          ],
          [
            -30.04125,
            -0.0
          ],
          [
            -30.041875,
            -0.0
          ],
          [
            -30.0425,
            -0.0
          ],
          [
            -30.043125,
            -0.0
          ],
          [
            -30.04375,
            -0.0
          ],
          [
            -30.044375,
            -0.0
          ],
          [
            -30.045,
            -0.0
          ],
          [
            -30.045625,
            -0.0
          ],
          [
            -30.04625,
            -0.0
          ],
          [
            -30.046875,
            -0.0
          ],
          [
            -30.0475,
            -0.0
          ],
          [
            -30.0481222,
            -5.28e-05
          ],
          [
            -30.048725,
            -0.0002139
          ],
          [
            -30.0492917,
            -0.0004778
          ],
          [
            -30.0498028,
            -0.0008333
          ],
          [
            -30.0502528,
            -0.0012667
          ],
          [
            -30.0506917,
            -0.0017139
          ],
          [
            -30.0511278,
            -0.0021611
          ],
          [
            -30.0515639,
            -0.0026083
          ],
          [
            -30.0520028,
            -0.0030528
          ],
          [
            -30.0524389,
            -0.0035
          ],
          [
            -30.0528778,
            -0.0039472
          ],
          [
            -30.0533139,
            -0.0043944
          ],
          [
            -30.05375,
            -0.0048417
          ],
          [
            -30.0541889,
            -0.0052861
          ],
          [
            -30.054625,
            -0.0057333
          ],
          [
            -30.0550611,
            -0.0061806
          ],
          [
            -30.0555,
            -0.0066278
          ],
          [
            -30.0559361,
            -0.007075
          ],
          [
            -30.056375,
            -0.0075194
          ],
          [
            -30.0568111,
            -0.0079667
          ],
          [
            -30.0572472,
            -0.0084139
          ],
          [
            -30.0576861,
            -0.0088611
          ],
          [
            -30.0581222,
            -0.0093083
          ],
          [
            -30.0585583,
            -0.0097556
          ],
          [
            -30.0589972,
            -0.0102
          ],
          [
            -30.0594333,
            -0.0106472
          ],
          [
            -30.0598694,
            -0.0110944
          ],
          [
            -30.0603083,
            -0.0115417
          ],
          [
            -30.0607444,
            -0.0119889
          ],
          [
            -30.0611833,
            -0.0124333
          ],
          [
            -30.0616194,
            -0.0128806
          ],
          [
            -30.0620556,
            -0.0133278
          ],
          [
            -30.0624944,
            -0.013775
          ],
          [
            -30.0629306,
            -0.0142222
          ],
          [
            -30.0633667,
            -0.0146667
          ],
          [
            -30.0638056,
            -0.0151139
          ],
          [
            -30.0642417,
            -0.0155611
          ],
          [
            -30.0646806,
            -0.0160083
          ],
          [
            -30.0651167,
            -0.0164556
          ],
          [
            -30.0655528,
            -0.0169028
          ],
          [
            -30.0659917,
            -0.0173472
          ],
          [
            -30.0664278,
            -0.0177944
          ],
          [
            -30.0668639,
            -0.0182417
          ],
          [
            -30.0673028,
            -0.0186889
          ],
          [
            -30.0677389,
            -0.0191361
          ],
          [
            -30.068175,
            -0.0195806
          ],
          [
            -30.0686139,
            -0.0200278
          ],
          [
            -30.06905,
            -0.020475
          ],
          [
            -30.0694889,
            -0.0209222
          ],
          [
            -30.069925,
            -0.0213694
          ],
          [
            -30.0703611,
            -0.0218139
          ],
          [
            -30.0708,
            -0.0222611
          ],
          [
            -30.0712361,
            -0.0227083
          ],
          [
            -30.0716722,
            -0.0231556
          ],
          [
            -30.0721111,
            -0.0236028
          ],
          [
            -30.0725472,
            -0.0240472
          ],
          [
            -30.0729861,
            -0.0244944
          ],
          [
            -30.0734222,
            -0.0249417
          ],
          [
            -30.0738583,
            -0.0253889
          ],
          [
            -30.0742972,
            -0.0258361
          ],
          [
            -30.0747333,
            -0.0262833
          ],
          [
            -30.0751694,
            -0.0267278
          ],
          [
            -30.0756083,
            -0.027175
          ],
          [
            -30.0760444,
            -0.0276222
          ],
          [
            -30.0764806,
            -0.0280694
          ],
          [
            -30.0769194,
            -0.0285167
          ],
          [
            -30.0773556,
            -0.0289611
          ],
          [
            -30.0777944,
            -0.0294083
          ],
          [
            -30.0782306,
            -0.0298556
          ],
          [
            -30.0786667,
            -0.0303028
          ],
          [
            -30.0791056,
            -0.03075
          ],
          [
            -30.0795417,
            -0.0311944
          ],
          [
            -30.0799778,
            -0.0316417
          ],
          [
            -30.0804167,
            -0.0320889
          ],
          [
            -30.0808528,
            -0.0325361
          ],
          [
            -30.0812917,
            -0.0329833
          ],
          [
            -30.0817278,
            -0.0334306
          ],
          [
            -30.0821639,
            -0.033875
          ],
          [
            -30.0826028,
            -0.0343222
          ],
          [
            -30.0830389,
            -0.0347694
          ],
          [
            -30.083475,
            -0.0352167
          ],
          [
            -30.0839139,
            -0.0356639
          ],
          [
            -30.08435,
            -0.0361083
          ],
          [
            -30.0847861,
            -0.0365556
          ],
          [
            -30.085225,
            -0.0370028
          ],
          [
            -30.0856611,
            -0.03745
          ],
          [
            -30.0861,
            -0.0378972
          ],
          [
            -30.0865361,
            -0.0383417
          ],
          [
            -30.0869722,
            -0.0387889
          ],
          [
            -30.0874111,
            -0.0392361
          ],
          [
            -30.0878472,
            -0.0396833
          ],
          [
            -30.0882833,
            -0.0401306
          ],
          [
            -30.0887222,
            -0.0405778
          ],
          [
            -30.0891583,
            -0.0410222
          ],
          [
            -30.0895972,
            -0.0414694
          ],
          [
            -30.0900333,
            -0.0419167
          ],
          [
            -30.0904694,
            -0.0423639
          ],
          [
            -30.0909083,
            -0.0428111
          ],
          [
            -30.0913444,
            -0.0432556
          ],
          [
            -30.0917806,
            -0.0437028
          ],
          [
            -30.0922194,
            -0.04415
          ],
          [
            -30.0926556,
            -0.0445972
          ],
          [
            -30.0930917,
            -0.0450444
          ],
          [
            -30.0935306,
            -0.0454889
          ],
          [
            -30.0939667,
            -0.0459361
          ],
          [
            -30.0944056,
            -0.0463833
          ],
          [
            -30.0948417,
            -0.0468306
          ],
          [
            -30.0952778,
            -0.0472778
          ],
          [
            -30.0957167,
            -0.0477222
          ],
          [
            -30.0961528,
            -0.0481694
          ],
          [
            -30.0965889,
            -0.0486167
          ],
          [
            -30.0970278,
            -0.0490639
          ],
          [
            -30.0974639,
            -0.0495111
          ],
          [
            -30.0979028,
            -0.0499583
          ],
          [
            -30.0983389,
            -0.0504028
          ],
          [
            -30.098775,
            -0.05085
          ],
          [
            -30.0992139,
            -0.0512972
          ],
          [
            -30.09965,
            -0.0517444
          ],
          [
            -30.1000861,
            -0.0521917
          ],
          [
            -30.100525,
            -0.0526361
          ],
          [
            -30.1009611,
            -0.0530833
          ],
          [
            -30.1013972,
            -0.0535306
          ],
          [
            -30.1018361,
            -0.0539778
          ],
          [
            -30.1022722,
            -0.054425
          ],
          [
            -30.1027111,
            -0.0548694
          ],
          [
            -30.1031472,
            -0.0553167
          ],
          [
            -30.1035833,
            -0.0557639
          ],
          [
            -30.1040222,
            -0.0562111
          ],
          [
            -30.1044583,
            -0.0566583
          ],
          [
            -30.1048944,
            -0.0571056
          ],
          [
            -30.1053333,
            -0.05755
          ],
          [
            -30.1057694,
            -0.0579972
          ],
          [
            -30.1062083,
            -0.0584444
          ],
          [
            -30.1066444,
            -0.0588917
          ],
          [
            -30.1070806,
            -0.0593389
          ],
          [
            -30.1075194,
            -0.0597833
          ],
          [
            -30.1079556,
            -0.0602306
          ],
          [
            -30.1083917,
            -0.0606778
          ],
          [
            -30.1088306,
            -0.061125
          ],
          [
            -30.1092667,
            -0.0615722
          ],
          [
            -30.1097028,
            -0.0620167
          ],
          [
            -30.1101417,
            -0.0624639
          ],
          [
            -30.1105778,
            -0.0629111
          ],
          [
            -30.1110167,
            -0.0633583
          ],
          [
            -30.1114528,
            -0.0638056
          ],
          [
            -30.1118889,
            -0.0642528
          ],
          [
            -30.1123278,
            -0.0646972
          ],
          [
            -30.1127639,
            -0.0651444
          ],
          [
            -30.1132,
            -0.0655917
          ],
          [
            -30.1136389,
            -0.0660389
          ],
          [
            -30.114075,
            -0.0664861
          ],
          [
            -30.1145139,
            -0.0669306
          ],
          [
            -30.11495,
            -0.0673778
          ],
          [
            -30.1153861,
            -0.067825
          ],
          [
            -30.115825,
            -0.0682722
          ],
          [
            -30.1162611,
            -0.0687194
          ],
          [
            -30.1166972,
            -0.0691639
          ],
          [
            -30.1171361,
            -0.0696111
          ],
          [
            -30.1175722,
            -0.0700583
          ],
          [
            -30.1180083,
            -0.0705056
          ],
          [
            -30.1184472,
            -0.0709528
          ],
          [
            -30.1188833,
            -0.0713972
          ],
          [
            -30.1193222,
            -0.0718444
          ],
          [
            -30.1197583,
            -0.0722917
          ]
        ]
      },
      "properties": {
        "kind": "TRACK",
        "platform_id": "SUBJECT",
        "platform_name": "SUBJECT",
        "track_type": "CONTACT",
        "times": [
          1263298394000,
          1263298409000,
          1263298424000,
          1263298439000,
          1263298454000,
          1263298469000,
          1263298484000,
          1263298499000,
          1263298514000,
          1263298529000,
          1263298544000,
          1263298559000,
          1263298574000,
          1263298589000,
          1263298604000,
          1263298619000,
          1263298634000,
          1263298649000,
          1263298664000,
          1263298679000,
          1263298694000,
          1263298709000,
          1263298724000,
          1263298739000,
          1263298754000,
          1263298769000,
          1263298784000,
          1263298799000,
          1263298814000,
          1263298829000,
          1263298844000,
          1263298859000,
          1263298874000,
          1263298889000,
          1263298904000,
          1263298919000,
          1263298934000,
          1263298949000,
          1263298964000,
          1263298979000,
          1263298994000,
          1263299009000,
          1263299024000,
          1263299039000,
          1263299054000,
          1263299069000,
          1263299084000,
          1263299099000,
          1263299114000,
          1263299129000,
          1263299144000,
          1263299159000,
          1263299174000,
          1263299189000,
          1263299204000,
          1263299219000,
          1263299234000,
          1263299249000,
          1263299264000,
          1263299279000,
          1263299294000,
          1263299309000,
          1263299324000,
          1263299339000,
          1263299354000,
          1263299369000,
          1263299384000,
          1263299399000,
          1263299414000,
          1263299429000,
          1263299444000,
          1263299459000,
          1263299474000,
          1263299489000,
          1263299504000,
          1263299519000,
          1263299534000,
          1263299549000,
          1263299564000,
          1263299579000,
          1263299594000,
          1263299609000,
          1263299624000,
          1263299639000,
          1263299654000,
          1263299669000,
          1263299684000,
          1263299699000,
          1263299714000,
          1263299729000,
          1263299744000,
          1263299759000,
          1263299774000,
          1263299789000,
          1263299804000,
          1263299819000,
          1263299834000,
          1263299849000,
          1263299864000,
          1263299879000,
          1263299894000,
          1263299909000,
          1263299924000,
          1263299939000,
          1263299954000,
          1263299969000,
          1263299984000,
          1263299999000,
          1263300014000,
          1263300029000,
          1263300044000,
          1263300059000,
          1263300074000,
          1263300089000,
          1263300104000,
          1263300119000,
          1263300134000,
          1263300149000,
          1263300164000,
          1263300179000,
          1263300194000,
          1263300209000,
          1263300224000,
          1263300239000,
          1263300254000,
          1263300269000,
          1263300284000,
          1263300299000,
          1263300314000,
          1263300329000,
          1263300344000,
          1263300359000,
          1263300374000,
          1263300389000,
          1263300404000,
          1263300419000,
          1263300434000,
          1263300449000,
          1263300464000,
          1263300479000,
          1263300494000,
          1263300509000,
          1263300524000,
          1263300539000,
          1263300554000,
          1263300569000,
          1263300584000,
          1263300599000,
          1263300614000,
          1263300629000,
          1263300644000,
          1263300659000,
          1263300674000,
          1263300689000,
          1263300704000,
          1263300719000,
          1263300734000,
          1263300749000,
          1263300764000,
          1263300779000,
          1263300794000,
          1263300809000,
          1263300824000,
          1263300839000,
          1263300854000,
          1263300869000,
          1263300884000,
          1263300899000,
          1263300914000,
          1263300929000,
          1263300944000,
          1263300959000,
          1263300974000,
          1263300989000,
          1263301004000,
          1263301019000,
          1263301034000,
          1263301049000,
          1263301064000,
          1263301079000,
          1263301094000,
          1263301109000,
          1263301124000,
          1263301139000,
          1263301154000,
          1263301169000,
          1263301184000,
          1263301199000,
          1263301214000,
          1263301229000,
          1263301244000,
          1263301259000,
          1263301274000,
          1263301289000,
          1263301304000,
          1263301319000,
          1263301334000,
          1263301349000,
          1263301364000,
          1263301379000,
          1263301394000,
          1263301409000,
          1263301424000,
          1263301439000,
          1263301454000,
          1263301469000,
          1263301484000,
          1263301499000,
          1263301514000,
          1263301529000,
          1263301544000,
          1263301559000,
          1263301574000,
          1263301589000,
          1263301604000,
          1263301619000,
          1263301634000,
          1263301649000,
          1263301664000,
          1263301679000,
          1263301694000,
          1263301709000,
          1263301724000,
          1263301739000,
          1263301754000,
          1263301769000,
          1263301784000,
          1263301799000,
          1263301814000,
          1263301829000,
          1263301844000,
          1263301859000,
          1263301874000,
          1263301889000,
          1263301904000,
          1263301919000,
          1263301934000,
          1263301949000,
          1263301964000,
          1263301979000,
          1263301994000
        ],
        "start_time": "2010-01-12T12:13:14+00:00",
        "end_time": "2010-01-12T13:13:14+00:00",
        "positions": [
          {
            "time": "2010-01-12T12:13:14+00:00",
            "course": 270.0,
            "speed": 9.0,
            "depth": 0.0
          },
          {
            "time": "2010-01-12T12:13:29+00:00",
            "course": 270.0,
            "speed": 9.0,
            "depth": 0.0
          },
          {
            "time": "2010-01-12T12:13:44+00:00",
            "course": 270.0,
            "speed": 9.0,
            "depth": 0.0
          },
          {
            "time": "2010-01-12T12:13:59+00:00",
            "course": 270.0,
            "speed": 9.0,
            "depth": 0.0
          },
          {
            "time": "2010-01-12T12:14:14+00:00",
            "course": 270.0,
            "speed": 9.0,
            "depth": 0.0
          },
          {
            "time": "2010-01-12T12:14:29+00:00",
            "course": 270.0,
            "speed": 9.0,
            "depth": 0.0
          },
          {
            "time": "2010-01-12T12:14:44+00:00",
            "course": 270.0,
            "speed": 9.0,
            "depth": 0.0
          },
          {
            "time": "2010-01-12T12:14:59+00:00",
            "course": 270.0,
            "speed": 9.0,
            "depth": 0.0
          },
          {
            "time": "2010-01-12T12:15:14+00:00",
            "course": 270.0,
            "speed": 9.0,
            "depth": 0.0
          },
          {
            "time": "2010-01-12T12:15:29+00:00",
            "course": 270.0,
            "speed": 9.0,
            "depth": 0.0
          },
          {
            "time": "2010-01-12T12:15:44+00:00",
            "course": 270.0,
            "speed": 9.0,
            "depth": 0.0
          },
          {
            "time": "2010-01-12T12:15:59+00:00",
            "course": 270.0,
            "speed": 9.0,
            "depth": 0.0
          },
          {
            "time": "2010-01-12T12:16:14+00:00",
            "course": 270.0,
            "speed": 9.0,
            "depth": 0.0
          },
          {
            "time": "2010-01-12T12:16:29+00:00",
            "course": 270.0,
            "speed": 9.0,
            "depth": 0.0
          },
          {
            "time": "2010-01-12T12:16:44+00:00",
            "course": 270.0,
            "speed": 9.0,
            "depth": 0.0
          },
          {
            "time": "2010-01-12T12:16:59+00:00",
            "course": 270.0,
            "speed": 9.0,
            "depth": 0.0
          },
          {
            "time": "2010-01-12T12:17:14+00:00",
            "course": 270.0,
            "speed": 9.0,
            "depth": 0.0
          },
          {
            "time": "2010-01-12T12:17:29+00:00",
            "course": 270.0,
            "speed": 9.0,
            "depth": 0.0
          },
          {
            "time": "2010-01-12T12:17:44+00:00",
            "course": 270.0,
            "speed": 9.0,
            "depth": 0.0
          },
          {
            "time": "2010-01-12T12:17:59+00:00",
            "course": 270.0,
            "speed": 9.0,
            "depth": 0.0
          },
          {
            "time": "2010-01-12T12:18:14+00:00",
            "course": 270.0,
            "speed": 9.0,
            "depth": 0.0
          },
          {
            "time": "2010-01-12T12:18:29+00:00",
            "course": 270.0,
            "speed": 9.0,
            "depth": 0.0
          },
          {
            "time": "2010-01-12T12:18:44+00:00",
            "course": 270.0,
            "speed": 9.0,
            "depth": 0.0
          },
          {
            "time": "2010-01-12T12:18:59+00:00",
            "course": 270.0,
            "speed": 9.0,
            "depth": 0.0
          },
          {
            "time": "2010-01-12T12:19:14+00:00",
            "course": 270.0,
            "speed": 9.0,
            "depth": 0.0
          },
          {
            "time": "2010-01-12T12:19:29+00:00",
            "course": 270.0,
            "speed": 9.0,
            "depth": 0.0
          },
          {
            "time": "2010-01-12T12:19:44+00:00",
            "course": 270.0,
            "speed": 9.0,
            "depth": 0.0
          },
          {
            "time": "2010-01-12T12:19:59+00:00",
            "course": 270.0,
            "speed": 9.0,
            "depth": 0.0
          },
          {
            "time": "2010-01-12T12:20:14+00:00",
            "course": 270.0,
            "speed": 9.0,
            "depth": 0.0
          },
          {
            "time": "2010-01-12T12:20:29+00:00",
            "course": 270.0,
            "speed": 9.0,
            "depth": 0.0
          },
          {
            "time": "2010-01-12T12:20:44+00:00",
            "course": 270.0,
            "speed": 9.0,
            "depth": 0.0
          },
          {
            "time": "2010-01-12T12:20:59+00:00",
            "course": 270.0,
            "speed": 9.0,
            "depth": 0.0
          },
          {
            "time": "2010-01-12T12:21:14+00:00",
            "course": 270.0,
            "speed": 9.0,
            "depth": 0.0
          },
          {
            "time": "2010-01-12T12:21:29+00:00",
            "course": 270.0,
            "speed": 9.0,
            "depth": 0.0
          },
          {
            "time": "2010-01-12T12:21:44+00:00",
            "course": 270.0,
            "speed": 9.0,
            "depth": 0.0
          },
          {
            "time": "2010-01-12T12:21:59+00:00",
            "course": 270.0,
            "speed": 9.0,
            "depth": 0.0
          },
          {
            "time": "2010-01-12T12:22:14+00:00",
            "course": 270.0,
            "speed": 9.0,
            "depth": 0.0
          },
          {
            "time": "2010-01-12T12:22:29+00:00",
            "course": 270.0,
            "speed": 9.0,
            "depth": 0.0
          },
          {
            "time": "2010-01-12T12:22:44+00:00",
            "course": 270.0,
            "speed": 9.0,
            "depth": 0.0
          },
          {
            "time": "2010-01-12T12:22:59+00:00",
            "course": 270.0,
            "speed": 9.0,
            "depth": 0.0
          },
          {
            "time": "2010-01-12T12:23:14+00:00",
            "course": 270.0,
            "speed": 9.0,
            "depth": 0.0
          },
          {
            "time": "2010-01-12T12:23:29+00:00",
            "course": 270.0,
            "speed": 9.0,
            "depth": 0.0
          },
          {
            "time": "2010-01-12T12:23:44+00:00",
            "course": 270.0,
            "speed": 9.0,
            "depth": 0.0
          },
          {
            "time": "2010-01-12T12:23:59+00:00",
            "course": 270.0,
            "speed": 9.0,
            "depth": 0.0
          },
          {
            "time": "2010-01-12T12:24:14+00:00",
            "course": 270.0,
            "speed": 9.0,
            "depth": 0.0
          },
          {
            "time": "2010-01-12T12:24:29+00:00",
            "course": 270.0,
            "speed": 9.0,
            "depth": 0.0
          },
          {
            "time": "2010-01-12T12:24:44+00:00",
            "course": 270.0,
            "speed": 9.0,
            "depth": 0.0
          },
          {
            "time": "2010-01-12T12:24:59+00:00",
            "course": 270.0,
            "speed": 9.0,
            "depth": 0.0
          },
          {
            "time": "2010-01-12T12:25:14+00:00",
            "course": 270.0,
            "speed": 9.0,
            "depth": 0.0
          },
          {
            "time": "2010-01-12T12:25:29+00:00",
            "course": 270.0,
            "speed": 9.0,
            "depth": 0.0
          },
          {
            "time": "2010-01-12T12:25:44+00:00",
            "course": 270.0,
            "speed": 9.0,
            "depth": 0.0
          },
          {
            "time": "2010-01-12T12:25:59+00:00",
            "course": 270.0,
            "speed": 9.0,
            "depth": 0.0
          },
          {
            "time": "2010-01-12T12:26:14+00:00",
            "course": 270.0,
            "speed": 9.0,
            "depth": 0.0
          },
          {
            "time": "2010-01-12T12:26:29+00:00",
            "course": 270.0,
            "speed": 9.0,
            "depth": 0.0
          },
          {
            "time": "2010-01-12T12:26:44+00:00",
            "course": 270.0,
            "speed": 9.0,
            "depth": 0.0
          },
          {
            "time": "2010-01-12T12:26:59+00:00",
            "course": 270.0,
            "speed": 9.0,
            "depth": 0.0
          },
          {
            "time": "2010-01-12T12:27:14+00:00",
            "course": 270.0,
            "speed": 9.0,
            "depth": 0.0
          },
          {
            "time": "2010-01-12T12:27:29+00:00",
            "course": 270.0,
            "speed": 9.0,
            "depth": 0.0
          },
          {
            "time": "2010-01-12T12:27:44+00:00",
            "course": 270.0,
            "speed": 9.0,
            "depth": 0.0
          },
          {
            "time": "2010-01-12T12:27:59+00:00",
            "course": 270.0,
            "speed": 9.0,
            "depth": 0.0
          },
          {
            "time": "2010-01-12T12:28:14+00:00",
            "course": 270.0,
            "speed": 9.0,
            "depth": 0.0
          },
          {
            "time": "2010-01-12T12:28:29+00:00",
            "course": 270.0,
            "speed": 9.0,
            "depth": 0.0
          },
          {
            "time": "2010-01-12T12:28:44+00:00",
            "course": 270.0,
            "speed": 9.0,
            "depth": 0.0
          },
          {
            "time": "2010-01-12T12:28:59+00:00",
            "course": 270.0,
            "speed": 9.0,
            "depth": 0.0
          },
          {
            "time": "2010-01-12T12:29:14+00:00",
            "course": 270.0,
            "speed": 9.0,
            "depth": 0.0
          },
          {
            "time": "2010-01-12T12:29:29+00:00",
            "course": 270.0,
            "speed": 9.0,
            "depth": 0.0
          },
          {
            "time": "2010-01-12T12:29:44+00:00",
            "course": 270.0,
            "speed": 9.0,
            "depth": 0.0
          },
          {
            "time": "2010-01-12T12:29:59+00:00",
            "course": 270.0,
            "speed": 9.0,
            "depth": 0.0
          },
          {
            "time": "2010-01-12T12:30:14+00:00",
            "course": 270.0,
            "speed": 9.0,
            "depth": 0.0
          },
          {
            "time": "2010-01-12T12:30:29+00:00",
            "course": 270.0,
            "speed": 9.0,
            "depth": 0.0
          },
          {
            "time": "2010-01-12T12:30:44+00:00",
            "course": 270.0,
            "speed": 9.0,
            "depth": 0.0
          },
          {
            "time": "2010-01-12T12:30:59+00:00",
            "course": 270.0,
            "speed": 9.0,
            "depth": 0.0
          },
          {
            "time": "2010-01-12T12:31:14+00:00",
            "course": 270.0,
            "speed": 9.0,
            "depth": 0.0
          },
          {
            "time": "2010-01-12T12:31:29+00:00",
            "course": 270.0,
            "speed": 9.0,
            "depth": 0.0
          },
          {
            "time": "2010-01-12T12:31:44+00:00",
            "course": 270.0,
            "speed": 9.0,
            "depth": 0.0
          },
          {
            "time": "2010-01-12T12:31:59+00:00",
            "course": 270.0,
            "speed": 9.0,
            "depth": 0.0
          },
          {
            "time": "2010-01-12T12:32:14+00:00",
            "course": 270.0,
            "speed": 9.0,
            "depth": 0.0
          },
          {
            "time": "2010-01-12T12:32:29+00:00",
            "course": 260.05,
            "speed": 9.0,
            "depth": 0.0
          },
          {
            "time": "2010-01-12T12:32:44+00:00",
            "course": 250.1,
            "speed": 9.0,
            "depth": 0.0
          },
          {
            "time": "2010-01-12T12:32:59+00:00",
            "course": 240.16,
            "speed": 9.0,
            "depth": 0.0
          },
          {
            "time": "2010-01-12T12:33:14+00:00",
            "course": 230.21,
            "speed": 9.0,
            "depth": 0.0
          },
          {
            "time": "2010-01-12T12:33:29+00:00",
            "course": 224.39,
            "speed": 9.0,
            "depth": 0.0
          },
          {
            "time": "2010-01-12T12:33:44+00:00",
            "course": 224.38,
            "speed": 9.0,
            "depth": 0.0
          },
          {
            "time": "2010-01-12T12:33:59+00:00",
            "course": 224.38,
            "speed": 9.0,
            "depth": 0.0
          },
          {
            "time": "2010-01-12T12:34:14+00:00",
            "course": 224.38,
            "speed": 9.0,
            "depth": 0.0
          },
          {
            "time": "2010-01-12T12:34:29+00:00",
            "course": 224.38,
            "speed": 9.0,
            "depth": 0.0
          },
          {
            "time": "2010-01-12T12:34:44+00:00",
            "course": 224.38,
            "speed": 9.0,
            "depth": 0.0
          },
          {
            "time": "2010-01-12T12:34:59+00:00",
            "course": 224.38,
            "speed": 9.0,
            "depth": 0.0
          },
          {
            "time": "2010-01-12T12:35:14+00:00",
            "course": 224.38,
            "speed": 9.0,
            "depth": 0.0
          },
          {
            "time": "2010-01-12T12:35:29+00:00",
            "course": 224.38,
            "speed": 9.0,
            "depth": 0.0
          },
          {
            "time": "2010-01-12T12:35:44+00:00",
            "course": 224.38,
            "speed": 9.0,
            "depth": 0.0
          },
          {
            "time": "2010-01-12T12:35:59+00:00",
            "course": 224.38,
            "speed": 9.0,
            "depth": 0.0
          },
          {
            "time": "2010-01-12T12:36:14+00:00",
            "course": 224.38,
            "speed": 9.0,
            "depth": 0.0
          },
          {
            "time": "2010-01-12T12:36:29+00:00",
            "course": 224.38,
            "speed": 9.0,
            "depth": 0.0
          },
          {
            "time": "2010-01-12T12:36:44+00:00",
            "course": 224.38,
            "speed": 9.0,
            "depth": 0.0
          },
          {
            "time": "2010-01-12T12:36:59+00:00",
            "course": 224.38,
            "speed": 9.0,
            "depth": 0.0
          },
          {
            "time": "2010-01-12T12:37:14+00:00",
            "course": 224.38,
            "speed": 9.0,
            "depth": 0.0
          },
          {
            "time": "2010-01-12T12:37:29+00:00",
            "course": 224.38,
            "speed": 9.0,
            "depth": 0.0
          },
          {
            "time": "2010-01-12T12:37:44+00:00",
            "course": 224.38,
            "speed": 9.0,
            "depth": 0.0
          },
          {
            "time": "2010-01-12T12:37:59+00:00",
            "course": 224.38,
            "speed": 9.0,
            "depth": 0.0
          },
          {
            "time": "2010-01-12T12:38:14+00:00",
            "course": 224.38,
            "speed": 9.0,
            "depth": 0.0
          },
          {
            "time": "2010-01-12T12:38:29+00:00",
            "course": 224.38,
            "speed": 9.0,
            "depth": 0.0
          },
          {
            "time": "2010-01-12T12:38:44+00:00",
            "course": 224.38,
            "speed": 9.0,
            "depth": 0.0
          },
          {
            "time": "2010-01-12T12:38:59+00:00",
            "course": 224.38,
            "speed": 9.0,
            "depth": 0.0
          },
          {
            "time": "2010-01-12T12:39:14+00:00",
            "course": 224.38,
            "speed": 9.0,
            "depth": 0.0
          },
          {
            "time": "2010-01-12T12:39:29+00:00",
            "course": 224.38,
            "speed": 9.0,
            "depth": 0.0
          },
          {
            "time": "2010-01-12T12:39:44+00:00",
            "course": 224.38,
            "speed": 9.0,
            "depth": 0.0
          },
          {
            "time": "2010-01-12T12:39:59+00:00",
            "course": 224.38,
            "speed": 9.0,
            "depth": 0.0
          },
          {
            "time": "2010-01-12T12:40:14+00:00",
            "course": 224.38,
            "speed": 9.0,
            "depth": 0.0
          },
          {
            "time": "2010-01-12T12:40:29+00:00",
            "course": 224.38,
            "speed": 9.0,
            "depth": 0.0
          },
          {
            "time": "2010-01-12T12:40:44+00:00",
            "course": 224.38,
            "speed": 9.0,
            "depth": 0.0
          },
          {
            "time": "2010-01-12T12:40:59+00:00",
            "course": 224.38,
            "speed": 9.0,
            "depth": 0.0
          },
          {
            "time": "2010-01-12T12:41:14+00:00",
            "course": 224.38,
            "speed": 9.0,
            "depth": 0.0
          },
          {
            "time": "2010-01-12T12:41:29+00:00",
            "course": 224.38,
            "speed": 9.0,
            "depth": 0.0
          },
          {
            "time": "2010-01-12T12:41:44+00:00",
            "course": 224.38,
            "speed": 9.0,
            "depth": 0.0
          },
          {
            "time": "2010-01-12T12:41:59+00:00",
            "course": 224.38,
            "speed": 9.0,
            "depth": 0.0
          },
          {
            "time": "2010-01-12T12:42:14+00:00",
            "course": 224.38,
            "speed": 9.0,
            "depth": 0.0
          },
          {
            "time": "2010-01-12T12:42:29+00:00",
            "course": 224.38,
            "speed": 9.0,
            "depth": 0.0
          },
          {
            "time": "2010-01-12T12:42:44+00:00",
            "course": 224.38,
            "speed": 9.0,
            "depth": 0.0
          },
          {
            "time": "2010-01-12T12:42:59+00:00",
            "course": 224.38,
            "speed": 9.0,
            "depth": 0.0
          },
          {
            "time": "2010-01-12T12:43:14+00:00",
            "course": 224.38,
            "speed": 9.0,
            "depth": 0.0
          },
          {
            "time": "2010-01-12T12:43:29+00:00",
            "course": 224.38,
            "speed": 9.0,
            "depth": 0.0
          },
          {
            "time": "2010-01-12T12:43:44+00:00",
            "course": 224.38,
            "speed": 9.0,
            "depth": 0.0
          },
          {
            "time": "2010-01-12T12:43:59+00:00",
            "course": 224.38,
            "speed": 9.0,
            "depth": 0.0
          },
          {
            "time": "2010-01-12T12:44:14+00:00",
            "course": 224.38,
            "speed": 9.0,
            "depth": 0.0
          },
          {
            "time": "2010-01-12T12:44:29+00:00",
            "course": 224.38,
            "speed": 9.0,
            "depth": 0.0
          },
          {
            "time": "2010-01-12T12:44:44+00:00",
            "course": 224.38,
            "speed": 9.0,
            "depth": 0.0
          },
          {
            "time": "2010-01-12T12:44:59+00:00",
            "course": 224.38,
            "speed": 9.0,
            "depth": 0.0
          },
          {
            "time": "2010-01-12T12:45:14+00:00",
            "course": 224.38,
            "speed": 9.0,
            "depth": 0.0
          },
          {
            "time": "2010-01-12T12:45:29+00:00",
            "course": 224.38,
            "speed": 9.0,
            "depth": 0.0
          },
          {
            "time": "2010-01-12T12:45:44+00:00",
            "course": 224.38,
            "speed": 9.0,
            "depth": 0.0
          },
          {
            "time": "2010-01-12T12:45:59+00:00",
            "course": 224.38,
            "speed": 9.0,
            "depth": 0.0
          },
          {
            "time": "2010-01-12T12:46:14+00:00",
            "course": 224.38,
            "speed": 9.0,
            "depth": 0.0
          },
          {
            "time": "2010-01-12T12:46:29+00:00",
            "course": 224.38,
            "speed": 9.0,
            "depth": 0.0
          },
          {
            "time": "2010-01-12T12:46:44+00:00",
            "course": 224.38,
            "speed": 9.0,
            "depth": 0.0
          },
          {
            "time": "2010-01-12T12:46:59+00:00",
            "course": 224.38,
            "speed": 9.0,
            "depth": 0.0
          },
          {
            "time": "2010-01-12T12:47:14+00:00",
            "course": 224.38,
            "speed": 9.0,
            "depth": 0.0
          },
          {
            "time": "2010-01-12T12:47:29+00:00",
            "course": 224.38,
            "speed": 9.0,
            "depth": 0.0
          },
          {
            "time": "2010-01-12T12:47:44+00:00",
            "course": 224.38,
            "speed": 9.0,
            "depth": 0.0
          },
          {
            "time": "2010-01-12T12:47:59+00:00",
            "course": 224.38,
            "speed": 9.0,
            "depth": 0.0
          },
          {
            "time": "2010-01-12T12:48:14+00:00",
            "course": 224.38,
            "speed": 9.0,
            "depth": 0.0
          },
          {
            "time": "2010-01-12T12:48:29+00:00",
            "course": 224.38,
            "speed": 9.0,
            "depth": 0.0
          },
          {
            "time": "2010-01-12T12:48:44+00:00",
            "course": 224.38,
            "speed": 9.0,
            "depth": 0.0
          },
          {
            "time": "2010-01-12T12:48:59+00:00",
            "course": 224.38,
            "speed": 9.0,
            "depth": 0.0
          },
          {
            "time": "2010-01-12T12:49:14+00:00",
            "course": 224.38,
            "speed": 9.0,
            "depth": 0.0
          },
          {
            "time": "2010-01-12T12:49:29+00:00",
            "course": 224.38,
            "speed": 9.0,
            "depth": 0.0
          },
          {
            "time": "2010-01-12T12:49:44+00:00",
            "course": 224.38,
            "speed": 9.0,
            "depth": 0.0
          },
          {
            "time": "2010-01-12T12:49:59+00:00",
            "course": 224.38,
            "speed": 9.0,
            "depth": 0.0
          },
          {
            "time": "2010-01-12T12:50:14+00:00",
            "course": 224.38,
            "speed": 9.0,
            "depth": 0.0
          },
          {
            "time": "2010-01-12T12:50:29+00:00",
            "course": 224.38,
            "speed": 9.0,
            "depth": 0.0
          },
          {
            "time": "2010-01-12T12:50:44+00:00",
            "course": 224.38,
            "speed": 9.0,
            "depth": 0.0
          },
          {
            "time": "2010-01-12T12:50:59+00:00",
            "course": 224.38,
            "speed": 9.0,
            "depth": 0.0
          },
          {
            "time": "2010-01-12T12:51:14+00:00",
            "course": 224.38,
            "speed": 9.0,
            "depth": 0.0
          },
          {
            "time": "2010-01-12T12:51:29+00:00",
            "course": 224.38,
            "speed": 9.0,
            "depth": 0.0
          },
          {
            "time": "2010-01-12T12:51:44+00:00",
            "course": 224.38,
            "speed": 9.0,
            "depth": 0.0
          },
          {
            "time": "2010-01-12T12:51:59+00:00",
            "course": 224.38,
            "speed": 9.0,
            "depth": 0.0
          },
          {
            "time": "2010-01-12T12:52:14+00:00",
            "course": 224.38,
            "speed": 9.0,
            "depth": 0.0
          },
          {
            "time": "2010-01-12T12:52:29+00:00",
            "course": 224.38,
            "speed": 9.0,
            "depth": 0.0
          },
          {
            "time": "2010-01-12T12:52:44+00:00",
            "course": 224.38,
            "speed": 9.0,
            "depth": 0.0
          },
          {
            "time": "2010-01-12T12:52:59+00:00",
            "course": 224.38,
            "speed": 9.0,
            "depth": 0.0
          },
          {
            "time": "2010-01-12T12:53:14+00:00",
            "course": 224.38,
            "speed": 9.0,
            "depth": 0.0
          },
          {
            "time": "2010-01-12T12:53:29+00:00",
            "course": 224.38,
            "speed": 9.0,
            "depth": 0.0
          },
          {
            "time": "2010-01-12T12:53:44+00:00",
            "course": 224.38,
            "speed": 9.0,
            "depth": 0.0
          },
          {
            "time": "2010-01-12T12:53:59+00:00",
            "course": 224.38,
            "speed": 9.0,
            "depth": 0.0
          },
          {
            "time": "2010-01-12T12:54:14+00:00",
            "course": 224.38,
            "speed": 9.0,
            "depth": 0.0
          },
          {
            "time": "2010-01-12T12:54:29+00:00",
            "course": 224.38,
            "speed": 9.0,
            "depth": 0.0
          },
          {
            "time": "2010-01-12T12:54:44+00:00",
            "course": 224.38,
            "speed": 9.0,
            "depth": 0.0
          },
          {
            "time": "2010-01-12T12:54:59+00:00",
            "course": 224.38,
            "speed": 9.0,
            "depth": 0.0
          },
          {
            "time": "2010-01-12T12:55:14+00:00",
            "course": 224.38,
            "speed": 9.0,
            "depth": 0.0
          },
          {
            "time": "2010-01-12T12:55:29+00:00",
            "course": 224.38,
            "speed": 9.0,
            "depth": 0.0
          },
          {
            "time": "2010-01-12T12:55:44+00:00",
            "course": 224.38,
            "speed": 9.0,
            "depth": 0.0
          },
          {
            "time": "2010-01-12T12:55:59+00:00",
            "course": 224.38,
            "speed": 9.0,
            "depth": 0.0
          },
          {
            "time": "2010-01-12T12:56:14+00:00",
            "course": 224.38,
            "speed": 9.0,
            "depth": 0.0
          },
          {
            "time": "2010-01-12T12:56:29+00:00",
            "course": 224.38,
            "speed": 9.0,
            "depth": 0.0
          },
          {
            "time": "2010-01-12T12:56:44+00:00",
            "course": 224.38,
            "speed": 9.0,
            "depth": 0.0
          },
          {
            "time": "2010-01-12T12:56:59+00:00",
            "course": 224.38,
            "speed": 9.0,
            "depth": 0.0
          },
          {
            "time": "2010-01-12T12:57:14+00:00",
            "course": 224.38,
            "speed": 9.0,
            "depth": 0.0
          },
          {
            "time": "2010-01-12T12:57:29+00:00",
            "course": 224.38,
            "speed": 9.0,
            "depth": 0.0
          },
          {
            "time": "2010-01-12T12:57:44+00:00",
            "course": 224.38,
            "speed": 9.0,
            "depth": 0.0
          },
          {
            "time": "2010-01-12T12:57:59+00:00",
            "course": 224.38,
            "speed": 9.0,
            "depth": 0.0
          },
          {
            "time": "2010-01-12T12:58:14+00:00",
            "course": 224.38,
            "speed": 9.0,
            "depth": 0.0
          },
          {
            "time": "2010-01-12T12:58:29+00:00",
            "course": 224.38,
            "speed": 9.0,
            "depth": 0.0
          },
          {
            "time": "2010-01-12T12:58:44+00:00",
            "course": 224.38,
            "speed": 9.0,
            "depth": 0.0
          },
          {
            "time": "2010-01-12T12:58:59+00:00",
            "course": 224.38,
            "speed": 9.0,
            "depth": 0.0
          },
          {
            "time": "2010-01-12T12:59:14+00:00",
            "course": 224.38,
            "speed": 9.0,
            "depth": 0.0
          },
          {
            "time": "2010-01-12T12:59:29+00:00",
            "course": 224.38,
            "speed": 9.0,
            "depth": 0.0
          },
          {
            "time": "2010-01-12T12:59:44+00:00",
            "course": 224.38,
            "speed": 9.0,
            "depth": 0.0
          },
          {
            "time": "2010-01-12T12:59:59+00:00",
            "course": 224.38,
            "speed": 9.0,
            "depth": 0.0
          },
          {
            "time": "2010-01-12T13:00:14+00:00",
            "course": 224.38,
            "speed": 9.0,
            "depth": 0.0
          },
          {
            "time": "2010-01-12T13:00:29+00:00",
            "course": 224.38,
            "speed": 9.0,
            "depth": 0.0
          },
          {
            "time": "2010-01-12T13:00:44+00:00",
            "course": 224.38,
            "speed": 9.0,
            "depth": 0.0
          },
          {
            "time": "2010-01-12T13:00:59+00:00",
            "course": 224.38,
            "speed": 9.0,
            "depth": 0.0
          },
          {
            "time": "2010-01-12T13:01:14+00:00",
            "course": 224.38,
            "speed": 9.0,
            "depth": 0.0
          },
          {
            "time": "2010-01-12T13:01:29+00:00",
            "course": 224.38,
            "speed": 9.0,
            "depth": 0.0
          },
          {
            "time": "2010-01-12T13:01:44+00:00",
            "course": 224.38,
            "speed": 9.0,
            "depth": 0.0
          },
          {
            "time": "2010-01-12T13:01:59+00:00",
            "course": 224.38,
            "speed": 9.0,
            "depth": 0.0
          },
          {
            "time": "2010-01-12T13:02:14+00:00",
            "course": 224.38,
            "speed": 9.0,
            "depth": 0.0
          },
          {
            "time": "2010-01-12T13:02:29+00:00",
            "course": 224.38,
            "speed": 9.0,
            "depth": 0.0
          },
          {
            "time": "2010-01-12T13:02:44+00:00",
            "course": 224.38,
            "speed": 9.0,
            "depth": 0.0
          },
          {
            "time": "2010-01-12T13:02:59+00:00",
            "course": 224.38,
            "speed": 9.0,
            "depth": 0.0
          },
          {
            "time": "2010-01-12T13:03:14+00:00",
            "course": 224.38,
            "speed": 9.0,
            "depth": 0.0
          },
          {
            "time": "2010-01-12T13:03:29+00:00",
            "course": 224.38,
            "speed": 9.0,
            "depth": 0.0
          },
          {
            "time": "2010-01-12T13:03:44+00:00",
            "course": 224.38,
            "speed": 9.0,
            "depth": 0.0
          },
          {
            "time": "2010-01-12T13:03:59+00:00",
            "course": 224.38,
            "speed": 9.0,
            "depth": 0.0
          },
          {
            "time": "2010-01-12T13:04:14+00:00",
            "course": 224.38,
            "speed": 9.0,
            "depth": 0.0
          },
          {
            "time": "2010-01-12T13:04:29+00:00",
            "course": 224.38,
            "speed": 9.0,
            "depth": 0.0
          },
          {
            "time": "2010-01-12T13:04:44+00:00",
            "course": 224.38,
            "speed": 9.0,
            "depth": 0.0
          },
          {
            "time": "2010-01-12T13:04:59+00:00",
            "course": 224.38,
            "speed": 9.0,
            "depth": 0.0
          },
          {
            "time": "2010-01-12T13:05:14+00:00",
            "course": 224.38,
            "speed": 9.0,
            "depth": 0.0
          },
          {
            "time": "2010-01-12T13:05:29+00:00",
            "course": 224.38,
            "speed": 9.0,
            "depth": 0.0
          },
          {
            "time": "2010-01-12T13:05:44+00:00",
            "course": 224.38,
            "speed": 9.0,
            "depth": 0.0
          },
          {
            "time": "2010-01-12T13:05:59+00:00",
            "course": 224.38,
            "speed": 9.0,
            "depth": 0.0
          },
          {
            "time": "2010-01-12T13:06:14+00:00",
            "course": 224.38,
            "speed": 9.0,
            "depth": 0.0
          },
          {
            "time": "2010-01-12T13:06:29+00:00",
            "course": 224.38,
            "speed": 9.0,
            "depth": 0.0
          },
          {
            "time": "2010-01-12T13:06:44+00:00",
            "course": 224.38,
            "speed": 9.0,
            "depth": 0.0
          },
          {
            "time": "2010-01-12T13:06:59+00:00",
            "course": 224.38,
            "speed": 9.0,
            "depth": 0.0
          },
          {
            "time": "2010-01-12T13:07:14+00:00",
            "course": 224.38,
            "speed": 9.0,
            "depth": 0.0
          },
          {
            "time": "2010-01-12T13:07:29+00:00",
            "course": 224.38,
            "speed": 9.0,
            "depth": 0.0
          },
          {
            "time": "2010-01-12T13:07:44+00:00",
            "course": 224.38,
            "speed": 9.0,
            "depth": 0.0
          },
          {
            "time": "2010-01-12T13:07:59+00:00",
            "course": 224.38,
            "speed": 9.0,
            "depth": 0.0
          },
          {
            "time": "2010-01-12T13:08:14+00:00",
            "course": 224.38,
            "speed": 9.0,
            "depth": 0.0
          },
          {
            "time": "2010-01-12T13:08:29+00:00",
            "course": 224.38,
            "speed": 9.0,
            "depth": 0.0
          },
          {
            "time": "2010-01-12T13:08:44+00:00",
            "course": 224.38,
            "speed": 9.0,
            "depth": 0.0
          },
          {
            "time": "2010-01-12T13:08:59+00:00",
            "course": 224.38,
            "speed": 9.0,
            "depth": 0.0
          },
          {
            "time": "2010-01-12T13:09:14+00:00",
            "course": 224.38,
            "speed": 9.0,
            "depth": 0.0
          },
          {
            "time": "2010-01-12T13:09:29+00:00",
            "course": 224.38,
            "speed": 9.0,
            "depth": 0.0
          },
          {
            "time": "2010-01-12T13:09:44+00:00",
            "course": 224.38,
            "speed": 9.0,
            "depth": 0.0
          },
          {
            "time": "2010-01-12T13:09:59+00:00",
            "course": 224.38,
            "speed": 9.0,
            "depth": 0.0
          },
          {
            "time": "2010-01-12T13:10:14+00:00",
            "course": 224.38,
            "speed": 9.0,
            "depth": 0.0
          },
          {
            "time": "2010-01-12T13:10:29+00:00",
            "course": 224.38,
            "speed": 9.0,
            "depth": 0.0
          },
          {
            "time": "2010-01-12T13:10:44+00:00",
            "course": 224.38,
            "speed": 9.0,
            "depth": 0.0
          },
          {
            "time": "2010-01-12T13:10:59+00:00",
            "course": 224.38,
            "speed": 9.0,
            "depth": 0.0
          },
          {
            "time": "2010-01-12T13:11:14+00:00",
            "course": 224.38,
            "speed": 9.0,
            "depth": 0.0
          },
          {
            "time": "2010-01-12T13:11:29+00:00",
            "course": 224.38,
            "speed": 9.0,
            "depth": 0.0
          },
          {
            "time": "2010-01-12T13:11:44+00:00",
            "course": 224.38,
            "speed": 9.0,
            "depth": 0.0
          },
          {
            "time": "2010-01-12T13:11:59+00:00",
            "course": 224.38,
            "speed": 9.0,
            "depth": 0.0
          },
          {
            "time": "2010-01-12T13:12:14+00:00",
            "course": 224.38,
            "speed": 9.0,
            "depth": 0.0
          },
          {
            "time": "2010-01-12T13:12:29+00:00",
            "course": 224.38,
            "speed": 9.0,
            "depth": 0.0
          },
          {
            "time": "2010-01-12T13:12:44+00:00",
            "course": 224.38,
            "speed": 9.0,
            "depth": 0.0
          },
          {
            "time": "2010-01-12T13:12:59+00:00",
            "course": 224.38,
            "speed": 9.0,
            "depth": 0.0
          },
          {
            "time": "2010-01-12T13:13:14+00:00",
            "course": 224.38,
            "speed": 9.0,
            "depth": 0.0
          }
        ],
        "default_position_style": {
          "show_symbol": false,
          "symbol": "circle",
          "show_label": false
        },
        "symbol_interval": "PT5M",
        "label_interval": "PT15M"
      }
    }
  ]
}