{
  "type": "FeatureCollection",
  "features": [
    {
      "type": "Feature",
      "id": "43ed52bf-151e-46a5-964c-98bd50301a8a",
      "geometry": {
        "type": "LineString",
        "coordinates": [
          [
            0.1,
            59.95
          ],
          [
            0.098575,
            59.95085
          ],
          [
            0.0971472,
            59.9517028
          ],
          [
            0.0957222,
            59.9525528
          ],
          [
            0.0942944,
            59.9534056
          ],
          [
            0.0928694,
            59.9542556
          ],
          [
            0.0914417,
            59.9551083
          ],
          [
            0.0900139,
            59.9559583
          ],
          [
            0.0885889,
            59.9568083
          ],
          [
            0.0871611,
            59.9576611
          ],
          [
            0.0857361,
            59.9585111
          ],
          [
            0.0843083,
            59.9593639
          ],
          [
            0.0828833,
            59.9602139
          ],
          [
            0.0814556,
            59.9610639
          ],
          [
            0.0800278,
            59.9619167
          ],
          [
            0.0786028,
            59.9627667
          ],
          [
            0.077175,
            59.9636194
          ],
          [
            0.0757472,
            59.9644694
          ],
          [
            0.0743222,
            59.9653222
          ],
          [
            0.0728944,
            59.9661722
          ],
          [
            0.0714667,
            59.9670222
          ],
          [
            0.0700417,
            59.967875
          ],
          [
            0.0686139,
            59.968725
          ],
          [
            0.0671861,
            59.9695778
          ],
          [
            0.0657583,
            59.9704278
          ],
          [
            0.0643333,
            59.9712778
          ],
          [
            0.0629056,
            59.9721306
          ],
          [
            0.0614778,
            59.9729806
          ],
          [
            0.06005,
            59.9738333
          ],
          [
            0.0586222,
            59.9746833
          ],
          [
            0.0571944,
            59.9755361
          ],
          [
            0.0557694,
            59.9763861
          ],
          [
            0.0543417,
            59.9772361
          ],
          [
            0.0529139,
            59.9780889
          ],
          [
            0.0514861,
            59.9789389
          ],
          [
            0.0500583,
            59.9797917
          ],
          [
            0.0486306,
            59.9806417
          ],
          [
            0.0472028,
            59.9814917
          ],
          [
            0.045775,
            59.9823444
          ],
          [
            0.0443472,
            59.9831944
          ],
          [
            0.0429194,
            59.9840472
          ],
          [
            0.0414917,
            59.9848972
          ],
          [
            0.0400639,
            59.98575
          ],
          [
            0.0386361,
            59.9866
          ],
          [
            0.0372083,
            59.98745
          ],
          [
            0.0357806,
            59.9883028
          ],
          [
            0.0343528,
            59.9891528
          ],
          [
            0.032925,
            59.9900056
          ],
          [
            0.0314972,
            59.9908556
          ],
          [
            0.0300694,
            59.9917056
          ],
          [
            0.0286417,
            59.9925583
          ],
          [
            0.0272139,
            59.9934083
          ],
          [
            0.0257861,
            59.9942611
          ],
          [
            0.0243556,
            59.9951111
          ],
          [
            0.0229278,
            59.9959639
          ],
          [
            0.0215,
            59.9968139
          ],
          [
            0.0200722,
            59.9976639
          ],
          [
            0.0186444,
            59.9985167
          ],
          [
            0.0172139,
            59.9993667
          ],
          [
            0.0157861,
            60.0002194
          ],
          [
            0.0143583,
            60.0010694
          ],
          [
            0.0129306,
            60.0019194
          ],
          [
            0.0115,
            60.0027722
          ],
          [
            0.0100722,
            60.0036222
          ],
          [
            0.0086444,
            60.004475
          ],
          [
            0.0072167,
            60.005325
          ],
          [
            0.0057861,
            60.0061778
          ],
          [
            0.0043583,
            60.0070278
          ],
          [
            0.0029306,
            60.0078778
          ],
          [
            0.0015,
            60.0087306
          ],
          [
            7.22e-05,
            60.0095806
          ],
          [
            -0.0013583,
            60.0104333
          ],
          [
            -0.0027861,
            60.0112833
          ],
          [
            -0.0042139,
            60.0121361
          ],
          [
            -0.0056444,
            60.0129861
          ],
          [
            -0.0070722,
            60.0138361
          ],
          [
            -0.0085028,
            60.0146889
          ],
          [
            -0.0099306,
            60.0155389
          ],
          [
            -0.0113611,
            60.0163917
          ],
          [
            -0.0127889,
            60.0172417
          ],
          [
            -0.0142194,
            60.0180917
          ],
          [
            -0.0156472,
            60.0189444
          ],
          [
            -0.0170778,
            60.0197944
          ],
          [
            -0.0185056,
            60.0206472
          ],
          [
            -0.0199361,
            60.0214972
          ],
          [
            -0.0213639,
            60.02235
          ],
          [
            -0.0227944,
            60.0232
          ],
          [
            -0.0242222,
            60.02405
          ],
          [
            -0.0256528,
            60.0249028
          ],
          [
            -0.0270833,
            60.0257528
          ],
          [
            -0.0285111,
            60.0266056
          ],
          [
            -0.0299417,
            60.0274556
          ],
          [
            -0.0313722,
            60.0283056
          ],
          [
            -0.0328,
            60.0291583
          ],
          [
            -0.0342306,
            60.0300083
          ],
          [
            -0.0356611,
            60.0308611
          ],
          [
            -0.0371639,
            60.0323667
          ],
          [
            -0.03705,
            60.0341972
          ],
          [
            -0.0351444,
            60.0357639
          ],
          [
            -0.0319472,
            60.0366583
          ],
          [
            -0.0282778,
            60.0366528
          ],
          [
            -0.0246778,
            60.0362139
          ],
          [
            -0.021075,
            60.035775
          ],
          [
            -0.017475,
            60.0353333
          ],
          [
            -0.0138722,
            60.0348944
          ],
          [
            -0.0102694,
            60.0344556
          ],
          [
            -0.0066694,
            60.0340167
          ],
          [
            -0.0030667,
            60.0335778
          ],
          [
            0.0005333,
            60.0331361
          ],
          [
            0.0041361,
            60.0326972
          ],
          [
            0.0077361,
            60.0322583
          ],
          [
            0.0113389,
            60.0318194
          ],
          [
            0.0149389,
            60.0313778
          ],
          [
            0.0185417,
            60.0309389
          ],
          [
            0.0221417,
            60.0305
          ],
          [
            0.0257444,
            60.0300611
          ],
          [
            0.0293444,
            60.0296222
          ],
          [
            0.0329444,
            60.0291806
          ],
          [
            0.0365472,
            60.0287417
          ],
          [
            0.0401472,
            60.0283028
          ],
          [
            0.04375,
            60.0278639
          ],
          [
            0.04735,
            60.0274222
          ],
          [
            0.05095,
            60.0269833
          ],
          [
            0.05455,
            60.0265444
          ],
          [
            0.0581528,
            60.0261056
          ],
          [
            0.0617528,
            60.0256639
          ],
          [
            0.0653528,
            60.025225
          ],
          [
            0.0689528,
            60.0247861
          ],
          [
            0.0725556,
            60.0243472
          ],
          [
            0.0761556,
            60.0239083
          ],
          [
            0.0797556,
            60.0234667
          ],
          [
            0.0833556,
            60.0230278
          ],
          [
            0.0869556,
            60.0225889
          ],
          [
            0.0905556,
            60.02215
          ],
          [
            0.0941556,
            60.0217083
          ],
          [
            0.0977583,
            60.0212694
          ],
          [
            0.1013583,
            60.0208306
          ],
          [
            0.1049583,
            60.0203917
          ],
          [
            0.1085583,
            60.0199528
          ],
          [
            0.1121583,
            60.0195111
          ],
          [
            0.1157583,
            60.0190722
          ],
          [
            0.1193583,
            60.0186333
          ],
          [
            0.1229583,
            60.0181944
          ],
          [
            0.1265583,
            60.0177528
          ],
          [
            0.1301556,
            60.0173139
          ],
          [
            0.1337556,
            60.016875
          ],
          [
            0.1373556,
            60.0164361
          ],
          [
            0.1409556,
            60.0159972
          ],
          [
            0.1445556,
            60.0155556
          ],
          [
            0.1481556,
            60.0151167
          ],
          [
            0.1517556,
            60.0146778
          ],
          [
            0.1553528,
            60.0142389
          ],
          [
            0.1589528,
            60.0137972
          ],
          [
            0.1625528,
            60.0133583
          ],
          [
            0.1661528,
            60.0129194
          ],
          [
            0.16975,
            60.0124806
          ],
          [
            0.17335,
            60.0120389
          ],
          [
            0.17695,
            60.0116
          ],
          [
            0.18055,
            60.0111611
          ],
          [
            0.1841472,
            60.0107222
          ],
          [
            0.1877472,
            60.0102833
          ],
          [
            0.1913472,
            60.0098417
          ],
          [
            0.1949444,
            60.0094028
          ],
          [
            0.1985444,
            60.0089639
          ],
          [
            0.2021417,
            60.008525
          ],
          [
            0.2057417,
            60.0080833
          ],
          [
            0.2093389,
            60.0076444
          ],
          [
            0.2129389,
            60.0072056
          ],
          [
            0.2165361,
            60.0067667
          ],
          [
            0.2201361,
            60.0063278
          ],
          [
            0.2237333,
            60.0058861
          ],
          [
            0.2273333,
            60.0054472
          ],
          [
            0.2309306,
            60.0050083
          ],
          [
            0.2345306,
            60.0045694
          ],
          [
            0.2381278,
            60.0041278
          ],
          [
            0.2417278,
            60.0036889
          ],
          [
            0.245325,
            60.00325
          ],
          [
            0.2489222,
            60.0028111
          ],
          [
            0.2525222,
            60.0023722
          ],
          [
            0.2561194,
            60.0019306
          ],
          [
            0.2597167,
            60.0014917
          ],
          [
            0.2633167,
            60.0010528
          ],
          [
            0.2669139,
            60.0006139
          ],
          [
            0.2705111,
            60.0001722
          ],
          [
            0.2741083,
            59.9997333
          ],
          [
            0.2777056,
            59.9992944
          ],
          [
            0.2813056,
            59.9988556
          ],
          [
            0.2849028,
            59.9984139
          ],
          [
            0.2885,
            59.997975
          ],
          [
            0.2920972,
            59.9975361
          ],
          [
            0.2956944,
            59.9970972
          ],
          [
            0.2992917,
            59.9966583
          ],
          [
            0.3028917,
            59.9962167
          ],
          [
            0.3064889,
            59.9957778
          ],
          [
            0.3100861,
            59.9953389
          ],
          [
            0.3136833,
            59.9949
          ],
          [
            0.3172806,
            59.9944583
          ],
          [
            0.3208778,
            59.9940194
          ],
          [
            0.324475,
            59.9935806
          ],
          [
            0.3280722,
            59.9931417
          ],
          [
            0.3316694,
            59.9927028
          ],
          [
            0.3352667,
            59.9922611
          ],
          [
            0.3388639,
            59.9918222
          ],
          [
            0.3424583,
            59.9913833
          ],
          [
            0.3460556,
            59.9909444
          ],
          [
            0.3496528,
            59.9905028
          ],
          [
            0.35325,
            59.9900639
          ],
          [
            0.3568472,
            59.989625
          ],
          [
            0.3604444,
            59.9891861
          ],
          [
            0.3640417,
            59.9887472
          ],
          [
            0.3676361,
            59.9883056
          ],
          [
            0.3712333,
            59.9878667
          ],
          [
            0.3748306,
            59.9874278
          ],
          [
            0.3784278,
            59.9869889
          ],
          [
            0.3820222,
            59.9865472
          ],
          [
            0.3856194,
            59.9861083
          ],
          [
            0.3892167,
            59.9856694
          ],
          [
            0.3928111,
            59.9852306
          ],
          [
            0.3964083,
            59.9847889
          ],
          [
            0.4000056,
            59.98435
          ],
          [
            0.4036,
            59.9839111
          ],
          [
            0.4071972,
            59.9834722
          ],
          [
            0.4107917,
            59.9830333
          ],
          [
            0.4143889,
            59.9825917
          ],
          [
            0.4179861,
            59.9821528
          ],
          [
            0.4215806,
            59.9817139
          ],
          [
            0.4251778,
            59.981275
          ],
          [
            0.4287722,
            59.9808333
          ],
          [
            0.4323694,
            59.9803944
          ],
          [
            0.4359639,
            59.9799556
          ],
          [
            0.4395583,
            59.9795167
          ],
          [
            0.4431556,
            59.9790778
          ],
          [
            0.44675,
            59.9786361
          ],
          [
            0.4503472,
            59.9781972
          ],
          [
            0.4539417,
            59.9777583
          ],
          [
            0.4575361,
            59.9773194
          ],
          [
            0.4611333,
            59.9768778
          ],
          [
            0.4647278,
            59.9764389
          ],
          [
            0.4683222,
            59.976
          ],
          [
            0.4719194,
            59.9755611
          ],
          [
            0.4755139,
            59.9751222
          ],
          [
            0.4791083,
            59.9746806
          ],
          [
            0.4827028,
            59.9742417
          ],
          [
            0.4863,
            59.9738028
          ],
          [
            0.4898944,
            59.9733639
          ],
          [
            0.4934889,
            59.9729222
          ],
          [
            0.4970833,
            59.9724833
          ],
          [
            0.5006778,
            59.9720444
          ],
          [
            0.5042722,
            59.9716056
          ],
          [
            0.5078694,
            59.9711639
          ],
          [
            0.5114639,
            59.970725
          ],
          [
            0.5150583,
            59.9702861
          ],
          [
            0.5186528,
            59.9698472
          ],
          [
            0.5222472,
            59.9694083
          ],
          [
            0.5258417,
            59.9689667
          ],
          [
            0.5294361,
            59.9685278
          ],
          [
            0.5330306,
            59.9680889
          ],
          [
            0.536625,
            59.96765
          ],
          [
            0.5402194,
            59.9672083
          ],
          [
            0.5438139,
            59.9667694
          ],
          [
            0.5474083,
            59.9663306
          ],
          [
            0.5510028,
            59.9658917
          ],
          [
            0.5545972,
            59.9654528
          ],
          [
            0.5581889,
            59.9650111
          ],
          [
            0.5617833,
            59.9645722
          ],
          [
            0.5653778,
            59.9641333
          ],
          [
            0.5689722,
            59.9636944
          ],
          [
            0.5725667,
            59.9632528
          ],
          [
            0.5761611,
            59.9628139
          ],
          [
            0.5797528,
            59.962375
          ],
          [
            0.5833472,
            59.9619361
          ]
        ]
      },
      "properties": {
        "kind": "TRACK",
        "platform_id": "SENSOR",
        "platform_name": "SENSOR",
        "track_type": "CONTACT",
        "start_time": "2010-01-12T12:00:00+00:00",
        "end_time": "2010-01-12T13:30:00+00:00",
        "positions": [
          {
            "time": "2010-01-12T12:00:00+00:00",
            "course": 320.0,
            "speed": 12.0,
            "depth": 0.0
          },
          {
            "time": "2010-01-12T12:00:20+00:00",
            "course": 320.0,
            "speed": 12.0,
            "depth": 0.0
          },
          {
            "time": "2010-01-12T12:00:40+00:00",
            "course": 320.0,
            "speed": 12.0,
            "depth": 0.0
          },
          {
            "time": "2010-01-12T12:01:00+00:00",
            "course": 320.0,
            "speed": 12.0,
            "depth": 0.0
          },
          {
            "time": "2010-01-12T12:01:20+00:00",
            "course": 320.0,
            "speed": 12.0,
            "depth": 0.0
          },
          {
            "time": "2010-01-12T12:01:40+00:00",
            "course": 320.0,
            "speed": 12.0,
            "depth": 0.0
          },
          {
            "time": "2010-01-12T12:02:00+00:00",
            "course": 320.0,
            "speed": 12.0,
            "depth": 0.0
          },
          {
            "time": "2010-01-12T12:02:20+00:00",
            "course": 320.0,
            "speed": 12.0,
            "depth": 0.0
          },
          {
            "time": "2010-01-12T12:02:40+00:00",
            "course": 320.0,
            "speed": 12.0,
            "depth": 0.0
          },
          {
            "time": "2010-01-12T12:03:00+00:00",
            "course": 320.0,
            "speed": 12.0,
            "depth": 0.0
          },
          {
            "time": "2010-01-12T12:03:20+00:00",
            "course": 320.0,
            "speed": 12.0,
            "depth": 0.0
          },
          {
            "time": "2010-01-12T12:03:40+00:00",
            "course": 320.0,
            "speed": 12.0,
            "depth": 0.0
          },
          {
            "time": "2010-01-12T12:04:00+00:00",
            "course": 320.0,
            "speed": 12.0,
            "depth": 0.0
          },
          {
            "time": "2010-01-12T12:04:20+00:00",
            "course": 320.0,
            "speed": 12.0,
            "depth": 0.0
          },
          {
            "time": "2010-01-12T12:04:40+00:00",
            "course": 320.0,
            "speed": 12.0,
            "depth": 0.0
          },
          {
            "time": "2010-01-12T12:05:00+00:00",
            "course": 320.0,
            "speed": 12.0,
            "depth": 0.0
          },
          {
            "time": "2010-01-12T12:05:20+00:00",
            "course": 320.0,
            "speed": 12.0,
            "depth": 0.0
          },
          {
            "time": "2010-01-12T12:05:40+00:00",
            "course": 320.0,
            "speed": 12.0,
            "depth": 0.0
          },
          {
            "time": "2010-01-12T12:06:00+00:00",
            "course": 320.0,
            "speed": 12.0,
            "depth": 0.0
          },
          {
            "time": "2010-01-12T12:06:20+00:00",
            "course": 320.0,
            "speed": 12.0,
            "depth": 0.0
          },
          {
            "time": "2010-01-12T12:06:40+00:00",
            "course": 320.0,
            "speed": 12.0,
            "depth": 0.0
          },
          {
            "time": "2010-01-12T12:07:00+00:00",
            "course": 320.0,
            "speed": 12.0,
            "depth": 0.0
          },
          {
            "time": "2010-01-12T12:07:20+00:00",
            "course": 320.0,
            "speed": 12.0,
            "depth": 0.0
          },
          {
            "time": "2010-01-12T12:07:40+00:00",
            "course": 320.0,
            "speed": 12.0,
            "depth": 0.0
          },
          {
            "time": "2010-01-12T12:08:00+00:00",
            "course": 320.0,
            "speed": 12.0,
            "depth": 0.0
          },
          {
            "time": "2010-01-12T12:08:20+00:00",
            "course": 320.0,
            "speed": 12.0,
            "depth": 0.0
          },
          {
            "time": "2010-01-12T12:08:40+00:00",
            "course": 320.0,
            "speed": 12.0,
            "depth": 0.0
          },
          {
            "time": "2010-01-12T12:09:00+00:00",
            "course": 320.0,
            "speed": 12.0,
            "depth": 0.0
          },
          {
            "time": "2010-01-12T12:09:20+00:00",
            "course": 320.0,
            "speed": 12.0,
            "depth": 0.0
          },
          {
            "time": "2010-01-12T12:09:40+00:00",
            "course": 320.0,
            "speed": 12.0,
            "depth": 0.0
          },
          {
            "time": "2010-01-12T12:10:00+00:00",
            "course": 320.0,
            "speed": 12.0,
            "depth": 0.0
          },
          {
            "time": "2010-01-12T12:10:20+00:00",
            "course": 320.0,
            "speed": 12.0,
            "depth": 0.0
          },
          {
            "time": "2010-01-12T12:10:40+00:00",
            "course": 320.0,
            "speed": 12.0,
            "depth": 0.0
          },
          {
            "time": "2010-01-12T12:11:00+00:00",
            "course": 320.0,
            "speed": 12.0,
            "depth": 0.0
          },
          {
            "time": "2010-01-12T12:11:20+00:00",
            "course": 320.0,
            "speed": 12.0,
            "depth": 0.0
          },
          {
            "time": "2010-01-12T12:11:40+00:00",
            "course": 320.0,
            "speed": 12.0,
            "depth": 0.0
          },
          {
            "time": "2010-01-12T12:12:00+00:00",
            "course": 320.0,
            "speed": 12.0,
            "depth": 0.0
          },
          {
            "time": "2010-01-12T12:12:20+00:00",
            "course": 320.0,
            "speed": 12.0,
            "depth": 0.0
          },
          {
            "time": "2010-01-12T12:12:40+00:00",
            "course": 320.0,
            "speed": 12.0,
            "depth": 0.0
          },
          {
            "time": "2010-01-12T12:13:00+00:00",
            "course": 320.0,
            "speed": 12.0,
            "depth": 0.0
          },
          {
            "time": "2010-01-12T12:13:20+00:00",
            "course": 320.0,
            "speed": 12.0,
            "depth": 0.0
          },
          {
            "time": "2010-01-12T12:13:40+00:00",
            "course": 320.0,
            "speed": 12.0,
            "depth": 0.0
          },
          {
            "time": "2010-01-12T12:14:00+00:00",
            "course": 320.0,
            "speed": 12.0,
            "depth": 0.0
          },
          {
            "time": "2010-01-12T12:14:20+00:00",
            "course": 320.0,
            "speed": 12.0,
            "depth": 0.0
          },
          {
            "time": "2010-01-12T12:14:40+00:00",
            "course": 320.0,
            "speed": 12.0,
            "depth": 0.0
          },
          {
            "time": "2010-01-12T12:15:00+00:00",
            "course": 320.0,
            "speed": 12.0,
            "depth": 0.0
          },
          {
            "time": "2010-01-12T12:15:20+00:00",
            "course": 320.0,
            "speed": 12.0,
            "depth": 0.0
          },
          {
            "time": "2010-01-12T12:15:40+00:00",
            "course": 320.0,
            "speed": 12.0,
            "depth": 0.0
          },
          {
            "time": "2010-01-12T12:16:00+00:00",
            "course": 320.0,
            "speed": 12.0,
            "depth": 0.0
          },
          {
            "time": "2010-01-12T12:16:20+00:00",
            "course": 320.0,
            "speed": 12.0,
            "depth": 0.0
          },
          {
            "time": "2010-01-12T12:16:40+00:00",
            "course": 320.0,
            "speed": 12.0,
            "depth": 0.0
          },
          {
            "time": "2010-01-12T12:17:00+00:00",
            "course": 320.0,
            "speed": 12.0,
            "depth": 0.0
          },
          {
            "time": "2010-01-12T12:17:20+00:00",
            "course": 320.0,
            "speed": 12.0,
            "depth": 0.0
          },
          {
            "time": "2010-01-12T12:17:40+00:00",
            "course": 320.0,
            "speed": 12.0,
            "depth": 0.0
          },
          {
            "time": "2010-01-12T12:18:00+00:00",
            "course": 320.0,
            "speed": 12.0,
            "depth": 0.0
          },
          {
            "time": "2010-01-12T12:18:20+00:00",
            "course": 320.0,
            "speed": 12.0,
            "depth": 0.0
          },
          {
            "time": "2010-01-12T12:18:40+00:00",
            "course": 320.0,
            "speed": 12.0,
            "depth": 0.0
          },
          {
            "time": "2010-01-12T12:19:00+00:00",
            "course": 320.0,
            "speed": 12.0,
            "depth": 0.0
          },
          {
            "time": "2010-01-12T12:19:20+00:00",
            "course": 320.0,
            "speed": 12.0,
            "depth": 0.0
          },
          {
            "time": "2010-01-12T12:19:40+00:00",
            "course": 320.0,
            "speed": 12.0,
            "depth": 0.0
          },
          {
            "time": "2010-01-12T12:20:00+00:00",
            "course": 320.0,
            "speed": 12.0,
            "depth": 0.0
          },
          {
            "time": "2010-01-12T12:20:20+00:00",
            "course": 320.0,
            "speed": 12.0,
            "depth": 0.0
          },
          {
            "time": "2010-01-12T12:20:40+00:00",
            "course": 320.0,
            "speed": 12.0,
            "depth": 0.0
          },
          {
            "time": "2010-01-12T12:21:00+00:00",
            "course": 320.0,
            "speed": 12.0,
            "depth": 0.0
          },
          {
            "time": "2010-01-12T12:21:20+00:00",
            "course": 320.0,
            "speed": 12.0,
            "depth": 0.0
          },
          {
            "time": "2010-01-12T12:21:40+00:00",
            "course": 320.0,
            "speed": 12.0,
            "depth": 0.0
          },
          {
            "time": "2010-01-12T12:22:00+00:00",
            "course": 320.0,
            "speed": 12.0,
            "depth": 0.0
          },
          {
            "time": "2010-01-12T12:22:20+00:00",
            "course": 320.0,
            "speed": 12.0,
            "depth": 0.0
          },
          {
            "time": "2010-01-12T12:22:40+00:00",
            "course": 320.0,
            "speed": 12.0,
            "depth": 0.0
          },
          {
            "time": "2010-01-12T12:23:00+00:00",
            "course": 320.0,
            "speed": 12.0,
            "depth": 0.0
          },
          {
            "time": "2010-01-12T12:23:20+00:00",
            "course": 320.0,
            "speed": 12.0,
            "depth": 0.0
          },
          {
            "time": "2010-01-12T12:23:40+00:00",
            "course": 320.0,
            "speed": 12.0,
            "depth": 0.0
          },
          {
            "time": "2010-01-12T12:24:00+00:00",
            "course": 320.0,
            "speed": 12.0,
            "depth": 0.0
          },
          {
            "time": "2010-01-12T12:24:20+00:00",
            "course": 320.0,
            "speed": 12.0,
            "depth": 0.0
          },
          {
            "time": "2010-01-12T12:24:40+00:00",
            "course": 320.0,
            "speed": 12.0,
            "depth": 0.0
          },
          {
            "time": "2010-01-12T12:25:00+00:00",
            "course": 320.0,
            "speed": 12.0,
            "depth": 0.0
          },
          {
            "time": "2010-01-12T12:25:20+00:00",
            "course": 320.0,
            "speed": 12.0,
            "depth": 0.0
          },
          {
            "time": "2010-01-12T12:25:40+00:00",
            "course": 320.0,
            "speed": 12.0,
            "depth": 0.0
          },
          {
            "time": "2010-01-12T12:26:00+00:00",
            "course": 320.0,
            "speed": 12.0,
            "depth": 0.0
          },
          {
            "time": "2010-01-12T12:26:20+00:00",
            "course": 320.0,
            "speed": 12.0,
            "depth": 0.0
          },
          {
            "time": "2010-01-12T12:26:40+00:00",
            "course": 320.0,
            "speed": 12.0,
            "depth": 0.0
          },
          {
            "time": "2010-01-12T12:27:00+00:00",
            "course": 320.0,
            "speed": 12.0,
            "depth": 0.0
          },
          {
            "time": "2010-01-12T12:27:20+00:00",
            "course": 320.0,
            "speed": 12.0,
            "depth": 0.0
          },
          {
            "time": "2010-01-12T12:27:40+00:00",
            "course": 320.0,
            "speed": 12.0,
            "depth": 0.0
          },
          {
            "time": "2010-01-12T12:28:00+00:00",
            "course": 320.0,
            "speed": 12.0,
            "depth": 0.0
          },
          {
            "time": "2010-01-12T12:28:20+00:00",
            "course": 320.0,
            "speed": 12.0,
            "depth": 0.0
          },
          {
            "time": "2010-01-12T12:28:40+00:00",
            "course": 320.0,
            "speed": 12.0,
            "depth": 0.0
          },
          {
            "time": "2010-01-12T12:29:00+00:00",
            "course": 320.0,
            "speed": 12.0,
            "depth": 0.0
          },
          {
            "time": "2010-01-12T12:29:20+00:00",
            "course": 320.0,
            "speed": 12.0,
            "depth": 0.0
          },
          {
            "time": "2010-01-12T12:29:40+00:00",
            "course": 320.0,
            "speed": 12.0,
            "depth": 0.0
          },
          {
            "time": "2010-01-12T12:30:00+00:00",
            "course": 320.0,
            "speed": 12.0,
            "depth": 0.0
          },
          {
            "time": "2010-01-12T12:30:20+00:00",
            "course": 320.0,
            "speed": 12.0,
            "depth": 0.0
          },
          {
            "time": "2010-01-12T12:30:40+00:00",
            "course": 320.0,
            "speed": 12.0,
            "depth": 0.0
          },
          {
            "time": "2010-01-12T12:31:00+00:00",
            "course": 320.0,
            "speed": 12.0,
            "depth": 0.0
          },
          {
            "time": "2010-01-12T12:31:20+00:00",
            "course": 320.0,
            "speed": 12.0,
            "depth": 0.0
          },
          {
            "time": "2010-01-12T12:31:40+00:00",
            "course": 320.0,
            "speed": 12.0,
            "depth": 0.0
          },
          {
            "time": "2010-01-12T12:32:00+00:00",
            "course": 347.05,
            "speed": 20.0,
            "depth": 0.0
          },
          {
            "time": "2010-01-12T12:32:20+00:00",
            "course": 16.52,
            "speed": 20.0,
            "depth": 0.0
          },
          {
            "time": "2010-01-12T12:32:40+00:00",
            "course": 46.0,
            "speed": 20.0,
            "depth": 0.0
          },
          {
            "time": "2010-01-12T12:33:00+00:00",
            "course": 75.48,
            "speed": 20.0,
            "depth": 0.0
          },
          {
            "time": "2010-01-12T12:33:20+00:00",
            "course": 103.48,
            "speed": 20.0,
            "depth": 0.0
          },
          {
            "time": "2010-01-12T12:33:40+00:00",
            "course": 103.73,
            "speed": 20.0,
            "depth": 0.0
          },
          {
            "time": "2010-01-12T12:34:00+00:00",
            "course": 103.73,
            "speed": 20.0,
            "depth": 0.0
          },
          {
            "time": "2010-01-12T12:34:20+00:00",
            "course": 103.73,
            "speed": 20.0,
            "depth": 0.0
          },
          {
            "time": "2010-01-12T12:34:40+00:00",
            "course": 103.73,
            "speed": 20.0,
            "depth": 0.0
          },
          {
            "time": "2010-01-12T12:35:00+00:00",
            "course": 103.73,
            "speed": 20.0,
            "depth": 0.0
          },
          {
            "time": "2010-01-12T12:35:20+00:00",
            "course": 103.73,
            "speed": 20.0,
            "depth": 0.0
          },
          {
            "time": "2010-01-12T12:35:40+00:00",
            "course": 103.73,
            "speed": 20.0,
            "depth": 0.0
          },
          {
            "time": "2010-01-12T12:36:00+00:00",
            "course": 103.73,
            "speed": 20.0,
            "depth": 0.0
          },
          {
            "time": "2010-01-12T12:36:20+00:00",
            "course": 103.73,
            "speed": 20.0,
            "depth": 0.0
          },
          {
            "time": "2010-01-12T12:36:40+00:00",
            "course": 103.73,
            "speed": 20.0,
            "depth": 0.0
          },
          {
            "time": "2010-01-12T12:37:00+00:00",
            "course": 103.73,
            "speed": 20.0,
            "depth": 0.0
          },
          {
            "time": "2010-01-12T12:37:20+00:00",
            "course": 103.73,
            "speed": 20.0,
            "depth": 0.0
          },
          {
            "time": "2010-01-12T12:37:40+00:00",
            "course": 103.73,
            "speed": 20.0,
            "depth": 0.0
          },
          {
            "time": "2010-01-12T12:38:00+00:00",
            "course": 103.73,
            "speed": 20.0,
            "depth": 0.0
          },
          {
            "time": "2010-01-12T12:38:20+00:00",
            "course": 103.73,
            "speed": 20.0,
            "depth": 0.0
          },
          {
            "time": "2010-01-12T12:38:40+00:00",
            "course": 103.73,
            "speed": 20.0,
            "depth": 0.0
          },
          {
            "time": "2010-01-12T12:39:00+00:00",
            "course": 103.73,
            "speed": 20.0,
            "depth": 0.0
          },
          {
            "time": "2010-01-12T12:39:20+00:00",
            "course": 103.73,
            "speed": 20.0,
            "depth": 0.0
          },
          {
            "time": "2010-01-12T12:39:40+00:00",
            "course": 103.73,
            "speed": 20.0,
            "depth": 0.0
          },
          {
            "time": "2010-01-12T12:40:00+00:00",
            "course": 103.73,
            "speed": 20.0,
            "depth": 0.0
          },
          {
            "time": "2010-01-12T12:40:20+00:00",
            "course": 103.73,
            "speed": 20.0,
            "depth": 0.0
          },
          {
            "time": "2010-01-12T12:40:40+00:00",
            "course": 103.73,
            "speed": 20.0,
            "depth": 0.0
          },
          {
            "time": "2010-01-12T12:41:00+00:00",
            "course": 103.73,
            "speed": 20.0,
            "depth": 0.0
          },
          {
            "time": "2010-01-12T12:41:20+00:00",
            "course": 103.73,
            "speed": 20.0,
            "depth": 0.0
          },
          {
            "time": "2010-01-12T12:41:40+00:00",
            "course": 103.73,
            "speed": 20.0,
            "depth": 0.0
          },
          {
            "time": "2010-01-12T12:42:00+00:00",
            "course": 103.73,
            "speed": 20.0,
            "depth": 0.0
          },
          {
            "time": "2010-01-12T12:42:20+00:00",
            "course": 103.73,
            "speed": 20.0,
            "depth": 0.0
          },
          {
            "time": "2010-01-12T12:42:40+00:00",
            "course": 103.73,
            "speed": 20.0,
            "depth": 0.0
          },
          {
            "time": "2010-01-12T12:43:00+00:00",
            "course": 103.73,
            "speed": 20.0,
            "depth": 0.0
          },
          {
            "time": "2010-01-12T12:43:20+00:00",
            "course": 103.73,
            "speed": 20.0,
            "depth": 0.0
          },
          {
            "time": "2010-01-12T12:43:40+00:00",
            "course": 103.73,
            "speed": 20.0,
            "depth": 0.0
          },
          {
            "time": "2010-01-12T12:44:00+00:00",
            "course": 103.73,
            "speed": 20.0,
            "depth": 0.0
          },
          {
            "time": "2010-01-12T12:44:20+00:00",
            "course": 103.73,
            "speed": 20.0,
            "depth": 0.0
          },
          {
            "time": "2010-01-12T12:44:40+00:00",
            "course": 103.73,
            "speed": 20.0,
            "depth": 0.0
          },
          {
            "time": "2010-01-12T12:45:00+00:00",
            "course": 103.73,
            "speed": 20.0,
            "depth": 0.0
          },
          {
            "time": "2010-01-12T12:45:20+00:00",
            "course": 103.73,
            "speed": 20.0,
            "depth": 0.0
          },
          {
            "time": "2010-01-12T12:45:40+00:00",
            "course": 103.73,
            "speed": 20.0,
            "depth": 0.0
          },
          {
            "time": "2010-01-12T12:46:00+00:00",
            "course": 103.73,
            "speed": 20.0,
            "depth": 0.0
          },
          {
            "time": "2010-01-12T12:46:20+00:00",
            "course": 103.73,
            "speed": 20.0,
            "depth": 0.0
          },
          {
            "time": "2010-01-12T12:46:40+00:00",
            "course": 103.73,
            "speed": 20.0,
            "depth": 0.0
          },
          {
            "time": "2010-01-12T12:47:00+00:00",
            "course": 103.73,
            "speed": 20.0,
            "depth": 0.0
          },
          {
            "time": "2010-01-12T12:47:20+00:00",
            "course": 103.73,
            "speed": 20.0,
            "depth": 0.0
          },
          {
            "time": "2010-01-12T12:47:40+00:00",
            "course": 103.73,
            "speed": 20.0,
            "depth": 0.0
          },
          {
            "time": "2010-01-12T12:48:00+00:00",
            "course": 103.73,
            "speed": 20.0,
            "depth": 0.0
          },
          {
            "time": "2010-01-12T12:48:20+00:00",
            "course": 103.73,
            "speed": 20.0,
            "depth": 0.0
          },
          {
            "time": "2010-01-12T12:48:40+00:00",
            "course": 103.73,
            "speed": 20.0,
            "depth": 0.0
          },
          {
            "time": "2010-01-12T12:49:00+00:00",
            "course": 103.73,
            "speed": 20.0,
            "depth": 0.0
          },
          {
            "time": "2010-01-12T12:49:20+00:00",
            "course": 103.73,
            "speed": 20.0,
            "depth": 0.0
          },
          {
            "time": "2010-01-12T12:49:40+00:00",
            "course": 103.73,
            "speed": 20.0,
            "depth": 0.0
          },
          {
            "time": "2010-01-12T12:50:00+00:00",
            "course": 103.73,
            "speed": 20.0,
            "depth": 0.0
          },
          {
            "time": "2010-01-12T12:50:20+00:00",
            "course": 103.73,
            "speed": 20.0,
            "depth": 0.0
          },
          {
            "time": "2010-01-12T12:50:40+00:00",
            "course": 103.73,
            "speed": 20.0,
            "depth": 0.0
          },
          {
            "time": "2010-01-12T12:51:00+00:00",
            "course": 103.73,
            "speed": 20.0,
            "depth": 0.0
          },
          {
            "time": "2010-01-12T12:51:20+00:00",
            "course": 103.73,
            "speed": 20.0,
            "depth": 0.0
          },
          {
            "time": "2010-01-12T12:51:40+00:00",
            "course": 103.73,
            "speed": 20.0,
            "depth": 0.0
          },
          {
            "time": "2010-01-12T12:52:00+00:00",
            "course": 103.73,
            "speed": 20.0,
            "depth": 0.0
          },
          {
            "time": "2010-01-12T12:52:20+00:00",
            "course": 103.73,
            "speed": 20.0,
            "depth": 0.0
          },
          {
            "time": "2010-01-12T12:52:40+00:00",
            "course": 103.73,
            "speed": 20.0,
            "depth": 0.0
          },
          {
            "time": "2010-01-12T12:53:00+00:00",
            "course": 103.73,
            "speed": 20.0,
            "depth": 0.0
          },
          {
            "time": "2010-01-12T12:53:20+00:00",
            "course": 103.73,
            "speed": 20.0,
            "depth": 0.0
          },
          {
            "time": "2010-01-12T12:53:40+00:00",
            "course": 103.73,
            "speed": 20.0,
            "depth": 0.0
          },
          {
            "time": "2010-01-12T12:54:00+00:00",
            "course": 103.73,
            "speed": 20.0,
            "depth": 0.0
          },
          {
            "time": "2010-01-12T12:54:20+00:00",
            "course": 103.73,
            "speed": 20.0,
            "depth": 0.0
          },
          {
            "time": "2010-01-12T12:54:40+00:00",
            "course": 103.73,
            "speed": 20.0,
            "depth": 0.0
          },
          {
            "time": "2010-01-12T12:55:00+00:00",
            "course": 103.73,
            "speed": 20.0,
            "depth": 0.0
          },
          {
            "time": "2010-01-12T12:55:20+00:00",
            "course": 103.73,
            "speed": 20.0,
            "depth": 0.0
          },
          {
            "time": "2010-01-12T12:55:40+00:00",
            "course": 103.73,
            "speed": 20.0,
            "depth": 0.0
          },
          {
            "time": "2010-01-12T12:56:00+00:00",
            "course": 103.73,
            "speed": 20.0,
            "depth": 0.0
          },
          {
            "time": "2010-01-12T12:56:20+00:00",
            "course": 103.73,
            "speed": 20.0,
            "depth": 0.0
          },
          {
            "time": "2010-01-12T12:56:40+00:00",
            "course": 103.73,
            "speed": 20.0,
            "depth": 0.0
          },
          {
            "time": "2010-01-12T12:57:00+00:00",
            "course": 103.73,
            "speed": 20.0,
            "depth": 0.0
          },
          {
            "time": "2010-01-12T12:57:20+00:00",
            "course": 103.73,
            "speed": 20.0,
            "depth": 0.0
          },
          {
            "time": "2010-01-12T12:57:40+00:00",
            "course": 103.73,
            "speed": 20.0,
            "depth": 0.0
          },
          {
            "time": "2010-01-12T12:58:00+00:00",
            "course": 103.73,
            "speed": 20.0,
            "depth": 0.0
          },
          {
            "time": "2010-01-12T12:58:20+00:00",
            "course": 103.73,
            "speed": 20.0,
            "depth": 0.0
          },
          {
            "time": "2010-01-12T12:58:40+00:00",
            "course": 103.73,
            "speed": 20.0,
            "depth": 0.0
          },
          {
            "time": "2010-01-12T12:59:00+00:00",
            "course": 103.73,
            "speed": 20.0,
            "depth": 0.0
          },
          {
            "time": "2010-01-12T12:59:20+00:00",
            "course": 103.73,
            "speed": 20.0,
            "depth": 0.0
          },
          {
            "time": "2010-01-12T12:59:40+00:00",
            "course": 103.73,
            "speed": 20.0,
            "depth": 0.0
          },
          {
            "time": "2010-01-12T13:00:00+00:00",
            "course": 103.73,
            "speed": 20.0,
            "depth": 0.0
          },
          {
            "time": "2010-01-12T13:00:20+00:00",
            "course": 103.73,
            "speed": 20.0,
            "depth": 0.0
          },
          {
            "time": "2010-01-12T13:00:40+00:00",
            "course": 103.73,
            "speed": 20.0,
            "depth": 0.0
          },
          {
            "time": "2010-01-12T13:01:00+00:00",
            "course": 103.73,
            "speed": 20.0,
            "depth": 0.0
          },
          {
            "time": "2010-01-12T13:01:20+00:00",
            "course": 103.73,
            "speed": 20.0,
            "depth": 0.0
          },
          {
            "time": "2010-01-12T13:01:40+00:00",
            "course": 103.73,
            "speed": 20.0,
            "depth": 0.0
          },
          {
            "time": "2010-01-12T13:02:00+00:00",
            "course": 103.73,
            "speed": 20.0,
            "depth": 0.0
          },
          {
            "time": "2010-01-12T13:02:20+00:00",
            "course": 103.73,
            "speed": 20.0,
            "depth": 0.0
          },
          {
            "time": "2010-01-12T13:02:40+00:00",
            "course": 103.73,
            "speed": 20.0,
            "depth": 0.0
          },
          {
            "time": "2010-01-12T13:03:00+00:00",
            "course": 103.73,
            "speed": 20.0,
            "depth": 0.0
          },
          {
            "time": "2010-01-12T13:03:20+00:00",
            "course": 103.73,
            "speed": 20.0,
            "depth": 0.0
          },
          {
            "time": "2010-01-12T13:03:40+00:00",
            "course": 103.73,
            "speed": 20.0,
            "depth": 0.0
          },
          {
            "time": "2010-01-12T13:04:00+00:00",
            "course": 103.73,
            "speed": 20.0,
            "depth": 0.0
          },
          {
            "time": "2010-01-12T13:04:20+00:00",
            "course": 103.73,
            "speed": 20.0,
            "depth": 0.0
          },
          {
            "time": "2010-01-12T13:04:40+00:00",
            "course": 103.73,
            "speed": 20.0,
            "depth": 0.0
          },
          {
            "time": "2010-01-12T13:05:00+00:00",
            "course": 103.73,
            "speed": 20.0,
            "depth": 0.0
          },
          {
            "time": "2010-01-12T13:05:20+00:00",
            "course": 103.73,
            "speed": 20.0,
            "depth": 0.0
          },
          {
            "time": "2010-01-12T13:05:40+00:00",
            "course": 103.73,
            "speed": 20.0,
            "depth": 0.0
          },
          {
            "time": "2010-01-12T13:06:00+00:00",
            "course": 103.73,
            "speed": 20.0,
            "depth": 0.0
          },
          {
            "time": "2010-01-12T13:06:20+00:00",
            "course": 103.73,
            "speed": 20.0,
            "depth": 0.0
          },
          {
            "time": "2010-01-12T13:06:40+00:00",
            "course": 103.73,
            "speed": 20.0,
            "depth": 0.0
          },
          {
            "time": "2010-01-12T13:07:00+00:00",
            "course": 103.73,
            "speed": 20.0,
            "depth": 0.0
          },
          {
            "time": "2010-01-12T13:07:20+00:00",
            "course": 103.73,
            "speed": 20.0,
            "depth": 0.0
          },
          {
            "time": "2010-01-12T13:07:40+00:00",
            "course": 103.73,
            "speed": 20.0,
            "depth": 0.0
          },
          {
            "time": "2010-01-12T13:08:00+00:00",
            "course": 103.73,
            "speed": 20.0,
            "depth": 0.0
          },
          {
            "time": "2010-01-12T13:08:20+00:00",
            "course": 103.73,
            "speed": 20.0,
            "depth": 0.0
          },
          {
            "time": "2010-01-12T13:08:40+00:00",
            "course": 103.73,
            "speed": 20.0,
            "depth": 0.0
          },
          {
            "time": "2010-01-12T13:09:00+00:00",
            "course": 103.73,
            "speed": 20.0,
            "depth": 0.0
          },
          {
            "time": "2010-01-12T13:09:20+00:00",
            "course": 103.73,
            "speed": 20.0,
            "depth": 0.0
          },
          {
            "time": "2010-01-12T13:09:40+00:00",
            "course": 103.73,
            "speed": 20.0,
            "depth": 0.0
          },
          {
            "time": "2010-01-12T13:10:00+00:00",
            "course": 103.73,
            "speed": 20.0,
            "depth": 0.0
          },
          {
            "time": "2010-01-12T13:10:20+00:00",
            "course": 103.73,
            "speed": 20.0,
            "depth": 0.0
          },
          {
            "time": "2010-01-12T13:10:40+00:00",
            "course": 103.73,
            "speed": 20.0,
            "depth": 0.0
          },
          {
            "time": "2010-01-12T13:11:00+00:00",
            "course": 103.73,
            "speed": 20.0,
            "depth": 0.0
          },
          {
            "time": "2010-01-12T13:11:20+00:00",
            "course": 103.73,
            "speed": 20.0,
            "depth": 0.0
          },
          {
            "time": "2010-01-12T13:11:40+00:00",
            "course": 103.73,
            "speed": 20.0,
            "depth": 0.0
          },
          {
            "time": "2010-01-12T13:12:00+00:00",
            "course": 103.73,
            "speed": 20.0,
            "depth": 0.0
          },
          {
            "time": "2010-01-12T13:12:20+00:00",
            "course": 103.73,
            "speed": 20.0,
            "depth": 0.0
          },
          {
            "time": "2010-01-12T13:12:40+00:00",
            "course": 103.73,
            "speed": 20.0,
            "depth": 0.0
          },
          {
            "time": "2010-01-12T13:13:00+00:00",
            "course": 103.73,
            "speed": 20.0,
            "depth": 0.0
          },
          {
            "time": "2010-01-12T13:13:20+00:00",
            "course": 103.73,
            "speed": 20.0,
            "depth": 0.0
          },
          {
            "time": "2010-01-12T13:13:40+00:00",
            "course": 103.73,
            "speed": 20.0,
            "depth": 0.0
          },
          {
            "time": "2010-01-12T13:14:00+00:00",
            "course": 103.73,
            "speed": 20.0,
            "depth": 0.0
          },
          {
            "time": "2010-01-12T13:14:20+00:00",
            "course": 103.73,
            "speed": 20.0,
            "depth": 0.0
          },
          {
            "time": "2010-01-12T13:14:40+00:00",
            "course": 103.73,
            "speed": 20.0,
            "depth": 0.0
          },
          {
            "time": "2010-01-12T13:15:00+00:00",
            "course": 103.73,
            "speed": 20.0,
            "depth": 0.0
          },
          {
            "time": "2010-01-12T13:15:20+00:00",
            "course": 103.73,
            "speed": 20.0,
            "depth": 0.0
          },
          {
            "time": "2010-01-12T13:15:40+00:00",
            "course": 103.73,
            "speed": 20.0,
            "depth": 0.0
          },
          {
            "time": "2010-01-12T13:16:00+00:00",
            "course": 103.73,
            "speed": 20.0,
            "depth": 0.0
          },
          {
            "time": "2010-01-12T13:16:20+00:00",
            "course": 103.73,
            "speed": 20.0,
            "depth": 0.0
          },
          {
            "time": "2010-01-12T13:16:40+00:00",
            "course": 103.73,
            "speed": 20.0,
            "depth": 0.0
          },
          {
            "time": "2010-01-12T13:17:00+00:00",
            "course": 103.73,
            "speed": 20.0,
            "depth": 0.0
          },
          {
            "time": "2010-01-12T13:17:20+00:00",
            "course": 103.73,
            "speed": 20.0,
            "depth": 0.0
          },
          {
            "time": "2010-01-12T13:17:40+00:00",
            "course": 103.73,
            "speed": 20.0,
            "depth": 0.0
          },
          {
            "time": "2010-01-12T13:18:00+00:00",
            "course": 103.73,
            "speed": 20.0,
            "depth": 0.0
          },
          {
            "time": "2010-01-12T13:18:20+00:00",
            "course": 103.73,
            "speed": 20.0,
            "depth": 0.0
          },
          {
            "time": "2010-01-12T13:18:40+00:00",
            "course": 103.73,
            "speed": 20.0,
            "depth": 0.0
          },
          {
            "time": "2010-01-12T13:19:00+00:00",
            "course": 103.73,
            "speed": 20.0,
            "depth": 0.0
          },
          {
            "time": "2010-01-12T13:19:20+00:00",
            "course": 103.73,
            "speed": 20.0,
            "depth": 0.0
          },
          {
            "time": "2010-01-12T13:19:40+00:00",
            "course": 103.73,
            "speed": 20.0,
            "depth": 0.0
          },
          {
            "time": "2010-01-12T13:20:00+00:00",
            "course": 103.73,
            "speed": 20.0,
            "depth": 0.0
          },
          {
            "time": "2010-01-12T13:20:20+00:00",
            "course": 103.73,
            "speed": 20.0,
            "depth": 0.0
          },
          {
            "time": "2010-01-12T13:20:40+00:00",
            "course": 103.73,
            "speed": 20.0,
            "depth": 0.0
          },
          {
            "time": "2010-01-12T13:21:00+00:00",
            "course": 103.73,
            "speed": 20.0,
            "depth": 0.0
          },
          {
            "time": "2010-01-12T13:21:20+00:00",
            "course": 103.73,
            "speed": 20.0,
            "depth": 0.0
          },
          {
            "time": "2010-01-12T13:21:40+00:00",
            "course": 103.73,
            "speed": 20.0,
            "depth": 0.0
          },
          {
            "time": "2010-01-12T13:22:00+00:00",
            "course": 103.73,
            "speed": 20.0,
            "depth": 0.0
          },
          {
            "time": "2010-01-12T13:22:20+00:00",
            "course": 103.73,
            "speed": 20.0,
            "depth": 0.0
          },
          {
            "time": "2010-01-12T13:22:40+00:00",
            "course": 103.73,
            "speed": 20.0,
            "depth": 0.0
          },
          {
            "time": "2010-01-12T13:23:00+00:00",
            "course": 103.73,
            "speed": 20.0,
            "depth": 0.0
          },
          {
            "time": "2010-01-12T13:23:20+00:00",
            "course": 103.73,
            "speed": 20.0,
            "depth": 0.0
          },
          {
            "time": "2010-01-12T13:23:40+00:00",
            "course": 103.73,
            "speed": 20.0,
            "depth": 0.0
          },
          {
            "time": "2010-01-12T13:24:00+00:00",
            "course": 103.73,
            "speed": 20.0,
            "depth": 0.0
          },
          {
            "time": "2010-01-12T13:24:20+00:00",
            "course": 103.73,
            "speed": 20.0,
            "depth": 0.0
          },
          {
            "time": "2010-01-12T13:24:40+00:00",
            "course": 103.73,
            "speed": 20.0,
            "depth": 0.0
          },
          {
            "time": "2010-01-12T13:25:00+00:00",
            "course": 103.73,
            "speed": 20.0,
            "depth": 0.0
          },
          {
            "time": "2010-01-12T13:25:20+00:00",
            "course": 103.73,
            "speed": 20.0,
            "depth": 0.0
          },
          {
            "time": "2010-01-12T13:25:40+00:00",
            "course": 103.73,
            "speed": 20.0,
            "depth": 0.0
          },
          {
            "time": "2010-01-12T13:26:00+00:00",
            "course": 103.73,
            "speed": 20.0,
            "depth": 0.0
          },
          {
            "time": "2010-01-12T13:26:20+00:00",
            "course": 103.73,
            "speed": 20.0,
            "depth": 0.0
          },
          {
            "time": "2010-01-12T13:26:40+00:00",
            "course": 103.73,
            "speed": 20.0,
            "depth": 0.0
          },
          {
            "time": "2010-01-12T13:27:00+00:00",
            "course": 103.73,
            "speed": 20.0,
            "depth": 0.0
          },
          {
            "time": "2010-01-12T13:27:20+00:00",
            "course": 103.73,
            "speed": 20.0,
            "depth": 0.0
          },
          {
            "time": "2010-01-12T13:27:40+00:00",
            "course": 103.73,
            "speed": 20.0,
            "depth": 0.0
          },
          {
            "time": "2010-01-12T13:28:00+00:00",
            "course": 103.73,
            "speed": 20.0,
            "depth": 0.0
          },
          {
            "time": "2010-01-12T13:28:20+00:00",
            "course": 103.73,
            "speed": 20.0,
            "depth": 0.0
          },
          {
            "time": "2010-01-12T13:28:40+00:00",
            "course": 103.73,
            "speed": 20.0,
            "depth": 0.0
          },
          {
            "time": "2010-01-12T13:29:00+00:00",
            "course": 103.73,
            "speed": 20.0,
            "depth": 0.0
          },
          {
            "time": "2010-01-12T13:29:20+00:00",
            "course": 103.73,
            "speed": 20.0,
            "depth": 0.0
          },
          {
            "time": "2010-01-12T13:29:40+00:00",
            "course": 103.73,
            "speed": 20.0,
            "depth": 0.0
          },
          {
            "time": "2010-01-12T13:30:00+00:00",
            "course": 103.73,
            "speed": 20.0,
            "depth": 0.0
          }
        ],
        "style": {
          "line": {
            "color": "#808080"
          },
          "point": {
            "shape": "circle",
            "radius": 3.0,
            "fill_color": "#808080",
            "color": "#808080"
          }
        },
        "default_position_style": {
          "show_symbol": false,
          "symbol": "circle",
          "show_label": false
        },
        "symbol_interval": "PT5M",
        "label_interval": "PT15M",
        "provenance": [
          {
            "activity_id": "c6d44573-5aa0-429b-b533-ed8c6d7f3f41",
            "timestamp": "2026-03-21T10:15:01.536363Z",
            "was_generated_by": {
              "tool": "dpf-parser",
              "tool_version": "1.0.0",
              "parameters": []
            },
            "used": [],
            "generated": [
              "43ed52bf-151e-46a5-964c-98bd50301a8a"
            ],
            "execution_duration": "PT0S"
          }
        ]
      }
    },
    {
      "type": "Feature",
      "id": "5c230885-71e6-4983-bee5-e39d68bb6e00",
      "geometry": null,
      "properties": {
        "kind": "SENSOR_CONTACT",
        "parent_track": "SENSOR",
        "sensor_name": "NB_FREQ",
        "bearing": 0.0,
        "time": "2010-01-12T12:00:00+00:00",
        "label": "SUBJECT held on NB_FREQ",
        "frequency": 150.792,
        "provenance": [
          {
            "activity_id": "c6d44573-5aa0-429b-b533-ed8c6d7f3f41",
            "timestamp": "2026-03-21T10:15:01.536363Z",
            "was_generated_by": {
              "tool": "dpf-parser",
              "tool_version": "1.0.0",
              "parameters": []
            },
            "used": [],
            "generated": [
              "5c230885-71e6-4983-bee5-e39d68bb6e00"
            ],
            "execution_duration": "PT0S"
          }
        ]
      }
    },
    {
      "type": "Feature",
      "id": "7d6fd482-f9af-4c8d-9642-70324bc21c91",
      "geometry": null,
      "properties": {
        "kind": "SENSOR_CONTACT",
        "parent_track": "SENSOR",
        "sensor_name": "NB_FREQ",
        "bearing": 0.0,
        "time": "2010-01-12T12:00:20+00:00",
        "label": "SUBJECT held on NB_FREQ",
        "frequency": 150.79,
        "provenance": [
          {
            "activity_id": "c6d44573-5aa0-429b-b533-ed8c6d7f3f41",
            "timestamp": "2026-03-21T10:15:01.536363Z",
            "was_generated_by": {
              "tool": "dpf-parser",
              "tool_version": "1.0.0",
              "parameters": []
            },
            "used": [],
            "generated": [
              "7d6fd482-f9af-4c8d-9642-70324bc21c91"
            ],
            "execution_duration": "PT0S"
          }
        ]
      }
    },
    {
      "type": "Feature",
      "id": "ff361d5d-b009-4b1e-a6aa-cf30242e7d0c",
      "geometry": null,
      "properties": {
        "kind": "SENSOR_CONTACT",
        "parent_track": "SENSOR",
        "sensor_name": "NB_FREQ",
        "bearing": 0.0,
        "time": "2010-01-12T12:00:40+00:00",
        "label": "SUBJECT held on NB_FREQ",
        "frequency": 150.788,
        "provenance": [
          {
            "activity_id": "c6d44573-5aa0-429b-b533-ed8c6d7f3f41",
            "timestamp": "2026-03-21T10:15:01.536363Z",
            "was_generated_by": {
              "tool": "dpf-parser",
              "tool_version": "1.0.0",
              "parameters": []
            },
            "used": [],
            "generated": [
              "ff361d5d-b009-4b1e-a6aa-cf30242e7d0c"
            ],
            "execution_duration": "PT0S"
          }
        ]
      }
    },
    {
      "type": "Feature",
      "id": "7a8adcc6-7b25-44c4-8a10-f9a3088c63f9",
      "geometry": null,
      "properties": {
        "kind": "SENSOR_CONTACT",
        "parent_track": "SENSOR",
        "sensor_name": "NB_FREQ",
        "bearing": 0.0,
        "time": "2010-01-12T12:01:00+00:00",
        "label": "SUBJECT held on NB_FREQ",
        "frequency": 150.786,
        "provenance": [
          {
            "activity_id": "c6d44573-5aa0-429b-b533-ed8c6d7f3f41",
            "timestamp": "2026-03-21T10:15:01.536363Z",
            "was_generated_by": {
              "tool": "dpf-parser",
              "tool_version": "1.0.0",
              "parameters": []
            },
            "used": [],
            "generated": [
              "7a8adcc6-7b25-44c4-8a10-f9a3088c63f9"
            ],
            "execution_duration": "PT0S"
          }
        ]
      }
    },
    {
      "type": "Feature",
      "id": "2128d60e-c6c0-4d2f-a781-ed6f323b4b5b",
      "geometry": null,
      "properties": {
        "kind": "SENSOR_CONTACT",
        "parent_track": "SENSOR",
        "sensor_name": "NB_FREQ",
        "bearing": 0.0,
        "time": "2010-01-12T12:01:20+00:00",
        "label": "SUBJECT held on NB_FREQ",
        "frequency": 150.784,
        "provenance": [
          {
            "activity_id": "c6d44573-5aa0-429b-b533-ed8c6d7f3f41",
            "timestamp": "2026-03-21T10:15:01.536363Z",
            "was_generated_by": {
              "tool": "dpf-parser",
              "tool_version": "1.0.0",
              "parameters": []
            },
            "used": [],
            "generated": [
              "2128d60e-c6c0-4d2f-a781-ed6f323b4b5b"
            ],
            "execution_duration": "PT0S"
          }
        ]
      }
    },
    {
      "type": "Feature",
      "id": "b693f2cc-9dfa-4a76-bf5a-745057934981",
      "geometry": null,
      "properties": {
        "kind": "SENSOR_CONTACT",
        "parent_track": "SENSOR",
        "sensor_name": "NB_FREQ",
        "bearing": 0.0,
        "time": "2010-01-12T12:01:40+00:00",
        "label": "SUBJECT held on NB_FREQ",
        "frequency": 150.782,
        "provenance": [
          {
            "activity_id": "c6d44573-5aa0-429b-b533-ed8c6d7f3f41",
            "timestamp": "2026-03-21T10:15:01.536363Z",
            "was_generated_by": {
              "tool": "dpf-parser",
              "tool_version": "1.0.0",
              "parameters": []
            },
            "used": [],
            "generated": [
              "b693f2cc-9dfa-4a76-bf5a-745057934981"
            ],
            "execution_duration": "PT0S"
          }
        ]
      }
    },
    {
      "type": "Feature",
      "id": "49a1cf8f-2566-409b-a5ca-262a66516521",
      "geometry": null,
      "properties": {
        "kind": "SENSOR_CONTACT",
        "parent_track": "SENSOR",
        "sensor_name": "NB_FREQ",
        "bearing": 0.0,
        "time": "2010-01-12T12:02:00+00:00",
        "label": "SUBJECT held on NB_FREQ",
        "frequency": 150.78,
        "provenance": [
          {
            "activity_id": "c6d44573-5aa0-429b-b533-ed8c6d7f3f41",
            "timestamp": "2026-03-21T10:15:01.536363Z",
            "was_generated_by": {
              "tool": "dpf-parser",
              "tool_version": "1.0.0",
              "parameters": []
            },
            "used": [],
            "generated": [
              "49a1cf8f-2566-409b-a5ca-262a66516521"
            ],
            "execution_duration": "PT0S"
          }
        ]
      }
    },
    {
      "type": "Feature",
      "id": "7e4ff7c8-ffa4-434d-ae4e-82767b63626a",
      "geometry": null,
      "properties": {
        "kind": "SENSOR_CONTACT",
        "parent_track": "SENSOR",
        "sensor_name": "NB_FREQ",
        "bearing": 0.0,
        "time": "2010-01-12T12:02:20+00:00",
        "label": "SUBJECT held on NB_FREQ",
        "frequency": 150.777,
        "provenance": [
          {
            "activity_id": "c6d44573-5aa0-429b-b533-ed8c6d7f3f41",
            "timestamp": "2026-03-21T10:15:01.536363Z",
            "was_generated_by": {
              "tool": "dpf-parser",
              "tool_version": "1.0.0",
              "parameters": []
            },
            "used": [],
            "generated": [
              "7e4ff7c8-ffa4-434d-ae4e-82767b63626a"
            ],
            "execution_duration": "PT0S"
          }
        ]
      }
    },
    {
      "type": "Feature",
      "id": "f136ba29-52c8-4709-832e-902fd173c0b3",
      "geometry": null,
      "properties": {
        "kind": "SENSOR_CONTACT",
        "parent_track": "SENSOR",
        "sensor_name": "NB_FREQ",
        "bearing": 0.0,
        "time": "2010-01-12T12:02:40+00:00",
        "label": "SUBJECT held on NB_FREQ",
        "frequency": 150.775,
        "provenance": [
          {
            "activity_id": "c6d44573-5aa0-429b-b533-ed8c6d7f3f41",
            "timestamp": "2026-03-21T10:15:01.536363Z",
            "was_generated_by": {
              "tool": "dpf-parser",
              "tool_version": "1.0.0",
              "parameters": []
            },
            "used": [],
            "generated": [
              "f136ba29-52c8-4709-832e-902fd173c0b3"
            ],
            "execution_duration": "PT0S"
          }
        ]
      }
    },
    {
      "type": "Feature",
      "id": "7b4f9b3c-4a5b-46bd-aac9-e6c241cb3ec6",
      "geometry": null,
      "properties": {
        "kind": "SENSOR_CONTACT",
        "parent_track": "SENSOR",
        "sensor_name": "NB_FREQ",
        "bearing": 0.0,
        "time": "2010-01-12T12:03:00+00:00",
        "label": "SUBJECT held on NB_FREQ",
        "frequency": 150.772,
        "provenance": [
          {
            "activity_id": "c6d44573-5aa0-429b-b533-ed8c6d7f3f41",
            "timestamp": "2026-03-21T10:15:01.536363Z",
            "was_generated_by": {
              "tool": "dpf-parser",
              "tool_version": "1.0.0",
              "parameters": []
            },
            "used": [],
            "generated": [
              "7b4f9b3c-4a5b-46bd-aac9-e6c241cb3ec6"
            ],
            "execution_duration": "PT0S"
          }
        ]
      }
    },
    {
      "type": "Feature",
      "id": "86cd0c6c-441d-4b64-992a-39a8aa897e62",
      "geometry": null,
      "properties": {
        "kind": "SENSOR_CONTACT",
        "parent_track": "SENSOR",
        "sensor_name": "NB_FREQ",
        "bearing": 0.0,
        "time": "2010-01-12T12:03:20+00:00",
        "label": "SUBJECT held on NB_FREQ",
        "frequency": 150.769,
        "provenance": [
          {
            "activity_id": "c6d44573-5aa0-429b-b533-ed8c6d7f3f41",
            "timestamp": "2026-03-21T10:15:01.536363Z",
            "was_generated_by": {
              "tool": "dpf-parser",
              "tool_version": "1.0.0",
              "parameters": []
            },
            "used": [],
            "generated": [
              "86cd0c6c-441d-4b64-992a-39a8aa897e62"
            ],
            "execution_duration": "PT0S"
          }
        ]
      }
    },
    {
      "type": "Feature",
      "id": "a029dafe-af1b-4933-8699-cf64896c541d",
      "geometry": null,
      "properties": {
        "kind": "SENSOR_CONTACT",
        "parent_track": "SENSOR",
        "sensor_name": "NB_FREQ",
        "bearing": 0.0,
        "time": "2010-01-12T12:03:40+00:00",
        "label": "SUBJECT held on NB_FREQ",
        "frequency": 150.766,
        "provenance": [
          {
            "activity_id": "c6d44573-5aa0-429b-b533-ed8c6d7f3f41",
            "timestamp": "2026-03-21T10:15:01.536363Z",
            "was_generated_by": {
              "tool": "dpf-parser",
              "tool_version": "1.0.0",
              "parameters": []
            },
            "used": [],
            "generated": [
              "a029dafe-af1b-4933-8699-cf64896c541d"
            ],
            "execution_duration": "PT0S"
          }
        ]
      }
    },
    {
      "type": "Feature",
      "id": "937f7cbf-6bc5-41a0-ad76-59106f140d5c",
      "geometry": null,
      "properties": {
        "kind": "SENSOR_CONTACT",
        "parent_track": "SENSOR",
        "sensor_name": "NB_FREQ",
        "bearing": 0.0,
        "time": "2010-01-12T12:04:00+00:00",
        "label": "SUBJECT held on NB_FREQ",
        "frequency": 150.763,
        "provenance": [
          {
            "activity_id": "c6d44573-5aa0-429b-b533-ed8c6d7f3f41",
            "timestamp": "2026-03-21T10:15:01.536363Z",
            "was_generated_by": {
              "tool": "dpf-parser",
              "tool_version": "1.0.0",
              "parameters": []
            },
            "used": [],
            "generated": [
              "937f7cbf-6bc5-41a0-ad76-59106f140d5c"
            ],
            "execution_duration": "PT0S"
          }
        ]
      }
    },
    {
      "type": "Feature",
      "id": "2435025a-0a78-4bdf-8b47-7e7919de66cc",
      "geometry": null,
      "properties": {
        "kind": "SENSOR_CONTACT",
        "parent_track": "SENSOR",
        "sensor_name": "NB_FREQ",
        "bearing": 0.0,
        "time": "2010-01-12T12:04:20+00:00",
        "label": "SUBJECT held on NB_FREQ",
        "frequency": 150.759,
        "provenance": [
          {
            "activity_id": "c6d44573-5aa0-429b-b533-ed8c6d7f3f41",
            "timestamp": "2026-03-21T10:15:01.536363Z",
            "was_generated_by": {
              "tool": "dpf-parser",
              "tool_version": "1.0.0",
              "parameters": []
            },
            "used": [],
            "generated": [
              "2435025a-0a78-4bdf-8b47-7e7919de66cc"
            ],
            "execution_duration": "PT0S"
          }
        ]
      }
    },
    {
      "type": "Feature",
      "id": "9a00d603-1793-4ba5-b3b9-e33cef4ff855",
      "geometry": null,
      "properties": {
        "kind": "SENSOR_CONTACT",
        "parent_track": "SENSOR",
        "sensor_name": "NB_FREQ",
        "bearing": 0.0,
        "time": "2010-01-12T12:04:40+00:00",
        "label": "SUBJECT held on NB_FREQ",
        "frequency": 150.756,
        "provenance": [
          {
            "activity_id": "c6d44573-5aa0-429b-b533-ed8c6d7f3f41",
            "timestamp": "2026-03-21T10:15:01.536363Z",
            "was_generated_by": {
              "tool": "dpf-parser",
              "tool_version": "1.0.0",
              "parameters": []
            },
            "used": [],
            "generated": [
              "9a00d603-1793-4ba5-b3b9-e33cef4ff855"
            ],
            "execution_duration": "PT0S"
          }
        ]
      }
    },
    {
      "type": "Feature",
      "id": "fa98d292-dab2-4038-a08d-cc9f83988636",
      "geometry": null,
      "properties": {
        "kind": "SENSOR_CONTACT",
        "parent_track": "SENSOR",
        "sensor_name": "NB_FREQ",
        "bearing": 0.0,
        "time": "2010-01-12T12:05:00+00:00",
        "label": "SUBJECT held on NB_FREQ",
        "frequency": 150.752,
        "provenance": [
          {
            "activity_id": "c6d44573-5aa0-429b-b533-ed8c6d7f3f41",
            "timestamp": "2026-03-21T10:15:01.536363Z",
            "was_generated_by": {
              "tool": "dpf-parser",
              "tool_version": "1.0.0",
              "parameters": []
            },
            "used": [],
            "generated": [
              "fa98d292-dab2-4038-a08d-cc9f83988636"
            ],
            "execution_duration": "PT0S"
          }
        ]
      }
    },
    {
      "type": "Feature",
      "id": "bc4411f7-ce3e-4bb2-a399-494b83d995de",
      "geometry": null,
      "properties": {
        "kind": "SENSOR_CONTACT",
        "parent_track": "SENSOR",
        "sensor_name": "NB_FREQ",
        "bearing": 0.0,
        "time": "2010-01-12T12:05:20+00:00",
        "label": "SUBJECT held on NB_FREQ",
        "frequency": 150.748,
        "provenance": [
          {
            "activity_id": "c6d44573-5aa0-429b-b533-ed8c6d7f3f41",
            "timestamp": "2026-03-21T10:15:01.536363Z",
            "was_generated_by": {
              "tool": "dpf-parser",
              "tool_version": "1.0.0",
              "parameters": []
            },
            "used": [],
            "generated": [
              "bc4411f7-ce3e-4bb2-a399-494b83d995de"
            ],
            "execution_duration": "PT0S"
          }
        ]
      }
    },
    {
      "type": "Feature",
      "id": "15d79e02-1458-4357-ab09-1dd1ef4efee9",
      "geometry": null,
      "properties": {
        "kind": "SENSOR_CONTACT",
        "parent_track": "SENSOR",
        "sensor_name": "NB_FREQ",
        "bearing": 0.0,
        "time": "2010-01-12T12:05:40+00:00",
        "label": "SUBJECT held on NB_FREQ",
        "frequency": 150.744,
        "provenance": [
          {
            "activity_id": "c6d44573-5aa0-429b-b533-ed8c6d7f3f41",
            "timestamp": "2026-03-21T10:15:01.536363Z",
            "was_generated_by": {
              "tool": "dpf-parser",
              "tool_version": "1.0.0",
              "parameters": []
            },
            "used": [],
            "generated": [
              "15d79e02-1458-4357-ab09-1dd1ef4efee9"
            ],
            "execution_duration": "PT0S"
          }
        ]
      }
    },
    {
      "type": "Feature",
      "id": "7acbded0-8584-4f2f-bddd-9b0fbcce369d",
      "geometry": null,
      "properties": {
        "kind": "SENSOR_CONTACT",
        "parent_track": "SENSOR",
        "sensor_name": "NB_FREQ",
        "bearing": 0.0,
        "time": "2010-01-12T12:06:00+00:00",
        "label": "SUBJECT held on NB_FREQ",
        "frequency": 150.739,
        "provenance": [
          {
            "activity_id": "c6d44573-5aa0-429b-b533-ed8c6d7f3f41",
            "timestamp": "2026-03-21T10:15:01.536363Z",
            "was_generated_by": {
              "tool": "dpf-parser",
              "tool_version": "1.0.0",
              "parameters": []
            },
            "used": [],
            "generated": [
              "7acbded0-8584-4f2f-bddd-9b0fbcce369d"
            ],
            "execution_duration": "PT0S"
          }
        ]
      }
    },
    {
      "type": "Feature",
      "id": "c2f8c67e-a82e-4ae2-8941-1e106e8efb52",
      "geometry": null,
      "properties": {
        "kind": "SENSOR_CONTACT",
        "parent_track": "SENSOR",
        "sensor_name": "NB_FREQ",
        "bearing": 0.0,
        "time": "2010-01-12T12:06:20+00:00",
        "label": "SUBJECT held on NB_FREQ",
        "frequency": 150.734,
        "provenance": [
          {
            "activity_id": "c6d44573-5aa0-429b-b533-ed8c6d7f3f41",
            "timestamp": "2026-03-21T10:15:01.536363Z",
            "was_generated_by": {
              "tool": "dpf-parser",
              "tool_version": "1.0.0",
              "parameters": []
            },
            "used": [],
            "generated": [
              "c2f8c67e-a82e-4ae2-8941-1e106e8efb52"
            ],
            "execution_duration": "PT0S"
          }
        ]
      }
    },
    {
      "type": "Feature",
      "id": "2d02b0e3-cca8-42fd-9a16-9d99fd4aeca9",
      "geometry": null,
      "properties": {
        "kind": "SENSOR_CONTACT",
        "parent_track": "SENSOR",
        "sensor_name": "NB_FREQ",
        "bearing": 0.0,
        "time": "2010-01-12T12:06:40+00:00",
        "label": "SUBJECT held on NB_FREQ",
        "frequency": 150.729,
        "provenance": [
          {
            "activity_id": "c6d44573-5aa0-429b-b533-ed8c6d7f3f41",
            "timestamp": "2026-03-21T10:15:01.536363Z",
            "was_generated_by": {
              "tool": "dpf-parser",
              "tool_version": "1.0.0",
              "parameters": []
            },
            "used": [],
            "generated": [
              "2d02b0e3-cca8-42fd-9a16-9d99fd4aeca9"
            ],
            "execution_duration": "PT0S"
          }
        ]
      }
    },
    {
      "type": "Feature",
      "id": "464a279c-fab0-45af-99e7-e219cc89e50b",
      "geometry": null,
      "properties": {
        "kind": "SENSOR_CONTACT",
        "parent_track": "SENSOR",
        "sensor_name": "NB_FREQ",
        "bearing": 0.0,
        "time": "2010-01-12T12:07:00+00:00",
        "label": "SUBJECT held on NB_FREQ",
        "frequency": 150.724,
        "provenance": [
          {
            "activity_id": "c6d44573-5aa0-429b-b533-ed8c6d7f3f41",
            "timestamp": "2026-03-21T10:15:01.536363Z",
            "was_generated_by": {
              "tool": "dpf-parser",
              "tool_version": "1.0.0",
              "parameters": []
            },
            "used": [],
            "generated": [
              "464a279c-fab0-45af-99e7-e219cc89e50b"
            ],
            "execution_duration": "PT0S"
          }
        ]
      }
    },
    {
      "type": "Feature",
      "id": "d65b4b9a-9687-4e2b-a0f1-2a471603f288",
      "geometry": null,
      "properties": {
        "kind": "SENSOR_CONTACT",
        "parent_track": "SENSOR",
        "sensor_name": "NB_FREQ",
        "bearing": 0.0,
        "time": "2010-01-12T12:07:20+00:00",
        "label": "SUBJECT held on NB_FREQ",
        "frequency": 150.718,
        "provenance": [
          {
            "activity_id": "c6d44573-5aa0-429b-b533-ed8c6d7f3f41",
            "timestamp": "2026-03-21T10:15:01.536363Z",
            "was_generated_by": {
              "tool": "dpf-parser",
              "tool_version": "1.0.0",
              "parameters": []
            },
            "used": [],
            "generated": [
              "d65b4b9a-9687-4e2b-a0f1-2a471603f288"
            ],
            "execution_duration": "PT0S"
          }
        ]
      }
    },
    {
      "type": "Feature",
      "id": "3811bda6-0d04-4294-b8b7-c82d3f520341",
      "geometry": null,
      "properties": {
        "kind": "SENSOR_CONTACT",
        "parent_track": "SENSOR",
        "sensor_name": "NB_FREQ",
        "bearing": 0.0,
        "time": "2010-01-12T12:07:40+00:00",
        "label": "SUBJECT held on NB_FREQ",
        "frequency": 150.712,
        "provenance": [
          {
            "activity_id": "c6d44573-5aa0-429b-b533-ed8c6d7f3f41",
            "timestamp": "2026-03-21T10:15:01.536363Z",
            "was_generated_by": {
              "tool": "dpf-parser",
              "tool_version": "1.0.0",
              "parameters": []
            },
            "used": [],
            "generated": [
              "3811bda6-0d04-4294-b8b7-c82d3f520341"
            ],
            "execution_duration": "PT0S"
          }
        ]
      }
    },
    {
      "type": "Feature",
      "id": "df73cef8-bd2e-4ddb-9a1a-85ba316c74f5",
      "geometry": null,
      "properties": {
        "kind": "SENSOR_CONTACT",
        "parent_track": "SENSOR",
        "sensor_name": "NB_FREQ",
        "bearing": 0.0,
        "time": "2010-01-12T12:08:00+00:00",
        "label": "SUBJECT held on NB_FREQ",
        "frequency": 150.705,
        "provenance": [
          {
            "activity_id": "c6d44573-5aa0-429b-b533-ed8c6d7f3f41",
            "timestamp": "2026-03-21T10:15:01.536363Z",
            "was_generated_by": {
              "tool": "dpf-parser",
              "tool_version": "1.0.0",
              "parameters": []
            },
            "used": [],
            "generated": [
              "df73cef8-bd2e-4ddb-9a1a-85ba316c74f5"
            ],
            "execution_duration": "PT0S"
          }
        ]
      }
    },
    {
      "type": "Feature",
      "id": "d3e12246-5225-42d3-8bb6-ba16b95cd1c2",
      "geometry": null,
      "properties": {
        "kind": "SENSOR_CONTACT",
        "parent_track": "SENSOR",
        "sensor_name": "NB_FREQ",
        "bearing": 0.0,
        "time": "2010-01-12T12:08:20+00:00",
        "label": "SUBJECT held on NB_FREQ",
        "frequency": 150.698,
        "provenance": [
          {
            "activity_id": "c6d44573-5aa0-429b-b533-ed8c6d7f3f41",
            "timestamp": "2026-03-21T10:15:01.536363Z",
            "was_generated_by": {
              "tool": "dpf-parser",
              "tool_version": "1.0.0",
              "parameters": []
            },
            "used": [],
            "generated": [
              "d3e12246-5225-42d3-8bb6-ba16b95cd1c2"
            ],
            "execution_duration": "PT0S"
          }
        ]
      }
    },
    {
      "type": "Feature",
      "id": "7dc66f40-2625-42f7-b742-283e7cadace6",
      "geometry": null,
      "properties": {
        "kind": "SENSOR_CONTACT",
        "parent_track": "SENSOR",
        "sensor_name": "NB_FREQ",
        "bearing": 0.0,
        "time": "2010-01-12T12:08:40+00:00",
        "label": "SUBJECT held on NB_FREQ",
        "frequency": 150.691,
        "provenance": [
          {
            "activity_id": "c6d44573-5aa0-429b-b533-ed8c6d7f3f41",
            "timestamp": "2026-03-21T10:15:01.536363Z",
            "was_generated_by": {
              "tool": "dpf-parser",
              "tool_version": "1.0.0",
              "parameters": []
            },
            "used": [],
            "generated": [
              "7dc66f40-2625-42f7-b742-283e7cadace6"
            ],
            "execution_duration": "PT0S"
          }
        ]
      }
    },
    {
      "type": "Feature",
      "id": "13574c6d-9c6c-486f-84cd-18f0a8ff3917",
      "geometry": null,
      "properties": {
        "kind": "SENSOR_CONTACT",
        "parent_track": "SENSOR",
        "sensor_name": "NB_FREQ",
        "bearing": 0.0,
        "time": "2010-01-12T12:09:00+00:00",
        "label": "SUBJECT held on NB_FREQ",
        "frequency": 150.683,
        "provenance": [
          {
            "activity_id": "c6d44573-5aa0-429b-b533-ed8c6d7f3f41",
            "timestamp": "2026-03-21T10:15:01.536363Z",
            "was_generated_by": {
              "tool": "dpf-parser",
              "tool_version": "1.0.0",
              "parameters": []
            },
            "used": [],
            "generated": [
              "13574c6d-9c6c-486f-84cd-18f0a8ff3917"
            ],
            "execution_duration": "PT0S"
          }
        ]
      }
    },
    {
      "type": "Feature",
      "id": "7319ebe7-b1c8-4445-af04-0478e13bc42b",
      "geometry": null,
      "properties": {
        "kind": "SENSOR_CONTACT",
        "parent_track": "SENSOR",
        "sensor_name": "NB_FREQ",
        "bearing": 0.0,
        "time": "2010-01-12T12:09:20+00:00",
        "label": "SUBJECT held on NB_FREQ",
        "frequency": 150.674,
        "provenance": [
          {
            "activity_id": "c6d44573-5aa0-429b-b533-ed8c6d7f3f41",
            "timestamp": "2026-03-21T10:15:01.536363Z",
            "was_generated_by": {
              "tool": "dpf-parser",
              "tool_version": "1.0.0",
              "parameters": []
            },
            "used": [],
            "generated": [
              "7319ebe7-b1c8-4445-af04-0478e13bc42b"
            ],
            "execution_duration": "PT0S"
          }
        ]
      }
    },
    {
      "type": "Feature",
      "id": "3a6ebc1e-ea69-4718-b81b-605f3b6380e0",
      "geometry": null,
      "properties": {
        "kind": "SENSOR_CONTACT",
        "parent_track": "SENSOR",
        "sensor_name": "NB_FREQ",
        "bearing": 0.0,
        "time": "2010-01-12T12:09:40+00:00",
        "label": "SUBJECT held on NB_FREQ",
        "frequency": 150.665,
        "provenance": [
          {
            "activity_id": "c6d44573-5aa0-429b-b533-ed8c6d7f3f41",
            "timestamp": "2026-03-21T10:15:01.536363Z",
            "was_generated_by": {
              "tool": "dpf-parser",
              "tool_version": "1.0.0",
              "parameters": []
            },
            "used": [],
            "generated": [
              "3a6ebc1e-ea69-4718-b81b-605f3b6380e0"
            ],
            "execution_duration": "PT0S"
          }
        ]
      }
    },
    {
      "type": "Feature",
      "id": "71165f53-ac86-41cb-90b8-4c361d2c76a2",
      "geometry": null,
      "properties": {
        "kind": "SENSOR_CONTACT",
        "parent_track": "SENSOR",
        "sensor_name": "NB_FREQ",
        "bearing": 0.0,
        "time": "2010-01-12T12:10:00+00:00",
        "label": "SUBJECT held on NB_FREQ",
        "frequency": 150.655,
        "provenance": [
          {
            "activity_id": "c6d44573-5aa0-429b-b533-ed8c6d7f3f41",
            "timestamp": "2026-03-21T10:15:01.536363Z",
            "was_generated_by": {
              "tool": "dpf-parser",
              "tool_version": "1.0.0",
              "parameters": []
            },
            "used": [],
            "generated": [
              "71165f53-ac86-41cb-90b8-4c361d2c76a2"
            ],
            "execution_duration": "PT0S"
          }
        ]
      }
    },
    {
      "type": "Feature",
      "id": "ff218334-61a3-4898-ad3a-42b2e2ba6ae7",
      "geometry": null,
      "properties": {
        "kind": "SENSOR_CONTACT",
        "parent_track": "SENSOR",
        "sensor_name": "NB_FREQ",
        "bearing": 0.0,
        "time": "2010-01-12T12:10:20+00:00",
        "label": "SUBJECT held on NB_FREQ",
        "frequency": 150.645,
        "provenance": [
          {
            "activity_id": "c6d44573-5aa0-429b-b533-ed8c6d7f3f41",
            "timestamp": "2026-03-21T10:15:01.536363Z",
            "was_generated_by": {
              "tool": "dpf-parser",
              "tool_version": "1.0.0",
              "parameters": []
            },
            "used": [],
            "generated": [
              "ff218334-61a3-4898-ad3a-42b2e2ba6ae7"
            ],
            "execution_duration": "PT0S"
          }
        ]
      }
    },
    {
      "type": "Feature",
      "id": "352255ae-3ea3-4e3a-bee6-9bea3a296761",
      "geometry": null,
      "properties": {
        "kind": "SENSOR_CONTACT",
        "parent_track": "SENSOR",
        "sensor_name": "NB_FREQ",
        "bearing": 0.0,
        "time": "2010-01-12T12:10:40+00:00",
        "label": "SUBJECT held on NB_FREQ",
        "frequency": 150.634,
        "provenance": [
          {
            "activity_id": "c6d44573-5aa0-429b-b533-ed8c6d7f3f41",
            "timestamp": "2026-03-21T10:15:01.536363Z",
            "was_generated_by": {
              "tool": "dpf-parser",
              "tool_version": "1.0.0",
              "parameters": []
            },
            "used": [],
            "generated": [
              "352255ae-3ea3-4e3a-bee6-9bea3a296761"
            ],
            "execution_duration": "PT0S"
          }
        ]
      }
    },
    {
      "type": "Feature",
      "id": "87161136-28d9-46d8-827b-bd81ab21aa5c",
      "geometry": null,
      "properties": {
        "kind": "SENSOR_CONTACT",
        "parent_track": "SENSOR",
        "sensor_name": "NB_FREQ",
        "bearing": 0.0,
        "time": "2010-01-12T12:11:00+00:00",
        "label": "SUBJECT held on NB_FREQ",
        "frequency": 150.622,
        "provenance": [
          {
            "activity_id": "c6d44573-5aa0-429b-b533-ed8c6d7f3f41",
            "timestamp": "2026-03-21T10:15:01.536363Z",
            "was_generated_by": {
              "tool": "dpf-parser",
              "tool_version": "1.0.0",
              "parameters": []
            },
            "used": [],
            "generated": [
              "87161136-28d9-46d8-827b-bd81ab21aa5c"
            ],
            "execution_duration": "PT0S"
          }
        ]
      }
    },
    {
      "type": "Feature",
      "id": "3b033962-ebf6-4122-b877-023e46d79ecd",
      "geometry": null,
      "properties": {
        "kind": "SENSOR_CONTACT",
        "parent_track": "SENSOR",
        "sensor_name": "NB_FREQ",
        "bearing": 0.0,
        "time": "2010-01-12T12:11:20+00:00",
        "label": "SUBJECT held on NB_FREQ",
        "frequency": 150.609,
        "provenance": [
          {
            "activity_id": "c6d44573-5aa0-429b-b533-ed8c6d7f3f41",
            "timestamp": "2026-03-21T10:15:01.536363Z",
            "was_generated_by": {
              "tool": "dpf-parser",
              "tool_version": "1.0.0",
              "parameters": []
            },
            "used": [],
            "generated": [
              "3b033962-ebf6-4122-b877-023e46d79ecd"
            ],
            "execution_duration": "PT0S"
          }
        ]
      }
    },
    {
      "type": "Feature",
      "id": "d7045c07-5220-4caa-970a-018e06961775",
      "geometry": null,
      "properties": {
        "kind": "SENSOR_CONTACT",
        "parent_track": "SENSOR",
        "sensor_name": "NB_FREQ",
        "bearing": 0.0,
        "time": "2010-01-12T12:11:40+00:00",
        "label": "SUBJECT held on NB_FREQ",
        "frequency": 150.595,
        "provenance": [
          {
            "activity_id": "c6d44573-5aa0-429b-b533-ed8c6d7f3f41",
            "timestamp": "2026-03-21T10:15:01.536363Z",
            "was_generated_by": {
              "tool": "dpf-parser",
              "tool_version": "1.0.0",
              "parameters": []
            },
            "used": [],
            "generated": [
              "d7045c07-5220-4caa-970a-018e06961775"
            ],
            "execution_duration": "PT0S"
          }
        ]
      }
    },
    {
      "type": "Feature",
      "id": "39290a84-c885-455e-a52a-f559146163b2",
      "geometry": null,
      "properties": {
        "kind": "SENSOR_CONTACT",
        "parent_track": "SENSOR",
        "sensor_name": "NB_FREQ",
        "bearing": 0.0,
        "time": "2010-01-12T12:12:00+00:00",
        "label": "SUBJECT held on NB_FREQ",
        "frequency": 150.58,
        "provenance": [
          {
            "activity_id": "c6d44573-5aa0-429b-b533-ed8c6d7f3f41",
            "timestamp": "2026-03-21T10:15:01.536363Z",
            "was_generated_by": {
              "tool": "dpf-parser",
              "tool_version": "1.0.0",
              "parameters": []
            },
            "used": [],
            "generated": [
              "39290a84-c885-455e-a52a-f559146163b2"
            ],
            "execution_duration": "PT0S"
          }
        ]
      }
    },
    {
      "type": "Feature",
      "id": "80216e35-fd37-47fa-9b47-7fc6a8a5d8fa",
      "geometry": null,
      "properties": {
        "kind": "SENSOR_CONTACT",
        "parent_track": "SENSOR",
        "sensor_name": "NB_FREQ",
        "bearing": 0.0,
        "time": "2010-01-12T12:12:20+00:00",
        "label": "SUBJECT held on NB_FREQ",
        "frequency": 150.564,
        "provenance": [
          {
            "activity_id": "c6d44573-5aa0-429b-b533-ed8c6d7f3f41",
            "timestamp": "2026-03-21T10:15:01.536363Z",
            "was_generated_by": {
              "tool": "dpf-parser",
              "tool_version": "1.0.0",
              "parameters": []
            },
            "used": [],
            "generated": [
              "80216e35-fd37-47fa-9b47-7fc6a8a5d8fa"
            ],
            "execution_duration": "PT0S"
          }
        ]
      }
    },
    {
      "type": "Feature",
      "id": "4860ca6d-7d26-4b25-bd35-e5fa75e6e5d7",
      "geometry": null,
      "properties": {
        "kind": "SENSOR_CONTACT",
        "parent_track": "SENSOR",
        "sensor_name": "NB_FREQ",
        "bearing": 0.0,
        "time": "2010-01-12T12:12:40+00:00",
        "label": "SUBJECT held on NB_FREQ",
        "frequency": 150.547,
        "provenance": [
          {
            "activity_id": "c6d44573-5aa0-429b-b533-ed8c6d7f3f41",
            "timestamp": "2026-03-21T10:15:01.536363Z",
            "was_generated_by": {
              "tool": "dpf-parser",
              "tool_version": "1.0.0",
              "parameters": []
            },
            "used": [],
            "generated": [
              "4860ca6d-7d26-4b25-bd35-e5fa75e6e5d7"
            ],
            "execution_duration": "PT0S"
          }
        ]
      }
    },
    {
      "type": "Feature",
      "id": "2ffcfd4a-3ba8-446c-8b23-cd3dc5c0d757",
      "geometry": null,
      "properties": {
        "kind": "SENSOR_CONTACT",
        "parent_track": "SENSOR",
        "sensor_name": "NB_FREQ",
        "bearing": 0.0,
        "time": "2010-01-12T12:13:00+00:00",
        "label": "SUBJECT held on NB_FREQ",
        "frequency": 150.528,
        "provenance": [
          {
            "activity_id": "c6d44573-5aa0-429b-b533-ed8c6d7f3f41",
            "timestamp": "2026-03-21T10:15:01.536363Z",
            "was_generated_by": {
              "tool": "dpf-parser",
              "tool_version": "1.0.0",
              "parameters": []
            },
            "used": [],
            "generated": [
              "2ffcfd4a-3ba8-446c-8b23-cd3dc5c0d757"
            ],
            "execution_duration": "PT0S"
          }
        ]
      }
    },
    {
      "type": "Feature",
      "id": "b8880f4e-90a2-406c-a478-9c05721d70ac",
      "geometry": null,
      "properties": {
        "kind": "SENSOR_CONTACT",
        "parent_track": "SENSOR",
        "sensor_name": "NB_FREQ",
        "bearing": 0.0,
        "time": "2010-01-12T12:13:20+00:00",
        "label": "SUBJECT held on NB_FREQ",
        "frequency": 150.509,
        "provenance": [
          {
            "activity_id": "c6d44573-5aa0-429b-b533-ed8c6d7f3f41",
            "timestamp": "2026-03-21T10:15:01.536363Z",
            "was_generated_by": {
              "tool": "dpf-parser",
              "tool_version": "1.0.0",
              "parameters": []
            },
            "used": [],
            "generated": [
              "b8880f4e-90a2-406c-a478-9c05721d70ac"
            ],
            "execution_duration": "PT0S"
          }
        ]
      }
    },
    {
      "type": "Feature",
      "id": "f005617f-f196-48d6-99df-d7155979c7dc",
      "geometry": null,
      "properties": {
        "kind": "SENSOR_CONTACT",
        "parent_track": "SENSOR",
        "sensor_name": "NB_FREQ",
        "bearing": 0.0,
        "time": "2010-01-12T12:13:40+00:00",
        "label": "SUBJECT held on NB_FREQ",
        "frequency": 150.487,
        "provenance": [
          {
            "activity_id": "c6d44573-5aa0-429b-b533-ed8c6d7f3f41",
            "timestamp": "2026-03-21T10:15:01.536363Z",
            "was_generated_by": {
              "tool": "dpf-parser",
              "tool_version": "1.0.0",
              "parameters": []
            },
            "used": [],
            "generated": [
              "f005617f-f196-48d6-99df-d7155979c7dc"
            ],
            "execution_duration": "PT0S"
          }
        ]
      }
    },
    {
      "type": "Feature",
      "id": "fa63e5c5-1646-4e2f-b69b-83c032628397",
      "geometry": null,
      "properties": {
        "kind": "SENSOR_CONTACT",
        "parent_track": "SENSOR",
        "sensor_name": "NB_FREQ",
        "bearing": 0.0,
        "time": "2010-01-12T12:14:00+00:00",
        "label": "SUBJECT held on NB_FREQ",
        "frequency": 150.465,
        "provenance": [
          {
            "activity_id": "c6d44573-5aa0-429b-b533-ed8c6d7f3f41",
            "timestamp": "2026-03-21T10:15:01.536363Z",
            "was_generated_by": {
              "tool": "dpf-parser",
              "tool_version": "1.0.0",
              "parameters": []
            },
            "used": [],
            "generated": [
              "fa63e5c5-1646-4e2f-b69b-83c032628397"
            ],
            "execution_duration": "PT0S"
          }
        ]
      }
    },
    {
      "type": "Feature",
      "id": "5061829b-39a1-4031-9c62-78ffb68302d5",
      "geometry": null,
      "properties": {
        "kind": "SENSOR_CONTACT",
        "parent_track": "SENSOR",
        "sensor_name": "NB_FREQ",
        "bearing": 0.0,
        "time": "2010-01-12T12:14:20+00:00",
        "label": "SUBJECT held on NB_FREQ",
        "frequency": 150.441,
        "provenance": [
          {
            "activity_id": "c6d44573-5aa0-429b-b533-ed8c6d7f3f41",
            "timestamp": "2026-03-21T10:15:01.536363Z",
            "was_generated_by": {
              "tool": "dpf-parser",
              "tool_version": "1.0.0",
              "parameters": []
            },
            "used": [],
            "generated": [
              "5061829b-39a1-4031-9c62-78ffb68302d5"
            ],
            "execution_duration": "PT0S"
          }
        ]
      }
    },
    {
      "type": "Feature",
      "id": "ce1ea81f-a856-4dcb-8dbb-7d4584ace200",
      "geometry": null,
      "properties": {
        "kind": "SENSOR_CONTACT",
        "parent_track": "SENSOR",
        "sensor_name": "NB_FREQ",
        "bearing": 0.0,
        "time": "2010-01-12T12:14:40+00:00",
        "label": "SUBJECT held on NB_FREQ",
        "frequency": 150.415,
        "provenance": [
          {
            "activity_id": "c6d44573-5aa0-429b-b533-ed8c6d7f3f41",
            "timestamp": "2026-03-21T10:15:01.536363Z",
            "was_generated_by": {
              "tool": "dpf-parser",
              "tool_version": "1.0.0",
              "parameters": []
            },
            "used": [],
            "generated": [
              "ce1ea81f-a856-4dcb-8dbb-7d4584ace200"
            ],
            "execution_duration": "PT0S"
          }
        ]
      }
    },
    {
      "type": "Feature",
      "id": "661e693f-f186-4f7e-b758-ce693d9db7df",
      "geometry": null,
      "properties": {
        "kind": "SENSOR_CONTACT",
        "parent_track": "SENSOR",
        "sensor_name": "NB_FREQ",
        "bearing": 0.0,
        "time": "2010-01-12T12:15:00+00:00",
        "label": "SUBJECT held on NB_FREQ",
        "frequency": 150.388,
        "provenance": [
          {
            "activity_id": "c6d44573-5aa0-429b-b533-ed8c6d7f3f41",
            "timestamp": "2026-03-21T10:15:01.536363Z",
            "was_generated_by": {
              "tool": "dpf-parser",
              "tool_version": "1.0.0",
              "parameters": []
            },
            "used": [],
            "generated": [
              "661e693f-f186-4f7e-b758-ce693d9db7df"
            ],
            "execution_duration": "PT0S"
          }
        ]
      }
    },
    {
      "type": "Feature",
      "id": "c5f53dad-6a08-4d2c-99bd-db70a5b1b60f",
      "geometry": null,
      "properties": {
        "kind": "SENSOR_CONTACT",
        "parent_track": "SENSOR",
        "sensor_name": "NB_FREQ",
        "bearing": 0.0,
        "time": "2010-01-12T12:15:20+00:00",
        "label": "SUBJECT held on NB_FREQ",
        "frequency": 150.359,
        "provenance": [
          {
            "activity_id": "c6d44573-5aa0-429b-b533-ed8c6d7f3f41",
            "timestamp": "2026-03-21T10:15:01.536363Z",
            "was_generated_by": {
              "tool": "dpf-parser",
              "tool_version": "1.0.0",
              "parameters": []
            },
            "used": [],
            "generated": [
              "c5f53dad-6a08-4d2c-99bd-db70a5b1b60f"
            ],
            "execution_duration": "PT0S"
          }
        ]
      }
    },
    {
      "type": "Feature",
      "id": "dc05aeab-4797-4ac5-a552-1e95d55f8068",
      "geometry": null,
      "properties": {
        "kind": "SENSOR_CONTACT",
        "parent_track": "SENSOR",
        "sensor_name": "NB_FREQ",
        "bearing": 0.0,
        "time": "2010-01-12T12:15:40+00:00",
        "label": "SUBJECT held on NB_FREQ",
        "frequency": 150.329,
        "provenance": [
          {
            "activity_id": "c6d44573-5aa0-429b-b533-ed8c6d7f3f41",
            "timestamp": "2026-03-21T10:15:01.536363Z",
            "was_generated_by": {
              "tool": "dpf-parser",
              "tool_version": "1.0.0",
              "parameters": []
            },
            "used": [],
            "generated": [
              "dc05aeab-4797-4ac5-a552-1e95d55f8068"
            ],
            "execution_duration": "PT0S"
          }
        ]
      }
    },
    {
      "type": "Feature",
      "id": "494ba93f-5dcf-468f-90a4-38a61f60b521",
      "geometry": null,
      "properties": {
        "kind": "SENSOR_CONTACT",
        "parent_track": "SENSOR",
        "sensor_name": "NB_FREQ",
        "bearing": 0.0,
        "time": "2010-01-12T12:16:00+00:00",
        "label": "SUBJECT held on NB_FREQ",
        "frequency": 150.297,
        "provenance": [
          {
            "activity_id": "c6d44573-5aa0-429b-b533-ed8c6d7f3f41",
            "timestamp": "2026-03-21T10:15:01.536363Z",
            "was_generated_by": {
              "tool": "dpf-parser",
              "tool_version": "1.0.0",
              "parameters": []
            },
            "used": [],
            "generated": [
              "494ba93f-5dcf-468f-90a4-38a61f60b521"
            ],
            "execution_duration": "PT0S"
          }
        ]
      }
    },
    {
      "type": "Feature",
      "id": "22f7385b-9dbf-4d09-9dbd-6d91111b0879",
      "geometry": null,
      "properties": {
        "kind": "SENSOR_CONTACT",
        "parent_track": "SENSOR",
        "sensor_name": "NB_FREQ",
        "bearing": 0.0,
        "time": "2010-01-12T12:16:20+00:00",
        "label": "SUBJECT held on NB_FREQ",
        "frequency": 150.263,
        "provenance": [
          {
            "activity_id": "c6d44573-5aa0-429b-b533-ed8c6d7f3f41",
            "timestamp": "2026-03-21T10:15:01.536363Z",
            "was_generated_by": {
              "tool": "dpf-parser",
              "tool_version": "1.0.0",
              "parameters": []
            },
            "used": [],
            "generated": [
              "22f7385b-9dbf-4d09-9dbd-6d91111b0879"
            ],
            "execution_duration": "PT0S"
          }
        ]
      }
    },
    {
      "type": "Feature",
      "id": "ebc50d47-fc7e-4225-9f0c-86e7b0f27409",
      "geometry": null,
      "properties": {
        "kind": "SENSOR_CONTACT",
        "parent_track": "SENSOR",
        "sensor_name": "NB_FREQ",
        "bearing": 0.0,
        "time": "2010-01-12T12:16:40+00:00",
        "label": "SUBJECT held on NB_FREQ",
        "frequency": 150.228,
        "provenance": [
          {
            "activity_id": "c6d44573-5aa0-429b-b533-ed8c6d7f3f41",
            "timestamp": "2026-03-21T10:15:01.536363Z",
            "was_generated_by": {
              "tool": "dpf-parser",
              "tool_version": "1.0.0",
              "parameters": []
            },
            "used": [],
            "generated": [
              "ebc50d47-fc7e-4225-9f0c-86e7b0f27409"
            ],
            "execution_duration": "PT0S"
          }
        ]
      }
    },
    {
      "type": "Feature",
      "id": "63fad29f-835a-486c-9928-877ea4c61fd6",
      "geometry": null,
      "properties": {
        "kind": "SENSOR_CONTACT",
        "parent_track": "SENSOR",
        "sensor_name": "NB_FREQ",
        "bearing": 0.0,
        "time": "2010-01-12T12:17:00+00:00",
        "label": "SUBJECT held on NB_FREQ",
        "frequency": 150.192,
        "provenance": [
          {
            "activity_id": "c6d44573-5aa0-429b-b533-ed8c6d7f3f41",
            "timestamp": "2026-03-21T10:15:01.536363Z",
            "was_generated_by": {
              "tool": "dpf-parser",
              "tool_version": "1.0.0",
              "parameters": []
            },
            "used": [],
            "generated": [
              "63fad29f-835a-486c-9928-877ea4c61fd6"
            ],
            "execution_duration": "PT0S"
          }
        ]
      }
    },
    {
      "type": "Feature",
      "id": "8d027189-004b-42d0-be03-e1aa7fca41c0",
      "geometry": null,
      "properties": {
        "kind": "SENSOR_CONTACT",
        "parent_track": "SENSOR",
        "sensor_name": "NB_FREQ",
        "bearing": 0.0,
        "time": "2010-01-12T12:17:20+00:00",
        "label": "SUBJECT held on NB_FREQ",
        "frequency": 150.155,
        "provenance": [
          {
            "activity_id": "c6d44573-5aa0-429b-b533-ed8c6d7f3f41",
            "timestamp": "2026-03-21T10:15:01.536363Z",
            "was_generated_by": {
              "tool": "dpf-parser",
              "tool_version": "1.0.0",
              "parameters": []
            },
            "used": [],
            "generated": [
              "8d027189-004b-42d0-be03-e1aa7fca41c0"
            ],
            "execution_duration": "PT0S"
          }
        ]
      }
    },
    {
      "type": "Feature",
      "id": "e9564865-15c7-4df8-b5ec-281d04b7f5a6",
      "geometry": null,
      "properties": {
        "kind": "SENSOR_CONTACT",
        "parent_track": "SENSOR",
        "sensor_name": "NB_FREQ",
        "bearing": 0.0,
        "time": "2010-01-12T12:17:40+00:00",
        "label": "SUBJECT held on NB_FREQ",
        "frequency": 150.116,
        "provenance": [
          {
            "activity_id": "c6d44573-5aa0-429b-b533-ed8c6d7f3f41",
            "timestamp": "2026-03-21T10:15:01.536363Z",
            "was_generated_by": {
              "tool": "dpf-parser",
              "tool_version": "1.0.0",
              "parameters": []
            },
            "used": [],
            "generated": [
              "e9564865-15c7-4df8-b5ec-281d04b7f5a6"
            ],
            "execution_duration": "PT0S"
          }
        ]
      }
    },
    {
      "type": "Feature",
      "id": "8788ca91-8990-44ed-b806-7370fba8e05d",
      "geometry": null,
      "properties": {
        "kind": "SENSOR_CONTACT",
        "parent_track": "SENSOR",
        "sensor_name": "NB_FREQ",
        "bearing": 0.0,
        "time": "2010-01-12T12:18:00+00:00",
        "label": "SUBJECT held on NB_FREQ",
        "frequency": 150.077,
        "provenance": [
          {
            "activity_id": "c6d44573-5aa0-429b-b533-ed8c6d7f3f41",
            "timestamp": "2026-03-21T10:15:01.536363Z",
            "was_generated_by": {
              "tool": "dpf-parser",
              "tool_version": "1.0.0",
              "parameters": []
            },
            "used": [],
            "generated": [
              "8788ca91-8990-44ed-b806-7370fba8e05d"
            ],
            "execution_duration": "PT0S"
          }
        ]
      }
    },
    {
      "type": "Feature",
      "id": "b8b116e4-4d01-42da-ba62-5f223baa5f02",
      "geometry": null,
      "properties": {
        "kind": "SENSOR_CONTACT",
        "parent_track": "SENSOR",
        "sensor_name": "NB_FREQ",
        "bearing": 0.0,
        "time": "2010-01-12T12:18:20+00:00",
        "label": "SUBJECT held on NB_FREQ",
        "frequency": 150.038,
        "provenance": [
          {
            "activity_id": "c6d44573-5aa0-429b-b533-ed8c6d7f3f41",
            "timestamp": "2026-03-21T10:15:01.536363Z",
            "was_generated_by": {
              "tool": "dpf-parser",
              "tool_version": "1.0.0",
              "parameters": []
            },
            "used": [],
            "generated": [
              "b8b116e4-4d01-42da-ba62-5f223baa5f02"
            ],
            "execution_duration": "PT0S"
          }
        ]
      }
    },
    {
      "type": "Feature",
      "id": "8755ac1f-bb5e-4183-92f4-740c561fc8ed",
      "geometry": null,
      "properties": {
        "kind": "SENSOR_CONTACT",
        "parent_track": "SENSOR",
        "sensor_name": "NB_FREQ",
        "bearing": 0.0,
        "time": "2010-01-12T12:18:40+00:00",
        "label": "SUBJECT held on NB_FREQ",
        "frequency": 149.998,
        "provenance": [
          {
            "activity_id": "c6d44573-5aa0-429b-b533-ed8c6d7f3f41",
            "timestamp": "2026-03-21T10:15:01.536363Z",
            "was_generated_by": {
              "tool": "dpf-parser",
              "tool_version": "1.0.0",
              "parameters": []
            },
            "used": [],
            "generated": [
              "8755ac1f-bb5e-4183-92f4-740c561fc8ed"
            ],
            "execution_duration": "PT0S"
          }
        ]
      }
    },
    {
      "type": "Feature",
      "id": "20d3f558-646f-4453-9e67-16e272779d3d",
      "geometry": null,
      "properties": {
        "kind": "SENSOR_CONTACT",
        "parent_track": "SENSOR",
        "sensor_name": "NB_FREQ",
        "bearing": 0.0,
        "time": "2010-01-12T12:19:00+00:00",
        "label": "SUBJECT held on NB_FREQ",
        "frequency": 149.958,
        "provenance": [
          {
            "activity_id": "c6d44573-5aa0-429b-b533-ed8c6d7f3f41",
            "timestamp": "2026-03-21T10:15:01.536363Z",
            "was_generated_by": {
              "tool": "dpf-parser",
              "tool_version": "1.0.0",
              "parameters": []
            },
            "used": [],
            "generated": [
              "20d3f558-646f-4453-9e67-16e272779d3d"
            ],
            "execution_duration": "PT0S"
          }
        ]
      }
    },
    {
      "type": "Feature",
      "id": "bc9d35a4-549f-4732-8fd6-6b2e82a6ab3f",
      "geometry": null,
      "properties": {
        "kind": "SENSOR_CONTACT",
        "parent_track": "SENSOR",
        "sensor_name": "NB_FREQ",
        "bearing": 0.0,
        "time": "2010-01-12T12:19:20+00:00",
        "label": "SUBJECT held on NB_FREQ",
        "frequency": 149.919,
        "provenance": [
          {
            "activity_id": "c6d44573-5aa0-429b-b533-ed8c6d7f3f41",
            "timestamp": "2026-03-21T10:15:01.536363Z",
            "was_generated_by": {
              "tool": "dpf-parser",
              "tool_version": "1.0.0",
              "parameters": []
            },
            "used": [],
            "generated": [
              "bc9d35a4-549f-4732-8fd6-6b2e82a6ab3f"
            ],
            "execution_duration": "PT0S"
          }
        ]
      }
    },
    {
      "type": "Feature",
      "id": "47d94913-6dc8-4338-be1d-c927f5a70650",
      "geometry": null,
      "properties": {
        "kind": "SENSOR_CONTACT",
        "parent_track": "SENSOR",
        "sensor_name": "NB_FREQ",
        "bearing": 0.0,
        "time": "2010-01-12T12:19:40+00:00",
        "label": "SUBJECT held on NB_FREQ",
        "frequency": 149.88,
        "provenance": [
          {
            "activity_id": "c6d44573-5aa0-429b-b533-ed8c6d7f3f41",
            "timestamp": "2026-03-21T10:15:01.536363Z",
            "was_generated_by": {
              "tool": "dpf-parser",
              "tool_version": "1.0.0",
              "parameters": []
            },
            "used": [],
            "generated": [
              "47d94913-6dc8-4338-be1d-c927f5a70650"
            ],
            "execution_duration": "PT0S"
          }
        ]
      }
    },
    {
      "type": "Feature",
      "id": "6f1f74ef-5120-42ec-979d-b1ebbdbbf88b",
      "geometry": null,
      "properties": {
        "kind": "SENSOR_CONTACT",
        "parent_track": "SENSOR",
        "sensor_name": "NB_FREQ",
        "bearing": 0.0,
        "time": "2010-01-12T12:20:00+00:00",
        "label": "SUBJECT held on NB_FREQ",
        "frequency": 149.842,
        "provenance": [
          {
            "activity_id": "c6d44573-5aa0-429b-b533-ed8c6d7f3f41",
            "timestamp": "2026-03-21T10:15:01.536363Z",
            "was_generated_by": {
              "tool": "dpf-parser",
              "tool_version": "1.0.0",
              "parameters": []
            },
            "used": [],
            "generated": [
              "6f1f74ef-5120-42ec-979d-b1ebbdbbf88b"
            ],
            "execution_duration": "PT0S"
          }
        ]
      }
    },
    {
      "type": "Feature",
      "id": "de4fb07b-3d78-4e14-ae81-a59575b6168f",
      "geometry": null,
      "properties": {
        "kind": "SENSOR_CONTACT",
        "parent_track": "SENSOR",
        "sensor_name": "NB_FREQ",
        "bearing": 0.0,
        "time": "2010-01-12T12:20:20+00:00",
        "label": "SUBJECT held on NB_FREQ",
        "frequency": 149.804,
        "provenance": [
          {
            "activity_id": "c6d44573-5aa0-429b-b533-ed8c6d7f3f41",
            "timestamp": "2026-03-21T10:15:01.536363Z",
            "was_generated_by": {
              "tool": "dpf-parser",
              "tool_version": "1.0.0",
              "parameters": []
            },
            "used": [],
            "generated": [
              "de4fb07b-3d78-4e14-ae81-a59575b6168f"
            ],
            "execution_duration": "PT0S"
          }
        ]
      }
    },
    {
      "type": "Feature",
      "id": "98c4e77f-1591-4a2e-9590-91548511cc56",
      "geometry": null,
      "properties": {
        "kind": "SENSOR_CONTACT",
        "parent_track": "SENSOR",
        "sensor_name": "NB_FREQ",
        "bearing": 0.0,
        "time": "2010-01-12T12:20:40+00:00",
        "label": "SUBJECT held on NB_FREQ",
        "frequency": 149.768,
        "provenance": [
          {
            "activity_id": "c6d44573-5aa0-429b-b533-ed8c6d7f3f41",
            "timestamp": "2026-03-21T10:15:01.536363Z",
            "was_generated_by": {
              "tool": "dpf-parser",
              "tool_version": "1.0.0",
              "parameters": []
            },
            "used": [],
            "generated": [
              "98c4e77f-1591-4a2e-9590-91548511cc56"
            ],
            "execution_duration": "PT0S"
          }
        ]
      }
    },
    {
      "type": "Feature",
      "id": "f22571d9-7e75-42ab-ab95-845a182df2e8",
      "geometry": null,
      "properties": {
        "kind": "SENSOR_CONTACT",
        "parent_track": "SENSOR",
        "sensor_name": "NB_FREQ",
        "bearing": 0.0,
        "time": "2010-01-12T12:21:00+00:00",
        "label": "SUBJECT held on NB_FREQ",
        "frequency": 149.734,
        "provenance": [
          {
            "activity_id": "c6d44573-5aa0-429b-b533-ed8c6d7f3f41",
            "timestamp": "2026-03-21T10:15:01.536363Z",
            "was_generated_by": {
              "tool": "dpf-parser",
              "tool_version": "1.0.0",
              "parameters": []
            },
            "used": [],
            "generated": [
              "f22571d9-7e75-42ab-ab95-845a182df2e8"
            ],
            "execution_duration": "PT0S"
          }
        ]
      }
    },
    {
      "type": "Feature",
      "id": "5ca3e03b-7a9f-4721-a8df-aafac676565c",
      "geometry": null,
      "properties": {
        "kind": "SENSOR_CONTACT",
        "parent_track": "SENSOR",
        "sensor_name": "NB_FREQ",
        "bearing": 0.0,
        "time": "2010-01-12T12:21:20+00:00",
        "label": "SUBJECT held on NB_FREQ",
        "frequency": 149.7,
        "provenance": [
          {
            "activity_id": "c6d44573-5aa0-429b-b533-ed8c6d7f3f41",
            "timestamp": "2026-03-21T10:15:01.536363Z",
            "was_generated_by": {
              "tool": "dpf-parser",
              "tool_version": "1.0.0",
              "parameters": []
            },
            "used": [],
            "generated": [
              "5ca3e03b-7a9f-4721-a8df-aafac676565c"
            ],
            "execution_duration": "PT0S"
          }
        ]
      }
    },
    {
      "type": "Feature",
      "id": "abc03516-5a4e-4e33-a103-147986c3386a",
      "geometry": null,
      "properties": {
        "kind": "SENSOR_CONTACT",
        "parent_track": "SENSOR",
        "sensor_name": "NB_FREQ",
        "bearing": 0.0,
        "time": "2010-01-12T12:21:40+00:00",
        "label": "SUBJECT held on NB_FREQ",
        "frequency": 149.669,
        "provenance": [
          {
            "activity_id": "c6d44573-5aa0-429b-b533-ed8c6d7f3f41",
            "timestamp": "2026-03-21T10:15:01.536363Z",
            "was_generated_by": {
              "tool": "dpf-parser",
              "tool_version": "1.0.0",
              "parameters": []
            },
            "used": [],
            "generated": [
              "abc03516-5a4e-4e33-a103-147986c3386a"
            ],
            "execution_duration": "PT0S"
          }
        ]
      }
    },
    {
      "type": "Feature",
      "id": "5ed26b46-c52e-424f-b583-4e368c032bd4",
      "geometry": null,
      "properties": {
        "kind": "SENSOR_CONTACT",
        "parent_track": "SENSOR",
        "sensor_name": "NB_FREQ",
        "bearing": 0.0,
        "time": "2010-01-12T12:22:00+00:00",
        "label": "SUBJECT held on NB_FREQ",
        "frequency": 149.638,
        "provenance": [
          {
            "activity_id": "c6d44573-5aa0-429b-b533-ed8c6d7f3f41",
            "timestamp": "2026-03-21T10:15:01.536363Z",
            "was_generated_by": {
              "tool": "dpf-parser",
              "tool_version": "1.0.0",
              "parameters": []
            },
            "used": [],
            "generated": [
              "5ed26b46-c52e-424f-b583-4e368c032bd4"
            ],
            "execution_duration": "PT0S"
          }
        ]
      }
    },
    {
      "type": "Feature",
      "id": "391cdeaa-4d9f-4cfb-b881-61c34d8f3b32",
      "geometry": null,
      "properties": {
        "kind": "SENSOR_CONTACT",
        "parent_track": "SENSOR",
        "sensor_name": "NB_FREQ",
        "bearing": 0.0,
        "time": "2010-01-12T12:22:20+00:00",
        "label": "SUBJECT held on NB_FREQ",
        "frequency": 149.61,
        "provenance": [
          {
            "activity_id": "c6d44573-5aa0-429b-b533-ed8c6d7f3f41",
            "timestamp": "2026-03-21T10:15:01.536363Z",
            "was_generated_by": {
              "tool": "dpf-parser",
              "tool_version": "1.0.0",
              "parameters": []
            },
            "used": [],
            "generated": [
              "391cdeaa-4d9f-4cfb-b881-61c34d8f3b32"
            ],
            "execution_duration": "PT0S"
          }
        ]
      }
    },
    {
      "type": "Feature",
      "id": "48965fee-c0d2-47b3-a840-5d13c0e171b7",
      "geometry": null,
      "properties": {
        "kind": "SENSOR_CONTACT",
        "parent_track": "SENSOR",
        "sensor_name": "NB_FREQ",
        "bearing": 0.0,
        "time": "2010-01-12T12:22:40+00:00",
        "label": "SUBJECT held on NB_FREQ",
        "frequency": 149.583,
        "provenance": [
          {
            "activity_id": "c6d44573-5aa0-429b-b533-ed8c6d7f3f41",
            "timestamp": "2026-03-21T10:15:01.536363Z",
            "was_generated_by": {
              "tool": "dpf-parser",
              "tool_version": "1.0.0",
              "parameters": []
            },
            "used": [],
            "generated": [
              "48965fee-c0d2-47b3-a840-5d13c0e171b7"
            ],
            "execution_duration": "PT0S"
          }
        ]
      }
    },
    {
      "type": "Feature",
      "id": "b42db48b-3a2d-4972-98f5-9523a025d0b5",
      "geometry": null,
      "properties": {
        "kind": "SENSOR_CONTACT",
        "parent_track": "SENSOR",
        "sensor_name": "NB_FREQ",
        "bearing": 0.0,
        "time": "2010-01-12T12:23:00+00:00",
        "label": "SUBJECT held on NB_FREQ",
        "frequency": 149.558,
        "provenance": [
          {
            "activity_id": "c6d44573-5aa0-429b-b533-ed8c6d7f3f41",
            "timestamp": "2026-03-21T10:15:01.536363Z",
            "was_generated_by": {
              "tool": "dpf-parser",
              "tool_version": "1.0.0",
              "parameters": []
            },
            "used": [],
            "generated": [
              "b42db48b-3a2d-4972-98f5-9523a025d0b5"
            ],
            "execution_duration": "PT0S"
          }
        ]
      }
    },
    {
      "type": "Feature",
      "id": "cf791820-537a-450f-93be-8ba51433b0b3",
      "geometry": null,
      "properties": {
        "kind": "SENSOR_CONTACT",
        "parent_track": "SENSOR",
        "sensor_name": "NB_FREQ",
        "bearing": 0.0,
        "time": "2010-01-12T12:23:20+00:00",
        "label": "SUBJECT held on NB_FREQ",
        "frequency": 149.534,
        "provenance": [
          {
            "activity_id": "c6d44573-5aa0-429b-b533-ed8c6d7f3f41",
            "timestamp": "2026-03-21T10:15:01.536363Z",
            "was_generated_by": {
              "tool": "dpf-parser",
              "tool_version": "1.0.0",
              "parameters": []
            },
            "used": [],
            "generated": [
              "cf791820-537a-450f-93be-8ba51433b0b3"
            ],
            "execution_duration": "PT0S"
          }
        ]
      }
    },
    {
      "type": "Feature",
      "id": "393e84c4-2920-474e-87bc-26fdcfbae325",
      "geometry": null,
      "properties": {
        "kind": "SENSOR_CONTACT",
        "parent_track": "SENSOR",
        "sensor_name": "NB_FREQ",
        "bearing": 0.0,
        "time": "2010-01-12T12:23:40+00:00",
        "label": "SUBJECT held on NB_FREQ",
        "frequency": 149.511,
        "provenance": [
          {
            "activity_id": "c6d44573-5aa0-429b-b533-ed8c6d7f3f41",
            "timestamp": "2026-03-21T10:15:01.536363Z",
            "was_generated_by": {
              "tool": "dpf-parser",
              "tool_version": "1.0.0",
              "parameters": []
            },
            "used": [],
            "generated": [
              "393e84c4-2920-474e-87bc-26fdcfbae325"
            ],
            "execution_duration": "PT0S"
          }
        ]
      }
    },
    {
      "type": "Feature",
      "id": "963151e5-2308-48c4-b30b-1c2801875751",
      "geometry": null,
      "properties": {
        "kind": "SENSOR_CONTACT",
        "parent_track": "SENSOR",
        "sensor_name": "NB_FREQ",
        "bearing": 0.0,
        "time": "2010-01-12T12:24:00+00:00",
        "label": "SUBJECT held on NB_FREQ",
        "frequency": 149.491,
        "provenance": [
          {
            "activity_id": "c6d44573-5aa0-429b-b533-ed8c6d7f3f41",
            "timestamp": "2026-03-21T10:15:01.536363Z",
            "was_generated_by": {
              "tool": "dpf-parser",
              "tool_version": "1.0.0",
              "parameters": []
            },
            "used": [],
            "generated": [
              "963151e5-2308-48c4-b30b-1c2801875751"
            ],
            "execution_duration": "PT0S"
          }
        ]
      }
    },
    {
      "type": "Feature",
      "id": "2b7e1309-0366-4bba-a87d-409d29f4f81d",
      "geometry": null,
      "properties": {
        "kind": "SENSOR_CONTACT",
        "parent_track": "SENSOR",
        "sensor_name": "NB_FREQ",
        "bearing": 0.0,
        "time": "2010-01-12T12:24:20+00:00",
        "label": "SUBJECT held on NB_FREQ",
        "frequency": 149.471,
        "provenance": [
          {
            "activity_id": "c6d44573-5aa0-429b-b533-ed8c6d7f3f41",
            "timestamp": "2026-03-21T10:15:01.536363Z",
            "was_generated_by": {
              "tool": "dpf-parser",
              "tool_version": "1.0.0",
              "parameters": []
            },
            "used": [],
            "generated": [
              "2b7e1309-0366-4bba-a87d-409d29f4f81d"
            ],
            "execution_duration": "PT0S"
          }
        ]
      }
    },
    {
      "type": "Feature",
      "id": "e0256c55-688c-4dee-a184-15820812dcd0",
      "geometry": null,
      "properties": {
        "kind": "SENSOR_CONTACT",
        "parent_track": "SENSOR",
        "sensor_name": "NB_FREQ",
        "bearing": 0.0,
        "time": "2010-01-12T12:24:40+00:00",
        "label": "SUBJECT held on NB_FREQ",
        "frequency": 149.453,
        "provenance": [
          {
            "activity_id": "c6d44573-5aa0-429b-b533-ed8c6d7f3f41",
            "timestamp": "2026-03-21T10:15:01.536363Z",
            "was_generated_by": {
              "tool": "dpf-parser",
              "tool_version": "1.0.0",
              "parameters": []
            },
            "used": [],
            "generated": [
              "e0256c55-688c-4dee-a184-15820812dcd0"
            ],
            "execution_duration": "PT0S"
          }
        ]
      }
    },
    {
      "type": "Feature",
      "id": "d40dd6f9-10aa-4bb3-a9ed-2df3c56a3033",
      "geometry": null,
      "properties": {
        "kind": "SENSOR_CONTACT",
        "parent_track": "SENSOR",
        "sensor_name": "NB_FREQ",
        "bearing": 0.0,
        "time": "2010-01-12T12:25:00+00:00",
        "label": "SUBJECT held on NB_FREQ",
        "frequency": 149.436,
        "provenance": [
          {
            "activity_id": "c6d44573-5aa0-429b-b533-ed8c6d7f3f41",
            "timestamp": "2026-03-21T10:15:01.536363Z",
            "was_generated_by": {
              "tool": "dpf-parser",
              "tool_version": "1.0.0",
              "parameters": []
            },
            "used": [],
            "generated": [
              "d40dd6f9-10aa-4bb3-a9ed-2df3c56a3033"
            ],
            "execution_duration": "PT0S"
          }
        ]
      }
    },
    {
      "type": "Feature",
      "id": "756bbc36-93d7-49a8-b254-caa1b2945461",
      "geometry": null,
      "properties": {
        "kind": "SENSOR_CONTACT",
        "parent_track": "SENSOR",
        "sensor_name": "NB_FREQ",
        "bearing": 0.0,
        "time": "2010-01-12T12:25:20+00:00",
        "label": "SUBJECT held on NB_FREQ",
        "frequency": 149.42,
        "provenance": [
          {
            "activity_id": "c6d44573-5aa0-429b-b533-ed8c6d7f3f41",
            "timestamp": "2026-03-21T10:15:01.536363Z",
            "was_generated_by": {
              "tool": "dpf-parser",
              "tool_version": "1.0.0",
              "parameters": []
            },
            "used": [],
            "generated": [
              "756bbc36-93d7-49a8-b254-caa1b2945461"
            ],
            "execution_duration": "PT0S"
          }
        ]
      }
    },
    {
      "type": "Feature",
      "id": "ad72f4ea-0266-4bec-8eae-fe2761faa6b8",
      "geometry": null,
      "properties": {
        "kind": "SENSOR_CONTACT",
        "parent_track": "SENSOR",
        "sensor_name": "NB_FREQ",
        "bearing": 0.0,
        "time": "2010-01-12T12:25:40+00:00",
        "label": "SUBJECT held on NB_FREQ",
        "frequency": 149.405,
        "provenance": [
          {
            "activity_id": "c6d44573-5aa0-429b-b533-ed8c6d7f3f41",
            "timestamp": "2026-03-21T10:15:01.536363Z",
            "was_generated_by": {
              "tool": "dpf-parser",
              "tool_version": "1.0.0",
              "parameters": []
            },
            "used": [],
            "generated": [
              "ad72f4ea-0266-4bec-8eae-fe2761faa6b8"
            ],
            "execution_duration": "PT0S"
          }
        ]
      }
    },
    {
      "type": "Feature",
      "id": "b0a14206-a2b7-4a0d-ba98-63a66e2e515d",
      "geometry": null,
      "properties": {
        "kind": "SENSOR_CONTACT",
        "parent_track": "SENSOR",
        "sensor_name": "NB_FREQ",
        "bearing": 0.0,
        "time": "2010-01-12T12:26:00+00:00",
        "label": "SUBJECT held on NB_FREQ",
        "frequency": 149.392,
        "provenance": [
          {
            "activity_id": "c6d44573-5aa0-429b-b533-ed8c6d7f3f41",
            "timestamp": "2026-03-21T10:15:01.536363Z",
            "was_generated_by": {
              "tool": "dpf-parser",
              "tool_version": "1.0.0",
              "parameters": []
            },
            "used": [],
            "generated": [
              "b0a14206-a2b7-4a0d-ba98-63a66e2e515d"
            ],
            "execution_duration": "PT0S"
          }
        ]
      }
    },
    {
      "type": "Feature",
      "id": "e132cce2-0c30-4271-9404-5a5b5e74e6a0",
      "geometry": null,
      "properties": {
        "kind": "SENSOR_CONTACT",
        "parent_track": "SENSOR",
        "sensor_name": "NB_FREQ",
        "bearing": 0.0,
        "time": "2010-01-12T12:26:20+00:00",
        "label": "SUBJECT held on NB_FREQ",
        "frequency": 149.379,
        "provenance": [
          {
            "activity_id": "c6d44573-5aa0-429b-b533-ed8c6d7f3f41",
            "timestamp": "2026-03-21T10:15:01.536363Z",
            "was_generated_by": {
              "tool": "dpf-parser",
              "tool_version": "1.0.0",
              "parameters": []
            },
            "used": [],
            "generated": [
              "e132cce2-0c30-4271-9404-5a5b5e74e6a0"
            ],
            "execution_duration": "PT0S"
          }
        ]
      }
    },
    {
      "type": "Feature",
      "id": "05f237f5-0fb9-4b0e-b20d-e03e56642aca",
      "geometry": null,
      "properties": {
        "kind": "SENSOR_CONTACT",
        "parent_track": "SENSOR",
        "sensor_name": "NB_FREQ",
        "bearing": 0.0,
        "time": "2010-01-12T12:26:40+00:00",
        "label": "SUBJECT held on NB_FREQ",
        "frequency": 149.367,
        "provenance": [
          {
            "activity_id": "c6d44573-5aa0-429b-b533-ed8c6d7f3f41",
            "timestamp": "2026-03-21T10:15:01.536363Z",
            "was_generated_by": {
              "tool": "dpf-parser",
              "tool_version": "1.0.0",
              "parameters": []
            },
            "used": [],
            "generated": [
              "05f237f5-0fb9-4b0e-b20d-e03e56642aca"
            ],
            "execution_duration": "PT0S"
          }
        ]
      }
    },
    {
      "type": "Feature",
      "id": "1774ea2d-65c9-42f6-a485-d80063b94c4c",
      "geometry": null,
      "properties": {
        "kind": "SENSOR_CONTACT",
        "parent_track": "SENSOR",
        "sensor_name": "NB_FREQ",
        "bearing": 0.0,
        "time": "2010-01-12T12:27:00+00:00",
        "label": "SUBJECT held on NB_FREQ",
        "frequency": 149.356,
        "provenance": [
          {
            "activity_id": "c6d44573-5aa0-429b-b533-ed8c6d7f3f41",
            "timestamp": "2026-03-21T10:15:01.536363Z",
            "was_generated_by": {
              "tool": "dpf-parser",
              "tool_version": "1.0.0",
              "parameters": []
            },
            "used": [],
            "generated": [
              "1774ea2d-65c9-42f6-a485-d80063b94c4c"
            ],
            "execution_duration": "PT0S"
          }
        ]
      }
    },
    {
      "type": "Feature",
      "id": "f0dea289-cc8d-48c0-ac99-14e7494c98cb",
      "geometry": null,
      "properties": {
        "kind": "SENSOR_CONTACT",
        "parent_track": "SENSOR",
        "sensor_name": "NB_FREQ",
        "bearing": 0.0,
        "time": "2010-01-12T12:27:20+00:00",
        "label": "SUBJECT held on NB_FREQ",
        "frequency": 149.345,
        "provenance": [
          {
            "activity_id": "c6d44573-5aa0-429b-b533-ed8c6d7f3f41",
            "timestamp": "2026-03-21T10:15:01.536363Z",
            "was_generated_by": {
              "tool": "dpf-parser",
              "tool_version": "1.0.0",
              "parameters": []
            },
            "used": [],
            "generated": [
              "f0dea289-cc8d-48c0-ac99-14e7494c98cb"
            ],
            "execution_duration": "PT0S"
          }
        ]
      }
    },
    {
      "type": "Feature",
      "id": "f34c0646-3e59-4636-a38d-f1d1003fdca4",
      "geometry": null,
      "properties": {
        "kind": "SENSOR_CONTACT",
        "parent_track": "SENSOR",
        "sensor_name": "NB_FREQ",
        "bearing": 0.0,
        "time": "2010-01-12T12:27:40+00:00",
        "label": "SUBJECT held on NB_FREQ",
        "frequency": 149.336,
        "provenance": [
          {
            "activity_id": "c6d44573-5aa0-429b-b533-ed8c6d7f3f41",
            "timestamp": "2026-03-21T10:15:01.536363Z",
            "was_generated_by": {
              "tool": "dpf-parser",
              "tool_version": "1.0.0",
              "parameters": []
            },
            "used": [],
            "generated": [
              "f34c0646-3e59-4636-a38d-f1d1003fdca4"
            ],
            "execution_duration": "PT0S"
          }
        ]
      }
    },
    {
      "type": "Feature",
      "id": "298aa275-c698-4db7-82bc-649ee9bff333",
      "geometry": null,
      "properties": {
        "kind": "SENSOR_CONTACT",
        "parent_track": "SENSOR",
        "sensor_name": "NB_FREQ",
        "bearing": 0.0,
        "time": "2010-01-12T12:28:00+00:00",
        "label": "SUBJECT held on NB_FREQ",
        "frequency": 149.327,
        "provenance": [
          {
            "activity_id": "c6d44573-5aa0-429b-b533-ed8c6d7f3f41",
            "timestamp": "2026-03-21T10:15:01.536363Z",
            "was_generated_by": {
              "tool": "dpf-parser",
              "tool_version": "1.0.0",
              "parameters": []
            },
            "used": [],
            "generated": [
              "298aa275-c698-4db7-82bc-649ee9bff333"
            ],
            "execution_duration": "PT0S"
          }
        ]
      }
    },
    {
      "type": "Feature",
      "id": "96f62ec5-1e3f-4b8b-9e88-616d54c39344",
      "geometry": null,
      "properties": {
        "kind": "SENSOR_CONTACT",
        "parent_track": "SENSOR",
        "sensor_name": "NB_FREQ",
        "bearing": 0.0,
        "time": "2010-01-12T12:28:20+00:00",
        "label": "SUBJECT held on NB_FREQ",
        "frequency": 149.318,
        "provenance": [
          {
            "activity_id": "c6d44573-5aa0-429b-b533-ed8c6d7f3f41",
            "timestamp": "2026-03-21T10:15:01.536363Z",
            "was_generated_by": {
              "tool": "dpf-parser",
              "tool_version": "1.0.0",
              "parameters": []
            },
            "used": [],
            "generated": [
              "96f62ec5-1e3f-4b8b-9e88-616d54c39344"
            ],
            "execution_duration": "PT0S"
          }
        ]
      }
    },
    {
      "type": "Feature",
      "id": "08c4b1b7-2c01-46e8-a1ff-86bf4a66b08b",
      "geometry": null,
      "properties": {
        "kind": "SENSOR_CONTACT",
        "parent_track": "SENSOR",
        "sensor_name": "NB_FREQ",
        "bearing": 0.0,
        "time": "2010-01-12T12:28:40+00:00",
        "label": "SUBJECT held on NB_FREQ",
        "frequency": 149.31,
        "provenance": [
          {
            "activity_id": "c6d44573-5aa0-429b-b533-ed8c6d7f3f41",
            "timestamp": "2026-03-21T10:15:01.536363Z",
            "was_generated_by": {
              "tool": "dpf-parser",
              "tool_version": "1.0.0",
              "parameters": []
            },
            "used": [],
            "generated": [
              "08c4b1b7-2c01-46e8-a1ff-86bf4a66b08b"
            ],
            "execution_duration": "PT0S"
          }
        ]
      }
    },
    {
      "type": "Feature",
      "id": "2d06745a-7818-4763-bed3-577d5b63261c",
      "geometry": null,
      "properties": {
        "kind": "SENSOR_CONTACT",
        "parent_track": "SENSOR",
        "sensor_name": "NB_FREQ",
        "bearing": 0.0,
        "time": "2010-01-12T12:29:00+00:00",
        "label": "SUBJECT held on NB_FREQ",
        "frequency": 149.303,
        "provenance": [
          {
            "activity_id": "c6d44573-5aa0-429b-b533-ed8c6d7f3f41",
            "timestamp": "2026-03-21T10:15:01.536363Z",
            "was_generated_by": {
              "tool": "dpf-parser",
              "tool_version": "1.0.0",
              "parameters": []
            },
            "used": [],
            "generated": [
              "2d06745a-7818-4763-bed3-577d5b63261c"
            ],
            "execution_duration": "PT0S"
          }
        ]
      }
    },
    {
      "type": "Feature",
      "id": "22207723-ad05-4feb-8605-e10e3ff8cf0c",
      "geometry": null,
      "properties": {
        "kind": "SENSOR_CONTACT",
        "parent_track": "SENSOR",
        "sensor_name": "NB_FREQ",
        "bearing": 0.0,
        "time": "2010-01-12T12:29:20+00:00",
        "label": "SUBJECT held on NB_FREQ",
        "frequency": 149.296,
        "provenance": [
          {
            "activity_id": "c6d44573-5aa0-429b-b533-ed8c6d7f3f41",
            "timestamp": "2026-03-21T10:15:01.536363Z",
            "was_generated_by": {
              "tool": "dpf-parser",
              "tool_version": "1.0.0",
              "parameters": []
            },
            "used": [],
            "generated": [
              "22207723-ad05-4feb-8605-e10e3ff8cf0c"
            ],
            "execution_duration": "PT0S"
          }
        ]
      }
    },
    {
      "type": "Feature",
      "id": "891872a8-92ef-4ede-ab5a-43e44c6d5fd5",
      "geometry": null,
      "properties": {
        "kind": "SENSOR_CONTACT",
        "parent_track": "SENSOR",
        "sensor_name": "NB_FREQ",
        "bearing": 0.0,
        "time": "2010-01-12T12:29:40+00:00",
        "label": "SUBJECT held on NB_FREQ",
        "frequency": 149.29,
        "provenance": [
          {
            "activity_id": "c6d44573-5aa0-429b-b533-ed8c6d7f3f41",
            "timestamp": "2026-03-21T10:15:01.536363Z",
            "was_generated_by": {
              "tool": "dpf-parser",
              "tool_version": "1.0.0",
              "parameters": []
            },
            "used": [],
            "generated": [
              "891872a8-92ef-4ede-ab5a-43e44c6d5fd5"
            ],
            "execution_duration": "PT0S"
          }
        ]
      }
    },
    {
      "type": "Feature",
      "id": "9286f453-324a-43be-9b9f-b2b4173e4bec",
      "geometry": null,
      "properties": {
        "kind": "SENSOR_CONTACT",
        "parent_track": "SENSOR",
        "sensor_name": "NB_FREQ",
        "bearing": 0.0,
        "time": "2010-01-12T12:30:00+00:00",
        "label": "SUBJECT held on NB_FREQ",
        "frequency": 149.284,
        "provenance": [
          {
            "activity_id": "c6d44573-5aa0-429b-b533-ed8c6d7f3f41",
            "timestamp": "2026-03-21T10:15:01.536363Z",
            "was_generated_by": {
              "tool": "dpf-parser",
              "tool_version": "1.0.0",
              "parameters": []
            },
            "used": [],
            "generated": [
              "9286f453-324a-43be-9b9f-b2b4173e4bec"
            ],
            "execution_duration": "PT0S"
          }
        ]
      }
    },
    {
      "type": "Feature",
      "id": "7884dfe8-16e0-4363-8ddf-7c0554bd9a08",
      "geometry": null,
      "properties": {
        "kind": "SENSOR_CONTACT",
        "parent_track": "SENSOR",
        "sensor_name": "NB_FREQ",
        "bearing": 0.0,
        "time": "2010-01-12T12:30:20+00:00",
        "label": "SUBJECT held on NB_FREQ",
        "frequency": 149.278,
        "provenance": [
          {
            "activity_id": "c6d44573-5aa0-429b-b533-ed8c6d7f3f41",
            "timestamp": "2026-03-21T10:15:01.536363Z",
            "was_generated_by": {
              "tool": "dpf-parser",
              "tool_version": "1.0.0",
              "parameters": []
            },
            "used": [],
            "generated": [
              "7884dfe8-16e0-4363-8ddf-7c0554bd9a08"
            ],
            "execution_duration": "PT0S"
          }
        ]
      }
    },
    {
      "type": "Feature",
      "id": "0ec0ffec-5e18-4a1b-b9f9-b58044dc7ca5",
      "geometry": null,
      "properties": {
        "kind": "SENSOR_CONTACT",
        "parent_track": "SENSOR",
        "sensor_name": "NB_FREQ",
        "bearing": 0.0,
        "time": "2010-01-12T12:30:40+00:00",
        "label": "SUBJECT held on NB_FREQ",
        "frequency": 149.272,
        "provenance": [
          {
            "activity_id": "c6d44573-5aa0-429b-b533-ed8c6d7f3f41",
            "timestamp": "2026-03-21T10:15:01.536363Z",
            "was_generated_by": {
              "tool": "dpf-parser",
              "tool_version": "1.0.0",
              "parameters": []
            },
            "used": [],
            "generated": [
              "0ec0ffec-5e18-4a1b-b9f9-b58044dc7ca5"
            ],
            "execution_duration": "PT0S"
          }
        ]
      }
    },
    {
      "type": "Feature",
      "id": "655d4d6f-55a4-4f45-95a9-f33a799fabd6",
      "geometry": null,
      "properties": {
        "kind": "SENSOR_CONTACT",
        "parent_track": "SENSOR",
        "sensor_name": "NB_FREQ",
        "bearing": 0.0,
        "time": "2010-01-12T12:31:00+00:00",
        "label": "SUBJECT held on NB_FREQ",
        "frequency": 149.267,
        "provenance": [
          {
            "activity_id": "c6d44573-5aa0-429b-b533-ed8c6d7f3f41",
            "timestamp": "2026-03-21T10:15:01.536363Z",
            "was_generated_by": {
              "tool": "dpf-parser",
              "tool_version": "1.0.0",
              "parameters": []
            },
            "used": [],
            "generated": [
              "655d4d6f-55a4-4f45-95a9-f33a799fabd6"
            ],
            "execution_duration": "PT0S"
          }
        ]
      }
    },
    {
      "type": "Feature",
      "id": "d189fbe0-8fad-41b2-9b1e-d35bc687d8bd",
      "geometry": null,
      "properties": {
        "kind": "SENSOR_CONTACT",
        "parent_track": "SENSOR",
        "sensor_name": "NB_FREQ",
        "bearing": 0.0,
        "time": "2010-01-12T12:31:20+00:00",
        "label": "SUBJECT held on NB_FREQ",
        "frequency": 149.263,
        "provenance": [
          {
            "activity_id": "c6d44573-5aa0-429b-b533-ed8c6d7f3f41",
            "timestamp": "2026-03-21T10:15:01.536363Z",
            "was_generated_by": {
              "tool": "dpf-parser",
              "tool_version": "1.0.0",
              "parameters": []
            },
            "used": [],
            "generated": [
              "d189fbe0-8fad-41b2-9b1e-d35bc687d8bd"
            ],
            "execution_duration": "PT0S"
          }
        ]
      }
    },
    {
      "type": "Feature",
      "id": "46ecb37f-cc0b-4fde-8d70-da233bac0260",
      "geometry": null,
      "properties": {
        "kind": "SENSOR_CONTACT",
        "parent_track": "SENSOR",
        "sensor_name": "NB_FREQ",
        "bearing": 0.0,
        "time": "2010-01-12T12:31:40+00:00",
        "label": "SUBJECT held on NB_FREQ",
        "frequency": 149.258,
        "provenance": [
          {
            "activity_id": "c6d44573-5aa0-429b-b533-ed8c6d7f3f41",
            "timestamp": "2026-03-21T10:15:01.536363Z",
            "was_generated_by": {
              "tool": "dpf-parser",
              "tool_version": "1.0.0",
              "parameters": []
            },
            "used": [],
            "generated": [
              "46ecb37f-cc0b-4fde-8d70-da233bac0260"
            ],
            "execution_duration": "PT0S"
          }
        ]
      }
    },
    {
      "type": "Feature",
      "id": "88ec163b-229b-45e6-ac62-e512c9b83523",
      "geometry": null,
      "properties": {
        "kind": "SENSOR_CONTACT",
        "parent_track": "SENSOR",
        "sensor_name": "NB_FREQ",
        "bearing": 0.0,
        "time": "2010-01-12T12:32:00+00:00",
        "label": "SUBJECT held on NB_FREQ",
        "frequency": 149.403,
        "provenance": [
          {
            "activity_id": "c6d44573-5aa0-429b-b533-ed8c6d7f3f41",
            "timestamp": "2026-03-21T10:15:01.536363Z",
            "was_generated_by": {
              "tool": "dpf-parser",
              "tool_version": "1.0.0",
              "parameters": []
            },
            "used": [],
            "generated": [
              "88ec163b-229b-45e6-ac62-e512c9b83523"
            ],
            "execution_duration": "PT0S"
          }
        ]
      }
    },
    {
      "type": "Feature",
      "id": "7ab72395-8efc-4d94-996f-81849978b459",
      "geometry": null,
      "properties": {
        "kind": "SENSOR_CONTACT",
        "parent_track": "SENSOR",
        "sensor_name": "NB_FREQ",
        "bearing": 0.0,
        "time": "2010-01-12T12:32:20+00:00",
        "label": "SUBJECT held on NB_FREQ",
        "frequency": 149.897,
        "provenance": [
          {
            "activity_id": "c6d44573-5aa0-429b-b533-ed8c6d7f3f41",
            "timestamp": "2026-03-21T10:15:01.536363Z",
            "was_generated_by": {
              "tool": "dpf-parser",
              "tool_version": "1.0.0",
              "parameters": []
            },
            "used": [],
            "generated": [
              "7ab72395-8efc-4d94-996f-81849978b459"
            ],
            "execution_duration": "PT0S"
          }
        ]
      }
    },
    {
      "type": "Feature",
      "id": "62e6e4d4-c392-4406-9260-5f5bfccfca52",
      "geometry": null,
      "properties": {
        "kind": "SENSOR_CONTACT",
        "parent_track": "SENSOR",
        "sensor_name": "NB_FREQ",
        "bearing": 0.0,
        "time": "2010-01-12T12:32:40+00:00",
        "label": "SUBJECT held on NB_FREQ",
        "frequency": 150.336,
        "provenance": [
          {
            "activity_id": "c6d44573-5aa0-429b-b533-ed8c6d7f3f41",
            "timestamp": "2026-03-21T10:15:01.536363Z",
            "was_generated_by": {
              "tool": "dpf-parser",
              "tool_version": "1.0.0",
              "parameters": []
            },
            "used": [],
            "generated": [
              "62e6e4d4-c392-4406-9260-5f5bfccfca52"
            ],
            "execution_duration": "PT0S"
          }
        ]
      }
    },
    {
      "type": "Feature",
      "id": "2cf2b4a9-6249-4d45-81bb-f8f19fb5c5de",
      "geometry": null,
      "properties": {
        "kind": "SENSOR_CONTACT",
        "parent_track": "SENSOR",
        "sensor_name": "NB_FREQ",
        "bearing": 0.0,
        "time": "2010-01-12T12:33:00+00:00",
        "label": "SUBJECT held on NB_FREQ",
        "frequency": 150.615,
        "provenance": [
          {
            "activity_id": "c6d44573-5aa0-429b-b533-ed8c6d7f3f41",
            "timestamp": "2026-03-21T10:15:01.536363Z",
            "was_generated_by": {
              "tool": "dpf-parser",
              "tool_version": "1.0.0",
              "parameters": []
            },
            "used": [],
            "generated": [
              "2cf2b4a9-6249-4d45-81bb-f8f19fb5c5de"
            ],
            "execution_duration": "PT0S"
          }
        ]
      }
    },
    {
      "type": "Feature",
      "id": "15ec9c2a-9de6-4ae7-a95a-092fdb2fd27b",
      "geometry": null,
      "properties": {
        "kind": "SENSOR_CONTACT",
        "parent_track": "SENSOR",
        "sensor_name": "NB_FREQ",
        "bearing": 0.0,
        "time": "2010-01-12T12:33:20+00:00",
        "label": "SUBJECT held on NB_FREQ",
        "frequency": 150.658,
        "provenance": [
          {
            "activity_id": "c6d44573-5aa0-429b-b533-ed8c6d7f3f41",
            "timestamp": "2026-03-21T10:15:01.536363Z",
            "was_generated_by": {
              "tool": "dpf-parser",
              "tool_version": "1.0.0",
              "parameters": []
            },
            "used": [],
            "generated": [
              "15ec9c2a-9de6-4ae7-a95a-092fdb2fd27b"
            ],
            "execution_duration": "PT0S"
          }
        ]
      }
    },
    {
      "type": "Feature",
      "id": "5c021637-648b-483d-856f-bfb8e5331d4e",
      "geometry": null,
      "properties": {
        "kind": "SENSOR_CONTACT",
        "parent_track": "SENSOR",
        "sensor_name": "NB_FREQ",
        "bearing": 0.0,
        "time": "2010-01-12T12:33:40+00:00",
        "label": "SUBJECT held on NB_FREQ",
        "frequency": 150.656,
        "provenance": [
          {
            "activity_id": "c6d44573-5aa0-429b-b533-ed8c6d7f3f41",
            "timestamp": "2026-03-21T10:15:01.536363Z",
            "was_generated_by": {
              "tool": "dpf-parser",
              "tool_version": "1.0.0",
              "parameters": []
            },
            "used": [],
            "generated": [
              "5c021637-648b-483d-856f-bfb8e5331d4e"
            ],
            "execution_duration": "PT0S"
          }
        ]
      }
    },
    {
      "type": "Feature",
      "id": "f29df6f7-38d5-448e-8112-2de9750b5435",
      "geometry": null,
      "properties": {
        "kind": "SENSOR_CONTACT",
        "parent_track": "SENSOR",
        "sensor_name": "NB_FREQ",
        "bearing": 0.0,
        "time": "2010-01-12T12:34:00+00:00",
        "label": "SUBJECT held on NB_FREQ",
        "frequency": 150.654,
        "provenance": [
          {
            "activity_id": "c6d44573-5aa0-429b-b533-ed8c6d7f3f41",
            "timestamp": "2026-03-21T10:15:01.536363Z",
            "was_generated_by": {
              "tool": "dpf-parser",
              "tool_version": "1.0.0",
              "parameters": []
            },
            "used": [],
            "generated": [
              "f29df6f7-38d5-448e-8112-2de9750b5435"
            ],
            "execution_duration": "PT0S"
          }
        ]
      }
    },
    {
      "type": "Feature",
      "id": "28841f6a-6ce3-459f-b0f0-807f4812ad6d",
      "geometry": null,
      "properties": {
        "kind": "SENSOR_CONTACT",
        "parent_track": "SENSOR",
        "sensor_name": "NB_FREQ",
        "bearing": 0.0,
        "time": "2010-01-12T12:34:20+00:00",
        "label": "SUBJECT held on NB_FREQ",
        "frequency": 150.652,
        "provenance": [
          {
            "activity_id": "c6d44573-5aa0-429b-b533-ed8c6d7f3f41",
            "timestamp": "2026-03-21T10:15:01.536363Z",
            "was_generated_by": {
              "tool": "dpf-parser",
              "tool_version": "1.0.0",
              "parameters": []
            },
            "used": [],
            "generated": [
              "28841f6a-6ce3-459f-b0f0-807f4812ad6d"
            ],
            "execution_duration": "PT0S"
          }
        ]
      }
    },
    {
      "type": "Feature",
      "id": "a3f3909a-2a83-404e-a0e2-ba919732a46b",
      "geometry": null,
      "properties": {
        "kind": "SENSOR_CONTACT",
        "parent_track": "SENSOR",
        "sensor_name": "NB_FREQ",
        "bearing": 0.0,
        "time": "2010-01-12T12:34:40+00:00",
        "label": "SUBJECT held on NB_FREQ",
        "frequency": 150.65,
        "provenance": [
          {
            "activity_id": "c6d44573-5aa0-429b-b533-ed8c6d7f3f41",
            "timestamp": "2026-03-21T10:15:01.536363Z",
            "was_generated_by": {
              "tool": "dpf-parser",
              "tool_version": "1.0.0",
              "parameters": []
            },
            "used": [],
            "generated": [
              "a3f3909a-2a83-404e-a0e2-ba919732a46b"
            ],
            "execution_duration": "PT0S"
          }
        ]
      }
    },
    {
      "type": "Feature",
      "id": "1e38957a-4bdb-4c4e-a4f4-89d0f560700c",
      "geometry": null,
      "properties": {
        "kind": "SENSOR_CONTACT",
        "parent_track": "SENSOR",
        "sensor_name": "NB_FREQ",
        "bearing": 0.0,
        "time": "2010-01-12T12:35:00+00:00",
        "label": "SUBJECT held on NB_FREQ",
        "frequency": 150.648,
        "provenance": [
          {
            "activity_id": "c6d44573-5aa0-429b-b533-ed8c6d7f3f41",
            "timestamp": "2026-03-21T10:15:01.536363Z",
            "was_generated_by": {
              "tool": "dpf-parser",
              "tool_version": "1.0.0",
              "parameters": []
            },
            "used": [],
            "generated": [
              "1e38957a-4bdb-4c4e-a4f4-89d0f560700c"
            ],
            "execution_duration": "PT0S"
          }
        ]
      }
    },
    {
      "type": "Feature",
      "id": "60000e78-1dd0-494d-bb37-bf652c2585ff",
      "geometry": null,
      "properties": {
        "kind": "SENSOR_CONTACT",
        "parent_track": "SENSOR",
        "sensor_name": "NB_FREQ",
        "bearing": 0.0,
        "time": "2010-01-12T12:35:20+00:00",
        "label": "SUBJECT held on NB_FREQ",
        "frequency": 150.646,
        "provenance": [
          {
            "activity_id": "c6d44573-5aa0-429b-b533-ed8c6d7f3f41",
            "timestamp": "2026-03-21T10:15:01.536363Z",
            "was_generated_by": {
              "tool": "dpf-parser",
              "tool_version": "1.0.0",
              "parameters": []
            },
            "used": [],
            "generated": [
              "60000e78-1dd0-494d-bb37-bf652c2585ff"
            ],
            "execution_duration": "PT0S"
          }
        ]
      }
    },
    {
      "type": "Feature",
      "id": "57c584c6-b5c6-43e8-a74c-5937c368fee8",
      "geometry": null,
      "properties": {
        "kind": "SENSOR_CONTACT",
        "parent_track": "SENSOR",
        "sensor_name": "NB_FREQ",
        "bearing": 0.0,
        "time": "2010-01-12T12:35:40+00:00",
        "label": "SUBJECT held on NB_FREQ",
        "frequency": 150.643,
        "provenance": [
          {
            "activity_id": "c6d44573-5aa0-429b-b533-ed8c6d7f3f41",
            "timestamp": "2026-03-21T10:15:01.536363Z",
            "was_generated_by": {
              "tool": "dpf-parser",
              "tool_version": "1.0.0",
              "parameters": []
            },
            "used": [],
            "generated": [
              "57c584c6-b5c6-43e8-a74c-5937c368fee8"
            ],
            "execution_duration": "PT0S"
          }
        ]
      }
    },
    {
      "type": "Feature",
      "id": "a6db8430-c657-43f1-8124-3f6547fef4fe",
      "geometry": null,
      "properties": {
        "kind": "SENSOR_CONTACT",
        "parent_track": "SENSOR",
        "sensor_name": "NB_FREQ",
        "bearing": 0.0,
        "time": "2010-01-12T12:36:00+00:00",
        "label": "SUBJECT held on NB_FREQ",
        "frequency": 150.641,
        "provenance": [
          {
            "activity_id": "c6d44573-5aa0-429b-b533-ed8c6d7f3f41",
            "timestamp": "2026-03-21T10:15:01.536363Z",
            "was_generated_by": {
              "tool": "dpf-parser",
              "tool_version": "1.0.0",
              "parameters": []
            },
            "used": [],
            "generated": [
              "a6db8430-c657-43f1-8124-3f6547fef4fe"
            ],
            "execution_duration": "PT0S"
          }
        ]
      }
    },
    {
      "type": "Feature",
      "id": "4b8d9792-7380-4921-a90d-86c4383683d5",
      "geometry": null,
      "properties": {
        "kind": "SENSOR_CONTACT",
        "parent_track": "SENSOR",
        "sensor_name": "NB_FREQ",
        "bearing": 0.0,
        "time": "2010-01-12T12:36:20+00:00",
        "label": "SUBJECT held on NB_FREQ",
        "frequency": 150.638,
        "provenance": [
          {
            "activity_id": "c6d44573-5aa0-429b-b533-ed8c6d7f3f41",
            "timestamp": "2026-03-21T10:15:01.536363Z",
            "was_generated_by": {
              "tool": "dpf-parser",
              "tool_version": "1.0.0",
              "parameters": []
            },
            "used": [],
            "generated": [
              "4b8d9792-7380-4921-a90d-86c4383683d5"
            ],
            "execution_duration": "PT0S"
          }
        ]
      }
    },
    {
      "type": "Feature",
      "id": "8ba11b8e-c61c-4eb9-85f5-fa63c2ea2c89",
      "geometry": null,
      "properties": {
        "kind": "SENSOR_CONTACT",
        "parent_track": "SENSOR",
        "sensor_name": "NB_FREQ",
        "bearing": 0.0,
        "time": "2010-01-12T12:36:40+00:00",
        "label": "SUBJECT held on NB_FREQ",
        "frequency": 150.635,
        "provenance": [
          {
            "activity_id": "c6d44573-5aa0-429b-b533-ed8c6d7f3f41",
            "timestamp": "2026-03-21T10:15:01.536363Z",
            "was_generated_by": {
              "tool": "dpf-parser",
              "tool_version": "1.0.0",
              "parameters": []
            },
            "used": [],
            "generated": [
              "8ba11b8e-c61c-4eb9-85f5-fa63c2ea2c89"
            ],
            "execution_duration": "PT0S"
          }
        ]
      }
    },
    {
      "type": "Feature",
      "id": "bc27e299-9389-4318-94d2-47f7a6b4a9c3",
      "geometry": null,
      "properties": {
        "kind": "SENSOR_CONTACT",
        "parent_track": "SENSOR",
        "sensor_name": "NB_FREQ",
        "bearing": 0.0,
        "time": "2010-01-12T12:37:00+00:00",
        "label": "SUBJECT held on NB_FREQ",
        "frequency": 150.632,
        "provenance": [
          {
            "activity_id": "c6d44573-5aa0-429b-b533-ed8c6d7f3f41",
            "timestamp": "2026-03-21T10:15:01.536363Z",
            "was_generated_by": {
              "tool": "dpf-parser",
              "tool_version": "1.0.0",
              "parameters": []
            },
            "used": [],
            "generated": [
              "bc27e299-9389-4318-94d2-47f7a6b4a9c3"
            ],
            "execution_duration": "PT0S"
          }
        ]
      }
    },
    {
      "type": "Feature",
      "id": "7c5bd687-4792-4edf-abb8-c0233aea714a",
      "geometry": null,
      "properties": {
        "kind": "SENSOR_CONTACT",
        "parent_track": "SENSOR",
        "sensor_name": "NB_FREQ",
        "bearing": 0.0,
        "time": "2010-01-12T12:37:20+00:00",
        "label": "SUBJECT held on NB_FREQ",
        "frequency": 150.629,
        "provenance": [
          {
            "activity_id": "c6d44573-5aa0-429b-b533-ed8c6d7f3f41",
            "timestamp": "2026-03-21T10:15:01.536363Z",
            "was_generated_by": {
              "tool": "dpf-parser",
              "tool_version": "1.0.0",
              "parameters": []
            },
            "used": [],
            "generated": [
              "7c5bd687-4792-4edf-abb8-c0233aea714a"
            ],
            "execution_duration": "PT0S"
          }
        ]
      }
    },
    {
      "type": "Feature",
      "id": "072f6a43-06c2-4059-9f65-de8204219b8c",
      "geometry": null,
      "properties": {
        "kind": "SENSOR_CONTACT",
        "parent_track": "SENSOR",
        "sensor_name": "NB_FREQ",
        "bearing": 0.0,
        "time": "2010-01-12T12:37:40+00:00",
        "label": "SUBJECT held on NB_FREQ",
        "frequency": 150.625,
        "provenance": [
          {
            "activity_id": "c6d44573-5aa0-429b-b533-ed8c6d7f3f41",
            "timestamp": "2026-03-21T10:15:01.536363Z",
            "was_generated_by": {
              "tool": "dpf-parser",
              "tool_version": "1.0.0",
              "parameters": []
            },
            "used": [],
            "generated": [
              "072f6a43-06c2-4059-9f65-de8204219b8c"
            ],
            "execution_duration": "PT0S"
          }
        ]
      }
    },
    {
      "type": "Feature",
      "id": "6b8a5261-f763-4de8-86f2-f52401ef48cb",
      "geometry": null,
      "properties": {
        "kind": "SENSOR_CONTACT",
        "parent_track": "SENSOR",
        "sensor_name": "NB_FREQ",
        "bearing": 0.0,
        "time": "2010-01-12T12:38:00+00:00",
        "label": "SUBJECT held on NB_FREQ",
        "frequency": 150.621,
        "provenance": [
          {
            "activity_id": "c6d44573-5aa0-429b-b533-ed8c6d7f3f41",
            "timestamp": "2026-03-21T10:15:01.536363Z",
            "was_generated_by": {
              "tool": "dpf-parser",
              "tool_version": "1.0.0",
              "parameters": []
            },
            "used": [],
            "generated": [
              "6b8a5261-f763-4de8-86f2-f52401ef48cb"
            ],
            "execution_duration": "PT0S"
          }
        ]
      }
    },
    {
      "type": "Feature",
      "id": "955eeb4e-d873-4db4-96cd-f03c3f12e69e",
      "geometry": null,
      "properties": {
        "kind": "SENSOR_CONTACT",
        "parent_track": "SENSOR",
        "sensor_name": "NB_FREQ",
        "bearing": 0.0,
        "time": "2010-01-12T12:38:20+00:00",
        "label": "SUBJECT held on NB_FREQ",
        "frequency": 150.617,
        "provenance": [
          {
            "activity_id": "c6d44573-5aa0-429b-b533-ed8c6d7f3f41",
            "timestamp": "2026-03-21T10:15:01.536363Z",
            "was_generated_by": {
              "tool": "dpf-parser",
              "tool_version": "1.0.0",
              "parameters": []
            },
            "used": [],
            "generated": [
              "955eeb4e-d873-4db4-96cd-f03c3f12e69e"
            ],
            "execution_duration": "PT0S"
          }
        ]
      }
    },
    {
      "type": "Feature",
      "id": "28759e70-02a0-4ebf-aa89-0b1c4b68e988",
      "geometry": null,
      "properties": {
        "kind": "SENSOR_CONTACT",
        "parent_track": "SENSOR",
        "sensor_name": "NB_FREQ",
        "bearing": 0.0,
        "time": "2010-01-12T12:38:40+00:00",
        "label": "SUBJECT held on NB_FREQ",
        "frequency": 150.613,
        "provenance": [
          {
            "activity_id": "c6d44573-5aa0-429b-b533-ed8c6d7f3f41",
            "timestamp": "2026-03-21T10:15:01.536363Z",
            "was_generated_by": {
              "tool": "dpf-parser",
              "tool_version": "1.0.0",
              "parameters": []
            },
            "used": [],
            "generated": [
              "28759e70-02a0-4ebf-aa89-0b1c4b68e988"
            ],
            "execution_duration": "PT0S"
          }
        ]
      }
    },
    {
      "type": "Feature",
      "id": "285ffdfb-ff16-4729-990f-9f5e9bd369b5",
      "geometry": null,
      "properties": {
        "kind": "SENSOR_CONTACT",
        "parent_track": "SENSOR",
        "sensor_name": "NB_FREQ",
        "bearing": 0.0,
        "time": "2010-01-12T12:39:00+00:00",
        "label": "SUBJECT held on NB_FREQ",
        "frequency": 150.609,
        "provenance": [
          {
            "activity_id": "c6d44573-5aa0-429b-b533-ed8c6d7f3f41",
            "timestamp": "2026-03-21T10:15:01.536363Z",
            "was_generated_by": {
              "tool": "dpf-parser",
              "tool_version": "1.0.0",
              "parameters": []
            },
            "used": [],
            "generated": [
              "285ffdfb-ff16-4729-990f-9f5e9bd369b5"
            ],
            "execution_duration": "PT0S"
          }
        ]
      }
    },
    {
      "type": "Feature",
      "id": "72a80e37-25bd-4db4-a78f-b2ee58ade38c",
      "geometry": null,
      "properties": {
        "kind": "SENSOR_CONTACT",
        "parent_track": "SENSOR",
        "sensor_name": "NB_FREQ",
        "bearing": 0.0,
        "time": "2010-01-12T12:39:20+00:00",
        "label": "SUBJECT held on NB_FREQ",
        "frequency": 150.604,
        "provenance": [
          {
            "activity_id": "c6d44573-5aa0-429b-b533-ed8c6d7f3f41",
            "timestamp": "2026-03-21T10:15:01.536363Z",
            "was_generated_by": {
              "tool": "dpf-parser",
              "tool_version": "1.0.0",
              "parameters": []
            },
            "used": [],
            "generated": [
              "72a80e37-25bd-4db4-a78f-b2ee58ade38c"
            ],
            "execution_duration": "PT0S"
          }
        ]
      }
    },
    {
      "type": "Feature",
      "id": "6b574177-a9c2-4de2-9c5b-88316bb57582",
      "geometry": null,
      "properties": {
        "kind": "SENSOR_CONTACT",
        "parent_track": "SENSOR",
        "sensor_name": "NB_FREQ",
        "bearing": 0.0,
        "time": "2010-01-12T12:39:40+00:00",
        "label": "SUBJECT held on NB_FREQ",
        "frequency": 150.598,
        "provenance": [
          {
            "activity_id": "c6d44573-5aa0-429b-b533-ed8c6d7f3f41",
            "timestamp": "2026-03-21T10:15:01.536363Z",
            "was_generated_by": {
              "tool": "dpf-parser",
              "tool_version": "1.0.0",
              "parameters": []
            },
            "used": [],
            "generated": [
              "6b574177-a9c2-4de2-9c5b-88316bb57582"
            ],
            "execution_duration": "PT0S"
          }
        ]
      }
    },
    {
      "type": "Feature",
      "id": "df9c0ba0-d14c-474f-bf9c-a2288189311e",
      "geometry": null,
      "properties": {
        "kind": "SENSOR_CONTACT",
        "parent_track": "SENSOR",
        "sensor_name": "NB_FREQ",
        "bearing": 0.0,
        "time": "2010-01-12T12:40:00+00:00",
        "label": "SUBJECT held on NB_FREQ",
        "frequency": 150.593,
        "provenance": [
          {
            "activity_id": "c6d44573-5aa0-429b-b533-ed8c6d7f3f41",
            "timestamp": "2026-03-21T10:15:01.536363Z",
            "was_generated_by": {
              "tool": "dpf-parser",
              "tool_version": "1.0.0",
              "parameters": []
            },
            "used": [],
            "generated": [
              "df9c0ba0-d14c-474f-bf9c-a2288189311e"
            ],
            "execution_duration": "PT0S"
          }
        ]
      }
    },
    {
      "type": "Feature",
      "id": "efdeda1c-212c-455c-87f3-46c7fc69471a",
      "geometry": null,
      "properties": {
        "kind": "SENSOR_CONTACT",
        "parent_track": "SENSOR",
        "sensor_name": "NB_FREQ",
        "bearing": 0.0,
        "time": "2010-01-12T12:40:20+00:00",
        "label": "SUBJECT held on NB_FREQ",
        "frequency": 150.587,
        "provenance": [
          {
            "activity_id": "c6d44573-5aa0-429b-b533-ed8c6d7f3f41",
            "timestamp": "2026-03-21T10:15:01.536363Z",
            "was_generated_by": {
              "tool": "dpf-parser",
              "tool_version": "1.0.0",
              "parameters": []
            },
            "used": [],
            "generated": [
              "efdeda1c-212c-455c-87f3-46c7fc69471a"
            ],
            "execution_duration": "PT0S"
          }
        ]
      }
    },
    {
      "type": "Feature",
      "id": "f22e6894-5a1b-4b08-8191-230913bad2ed",
      "geometry": null,
      "properties": {
        "kind": "SENSOR_CONTACT",
        "parent_track": "SENSOR",
        "sensor_name": "NB_FREQ",
        "bearing": 0.0,
        "time": "2010-01-12T12:40:40+00:00",
        "label": "SUBJECT held on NB_FREQ",
        "frequency": 150.58,
        "provenance": [
          {
            "activity_id": "c6d44573-5aa0-429b-b533-ed8c6d7f3f41",
            "timestamp": "2026-03-21T10:15:01.536363Z",
            "was_generated_by": {
              "tool": "dpf-parser",
              "tool_version": "1.0.0",
              "parameters": []
            },
            "used": [],
            "generated": [
              "f22e6894-5a1b-4b08-8191-230913bad2ed"
            ],
            "execution_duration": "PT0S"
          }
        ]
      }
    },
    {
      "type": "Feature",
      "id": "5846f62e-6059-4476-941a-88ffa7ed6c9b",
      "geometry": null,
      "properties": {
        "kind": "SENSOR_CONTACT",
        "parent_track": "SENSOR",
        "sensor_name": "NB_FREQ",
        "bearing": 0.0,
        "time": "2010-01-12T12:41:00+00:00",
        "label": "SUBJECT held on NB_FREQ",
        "frequency": 150.573,
        "provenance": [
          {
            "activity_id": "c6d44573-5aa0-429b-b533-ed8c6d7f3f41",
            "timestamp": "2026-03-21T10:15:01.536363Z",
            "was_generated_by": {
              "tool": "dpf-parser",
              "tool_version": "1.0.0",
              "parameters": []
            },
            "used": [],
            "generated": [
              "5846f62e-6059-4476-941a-88ffa7ed6c9b"
            ],
            "execution_duration": "PT0S"
          }
        ]
      }
    },
    {
      "type": "Feature",
      "id": "33d77740-6ba3-4e11-9441-4e11c69ceac6",
      "geometry": null,
      "properties": {
        "kind": "SENSOR_CONTACT",
        "parent_track": "SENSOR",
        "sensor_name": "NB_FREQ",
        "bearing": 0.0,
        "time": "2010-01-12T12:41:20+00:00",
        "label": "SUBJECT held on NB_FREQ",
        "frequency": 150.566,
        "provenance": [
          {
            "activity_id": "c6d44573-5aa0-429b-b533-ed8c6d7f3f41",
            "timestamp": "2026-03-21T10:15:01.536363Z",
            "was_generated_by": {
              "tool": "dpf-parser",
              "tool_version": "1.0.0",
              "parameters": []
            },
            "used": [],
            "generated": [
              "33d77740-6ba3-4e11-9441-4e11c69ceac6"
            ],
            "execution_duration": "PT0S"
          }
        ]
      }
    },
    {
      "type": "Feature",
      "id": "14be49ab-a70e-4f30-9578-0ad75caa634d",
      "geometry": null,
      "properties": {
        "kind": "SENSOR_CONTACT",
        "parent_track": "SENSOR",
        "sensor_name": "NB_FREQ",
        "bearing": 0.0,
        "time": "2010-01-12T12:41:40+00:00",
        "label": "SUBJECT held on NB_FREQ",
        "frequency": 150.558,
        "provenance": [
          {
            "activity_id": "c6d44573-5aa0-429b-b533-ed8c6d7f3f41",
            "timestamp": "2026-03-21T10:15:01.536363Z",
            "was_generated_by": {
              "tool": "dpf-parser",
              "tool_version": "1.0.0",
              "parameters": []
            },
            "used": [],
            "generated": [
              "14be49ab-a70e-4f30-9578-0ad75caa634d"
            ],
            "execution_duration": "PT0S"
          }
        ]
      }
    },
    {
      "type": "Feature",
      "id": "d7cf03ab-076f-4000-8b61-e3f8b0395014",
      "geometry": null,
      "properties": {
        "kind": "SENSOR_CONTACT",
        "parent_track": "SENSOR",
        "sensor_name": "NB_FREQ",
        "bearing": 0.0,
        "time": "2010-01-12T12:42:00+00:00",
        "label": "SUBJECT held on NB_FREQ",
        "frequency": 150.549,
        "provenance": [
          {
            "activity_id": "c6d44573-5aa0-429b-b533-ed8c6d7f3f41",
            "timestamp": "2026-03-21T10:15:01.536363Z",
            "was_generated_by": {
              "tool": "dpf-parser",
              "tool_version": "1.0.0",
              "parameters": []
            },
            "used": [],
            "generated": [
              "d7cf03ab-076f-4000-8b61-e3f8b0395014"
            ],
            "execution_duration": "PT0S"
          }
        ]
      }
    },
    {
      "type": "Feature",
      "id": "43f385bf-0c20-4417-b8a1-36e35968bfb2",
      "geometry": null,
      "properties": {
        "kind": "SENSOR_CONTACT",
        "parent_track": "SENSOR",
        "sensor_name": "NB_FREQ",
        "bearing": 0.0,
        "time": "2010-01-12T12:42:20+00:00",
        "label": "SUBJECT held on NB_FREQ",
        "frequency": 150.539,
        "provenance": [
          {
            "activity_id": "c6d44573-5aa0-429b-b533-ed8c6d7f3f41",
            "timestamp": "2026-03-21T10:15:01.536363Z",
            "was_generated_by": {
              "tool": "dpf-parser",
              "tool_version": "1.0.0",
              "parameters": []
            },
            "used": [],
            "generated": [
              "43f385bf-0c20-4417-b8a1-36e35968bfb2"
            ],
            "execution_duration": "PT0S"
          }
        ]
      }
    },
    {
      "type": "Feature",
      "id": "baa753db-4ca8-4b77-8d35-3616fa0ada12",
      "geometry": null,
      "properties": {
        "kind": "SENSOR_CONTACT",
        "parent_track": "SENSOR",
        "sensor_name": "NB_FREQ",
        "bearing": 0.0,
        "time": "2010-01-12T12:42:40+00:00",
        "label": "SUBJECT held on NB_FREQ",
        "frequency": 150.529,
        "provenance": [
          {
            "activity_id": "c6d44573-5aa0-429b-b533-ed8c6d7f3f41",
            "timestamp": "2026-03-21T10:15:01.536363Z",
            "was_generated_by": {
              "tool": "dpf-parser",
              "tool_version": "1.0.0",
              "parameters": []
            },
            "used": [],
            "generated": [
              "baa753db-4ca8-4b77-8d35-3616fa0ada12"
            ],
            "execution_duration": "PT0S"
          }
        ]
      }
    },
    {
      "type": "Feature",
      "id": "82a16ee4-0092-42a3-acc6-f8118735fabc",
      "geometry": null,
      "properties": {
        "kind": "SENSOR_CONTACT",
        "parent_track": "SENSOR",
        "sensor_name": "NB_FREQ",
        "bearing": 0.0,
        "time": "2010-01-12T12:43:00+00:00",
        "label": "SUBJECT held on NB_FREQ",
        "frequency": 150.518,
        "provenance": [
          {
            "activity_id": "c6d44573-5aa0-429b-b533-ed8c6d7f3f41",
            "timestamp": "2026-03-21T10:15:01.536363Z",
            "was_generated_by": {
              "tool": "dpf-parser",
              "tool_version": "1.0.0",
              "parameters": []
            },
            "used": [],
            "generated": [
              "82a16ee4-0092-42a3-acc6-f8118735fabc"
            ],
            "execution_duration": "PT0S"
          }
        ]
      }
    },
    {
      "type": "Feature",
      "id": "44e07ebf-58d3-46e3-ac99-e7f4fcff1582",
      "geometry": null,
      "properties": {
        "kind": "SENSOR_CONTACT",
        "parent_track": "SENSOR",
        "sensor_name": "NB_FREQ",
        "bearing": 0.0,
        "time": "2010-01-12T12:43:20+00:00",
        "label": "SUBJECT held on NB_FREQ",
        "frequency": 150.506,
        "provenance": [
          {
            "activity_id": "c6d44573-5aa0-429b-b533-ed8c6d7f3f41",
            "timestamp": "2026-03-21T10:15:01.536363Z",
            "was_generated_by": {
              "tool": "dpf-parser",
              "tool_version": "1.0.0",
              "parameters": []
            },
            "used": [],
            "generated": [
              "44e07ebf-58d3-46e3-ac99-e7f4fcff1582"
            ],
            "execution_duration": "PT0S"
          }
        ]
      }
    },
    {
      "type": "Feature",
      "id": "ac70e481-3750-44d5-95a8-c8e35efe8786",
      "geometry": null,
      "properties": {
        "kind": "SENSOR_CONTACT",
        "parent_track": "SENSOR",
        "sensor_name": "NB_FREQ",
        "bearing": 0.0,
        "time": "2010-01-12T12:43:40+00:00",
        "label": "SUBJECT held on NB_FREQ",
        "frequency": 150.493,
        "provenance": [
          {
            "activity_id": "c6d44573-5aa0-429b-b533-ed8c6d7f3f41",
            "timestamp": "2026-03-21T10:15:01.536363Z",
            "was_generated_by": {
              "tool": "dpf-parser",
              "tool_version": "1.0.0",
              "parameters": []
            },
            "used": [],
            "generated": [
              "ac70e481-3750-44d5-95a8-c8e35efe8786"
            ],
            "execution_duration": "PT0S"
          }
        ]
      }
    },
    {
      "type": "Feature",
      "id": "74735566-7086-4ae0-8d3a-e84502ad3d13",
      "geometry": null,
      "properties": {
        "kind": "SENSOR_CONTACT",
        "parent_track": "SENSOR",
        "sensor_name": "NB_FREQ",
        "bearing": 0.0,
        "time": "2010-01-12T12:44:00+00:00",
        "label": "SUBJECT held on NB_FREQ",
        "frequency": 150.479,
        "provenance": [
          {
            "activity_id": "c6d44573-5aa0-429b-b533-ed8c6d7f3f41",
            "timestamp": "2026-03-21T10:15:01.536363Z",
            "was_generated_by": {
              "tool": "dpf-parser",
              "tool_version": "1.0.0",
              "parameters": []
            },
            "used": [],
            "generated": [
              "74735566-7086-4ae0-8d3a-e84502ad3d13"
            ],
            "execution_duration": "PT0S"
          }
        ]
      }
    },
    {
      "type": "Feature",
      "id": "f361b4ca-a646-42e5-ade0-c5253c794faf",
      "geometry": null,
      "properties": {
        "kind": "SENSOR_CONTACT",
        "parent_track": "SENSOR",
        "sensor_name": "NB_FREQ",
        "bearing": 0.0,
        "time": "2010-01-12T12:44:20+00:00",
        "label": "SUBJECT held on NB_FREQ",
        "frequency": 150.464,
        "provenance": [
          {
            "activity_id": "c6d44573-5aa0-429b-b533-ed8c6d7f3f41",
            "timestamp": "2026-03-21T10:15:01.536363Z",
            "was_generated_by": {
              "tool": "dpf-parser",
              "tool_version": "1.0.0",
              "parameters": []
            },
            "used": [],
            "generated": [
              "f361b4ca-a646-42e5-ade0-c5253c794faf"
            ],
            "execution_duration": "PT0S"
          }
        ]
      }
    },
    {
      "type": "Feature",
      "id": "81bc6d88-7ad7-488e-a928-7c32045927e4",
      "geometry": null,
      "properties": {
        "kind": "SENSOR_CONTACT",
        "parent_track": "SENSOR",
        "sensor_name": "NB_FREQ",
        "bearing": 0.0,
        "time": "2010-01-12T12:44:40+00:00",
        "label": "SUBJECT held on NB_FREQ",
        "frequency": 150.447,
        "provenance": [
          {
            "activity_id": "c6d44573-5aa0-429b-b533-ed8c6d7f3f41",
            "timestamp": "2026-03-21T10:15:01.536363Z",
            "was_generated_by": {
              "tool": "dpf-parser",
              "tool_version": "1.0.0",
              "parameters": []
            },
            "used": [],
            "generated": [
              "81bc6d88-7ad7-488e-a928-7c32045927e4"
            ],
            "execution_duration": "PT0S"
          }
        ]
      }
    },
    {
      "type": "Feature",
      "id": "7070c57b-2fbf-45ea-b5f4-e875a9a26088",
      "geometry": null,
      "properties": {
        "kind": "SENSOR_CONTACT",
        "parent_track": "SENSOR",
        "sensor_name": "NB_FREQ",
        "bearing": 0.0,
        "time": "2010-01-12T12:45:00+00:00",
        "label": "SUBJECT held on NB_FREQ",
        "frequency": 150.429,
        "provenance": [
          {
            "activity_id": "c6d44573-5aa0-429b-b533-ed8c6d7f3f41",
            "timestamp": "2026-03-21T10:15:01.536363Z",
            "was_generated_by": {
              "tool": "dpf-parser",
              "tool_version": "1.0.0",
              "parameters": []
            },
            "used": [],
            "generated": [
              "7070c57b-2fbf-45ea-b5f4-e875a9a26088"
            ],
            "execution_duration": "PT0S"
          }
        ]
      }
    },
    {
      "type": "Feature",
      "id": "11c5e9a7-40b4-4c87-8e48-f92058bd2b32",
      "geometry": null,
      "properties": {
        "kind": "SENSOR_CONTACT",
        "parent_track": "SENSOR",
        "sensor_name": "NB_FREQ",
        "bearing": 0.0,
        "time": "2010-01-12T12:45:20+00:00",
        "label": "SUBJECT held on NB_FREQ",
        "frequency": 150.41,
        "provenance": [
          {
            "activity_id": "c6d44573-5aa0-429b-b533-ed8c6d7f3f41",
            "timestamp": "2026-03-21T10:15:01.536363Z",
            "was_generated_by": {
              "tool": "dpf-parser",
              "tool_version": "1.0.0",
              "parameters": []
            },
            "used": [],
            "generated": [
              "11c5e9a7-40b4-4c87-8e48-f92058bd2b32"
            ],
            "execution_duration": "PT0S"
          }
        ]
      }
    },
    {
      "type": "Feature",
      "id": "391f1067-798b-493b-b86a-c5f3fb8bb215",
      "geometry": null,
      "properties": {
        "kind": "SENSOR_CONTACT",
        "parent_track": "SENSOR",
        "sensor_name": "NB_FREQ",
        "bearing": 0.0,
        "time": "2010-01-12T12:45:40+00:00",
        "label": "SUBJECT held on NB_FREQ",
        "frequency": 150.389,
        "provenance": [
          {
            "activity_id": "c6d44573-5aa0-429b-b533-ed8c6d7f3f41",
            "timestamp": "2026-03-21T10:15:01.536363Z",
            "was_generated_by": {
              "tool": "dpf-parser",
              "tool_version": "1.0.0",
              "parameters": []
            },
            "used": [],
            "generated": [
              "391f1067-798b-493b-b86a-c5f3fb8bb215"
            ],
            "execution_duration": "PT0S"
          }
        ]
      }
    },
    {
      "type": "Feature",
      "id": "135309ee-5e38-4d58-a849-53f1920f8b2a",
      "geometry": null,
      "properties": {
        "kind": "SENSOR_CONTACT",
        "parent_track": "SENSOR",
        "sensor_name": "NB_FREQ",
        "bearing": 0.0,
        "time": "2010-01-12T12:46:00+00:00",
        "label": "SUBJECT held on NB_FREQ",
        "frequency": 150.367,
        "provenance": [
          {
            "activity_id": "c6d44573-5aa0-429b-b533-ed8c6d7f3f41",
            "timestamp": "2026-03-21T10:15:01.536363Z",
            "was_generated_by": {
              "tool": "dpf-parser",
              "tool_version": "1.0.0",
              "parameters": []
            },
            "used": [],
            "generated": [
              "135309ee-5e38-4d58-a849-53f1920f8b2a"
            ],
            "execution_duration": "PT0S"
          }
        ]
      }
    },
    {
      "type": "Feature",
      "id": "c8f74af0-a368-4eea-82a9-9baa87d6cfce",
      "geometry": null,
      "properties": {
        "kind": "SENSOR_CONTACT",
        "parent_track": "SENSOR",
        "sensor_name": "NB_FREQ",
        "bearing": 0.0,
        "time": "2010-01-12T12:46:20+00:00",
        "label": "SUBJECT held on NB_FREQ",
        "frequency": 150.343,
        "provenance": [
          {
            "activity_id": "c6d44573-5aa0-429b-b533-ed8c6d7f3f41",
            "timestamp": "2026-03-21T10:15:01.536363Z",
            "was_generated_by": {
              "tool": "dpf-parser",
              "tool_version": "1.0.0",
              "parameters": []
            },
            "used": [],
            "generated": [
              "c8f74af0-a368-4eea-82a9-9baa87d6cfce"
            ],
            "execution_duration": "PT0S"
          }
        ]
      }
    },
    {
      "type": "Feature",
      "id": "614d26b1-0e83-4ab3-a728-3fedfc1a02ad",
      "geometry": null,
      "properties": {
        "kind": "SENSOR_CONTACT",
        "parent_track": "SENSOR",
        "sensor_name": "NB_FREQ",
        "bearing": 0.0,
        "time": "2010-01-12T12:46:40+00:00",
        "label": "SUBJECT held on NB_FREQ",
        "frequency": 150.317,
        "provenance": [
          {
            "activity_id": "c6d44573-5aa0-429b-b533-ed8c6d7f3f41",
            "timestamp": "2026-03-21T10:15:01.536363Z",
            "was_generated_by": {
              "tool": "dpf-parser",
              "tool_version": "1.0.0",
              "parameters": []
            },
            "used": [],
            "generated": [
              "614d26b1-0e83-4ab3-a728-3fedfc1a02ad"
            ],
            "execution_duration": "PT0S"
          }
        ]
      }
    },
    {
      "type": "Feature",
      "id": "5a71894d-2fbc-4227-adc3-c913f12bcfaf",
      "geometry": null,
      "properties": {
        "kind": "SENSOR_CONTACT",
        "parent_track": "SENSOR",
        "sensor_name": "NB_FREQ",
        "bearing": 0.0,
        "time": "2010-01-12T12:47:00+00:00",
        "label": "SUBJECT held on NB_FREQ",
        "frequency": 150.29,
        "provenance": [
          {
            "activity_id": "c6d44573-5aa0-429b-b533-ed8c6d7f3f41",
            "timestamp": "2026-03-21T10:15:01.536363Z",
            "was_generated_by": {
              "tool": "dpf-parser",
              "tool_version": "1.0.0",
              "parameters": []
            },
            "used": [],
            "generated": [
              "5a71894d-2fbc-4227-adc3-c913f12bcfaf"
            ],
            "execution_duration": "PT0S"
          }
        ]
      }
    },
    {
      "type": "Feature",
      "id": "7c2b3030-867f-4e82-9d43-1eeb2fc707f6",
      "geometry": null,
      "properties": {
        "kind": "SENSOR_CONTACT",
        "parent_track": "SENSOR",
        "sensor_name": "NB_FREQ",
        "bearing": 0.0,
        "time": "2010-01-12T12:47:20+00:00",
        "label": "SUBJECT held on NB_FREQ",
        "frequency": 150.261,
        "provenance": [
          {
            "activity_id": "c6d44573-5aa0-429b-b533-ed8c6d7f3f41",
            "timestamp": "2026-03-21T10:15:01.536363Z",
            "was_generated_by": {
              "tool": "dpf-parser",
              "tool_version": "1.0.0",
              "parameters": []
            },
            "used": [],
            "generated": [
              "7c2b3030-867f-4e82-9d43-1eeb2fc707f6"
            ],
            "execution_duration": "PT0S"
          }
        ]
      }
    },
    {
      "type": "Feature",
      "id": "2473a4bc-58de-4fb6-a82a-9ee8990937de",
      "geometry": null,
      "properties": {
        "kind": "SENSOR_CONTACT",
        "parent_track": "SENSOR",
        "sensor_name": "NB_FREQ",
        "bearing": 0.0,
        "time": "2010-01-12T12:47:40+00:00",
        "label": "SUBJECT held on NB_FREQ",
        "frequency": 150.231,
        "provenance": [
          {
            "activity_id": "c6d44573-5aa0-429b-b533-ed8c6d7f3f41",
            "timestamp": "2026-03-21T10:15:01.536363Z",
            "was_generated_by": {
              "tool": "dpf-parser",
              "tool_version": "1.0.0",
              "parameters": []
            },
            "used": [],
            "generated": [
              "2473a4bc-58de-4fb6-a82a-9ee8990937de"
            ],
            "execution_duration": "PT0S"
          }
        ]
      }
    },
    {
      "type": "Feature",
      "id": "cfb5b8ff-880c-44f1-b29a-b6536f3950cb",
      "geometry": null,
      "properties": {
        "kind": "SENSOR_CONTACT",
        "parent_track": "SENSOR",
        "sensor_name": "NB_FREQ",
        "bearing": 0.0,
        "time": "2010-01-12T12:48:00+00:00",
        "label": "SUBJECT held on NB_FREQ",
        "frequency": 150.199,
        "provenance": [
          {
            "activity_id": "c6d44573-5aa0-429b-b533-ed8c6d7f3f41",
            "timestamp": "2026-03-21T10:15:01.536363Z",
            "was_generated_by": {
              "tool": "dpf-parser",
              "tool_version": "1.0.0",
              "parameters": []
            },
            "used": [],
            "generated": [
              "cfb5b8ff-880c-44f1-b29a-b6536f3950cb"
            ],
            "execution_duration": "PT0S"
          }
        ]
      }
    },
    {
      "type": "Feature",
      "id": "20a74bed-649d-4d40-a729-ce4c41e91bfe",
      "geometry": null,
      "properties": {
        "kind": "SENSOR_CONTACT",
        "parent_track": "SENSOR",
        "sensor_name": "NB_FREQ",
        "bearing": 0.0,
        "time": "2010-01-12T12:48:20+00:00",
        "label": "SUBJECT held on NB_FREQ",
        "frequency": 150.165,
        "provenance": [
          {
            "activity_id": "c6d44573-5aa0-429b-b533-ed8c6d7f3f41",
            "timestamp": "2026-03-21T10:15:01.536363Z",
            "was_generated_by": {
              "tool": "dpf-parser",
              "tool_version": "1.0.0",
              "parameters": []
            },
            "used": [],
            "generated": [
              "20a74bed-649d-4d40-a729-ce4c41e91bfe"
            ],
            "execution_duration": "PT0S"
          }
        ]
      }
    },
    {
      "type": "Feature",
      "id": "d61fd66c-e34d-4fa1-99dd-d2f9fad94684",
      "geometry": null,
      "properties": {
        "kind": "SENSOR_CONTACT",
        "parent_track": "SENSOR",
        "sensor_name": "NB_FREQ",
        "bearing": 0.0,
        "time": "2010-01-12T12:48:40+00:00",
        "label": "SUBJECT held on NB_FREQ",
        "frequency": 150.13,
        "provenance": [
          {
            "activity_id": "c6d44573-5aa0-429b-b533-ed8c6d7f3f41",
            "timestamp": "2026-03-21T10:15:01.536363Z",
            "was_generated_by": {
              "tool": "dpf-parser",
              "tool_version": "1.0.0",
              "parameters": []
            },
            "used": [],
            "generated": [
              "d61fd66c-e34d-4fa1-99dd-d2f9fad94684"
            ],
            "execution_duration": "PT0S"
          }
        ]
      }
    },
    {
      "type": "Feature",
      "id": "2f1f5f8a-3316-43d7-b248-9a97db143ea4",
      "geometry": null,
      "properties": {
        "kind": "SENSOR_CONTACT",
        "parent_track": "SENSOR",
        "sensor_name": "NB_FREQ",
        "bearing": 0.0,
        "time": "2010-01-12T12:49:00+00:00",
        "label": "SUBJECT held on NB_FREQ",
        "frequency": 150.095,
        "provenance": [
          {
            "activity_id": "c6d44573-5aa0-429b-b533-ed8c6d7f3f41",
            "timestamp": "2026-03-21T10:15:01.536363Z",
            "was_generated_by": {
              "tool": "dpf-parser",
              "tool_version": "1.0.0",
              "parameters": []
            },
            "used": [],
            "generated": [
              "2f1f5f8a-3316-43d7-b248-9a97db143ea4"
            ],
            "execution_duration": "PT0S"
          }
        ]
      }
    },
    {
      "type": "Feature",
      "id": "043d9c02-cb10-4287-9709-2d5d927bb7e7",
      "geometry": null,
      "properties": {
        "kind": "SENSOR_CONTACT",
        "parent_track": "SENSOR",
        "sensor_name": "NB_FREQ",
        "bearing": 0.0,
        "time": "2010-01-12T12:49:20+00:00",
        "label": "SUBJECT held on NB_FREQ",
        "frequency": 150.058,
        "provenance": [
          {
            "activity_id": "c6d44573-5aa0-429b-b533-ed8c6d7f3f41",
            "timestamp": "2026-03-21T10:15:01.536363Z",
            "was_generated_by": {
              "tool": "dpf-parser",
              "tool_version": "1.0.0",
              "parameters": []
            },
            "used": [],
            "generated": [
              "043d9c02-cb10-4287-9709-2d5d927bb7e7"
            ],
            "execution_duration": "PT0S"
          }
        ]
      }
    },
    {
      "type": "Feature",
      "id": "1e50813f-01cb-4797-838d-2cdc64f61b15",
      "geometry": null,
      "properties": {
        "kind": "SENSOR_CONTACT",
        "parent_track": "SENSOR",
        "sensor_name": "NB_FREQ",
        "bearing": 0.0,
        "time": "2010-01-12T12:49:40+00:00",
        "label": "SUBJECT held on NB_FREQ",
        "frequency": 150.021,
        "provenance": [
          {
            "activity_id": "c6d44573-5aa0-429b-b533-ed8c6d7f3f41",
            "timestamp": "2026-03-21T10:15:01.536363Z",
            "was_generated_by": {
              "tool": "dpf-parser",
              "tool_version": "1.0.0",
              "parameters": []
            },
            "used": [],
            "generated": [
              "1e50813f-01cb-4797-838d-2cdc64f61b15"
            ],
            "execution_duration": "PT0S"
          }
        ]
      }
    },
    {
      "type": "Feature",
      "id": "c1702c68-5797-41d8-87aa-3d26d790f621",
      "geometry": null,
      "properties": {
        "kind": "SENSOR_CONTACT",
        "parent_track": "SENSOR",
        "sensor_name": "NB_FREQ",
        "bearing": 0.0,
        "time": "2010-01-12T12:50:00+00:00",
        "label": "SUBJECT held on NB_FREQ",
        "frequency": 149.984,
        "provenance": [
          {
            "activity_id": "c6d44573-5aa0-429b-b533-ed8c6d7f3f41",
            "timestamp": "2026-03-21T10:15:01.536363Z",
            "was_generated_by": {
              "tool": "dpf-parser",
              "tool_version": "1.0.0",
              "parameters": []
            },
            "used": [],
            "generated": [
              "c1702c68-5797-41d8-87aa-3d26d790f621"
            ],
            "execution_duration": "PT0S"
          }
        ]
      }
    },
    {
      "type": "Feature",
      "id": "df7eed8f-dc7d-49d1-a308-9d3b5cb95580",
      "geometry": null,
      "properties": {
        "kind": "SENSOR_CONTACT",
        "parent_track": "SENSOR",
        "sensor_name": "NB_FREQ",
        "bearing": 0.0,
        "time": "2010-01-12T12:50:20+00:00",
        "label": "SUBJECT held on NB_FREQ",
        "frequency": 149.947,
        "provenance": [
          {
            "activity_id": "c6d44573-5aa0-429b-b533-ed8c6d7f3f41",
            "timestamp": "2026-03-21T10:15:01.536363Z",
            "was_generated_by": {
              "tool": "dpf-parser",
              "tool_version": "1.0.0",
              "parameters": []
            },
            "used": [],
            "generated": [
              "df7eed8f-dc7d-49d1-a308-9d3b5cb95580"
            ],
            "execution_duration": "PT0S"
          }
        ]
      }
    },
    {
      "type": "Feature",
      "id": "2845be8d-6b4e-4f25-949a-78b082295cf4",
      "geometry": null,
      "properties": {
        "kind": "SENSOR_CONTACT",
        "parent_track": "SENSOR",
        "sensor_name": "NB_FREQ",
        "bearing": 0.0,
        "time": "2010-01-12T12:50:40+00:00",
        "label": "SUBJECT held on NB_FREQ",
        "frequency": 149.91,
        "provenance": [
          {
            "activity_id": "c6d44573-5aa0-429b-b533-ed8c6d7f3f41",
            "timestamp": "2026-03-21T10:15:01.536363Z",
            "was_generated_by": {
              "tool": "dpf-parser",
              "tool_version": "1.0.0",
              "parameters": []
            },
            "used": [],
            "generated": [
              "2845be8d-6b4e-4f25-949a-78b082295cf4"
            ],
            "execution_duration": "PT0S"
          }
        ]
      }
    },
    {
      "type": "Feature",
      "id": "bcdc25b7-d060-4439-a95b-5625a23cf67c",
      "geometry": null,
      "properties": {
        "kind": "SENSOR_CONTACT",
        "parent_track": "SENSOR",
        "sensor_name": "NB_FREQ",
        "bearing": 0.0,
        "time": "2010-01-12T12:51:00+00:00",
        "label": "SUBJECT held on NB_FREQ",
        "frequency": 149.874,
        "provenance": [
          {
            "activity_id": "c6d44573-5aa0-429b-b533-ed8c6d7f3f41",
            "timestamp": "2026-03-21T10:15:01.536363Z",
            "was_generated_by": {
              "tool": "dpf-parser",
              "tool_version": "1.0.0",
              "parameters": []
            },
            "used": [],
            "generated": [
              "bcdc25b7-d060-4439-a95b-5625a23cf67c"
            ],
            "execution_duration": "PT0S"
          }
        ]
      }
    },
    {
      "type": "Feature",
      "id": "7546b926-672e-438c-b462-793deee2a9e7",
      "geometry": null,
      "properties": {
        "kind": "SENSOR_CONTACT",
        "parent_track": "SENSOR",
        "sensor_name": "NB_FREQ",
        "bearing": 0.0,
        "time": "2010-01-12T12:51:20+00:00",
        "label": "SUBJECT held on NB_FREQ",
        "frequency": 149.839,
        "provenance": [
          {
            "activity_id": "c6d44573-5aa0-429b-b533-ed8c6d7f3f41",
            "timestamp": "2026-03-21T10:15:01.536363Z",
            "was_generated_by": {
              "tool": "dpf-parser",
              "tool_version": "1.0.0",
              "parameters": []
            },
            "used": [],
            "generated": [
              "7546b926-672e-438c-b462-793deee2a9e7"
            ],
            "execution_duration": "PT0S"
          }
        ]
      }
    },
    {
      "type": "Feature",
      "id": "5ce524e1-97f1-4f4e-8e91-b3f2464a5752",
      "geometry": null,
      "properties": {
        "kind": "SENSOR_CONTACT",
        "parent_track": "SENSOR",
        "sensor_name": "NB_FREQ",
        "bearing": 0.0,
        "time": "2010-01-12T12:51:40+00:00",
        "label": "SUBJECT held on NB_FREQ",
        "frequency": 149.806,
        "provenance": [
          {
            "activity_id": "c6d44573-5aa0-429b-b533-ed8c6d7f3f41",
            "timestamp": "2026-03-21T10:15:01.536363Z",
            "was_generated_by": {
              "tool": "dpf-parser",
              "tool_version": "1.0.0",
              "parameters": []
            },
            "used": [],
            "generated": [
              "5ce524e1-97f1-4f4e-8e91-b3f2464a5752"
            ],
            "execution_duration": "PT0S"
          }
        ]
      }
    },
    {
      "type": "Feature",
      "id": "61404ac8-7b56-4f07-96a5-da463f766845",
      "geometry": null,
      "properties": {
        "kind": "SENSOR_CONTACT",
        "parent_track": "SENSOR",
        "sensor_name": "NB_FREQ",
        "bearing": 0.0,
        "time": "2010-01-12T12:52:00+00:00",
        "label": "SUBJECT held on NB_FREQ",
        "frequency": 149.773,
        "provenance": [
          {
            "activity_id": "c6d44573-5aa0-429b-b533-ed8c6d7f3f41",
            "timestamp": "2026-03-21T10:15:01.536363Z",
            "was_generated_by": {
              "tool": "dpf-parser",
              "tool_version": "1.0.0",
              "parameters": []
            },
            "used": [],
            "generated": [
              "61404ac8-7b56-4f07-96a5-da463f766845"
            ],
            "execution_duration": "PT0S"
          }
        ]
      }
    },
    {
      "type": "Feature",
      "id": "310aea40-1f39-4039-a34b-e8ca4e2a7c50",
      "geometry": null,
      "properties": {
        "kind": "SENSOR_CONTACT",
        "parent_track": "SENSOR",
        "sensor_name": "NB_FREQ",
        "bearing": 0.0,
        "time": "2010-01-12T12:52:20+00:00",
        "label": "SUBJECT held on NB_FREQ",
        "frequency": 149.742,
        "provenance": [
          {
            "activity_id": "c6d44573-5aa0-429b-b533-ed8c6d7f3f41",
            "timestamp": "2026-03-21T10:15:01.536363Z",
            "was_generated_by": {
              "tool": "dpf-parser",
              "tool_version": "1.0.0",
              "parameters": []
            },
            "used": [],
            "generated": [
              "310aea40-1f39-4039-a34b-e8ca4e2a7c50"
            ],
            "execution_duration": "PT0S"
          }
        ]
      }
    },
    {
      "type": "Feature",
      "id": "a697ada5-1056-464d-80f5-ae735b0da3e9",
      "geometry": null,
      "properties": {
        "kind": "SENSOR_CONTACT",
        "parent_track": "SENSOR",
        "sensor_name": "NB_FREQ",
        "bearing": 0.0,
        "time": "2010-01-12T12:52:40+00:00",
        "label": "SUBJECT held on NB_FREQ",
        "frequency": 149.713,
        "provenance": [
          {
            "activity_id": "c6d44573-5aa0-429b-b533-ed8c6d7f3f41",
            "timestamp": "2026-03-21T10:15:01.536363Z",
            "was_generated_by": {
              "tool": "dpf-parser",
              "tool_version": "1.0.0",
              "parameters": []
            },
            "used": [],
            "generated": [
              "a697ada5-1056-464d-80f5-ae735b0da3e9"
            ],
            "execution_duration": "PT0S"
          }
        ]
      }
    },
    {
      "type": "Feature",
      "id": "a5a2fc27-a83f-4d16-888b-5de10f53700f",
      "geometry": null,
      "properties": {
        "kind": "SENSOR_CONTACT",
        "parent_track": "SENSOR",
        "sensor_name": "NB_FREQ",
        "bearing": 0.0,
        "time": "2010-01-12T12:53:00+00:00",
        "label": "SUBJECT held on NB_FREQ",
        "frequency": 149.686,
        "provenance": [
          {
            "activity_id": "c6d44573-5aa0-429b-b533-ed8c6d7f3f41",
            "timestamp": "2026-03-21T10:15:01.536363Z",
            "was_generated_by": {
              "tool": "dpf-parser",
              "tool_version": "1.0.0",
              "parameters": []
            },
            "used": [],
            "generated": [
              "a5a2fc27-a83f-4d16-888b-5de10f53700f"
            ],
            "execution_duration": "PT0S"
          }
        ]
      }
    },
    {
      "type": "Feature",
      "id": "4710d09a-e0a8-4481-8255-75df07e4ec56",
      "geometry": null,
      "properties": {
        "kind": "SENSOR_CONTACT",
        "parent_track": "SENSOR",
        "sensor_name": "NB_FREQ",
        "bearing": 0.0,
        "time": "2010-01-12T12:53:20+00:00",
        "label": "SUBJECT held on NB_FREQ",
        "frequency": 149.66,
        "provenance": [
          {
            "activity_id": "c6d44573-5aa0-429b-b533-ed8c6d7f3f41",
            "timestamp": "2026-03-21T10:15:01.536363Z",
            "was_generated_by": {
              "tool": "dpf-parser",
              "tool_version": "1.0.0",
              "parameters": []
            },
            "used": [],
            "generated": [
              "4710d09a-e0a8-4481-8255-75df07e4ec56"
            ],
            "execution_duration": "PT0S"
          }
        ]
      }
    },
    {
      "type": "Feature",
      "id": "f55304cc-186c-45cd-bb47-a1ee2c920e6c",
      "geometry": null,
      "properties": {
        "kind": "SENSOR_CONTACT",
        "parent_track": "SENSOR",
        "sensor_name": "NB_FREQ",
        "bearing": 0.0,
        "time": "2010-01-12T12:53:40+00:00",
        "label": "SUBJECT held on NB_FREQ",
        "frequency": 149.635,
        "provenance": [
          {
            "activity_id": "c6d44573-5aa0-429b-b533-ed8c6d7f3f41",
            "timestamp": "2026-03-21T10:15:01.536363Z",
            "was_generated_by": {
              "tool": "dpf-parser",
              "tool_version": "1.0.0",
              "parameters": []
            },
            "used": [],
            "generated": [
              "f55304cc-186c-45cd-bb47-a1ee2c920e6c"
            ],
            "execution_duration": "PT0S"
          }
        ]
      }
    },
    {
      "type": "Feature",
      "id": "0e3d13d7-9dc8-471e-9971-d6d6bd66ec12",
      "geometry": null,
      "properties": {
        "kind": "SENSOR_CONTACT",
        "parent_track": "SENSOR",
        "sensor_name": "NB_FREQ",
        "bearing": 0.0,
        "time": "2010-01-12T12:54:00+00:00",
        "label": "SUBJECT held on NB_FREQ",
        "frequency": 149.613,
        "provenance": [
          {
            "activity_id": "c6d44573-5aa0-429b-b533-ed8c6d7f3f41",
            "timestamp": "2026-03-21T10:15:01.536363Z",
            "was_generated_by": {
              "tool": "dpf-parser",
              "tool_version": "1.0.0",
              "parameters": []
            },
            "used": [],
            "generated": [
              "0e3d13d7-9dc8-471e-9971-d6d6bd66ec12"
            ],
            "execution_duration": "PT0S"
          }
        ]
      }
    },
    {
      "type": "Feature",
      "id": "1f9fa671-565b-4cee-8a91-c70605521b75",
      "geometry": null,
      "properties": {
        "kind": "SENSOR_CONTACT",
        "parent_track": "SENSOR",
        "sensor_name": "NB_FREQ",
        "bearing": 0.0,
        "time": "2010-01-12T12:54:20+00:00",
        "label": "SUBJECT held on NB_FREQ",
        "frequency": 149.592,
        "provenance": [
          {
            "activity_id": "c6d44573-5aa0-429b-b533-ed8c6d7f3f41",
            "timestamp": "2026-03-21T10:15:01.536363Z",
            "was_generated_by": {
              "tool": "dpf-parser",
              "tool_version": "1.0.0",
              "parameters": []
            },
            "used": [],
            "generated": [
              "1f9fa671-565b-4cee-8a91-c70605521b75"
            ],
            "execution_duration": "PT0S"
          }
        ]
      }
    },
    {
      "type": "Feature",
      "id": "a2294648-5ca8-40d4-8fef-5a55df213875",
      "geometry": null,
      "properties": {
        "kind": "SENSOR_CONTACT",
        "parent_track": "SENSOR",
        "sensor_name": "NB_FREQ",
        "bearing": 0.0,
        "time": "2010-01-12T12:54:40+00:00",
        "label": "SUBJECT held on NB_FREQ",
        "frequency": 149.572,
        "provenance": [
          {
            "activity_id": "c6d44573-5aa0-429b-b533-ed8c6d7f3f41",
            "timestamp": "2026-03-21T10:15:01.536363Z",
            "was_generated_by": {
              "tool": "dpf-parser",
              "tool_version": "1.0.0",
              "parameters": []
            },
            "used": [],
            "generated": [
              "a2294648-5ca8-40d4-8fef-5a55df213875"
            ],
            "execution_duration": "PT0S"
          }
        ]
      }
    },
    {
      "type": "Feature",
      "id": "1b648055-6300-4e0d-af05-6405b27d3427",
      "geometry": null,
      "properties": {
        "kind": "SENSOR_CONTACT",
        "parent_track": "SENSOR",
        "sensor_name": "NB_FREQ",
        "bearing": 0.0,
        "time": "2010-01-12T12:55:00+00:00",
        "label": "SUBJECT held on NB_FREQ",
        "frequency": 149.554,
        "provenance": [
          {
            "activity_id": "c6d44573-5aa0-429b-b533-ed8c6d7f3f41",
            "timestamp": "2026-03-21T10:15:01.536363Z",
            "was_generated_by": {
              "tool": "dpf-parser",
              "tool_version": "1.0.0",
              "parameters": []
            },
            "used": [],
            "generated": [
              "1b648055-6300-4e0d-af05-6405b27d3427"
            ],
            "execution_duration": "PT0S"
          }
        ]
      }
    },
    {
      "type": "Feature",
      "id": "6cf2f534-32b1-4db6-a47c-73bfb7fd05d6",
      "geometry": null,
      "properties": {
        "kind": "SENSOR_CONTACT",
        "parent_track": "SENSOR",
        "sensor_name": "NB_FREQ",
        "bearing": 0.0,
        "time": "2010-01-12T12:55:20+00:00",
        "label": "SUBJECT held on NB_FREQ",
        "frequency": 149.538,
        "provenance": [
          {
            "activity_id": "c6d44573-5aa0-429b-b533-ed8c6d7f3f41",
            "timestamp": "2026-03-21T10:15:01.536363Z",
            "was_generated_by": {
              "tool": "dpf-parser",
              "tool_version": "1.0.0",
              "parameters": []
            },
            "used": [],
            "generated": [
              "6cf2f534-32b1-4db6-a47c-73bfb7fd05d6"
            ],
            "execution_duration": "PT0S"
          }
        ]
      }
    },
    {
      "type": "Feature",
      "id": "fb5caee9-a56e-49ea-8c3a-e353014a7eec",
      "geometry": null,
      "properties": {
        "kind": "SENSOR_CONTACT",
        "parent_track": "SENSOR",
        "sensor_name": "NB_FREQ",
        "bearing": 0.0,
        "time": "2010-01-12T12:55:40+00:00",
        "label": "SUBJECT held on NB_FREQ",
        "frequency": 149.522,
        "provenance": [
          {
            "activity_id": "c6d44573-5aa0-429b-b533-ed8c6d7f3f41",
            "timestamp": "2026-03-21T10:15:01.536363Z",
            "was_generated_by": {
              "tool": "dpf-parser",
              "tool_version": "1.0.0",
              "parameters": []
            },
            "used": [],
            "generated": [
              "fb5caee9-a56e-49ea-8c3a-e353014a7eec"
            ],
            "execution_duration": "PT0S"
          }
        ]
      }
    },
    {
      "type": "Feature",
      "id": "53a44cce-3fd1-4ba0-ba59-06b2c243e2f4",
      "geometry": null,
      "properties": {
        "kind": "SENSOR_CONTACT",
        "parent_track": "SENSOR",
        "sensor_name": "NB_FREQ",
        "bearing": 0.0,
        "time": "2010-01-12T12:56:00+00:00",
        "label": "SUBJECT held on NB_FREQ",
        "frequency": 149.508,
        "provenance": [
          {
            "activity_id": "c6d44573-5aa0-429b-b533-ed8c6d7f3f41",
            "timestamp": "2026-03-21T10:15:01.536363Z",
            "was_generated_by": {
              "tool": "dpf-parser",
              "tool_version": "1.0.0",
              "parameters": []
            },
            "used": [],
            "generated": [
              "53a44cce-3fd1-4ba0-ba59-06b2c243e2f4"
            ],
            "execution_duration": "PT0S"
          }
        ]
      }
    },
    {
      "type": "Feature",
      "id": "7cbdc0db-a42f-4356-8e5e-a0a08dfb3d6d",
      "geometry": null,
      "properties": {
        "kind": "SENSOR_CONTACT",
        "parent_track": "SENSOR",
        "sensor_name": "NB_FREQ",
        "bearing": 0.0,
        "time": "2010-01-12T12:56:20+00:00",
        "label": "SUBJECT held on NB_FREQ",
        "frequency": 149.495,
        "provenance": [
          {
            "activity_id": "c6d44573-5aa0-429b-b533-ed8c6d7f3f41",
            "timestamp": "2026-03-21T10:15:01.536363Z",
            "was_generated_by": {
              "tool": "dpf-parser",
              "tool_version": "1.0.0",
              "parameters": []
            },
            "used": [],
            "generated": [
              "7cbdc0db-a42f-4356-8e5e-a0a08dfb3d6d"
            ],
            "execution_duration": "PT0S"
          }
        ]
      }
    },
    {
      "type": "Feature",
      "id": "b1f392e2-e0c2-46c9-9ca1-1e22c9f40368",
      "geometry": null,
      "properties": {
        "kind": "SENSOR_CONTACT",
        "parent_track": "SENSOR",
        "sensor_name": "NB_FREQ",
        "bearing": 0.0,
        "time": "2010-01-12T12:56:40+00:00",
        "label": "SUBJECT held on NB_FREQ",
        "frequency": 149.482,
        "provenance": [
          {
            "activity_id": "c6d44573-5aa0-429b-b533-ed8c6d7f3f41",
            "timestamp": "2026-03-21T10:15:01.536363Z",
            "was_generated_by": {
              "tool": "dpf-parser",
              "tool_version": "1.0.0",
              "parameters": []
            },
            "used": [],
            "generated": [
              "b1f392e2-e0c2-46c9-9ca1-1e22c9f40368"
            ],
            "execution_duration": "PT0S"
          }
        ]
      }
    },
    {
      "type": "Feature",
      "id": "eca3aa54-e604-49e6-8e1c-4e7b8677ff0d",
      "geometry": null,
      "properties": {
        "kind": "SENSOR_CONTACT",
        "parent_track": "SENSOR",
        "sensor_name": "NB_FREQ",
        "bearing": 0.0,
        "time": "2010-01-12T12:57:00+00:00",
        "label": "SUBJECT held on NB_FREQ",
        "frequency": 149.471,
        "provenance": [
          {
            "activity_id": "c6d44573-5aa0-429b-b533-ed8c6d7f3f41",
            "timestamp": "2026-03-21T10:15:01.536363Z",
            "was_generated_by": {
              "tool": "dpf-parser",
              "tool_version": "1.0.0",
              "parameters": []
            },
            "used": [],
            "generated": [
              "eca3aa54-e604-49e6-8e1c-4e7b8677ff0d"
            ],
            "execution_duration": "PT0S"
          }
        ]
      }
    },
    {
      "type": "Feature",
      "id": "33d205e3-eb4e-4388-9f9d-0f94cfa39042",
      "geometry": null,
      "properties": {
        "kind": "SENSOR_CONTACT",
        "parent_track": "SENSOR",
        "sensor_name": "NB_FREQ",
        "bearing": 0.0,
        "time": "2010-01-12T12:57:20+00:00",
        "label": "SUBJECT held on NB_FREQ",
        "frequency": 149.461,
        "provenance": [
          {
            "activity_id": "c6d44573-5aa0-429b-b533-ed8c6d7f3f41",
            "timestamp": "2026-03-21T10:15:01.536363Z",
            "was_generated_by": {
              "tool": "dpf-parser",
              "tool_version": "1.0.0",
              "parameters": []
            },
            "used": [],
            "generated": [
              "33d205e3-eb4e-4388-9f9d-0f94cfa39042"
            ],
            "execution_duration": "PT0S"
          }
        ]
      }
    },
    {
      "type": "Feature",
      "id": "6058d25a-df3f-41cb-917b-78eca8380be0",
      "geometry": null,
      "properties": {
        "kind": "SENSOR_CONTACT",
        "parent_track": "SENSOR",
        "sensor_name": "NB_FREQ",
        "bearing": 0.0,
        "time": "2010-01-12T12:57:40+00:00",
        "label": "SUBJECT held on NB_FREQ",
        "frequency": 149.451,
        "provenance": [
          {
            "activity_id": "c6d44573-5aa0-429b-b533-ed8c6d7f3f41",
            "timestamp": "2026-03-21T10:15:01.536363Z",
            "was_generated_by": {
              "tool": "dpf-parser",
              "tool_version": "1.0.0",
              "parameters": []
            },
            "used": [],
            "generated": [
              "6058d25a-df3f-41cb-917b-78eca8380be0"
            ],
            "execution_duration": "PT0S"
          }
        ]
      }
    },
    {
      "type": "Feature",
      "id": "1de87883-d62f-4ce9-b93b-815f33afa9d0",
      "geometry": null,
      "properties": {
        "kind": "SENSOR_CONTACT",
        "parent_track": "SENSOR",
        "sensor_name": "NB_FREQ",
        "bearing": 0.0,
        "time": "2010-01-12T12:58:00+00:00",
        "label": "SUBJECT held on NB_FREQ",
        "frequency": 149.442,
        "provenance": [
          {
            "activity_id": "c6d44573-5aa0-429b-b533-ed8c6d7f3f41",
            "timestamp": "2026-03-21T10:15:01.536363Z",
            "was_generated_by": {
              "tool": "dpf-parser",
              "tool_version": "1.0.0",
              "parameters": []
            },
            "used": [],
            "generated": [
              "1de87883-d62f-4ce9-b93b-815f33afa9d0"
            ],
            "execution_duration": "PT0S"
          }
        ]
      }
    },
    {
      "type": "Feature",
      "id": "22268db4-d17c-409c-9962-d5f9b9b92c09",
      "geometry": null,
      "properties": {
        "kind": "SENSOR_CONTACT",
        "parent_track": "SENSOR",
        "sensor_name": "NB_FREQ",
        "bearing": 0.0,
        "time": "2010-01-12T12:58:20+00:00",
        "label": "SUBJECT held on NB_FREQ",
        "frequency": 149.434,
        "provenance": [
          {
            "activity_id": "c6d44573-5aa0-429b-b533-ed8c6d7f3f41",
            "timestamp": "2026-03-21T10:15:01.536363Z",
            "was_generated_by": {
              "tool": "dpf-parser",
              "tool_version": "1.0.0",
              "parameters": []
            },
            "used": [],
            "generated": [
              "22268db4-d17c-409c-9962-d5f9b9b92c09"
            ],
            "execution_duration": "PT0S"
          }
        ]
      }
    },
    {
      "type": "Feature",
      "id": "1543ef2e-9b49-4374-9a18-f358fa077816",
      "geometry": null,
      "properties": {
        "kind": "SENSOR_CONTACT",
        "parent_track": "SENSOR",
        "sensor_name": "NB_FREQ",
        "bearing": 0.0,
        "time": "2010-01-12T12:58:40+00:00",
        "label": "SUBJECT held on NB_FREQ",
        "frequency": 149.426,
        "provenance": [
          {
            "activity_id": "c6d44573-5aa0-429b-b533-ed8c6d7f3f41",
            "timestamp": "2026-03-21T10:15:01.536363Z",
            "was_generated_by": {
              "tool": "dpf-parser",
              "tool_version": "1.0.0",
              "parameters": []
            },
            "used": [],
            "generated": [
              "1543ef2e-9b49-4374-9a18-f358fa077816"
            ],
            "execution_duration": "PT0S"
          }
        ]
      }
    },
    {
      "type": "Feature",
      "id": "c63fd320-1936-4062-80cf-41ea31a719ce",
      "geometry": null,
      "properties": {
        "kind": "SENSOR_CONTACT",
        "parent_track": "SENSOR",
        "sensor_name": "NB_FREQ",
        "bearing": 0.0,
        "time": "2010-01-12T12:59:00+00:00",
        "label": "SUBJECT held on NB_FREQ",
        "frequency": 149.419,
        "provenance": [
          {
            "activity_id": "c6d44573-5aa0-429b-b533-ed8c6d7f3f41",
            "timestamp": "2026-03-21T10:15:01.536363Z",
            "was_generated_by": {
              "tool": "dpf-parser",
              "tool_version": "1.0.0",
              "parameters": []
            },
            "used": [],
            "generated": [
              "c63fd320-1936-4062-80cf-41ea31a719ce"
            ],
            "execution_duration": "PT0S"
          }
        ]
      }
    },
    {
      "type": "Feature",
      "id": "f36245af-6378-4436-a6fb-1a71474f2046",
      "geometry": null,
      "properties": {
        "kind": "SENSOR_CONTACT",
        "parent_track": "SENSOR",
        "sensor_name": "NB_FREQ",
        "bearing": 0.0,
        "time": "2010-01-12T12:59:20+00:00",
        "label": "SUBJECT held on NB_FREQ",
        "frequency": 149.412,
        "provenance": [
          {
            "activity_id": "c6d44573-5aa0-429b-b533-ed8c6d7f3f41",
            "timestamp": "2026-03-21T10:15:01.536363Z",
            "was_generated_by": {
              "tool": "dpf-parser",
              "tool_version": "1.0.0",
              "parameters": []
            },
            "used": [],
            "generated": [
              "f36245af-6378-4436-a6fb-1a71474f2046"
            ],
            "execution_duration": "PT0S"
          }
        ]
      }
    },
    {
      "type": "Feature",
      "id": "451cfd12-a5f1-4549-9df8-468efd0f247a",
      "geometry": null,
      "properties": {
        "kind": "SENSOR_CONTACT",
        "parent_track": "SENSOR",
        "sensor_name": "NB_FREQ",
        "bearing": 0.0,
        "time": "2010-01-12T12:59:40+00:00",
        "label": "SUBJECT held on NB_FREQ",
        "frequency": 149.406,
        "provenance": [
          {
            "activity_id": "c6d44573-5aa0-429b-b533-ed8c6d7f3f41",
            "timestamp": "2026-03-21T10:15:01.536363Z",
            "was_generated_by": {
              "tool": "dpf-parser",
              "tool_version": "1.0.0",
              "parameters": []
            },
            "used": [],
            "generated": [
              "451cfd12-a5f1-4549-9df8-468efd0f247a"
            ],
            "execution_duration": "PT0S"
          }
        ]
      }
    },
    {
      "type": "Feature",
      "id": "9677f7fa-bb19-4765-9626-f7a7ac4b325a",
      "geometry": null,
      "properties": {
        "kind": "SENSOR_CONTACT",
        "parent_track": "SENSOR",
        "sensor_name": "NB_FREQ",
        "bearing": 0.0,
        "time": "2010-01-12T13:00:00+00:00",
        "label": "SUBJECT held on NB_FREQ",
        "frequency": 149.4,
        "provenance": [
          {
            "activity_id": "c6d44573-5aa0-429b-b533-ed8c6d7f3f41",
            "timestamp": "2026-03-21T10:15:01.536363Z",
            "was_generated_by": {
              "tool": "dpf-parser",
              "tool_version": "1.0.0",
              "parameters": []
            },
            "used": [],
            "generated": [
              "9677f7fa-bb19-4765-9626-f7a7ac4b325a"
            ],
            "execution_duration": "PT0S"
          }
        ]
      }
    },
    {
      "type": "Feature",
      "id": "94527507-2a38-40c6-881d-3febd117848b",
      "geometry": null,
      "properties": {
        "kind": "SENSOR_CONTACT",
        "parent_track": "SENSOR",
        "sensor_name": "NB_FREQ",
        "bearing": 0.0,
        "time": "2010-01-12T13:00:20+00:00",
        "label": "SUBJECT held on NB_FREQ",
        "frequency": 149.395,
        "provenance": [
          {
            "activity_id": "c6d44573-5aa0-429b-b533-ed8c6d7f3f41",
            "timestamp": "2026-03-21T10:15:01.536363Z",
            "was_generated_by": {
              "tool": "dpf-parser",
              "tool_version": "1.0.0",
              "parameters": []
            },
            "used": [],
            "generated": [
              "94527507-2a38-40c6-881d-3febd117848b"
            ],
            "execution_duration": "PT0S"
          }
        ]
      }
    },
    {
      "type": "Feature",
      "id": "6d29d67f-fbe8-4c8d-81aa-c694628e5795",
      "geometry": null,
      "properties": {
        "kind": "SENSOR_CONTACT",
        "parent_track": "SENSOR",
        "sensor_name": "NB_FREQ",
        "bearing": 0.0,
        "time": "2010-01-12T13:00:40+00:00",
        "label": "SUBJECT held on NB_FREQ",
        "frequency": 149.39,
        "provenance": [
          {
            "activity_id": "c6d44573-5aa0-429b-b533-ed8c6d7f3f41",
            "timestamp": "2026-03-21T10:15:01.536363Z",
            "was_generated_by": {
              "tool": "dpf-parser",
              "tool_version": "1.0.0",
              "parameters": []
            },
            "used": [],
            "generated": [
              "6d29d67f-fbe8-4c8d-81aa-c694628e5795"
            ],
            "execution_duration": "PT0S"
          }
        ]
      }
    },
    {
      "type": "Feature",
      "id": "c206f433-6428-40e1-a536-668d12b2f034",
      "geometry": null,
      "properties": {
        "kind": "SENSOR_CONTACT",
        "parent_track": "SENSOR",
        "sensor_name": "NB_FREQ",
        "bearing": 0.0,
        "time": "2010-01-12T13:01:00+00:00",
        "label": "SUBJECT held on NB_FREQ",
        "frequency": 149.386,
        "provenance": [
          {
            "activity_id": "c6d44573-5aa0-429b-b533-ed8c6d7f3f41",
            "timestamp": "2026-03-21T10:15:01.536363Z",
            "was_generated_by": {
              "tool": "dpf-parser",
              "tool_version": "1.0.0",
              "parameters": []
            },
            "used": [],
            "generated": [
              "c206f433-6428-40e1-a536-668d12b2f034"
            ],
            "execution_duration": "PT0S"
          }
        ]
      }
    },
    {
      "type": "Feature",
      "id": "c74a2585-0bac-46ad-bd5c-f41572c76705",
      "geometry": null,
      "properties": {
        "kind": "SENSOR_CONTACT",
        "parent_track": "SENSOR",
        "sensor_name": "NB_FREQ",
        "bearing": 0.0,
        "time": "2010-01-12T13:01:20+00:00",
        "label": "SUBJECT held on NB_FREQ",
        "frequency": 149.381,
        "provenance": [
          {
            "activity_id": "c6d44573-5aa0-429b-b533-ed8c6d7f3f41",
            "timestamp": "2026-03-21T10:15:01.536363Z",
            "was_generated_by": {
              "tool": "dpf-parser",
              "tool_version": "1.0.0",
              "parameters": []
            },
            "used": [],
            "generated": [
              "c74a2585-0bac-46ad-bd5c-f41572c76705"
            ],
            "execution_duration": "PT0S"
          }
        ]
      }
    },
    {
      "type": "Feature",
      "id": "847b76f7-014f-44db-aec2-d8c517d21ade",
      "geometry": null,
      "properties": {
        "kind": "SENSOR_CONTACT",
        "parent_track": "SENSOR",
        "sensor_name": "NB_FREQ",
        "bearing": 0.0,
        "time": "2010-01-12T13:01:40+00:00",
        "label": "SUBJECT held on NB_FREQ",
        "frequency": 149.377,
        "provenance": [
          {
            "activity_id": "c6d44573-5aa0-429b-b533-ed8c6d7f3f41",
            "timestamp": "2026-03-21T10:15:01.536363Z",
            "was_generated_by": {
              "tool": "dpf-parser",
              "tool_version": "1.0.0",
              "parameters": []
            },
            "used": [],
            "generated": [
              "847b76f7-014f-44db-aec2-d8c517d21ade"
            ],
            "execution_duration": "PT0S"
          }
        ]
      }
    },
    {
      "type": "Feature",
      "id": "05469efa-5270-4b78-9738-aa3c51be328f",
      "geometry": null,
      "properties": {
        "kind": "SENSOR_CONTACT",
        "parent_track": "SENSOR",
        "sensor_name": "NB_FREQ",
        "bearing": 0.0,
        "time": "2010-01-12T13:02:00+00:00",
        "label": "SUBJECT held on NB_FREQ",
        "frequency": 149.373,
        "provenance": [
          {
            "activity_id": "c6d44573-5aa0-429b-b533-ed8c6d7f3f41",
            "timestamp": "2026-03-21T10:15:01.536363Z",
            "was_generated_by": {
              "tool": "dpf-parser",
              "tool_version": "1.0.0",
              "parameters": []
            },
            "used": [],
            "generated": [
              "05469efa-5270-4b78-9738-aa3c51be328f"
            ],
            "execution_duration": "PT0S"
          }
        ]
      }
    },
    {
      "type": "Feature",
      "id": "4b157830-791b-48b7-86ed-caa06dba2619",
      "geometry": null,
      "properties": {
        "kind": "SENSOR_CONTACT",
        "parent_track": "SENSOR",
        "sensor_name": "NB_FREQ",
        "bearing": 0.0,
        "time": "2010-01-12T13:02:20+00:00",
        "label": "SUBJECT held on NB_FREQ",
        "frequency": 149.37,
        "provenance": [
          {
            "activity_id": "c6d44573-5aa0-429b-b533-ed8c6d7f3f41",
            "timestamp": "2026-03-21T10:15:01.536363Z",
            "was_generated_by": {
              "tool": "dpf-parser",
              "tool_version": "1.0.0",
              "parameters": []
            },
            "used": [],
            "generated": [
              "4b157830-791b-48b7-86ed-caa06dba2619"
            ],
            "execution_duration": "PT0S"
          }
        ]
      }
    },
    {
      "type": "Feature",
      "id": "e951f096-b86d-44c3-b738-84b624856470",
      "geometry": null,
      "properties": {
        "kind": "SENSOR_CONTACT",
        "parent_track": "SENSOR",
        "sensor_name": "NB_FREQ",
        "bearing": 0.0,
        "time": "2010-01-12T13:02:40+00:00",
        "label": "SUBJECT held on NB_FREQ",
        "frequency": 149.367,
        "provenance": [
          {
            "activity_id": "c6d44573-5aa0-429b-b533-ed8c6d7f3f41",
            "timestamp": "2026-03-21T10:15:01.536363Z",
            "was_generated_by": {
              "tool": "dpf-parser",
              "tool_version": "1.0.0",
              "parameters": []
            },
            "used": [],
            "generated": [
              "e951f096-b86d-44c3-b738-84b624856470"
            ],
            "execution_duration": "PT0S"
          }
        ]
      }
    },
    {
      "type": "Feature",
      "id": "7235fbfa-2edf-4f02-95dd-8a47a1987b4f",
      "geometry": null,
      "properties": {
        "kind": "SENSOR_CONTACT",
        "parent_track": "SENSOR",
        "sensor_name": "NB_FREQ",
        "bearing": 0.0,
        "time": "2010-01-12T13:03:00+00:00",
        "label": "SUBJECT held on NB_FREQ",
        "frequency": 149.363,
        "provenance": [
          {
            "activity_id": "c6d44573-5aa0-429b-b533-ed8c6d7f3f41",
            "timestamp": "2026-03-21T10:15:01.536363Z",
            "was_generated_by": {
              "tool": "dpf-parser",
              "tool_version": "1.0.0",
              "parameters": []
            },
            "used": [],
            "generated": [
              "7235fbfa-2edf-4f02-95dd-8a47a1987b4f"
            ],
            "execution_duration": "PT0S"
          }
        ]
      }
    },
    {
      "type": "Feature",
      "id": "dfd35d27-839e-4754-b60b-ffa52f9164fc",
      "geometry": null,
      "properties": {
        "kind": "SENSOR_CONTACT",
        "parent_track": "SENSOR",
        "sensor_name": "NB_FREQ",
        "bearing": 0.0,
        "time": "2010-01-12T13:03:20+00:00",
        "label": "SUBJECT held on NB_FREQ",
        "frequency": 149.36,
        "provenance": [
          {
            "activity_id": "c6d44573-5aa0-429b-b533-ed8c6d7f3f41",
            "timestamp": "2026-03-21T10:15:01.536363Z",
            "was_generated_by": {
              "tool": "dpf-parser",
              "tool_version": "1.0.0",
              "parameters": []
            },
            "used": [],
            "generated": [
              "dfd35d27-839e-4754-b60b-ffa52f9164fc"
            ],
            "execution_duration": "PT0S"
          }
        ]
      }
    },
    {
      "type": "Feature",
      "id": "036b4e03-25cc-4fda-9e35-25eac7ea6cb9",
      "geometry": null,
      "properties": {
        "kind": "SENSOR_CONTACT",
        "parent_track": "SENSOR",
        "sensor_name": "NB_FREQ",
        "bearing": 0.0,
        "time": "2010-01-12T13:03:40+00:00",
        "label": "SUBJECT held on NB_FREQ",
        "frequency": 149.358,
        "provenance": [
          {
            "activity_id": "c6d44573-5aa0-429b-b533-ed8c6d7f3f41",
            "timestamp": "2026-03-21T10:15:01.536363Z",
            "was_generated_by": {
              "tool": "dpf-parser",
              "tool_version": "1.0.0",
              "parameters": []
            },
            "used": [],
            "generated": [
              "036b4e03-25cc-4fda-9e35-25eac7ea6cb9"
            ],
            "execution_duration": "PT0S"
          }
        ]
      }
    },
    {
      "type": "Feature",
      "id": "29dd8ce4-ce18-4f63-8dc9-042f33677e8f",
      "geometry": null,
      "properties": {
        "kind": "SENSOR_CONTACT",
        "parent_track": "SENSOR",
        "sensor_name": "NB_FREQ",
        "bearing": 0.0,
        "time": "2010-01-12T13:04:00+00:00",
        "label": "SUBJECT held on NB_FREQ",
        "frequency": 149.355,
        "provenance": [
          {
            "activity_id": "c6d44573-5aa0-429b-b533-ed8c6d7f3f41",
            "timestamp": "2026-03-21T10:15:01.536363Z",
            "was_generated_by": {
              "tool": "dpf-parser",
              "tool_version": "1.0.0",
              "parameters": []
            },
            "used": [],
            "generated": [
              "29dd8ce4-ce18-4f63-8dc9-042f33677e8f"
            ],
            "execution_duration": "PT0S"
          }
        ]
      }
    },
    {
      "type": "Feature",
      "id": "9674cbac-0efa-4b9a-93c5-f5bcd770f813",
      "geometry": null,
      "properties": {
        "kind": "SENSOR_CONTACT",
        "parent_track": "SENSOR",
        "sensor_name": "NB_FREQ",
        "bearing": 0.0,
        "time": "2010-01-12T13:04:20+00:00",
        "label": "SUBJECT held on NB_FREQ",
        "frequency": 149.353,
        "provenance": [
          {
            "activity_id": "c6d44573-5aa0-429b-b533-ed8c6d7f3f41",
            "timestamp": "2026-03-21T10:15:01.536363Z",
            "was_generated_by": {
              "tool": "dpf-parser",
              "tool_version": "1.0.0",
              "parameters": []
            },
            "used": [],
            "generated": [
              "9674cbac-0efa-4b9a-93c5-f5bcd770f813"
            ],
            "execution_duration": "PT0S"
          }
        ]
      }
    },
    {
      "type": "Feature",
      "id": "c6e62760-5fc8-4aac-9e26-17972522593b",
      "geometry": null,
      "properties": {
        "kind": "SENSOR_CONTACT",
        "parent_track": "SENSOR",
        "sensor_name": "NB_FREQ",
        "bearing": 0.0,
        "time": "2010-01-12T13:04:40+00:00",
        "label": "SUBJECT held on NB_FREQ",
        "frequency": 149.35,
        "provenance": [
          {
            "activity_id": "c6d44573-5aa0-429b-b533-ed8c6d7f3f41",
            "timestamp": "2026-03-21T10:15:01.536363Z",
            "was_generated_by": {
              "tool": "dpf-parser",
              "tool_version": "1.0.0",
              "parameters": []
            },
            "used": [],
            "generated": [
              "c6e62760-5fc8-4aac-9e26-17972522593b"
            ],
            "execution_duration": "PT0S"
          }
        ]
      }
    },
    {
      "type": "Feature",
      "id": "fea22af1-e29b-401d-b639-3ebcbcd8638d",
      "geometry": null,
      "properties": {
        "kind": "SENSOR_CONTACT",
        "parent_track": "SENSOR",
        "sensor_name": "NB_FREQ",
        "bearing": 0.0,
        "time": "2010-01-12T13:05:00+00:00",
        "label": "SUBJECT held on NB_FREQ",
        "frequency": 149.348,
        "provenance": [
          {
            "activity_id": "c6d44573-5aa0-429b-b533-ed8c6d7f3f41",
            "timestamp": "2026-03-21T10:15:01.536363Z",
            "was_generated_by": {
              "tool": "dpf-parser",
              "tool_version": "1.0.0",
              "parameters": []
            },
            "used": [],
            "generated": [
              "fea22af1-e29b-401d-b639-3ebcbcd8638d"
            ],
            "execution_duration": "PT0S"
          }
        ]
      }
    },
    {
      "type": "Feature",
      "id": "1c6bc69c-2ede-4053-b14a-510ec5e866eb",
      "geometry": null,
      "properties": {
        "kind": "SENSOR_CONTACT",
        "parent_track": "SENSOR",
        "sensor_name": "NB_FREQ",
        "bearing": 0.0,
        "time": "2010-01-12T13:05:20+00:00",
        "label": "SUBJECT held on NB_FREQ",
        "frequency": 149.346,
        "provenance": [
          {
            "activity_id": "c6d44573-5aa0-429b-b533-ed8c6d7f3f41",
            "timestamp": "2026-03-21T10:15:01.536363Z",
            "was_generated_by": {
              "tool": "dpf-parser",
              "tool_version": "1.0.0",
              "parameters": []
            },
            "used": [],
            "generated": [
              "1c6bc69c-2ede-4053-b14a-510ec5e866eb"
            ],
            "execution_duration": "PT0S"
          }
        ]
      }
    },
    {
      "type": "Feature",
      "id": "7a35c107-236d-482a-939c-6644f34bebf7",
      "geometry": null,
      "properties": {
        "kind": "SENSOR_CONTACT",
        "parent_track": "SENSOR",
        "sensor_name": "NB_FREQ",
        "bearing": 0.0,
        "time": "2010-01-12T13:05:40+00:00",
        "label": "SUBJECT held on NB_FREQ",
        "frequency": 149.344,
        "provenance": [
          {
            "activity_id": "c6d44573-5aa0-429b-b533-ed8c6d7f3f41",
            "timestamp": "2026-03-21T10:15:01.536363Z",
            "was_generated_by": {
              "tool": "dpf-parser",
              "tool_version": "1.0.0",
              "parameters": []
            },
            "used": [],
            "generated": [
              "7a35c107-236d-482a-939c-6644f34bebf7"
            ],
            "execution_duration": "PT0S"
          }
        ]
      }
    },
    {
      "type": "Feature",
      "id": "3582cdad-0736-46a2-8b51-d695700956cb",
      "geometry": null,
      "properties": {
        "kind": "SENSOR_CONTACT",
        "parent_track": "SENSOR",
        "sensor_name": "NB_FREQ",
        "bearing": 0.0,
        "time": "2010-01-12T13:06:00+00:00",
        "label": "SUBJECT held on NB_FREQ",
        "frequency": 149.342,
        "provenance": [
          {
            "activity_id": "c6d44573-5aa0-429b-b533-ed8c6d7f3f41",
            "timestamp": "2026-03-21T10:15:01.536363Z",
            "was_generated_by": {
              "tool": "dpf-parser",
              "tool_version": "1.0.0",
              "parameters": []
            },
            "used": [],
            "generated": [
              "3582cdad-0736-46a2-8b51-d695700956cb"
            ],
            "execution_duration": "PT0S"
          }
        ]
      }
    },
    {
      "type": "Feature",
      "id": "9a1723eb-6ba5-417b-8633-91bdc2c63657",
      "geometry": null,
      "properties": {
        "kind": "SENSOR_CONTACT",
        "parent_track": "SENSOR",
        "sensor_name": "NB_FREQ",
        "bearing": 0.0,
        "time": "2010-01-12T13:06:20+00:00",
        "label": "SUBJECT held on NB_FREQ",
        "frequency": 149.34,
        "provenance": [
          {
            "activity_id": "c6d44573-5aa0-429b-b533-ed8c6d7f3f41",
            "timestamp": "2026-03-21T10:15:01.536363Z",
            "was_generated_by": {
              "tool": "dpf-parser",
              "tool_version": "1.0.0",
              "parameters": []
            },
            "used": [],
            "generated": [
              "9a1723eb-6ba5-417b-8633-91bdc2c63657"
            ],
            "execution_duration": "PT0S"
          }
        ]
      }
    },
    {
      "type": "Feature",
      "id": "9f0141c2-9037-4a9e-a882-76ce509c20ec",
      "geometry": null,
      "properties": {
        "kind": "SENSOR_CONTACT",
        "parent_track": "SENSOR",
        "sensor_name": "NB_FREQ",
        "bearing": 0.0,
        "time": "2010-01-12T13:06:40+00:00",
        "label": "SUBJECT held on NB_FREQ",
        "frequency": 149.339,
        "provenance": [
          {
            "activity_id": "c6d44573-5aa0-429b-b533-ed8c6d7f3f41",
            "timestamp": "2026-03-21T10:15:01.536363Z",
            "was_generated_by": {
              "tool": "dpf-parser",
              "tool_version": "1.0.0",
              "parameters": []
            },
            "used": [],
            "generated": [
              "9f0141c2-9037-4a9e-a882-76ce509c20ec"
            ],
            "execution_duration": "PT0S"
          }
        ]
      }
    },
    {
      "type": "Feature",
      "id": "16489913-0272-480d-8f1e-f177e7606c2b",
      "geometry": null,
      "properties": {
        "kind": "SENSOR_CONTACT",
        "parent_track": "SENSOR",
        "sensor_name": "NB_FREQ",
        "bearing": 0.0,
        "time": "2010-01-12T13:07:00+00:00",
        "label": "SUBJECT held on NB_FREQ",
        "frequency": 149.337,
        "provenance": [
          {
            "activity_id": "c6d44573-5aa0-429b-b533-ed8c6d7f3f41",
            "timestamp": "2026-03-21T10:15:01.536363Z",
            "was_generated_by": {
              "tool": "dpf-parser",
              "tool_version": "1.0.0",
              "parameters": []
            },
            "used": [],
            "generated": [
              "16489913-0272-480d-8f1e-f177e7606c2b"
            ],
            "execution_duration": "PT0S"
          }
        ]
      }
    },
    {
      "type": "Feature",
      "id": "acbc0509-5a1f-44a2-89fc-3917c4003638",
      "geometry": null,
      "properties": {
        "kind": "SENSOR_CONTACT",
        "parent_track": "SENSOR",
        "sensor_name": "NB_FREQ",
        "bearing": 0.0,
        "time": "2010-01-12T13:07:20+00:00",
        "label": "SUBJECT held on NB_FREQ",
        "frequency": 149.336,
        "provenance": [
          {
            "activity_id": "c6d44573-5aa0-429b-b533-ed8c6d7f3f41",
            "timestamp": "2026-03-21T10:15:01.536363Z",
            "was_generated_by": {
              "tool": "dpf-parser",
              "tool_version": "1.0.0",
              "parameters": []
            },
            "used": [],
            "generated": [
              "acbc0509-5a1f-44a2-89fc-3917c4003638"
            ],
            "execution_duration": "PT0S"
          }
        ]
      }
    },
    {
      "type": "Feature",
      "id": "00ddaaeb-a7fb-4f0b-bbb5-d4da8031357e",
      "geometry": null,
      "properties": {
        "kind": "SENSOR_CONTACT",
        "parent_track": "SENSOR",
        "sensor_name": "NB_FREQ",
        "bearing": 0.0,
        "time": "2010-01-12T13:07:40+00:00",
        "label": "SUBJECT held on NB_FREQ",
        "frequency": 149.334,
        "provenance": [
          {
            "activity_id": "c6d44573-5aa0-429b-b533-ed8c6d7f3f41",
            "timestamp": "2026-03-21T10:15:01.536363Z",
            "was_generated_by": {
              "tool": "dpf-parser",
              "tool_version": "1.0.0",
              "parameters": []
            },
            "used": [],
            "generated": [
              "00ddaaeb-a7fb-4f0b-bbb5-d4da8031357e"
            ],
            "execution_duration": "PT0S"
          }
        ]
      }
    },
    {
      "type": "Feature",
      "id": "e6ab9c58-68de-4e35-916a-7d93e191a51b",
      "geometry": null,
      "properties": {
        "kind": "SENSOR_CONTACT",
        "parent_track": "SENSOR",
        "sensor_name": "NB_FREQ",
        "bearing": 0.0,
        "time": "2010-01-12T13:08:00+00:00",
        "label": "SUBJECT held on NB_FREQ",
        "frequency": 149.333,
        "provenance": [
          {
            "activity_id": "c6d44573-5aa0-429b-b533-ed8c6d7f3f41",
            "timestamp": "2026-03-21T10:15:01.536363Z",
            "was_generated_by": {
              "tool": "dpf-parser",
              "tool_version": "1.0.0",
              "parameters": []
            },
            "used": [],
            "generated": [
              "e6ab9c58-68de-4e35-916a-7d93e191a51b"
            ],
            "execution_duration": "PT0S"
          }
        ]
      }
    },
    {
      "type": "Feature",
      "id": "e8066bc9-bbe0-4692-bf39-cf4ccdfcaffe",
      "geometry": null,
      "properties": {
        "kind": "SENSOR_CONTACT",
        "parent_track": "SENSOR",
        "sensor_name": "NB_FREQ",
        "bearing": 0.0,
        "time": "2010-01-12T13:08:20+00:00",
        "label": "SUBJECT held on NB_FREQ",
        "frequency": 149.331,
        "provenance": [
          {
            "activity_id": "c6d44573-5aa0-429b-b533-ed8c6d7f3f41",
            "timestamp": "2026-03-21T10:15:01.536363Z",
            "was_generated_by": {
              "tool": "dpf-parser",
              "tool_version": "1.0.0",
              "parameters": []
            },
            "used": [],
            "generated": [
              "e8066bc9-bbe0-4692-bf39-cf4ccdfcaffe"
            ],
            "execution_duration": "PT0S"
          }
        ]
      }
    },
    {
      "type": "Feature",
      "id": "e1982a90-b18f-400c-bb7a-2f1ab3c9fcb0",
      "geometry": null,
      "properties": {
        "kind": "SENSOR_CONTACT",
        "parent_track": "SENSOR",
        "sensor_name": "NB_FREQ",
        "bearing": 0.0,
        "time": "2010-01-12T13:08:40+00:00",
        "label": "SUBJECT held on NB_FREQ",
        "frequency": 149.33,
        "provenance": [
          {
            "activity_id": "c6d44573-5aa0-429b-b533-ed8c6d7f3f41",
            "timestamp": "2026-03-21T10:15:01.536363Z",
            "was_generated_by": {
              "tool": "dpf-parser",
              "tool_version": "1.0.0",
              "parameters": []
            },
            "used": [],
            "generated": [
              "e1982a90-b18f-400c-bb7a-2f1ab3c9fcb0"
            ],
            "execution_duration": "PT0S"
          }
        ]
      }
    },
    {
      "type": "Feature",
      "id": "a7cf9ded-1257-4aba-b489-fc4a7dc483aa",
      "geometry": null,
      "properties": {
        "kind": "SENSOR_CONTACT",
        "parent_track": "SENSOR",
        "sensor_name": "NB_FREQ",
        "bearing": 0.0,
        "time": "2010-01-12T13:09:00+00:00",
        "label": "SUBJECT held on NB_FREQ",
        "frequency": 149.329,
        "provenance": [
          {
            "activity_id": "c6d44573-5aa0-429b-b533-ed8c6d7f3f41",
            "timestamp": "2026-03-21T10:15:01.536363Z",
            "was_generated_by": {
              "tool": "dpf-parser",
              "tool_version": "1.0.0",
              "parameters": []
            },
            "used": [],
            "generated": [
              "a7cf9ded-1257-4aba-b489-fc4a7dc483aa"
            ],
            "execution_duration": "PT0S"
          }
        ]
      }
    },
    {
      "type": "Feature",
      "id": "7dbe500e-066a-4f8d-b94b-32c48ae145d7",
      "geometry": null,
      "properties": {
        "kind": "SENSOR_CONTACT",
        "parent_track": "SENSOR",
        "sensor_name": "NB_FREQ",
        "bearing": 0.0,
        "time": "2010-01-12T13:09:20+00:00",
        "label": "SUBJECT held on NB_FREQ",
        "frequency": 149.328,
        "provenance": [
          {
            "activity_id": "c6d44573-5aa0-429b-b533-ed8c6d7f3f41",
            "timestamp": "2026-03-21T10:15:01.536363Z",
            "was_generated_by": {
              "tool": "dpf-parser",
              "tool_version": "1.0.0",
              "parameters": []
            },
            "used": [],
            "generated": [
              "7dbe500e-066a-4f8d-b94b-32c48ae145d7"
            ],
            "execution_duration": "PT0S"
          }
        ]
      }
    },
    {
      "type": "Feature",
      "id": "b3b88bba-64ac-4635-ac1a-c98e64b216af",
      "geometry": null,
      "properties": {
        "kind": "SENSOR_CONTACT",
        "parent_track": "SENSOR",
        "sensor_name": "NB_FREQ",
        "bearing": 0.0,
        "time": "2010-01-12T13:09:40+00:00",
        "label": "SUBJECT held on NB_FREQ",
        "frequency": 149.327,
        "provenance": [
          {
            "activity_id": "c6d44573-5aa0-429b-b533-ed8c6d7f3f41",
            "timestamp": "2026-03-21T10:15:01.536363Z",
            "was_generated_by": {
              "tool": "dpf-parser",
              "tool_version": "1.0.0",
              "parameters": []
            },
            "used": [],
            "generated": [
              "b3b88bba-64ac-4635-ac1a-c98e64b216af"
            ],
            "execution_duration": "PT0S"
          }
        ]
      }
    },
    {
      "type": "Feature",
      "id": "7ac5b5cc-b95a-4d14-bec4-7ed471356e39",
      "geometry": null,
      "properties": {
        "kind": "SENSOR_CONTACT",
        "parent_track": "SENSOR",
        "sensor_name": "NB_FREQ",
        "bearing": 0.0,
        "time": "2010-01-12T13:10:00+00:00",
        "label": "SUBJECT held on NB_FREQ",
        "frequency": 149.326,
        "provenance": [
          {
            "activity_id": "c6d44573-5aa0-429b-b533-ed8c6d7f3f41",
            "timestamp": "2026-03-21T10:15:01.536363Z",
            "was_generated_by": {
              "tool": "dpf-parser",
              "tool_version": "1.0.0",
              "parameters": []
            },
            "used": [],
            "generated": [
              "7ac5b5cc-b95a-4d14-bec4-7ed471356e39"
            ],
            "execution_duration": "PT0S"
          }
        ]
      }
    },
    {
      "type": "Feature",
      "id": "99268f3d-45ff-4697-bb0a-2a4c634a7276",
      "geometry": null,
      "properties": {
        "kind": "SENSOR_CONTACT",
        "parent_track": "SENSOR",
        "sensor_name": "NB_FREQ",
        "bearing": 0.0,
        "time": "2010-01-12T13:10:20+00:00",
        "label": "SUBJECT held on NB_FREQ",
        "frequency": 149.325,
        "provenance": [
          {
            "activity_id": "c6d44573-5aa0-429b-b533-ed8c6d7f3f41",
            "timestamp": "2026-03-21T10:15:01.536363Z",
            "was_generated_by": {
              "tool": "dpf-parser",
              "tool_version": "1.0.0",
              "parameters": []
            },
            "used": [],
            "generated": [
              "99268f3d-45ff-4697-bb0a-2a4c634a7276"
            ],
            "execution_duration": "PT0S"
          }
        ]
      }
    },
    {
      "type": "Feature",
      "id": "bd6f87c0-f6c0-4eca-ab6e-9f153eab80c0",
      "geometry": null,
      "properties": {
        "kind": "SENSOR_CONTACT",
        "parent_track": "SENSOR",
        "sensor_name": "NB_FREQ",
        "bearing": 0.0,
        "time": "2010-01-12T13:10:40+00:00",
        "label": "SUBJECT held on NB_FREQ",
        "frequency": 149.324,
        "provenance": [
          {
            "activity_id": "c6d44573-5aa0-429b-b533-ed8c6d7f3f41",
            "timestamp": "2026-03-21T10:15:01.536363Z",
            "was_generated_by": {
              "tool": "dpf-parser",
              "tool_version": "1.0.0",
              "parameters": []
            },
            "used": [],
            "generated": [
              "bd6f87c0-f6c0-4eca-ab6e-9f153eab80c0"
            ],
            "execution_duration": "PT0S"
          }
        ]
      }
    },
    {
      "type": "Feature",
      "id": "d7e79bf3-0840-4574-a1dd-751e73ffc85b",
      "geometry": null,
      "properties": {
        "kind": "SENSOR_CONTACT",
        "parent_track": "SENSOR",
        "sensor_name": "NB_FREQ",
        "bearing": 0.0,
        "time": "2010-01-12T13:11:00+00:00",
        "label": "SUBJECT held on NB_FREQ",
        "frequency": 149.323,
        "provenance": [
          {
            "activity_id": "c6d44573-5aa0-429b-b533-ed8c6d7f3f41",
            "timestamp": "2026-03-21T10:15:01.536363Z",
            "was_generated_by": {
              "tool": "dpf-parser",
              "tool_version": "1.0.0",
              "parameters": []
            },
            "used": [],
            "generated": [
              "d7e79bf3-0840-4574-a1dd-751e73ffc85b"
            ],
            "execution_duration": "PT0S"
          }
        ]
      }
    },
    {
      "type": "Feature",
      "id": "e6cbd112-dbe4-4bdf-8b06-20a0aeba47c2",
      "geometry": null,
      "properties": {
        "kind": "SENSOR_CONTACT",
        "parent_track": "SENSOR",
        "sensor_name": "NB_FREQ",
        "bearing": 0.0,
        "time": "2010-01-12T13:11:20+00:00",
        "label": "SUBJECT held on NB_FREQ",
        "frequency": 149.322,
        "provenance": [
          {
            "activity_id": "c6d44573-5aa0-429b-b533-ed8c6d7f3f41",
            "timestamp": "2026-03-21T10:15:01.536363Z",
            "was_generated_by": {
              "tool": "dpf-parser",
              "tool_version": "1.0.0",
              "parameters": []
            },
            "used": [],
            "generated": [
              "e6cbd112-dbe4-4bdf-8b06-20a0aeba47c2"
            ],
            "execution_duration": "PT0S"
          }
        ]
      }
    },
    {
      "type": "Feature",
      "id": "dcae9630-bafb-465b-b76d-ff8356d13706",
      "geometry": null,
      "properties": {
        "kind": "SENSOR_CONTACT",
        "parent_track": "SENSOR",
        "sensor_name": "NB_FREQ",
        "bearing": 0.0,
        "time": "2010-01-12T13:11:40+00:00",
        "label": "SUBJECT held on NB_FREQ",
        "frequency": 149.321,
        "provenance": [
          {
            "activity_id": "c6d44573-5aa0-429b-b533-ed8c6d7f3f41",
            "timestamp": "2026-03-21T10:15:01.536363Z",
            "was_generated_by": {
              "tool": "dpf-parser",
              "tool_version": "1.0.0",
              "parameters": []
            },
            "used": [],
            "generated": [
              "dcae9630-bafb-465b-b76d-ff8356d13706"
            ],
            "execution_duration": "PT0S"
          }
        ]
      }
    },
    {
      "type": "Feature",
      "id": "b47c408a-e245-4933-b9ee-8e7ff19d9a8f",
      "geometry": null,
      "properties": {
        "kind": "SENSOR_CONTACT",
        "parent_track": "SENSOR",
        "sensor_name": "NB_FREQ",
        "bearing": 0.0,
        "time": "2010-01-12T13:12:00+00:00",
        "label": "SUBJECT held on NB_FREQ",
        "frequency": 149.321,
        "provenance": [
          {
            "activity_id": "c6d44573-5aa0-429b-b533-ed8c6d7f3f41",
            "timestamp": "2026-03-21T10:15:01.536363Z",
            "was_generated_by": {
              "tool": "dpf-parser",
              "tool_version": "1.0.0",
              "parameters": []
            },
            "used": [],
            "generated": [
              "b47c408a-e245-4933-b9ee-8e7ff19d9a8f"
            ],
            "execution_duration": "PT0S"
          }
        ]
      }
    },
    {
      "type": "Feature",
      "id": "be7dbe0e-9b70-4869-afa2-b45e445da01b",
      "geometry": null,
      "properties": {
        "kind": "SENSOR_CONTACT",
        "parent_track": "SENSOR",
        "sensor_name": "NB_FREQ",
        "bearing": 0.0,
        "time": "2010-01-12T13:12:20+00:00",
        "label": "SUBJECT held on NB_FREQ",
        "frequency": 149.32,
        "provenance": [
          {
            "activity_id": "c6d44573-5aa0-429b-b533-ed8c6d7f3f41",
            "timestamp": "2026-03-21T10:15:01.536363Z",
            "was_generated_by": {
              "tool": "dpf-parser",
              "tool_version": "1.0.0",
              "parameters": []
            },
            "used": [],
            "generated": [
              "be7dbe0e-9b70-4869-afa2-b45e445da01b"
            ],
            "execution_duration": "PT0S"
          }
        ]
      }
    },
    {
      "type": "Feature",
      "id": "8a9777aa-9e28-4767-9c8f-bfb93c5b8caf",
      "geometry": null,
      "properties": {
        "kind": "SENSOR_CONTACT",
        "parent_track": "SENSOR",
        "sensor_name": "NB_FREQ",
        "bearing": 0.0,
        "time": "2010-01-12T13:12:40+00:00",
        "label": "SUBJECT held on NB_FREQ",
        "frequency": 149.319,
        "provenance": [
          {
            "activity_id": "c6d44573-5aa0-429b-b533-ed8c6d7f3f41",
            "timestamp": "2026-03-21T10:15:01.536363Z",
            "was_generated_by": {
              "tool": "dpf-parser",
              "tool_version": "1.0.0",
              "parameters": []
            },
            "used": [],
            "generated": [
              "8a9777aa-9e28-4767-9c8f-bfb93c5b8caf"
            ],
            "execution_duration": "PT0S"
          }
        ]
      }
    },
    {
      "type": "Feature",
      "id": "4b281e35-eb99-48ed-b2ad-803cf96cac33",
      "geometry": null,
      "properties": {
        "kind": "SENSOR_CONTACT",
        "parent_track": "SENSOR",
        "sensor_name": "NB_FREQ",
        "bearing": 0.0,
        "time": "2010-01-12T13:13:00+00:00",
        "label": "SUBJECT held on NB_FREQ",
        "frequency": 149.318,
        "provenance": [
          {
            "activity_id": "c6d44573-5aa0-429b-b533-ed8c6d7f3f41",
            "timestamp": "2026-03-21T10:15:01.536363Z",
            "was_generated_by": {
              "tool": "dpf-parser",
              "tool_version": "1.0.0",
              "parameters": []
            },
            "used": [],
            "generated": [
              "4b281e35-eb99-48ed-b2ad-803cf96cac33"
            ],
            "execution_duration": "PT0S"
          }
        ]
      }
    },
    {
      "type": "Feature",
      "id": "996a4f92-5fd1-49e4-ac1f-0272f67bdcae",
      "geometry": null,
      "properties": {
        "kind": "SENSOR_CONTACT",
        "parent_track": "SENSOR",
        "sensor_name": "NB_FREQ",
        "bearing": 0.0,
        "time": "2010-01-12T13:13:20+00:00",
        "label": "SUBJECT held on NB_FREQ",
        "frequency": 149.318,
        "provenance": [
          {
            "activity_id": "c6d44573-5aa0-429b-b533-ed8c6d7f3f41",
            "timestamp": "2026-03-21T10:15:01.536363Z",
            "was_generated_by": {
              "tool": "dpf-parser",
              "tool_version": "1.0.0",
              "parameters": []
            },
            "used": [],
            "generated": [
              "996a4f92-5fd1-49e4-ac1f-0272f67bdcae"
            ],
            "execution_duration": "PT0S"
          }
        ]
      }
    },
    {
      "type": "Feature",
      "id": "a4d70b81-d2e6-455d-b1dc-1ff0f9ac147f",
      "geometry": null,
      "properties": {
        "kind": "SENSOR_CONTACT",
        "parent_track": "SENSOR",
        "sensor_name": "NB_FREQ",
        "bearing": 0.0,
        "time": "2010-01-12T13:13:40+00:00",
        "label": "SUBJECT held on NB_FREQ",
        "frequency": 149.317,
        "provenance": [
          {
            "activity_id": "c6d44573-5aa0-429b-b533-ed8c6d7f3f41",
            "timestamp": "2026-03-21T10:15:01.536363Z",
            "was_generated_by": {
              "tool": "dpf-parser",
              "tool_version": "1.0.0",
              "parameters": []
            },
            "used": [],
            "generated": [
              "a4d70b81-d2e6-455d-b1dc-1ff0f9ac147f"
            ],
            "execution_duration": "PT0S"
          }
        ]
      }
    },
    {
      "type": "Feature",
      "id": "2fff3b12-5069-4cbc-b523-b3ca6667a39e",
      "geometry": null,
      "properties": {
        "kind": "SENSOR_CONTACT",
        "parent_track": "SENSOR",
        "sensor_name": "NB_FREQ",
        "bearing": 0.0,
        "time": "2010-01-12T13:14:00+00:00",
        "label": "SUBJECT held on NB_FREQ",
        "frequency": 149.316,
        "provenance": [
          {
            "activity_id": "c6d44573-5aa0-429b-b533-ed8c6d7f3f41",
            "timestamp": "2026-03-21T10:15:01.536363Z",
            "was_generated_by": {
              "tool": "dpf-parser",
              "tool_version": "1.0.0",
              "parameters": []
            },
            "used": [],
            "generated": [
              "2fff3b12-5069-4cbc-b523-b3ca6667a39e"
            ],
            "execution_duration": "PT0S"
          }
        ]
      }
    },
    {
      "type": "Feature",
      "id": "fb666525-3b92-45cd-80a9-a39247ccf2b3",
      "geometry": null,
      "properties": {
        "kind": "SENSOR_CONTACT",
        "parent_track": "SENSOR",
        "sensor_name": "NB_FREQ",
        "bearing": 0.0,
        "time": "2010-01-12T13:14:20+00:00",
        "label": "SUBJECT held on NB_FREQ",
        "frequency": 149.316,
        "provenance": [
          {
            "activity_id": "c6d44573-5aa0-429b-b533-ed8c6d7f3f41",
            "timestamp": "2026-03-21T10:15:01.536363Z",
            "was_generated_by": {
              "tool": "dpf-parser",
              "tool_version": "1.0.0",
              "parameters": []
            },
            "used": [],
            "generated": [
              "fb666525-3b92-45cd-80a9-a39247ccf2b3"
            ],
            "execution_duration": "PT0S"
          }
        ]
      }
    },
    {
      "type": "Feature",
      "id": "a0cd3f19-ef2c-4178-b7b1-f86c6f26e3c0",
      "geometry": null,
      "properties": {
        "kind": "SENSOR_CONTACT",
        "parent_track": "SENSOR",
        "sensor_name": "NB_FREQ",
        "bearing": 0.0,
        "time": "2010-01-12T13:14:40+00:00",
        "label": "SUBJECT held on NB_FREQ",
        "frequency": 149.315,
        "provenance": [
          {
            "activity_id": "c6d44573-5aa0-429b-b533-ed8c6d7f3f41",
            "timestamp": "2026-03-21T10:15:01.536363Z",
            "was_generated_by": {
              "tool": "dpf-parser",
              "tool_version": "1.0.0",
              "parameters": []
            },
            "used": [],
            "generated": [
              "a0cd3f19-ef2c-4178-b7b1-f86c6f26e3c0"
            ],
            "execution_duration": "PT0S"
          }
        ]
      }
    },
    {
      "type": "Feature",
      "id": "07521b10-0f56-45ed-821a-e55b7a6b63f9",
      "geometry": null,
      "properties": {
        "kind": "SENSOR_CONTACT",
        "parent_track": "SENSOR",
        "sensor_name": "NB_FREQ",
        "bearing": 0.0,
        "time": "2010-01-12T13:15:00+00:00",
        "label": "SUBJECT held on NB_FREQ",
        "frequency": 149.315,
        "provenance": [
          {
            "activity_id": "c6d44573-5aa0-429b-b533-ed8c6d7f3f41",
            "timestamp": "2026-03-21T10:15:01.536363Z",
            "was_generated_by": {
              "tool": "dpf-parser",
              "tool_version": "1.0.0",
              "parameters": []
            },
            "used": [],
            "generated": [
              "07521b10-0f56-45ed-821a-e55b7a6b63f9"
            ],
            "execution_duration": "PT0S"
          }
        ]
      }
    },
    {
      "type": "Feature",
      "id": "b4438328-3f86-4ce5-aaec-9ac1d0c7cd9b",
      "geometry": null,
      "properties": {
        "kind": "SENSOR_CONTACT",
        "parent_track": "SENSOR",
        "sensor_name": "NB_FREQ",
        "bearing": 0.0,
        "time": "2010-01-12T13:15:20+00:00",
        "label": "SUBJECT held on NB_FREQ",
        "frequency": 149.314,
        "provenance": [
          {
            "activity_id": "c6d44573-5aa0-429b-b533-ed8c6d7f3f41",
            "timestamp": "2026-03-21T10:15:01.536363Z",
            "was_generated_by": {
              "tool": "dpf-parser",
              "tool_version": "1.0.0",
              "parameters": []
            },
            "used": [],
            "generated": [
              "b4438328-3f86-4ce5-aaec-9ac1d0c7cd9b"
            ],
            "execution_duration": "PT0S"
          }
        ]
      }
    },
    {
      "type": "Feature",
      "id": "bd7c9df9-f3c2-41c0-9816-f54d0121cbc8",
      "geometry": null,
      "properties": {
        "kind": "SENSOR_CONTACT",
        "parent_track": "SENSOR",
        "sensor_name": "NB_FREQ",
        "bearing": 0.0,
        "time": "2010-01-12T13:15:40+00:00",
        "label": "SUBJECT held on NB_FREQ",
        "frequency": 149.314,
        "provenance": [
          {
            "activity_id": "c6d44573-5aa0-429b-b533-ed8c6d7f3f41",
            "timestamp": "2026-03-21T10:15:01.536363Z",
            "was_generated_by": {
              "tool": "dpf-parser",
              "tool_version": "1.0.0",
              "parameters": []
            },
            "used": [],
            "generated": [
              "bd7c9df9-f3c2-41c0-9816-f54d0121cbc8"
            ],
            "execution_duration": "PT0S"
          }
        ]
      }
    },
    {
      "type": "Feature",
      "id": "8be96dfb-9805-4fd4-9393-489e607462c7",
      "geometry": null,
      "properties": {
        "kind": "SENSOR_CONTACT",
        "parent_track": "SENSOR",
        "sensor_name": "NB_FREQ",
        "bearing": 0.0,
        "time": "2010-01-12T13:16:00+00:00",
        "label": "SUBJECT held on NB_FREQ",
        "frequency": 149.313,
        "provenance": [
          {
            "activity_id": "c6d44573-5aa0-429b-b533-ed8c6d7f3f41",
            "timestamp": "2026-03-21T10:15:01.536363Z",
            "was_generated_by": {
              "tool": "dpf-parser",
              "tool_version": "1.0.0",
              "parameters": []
            },
            "used": [],
            "generated": [
              "8be96dfb-9805-4fd4-9393-489e607462c7"
            ],
            "execution_duration": "PT0S"
          }
        ]
      }
    },
    {
      "type": "Feature",
      "id": "f4d02198-a89c-4830-a0c4-9264e2732f7f",
      "geometry": null,
      "properties": {
        "kind": "SENSOR_CONTACT",
        "parent_track": "SENSOR",
        "sensor_name": "NB_FREQ",
        "bearing": 0.0,
        "time": "2010-01-12T13:16:20+00:00",
        "label": "SUBJECT held on NB_FREQ",
        "frequency": 149.313,
        "provenance": [
          {
            "activity_id": "c6d44573-5aa0-429b-b533-ed8c6d7f3f41",
            "timestamp": "2026-03-21T10:15:01.536363Z",
            "was_generated_by": {
              "tool": "dpf-parser",
              "tool_version": "1.0.0",
              "parameters": []
            },
            "used": [],
            "generated": [
              "f4d02198-a89c-4830-a0c4-9264e2732f7f"
            ],
            "execution_duration": "PT0S"
          }
        ]
      }
    },
    {
      "type": "Feature",
      "id": "ebf23dce-2ffa-427e-ac6c-cf87423749c1",
      "geometry": null,
      "properties": {
        "kind": "SENSOR_CONTACT",
        "parent_track": "SENSOR",
        "sensor_name": "NB_FREQ",
        "bearing": 0.0,
        "time": "2010-01-12T13:16:40+00:00",
        "label": "SUBJECT held on NB_FREQ",
        "frequency": 149.312,
        "provenance": [
          {
            "activity_id": "c6d44573-5aa0-429b-b533-ed8c6d7f3f41",
            "timestamp": "2026-03-21T10:15:01.536363Z",
            "was_generated_by": {
              "tool": "dpf-parser",
              "tool_version": "1.0.0",
              "parameters": []
            },
            "used": [],
            "generated": [
              "ebf23dce-2ffa-427e-ac6c-cf87423749c1"
            ],
            "execution_duration": "PT0S"
          }
        ]
      }
    },
    {
      "type": "Feature",
      "id": "12afca4c-956a-4e1b-adfc-0a2718fce07a",
      "geometry": null,
      "properties": {
        "kind": "SENSOR_CONTACT",
        "parent_track": "SENSOR",
        "sensor_name": "NB_FREQ",
        "bearing": 0.0,
        "time": "2010-01-12T13:17:00+00:00",
        "label": "SUBJECT held on NB_FREQ",
        "frequency": 149.312,
        "provenance": [
          {
            "activity_id": "c6d44573-5aa0-429b-b533-ed8c6d7f3f41",
            "timestamp": "2026-03-21T10:15:01.536363Z",
            "was_generated_by": {
              "tool": "dpf-parser",
              "tool_version": "1.0.0",
              "parameters": []
            },
            "used": [],
            "generated": [
              "12afca4c-956a-4e1b-adfc-0a2718fce07a"
            ],
            "execution_duration": "PT0S"
          }
        ]
      }
    },
    {
      "type": "Feature",
      "id": "debe9c14-c2e3-48a0-bdb2-cafab7d0f892",
      "geometry": null,
      "properties": {
        "kind": "SENSOR_CONTACT",
        "parent_track": "SENSOR",
        "sensor_name": "NB_FREQ",
        "bearing": 0.0,
        "time": "2010-01-12T13:17:20+00:00",
        "label": "SUBJECT held on NB_FREQ",
        "frequency": 149.311,
        "provenance": [
          {
            "activity_id": "c6d44573-5aa0-429b-b533-ed8c6d7f3f41",
            "timestamp": "2026-03-21T10:15:01.536363Z",
            "was_generated_by": {
              "tool": "dpf-parser",
              "tool_version": "1.0.0",
              "parameters": []
            },
            "used": [],
            "generated": [
              "debe9c14-c2e3-48a0-bdb2-cafab7d0f892"
            ],
            "execution_duration": "PT0S"
          }
        ]
      }
    },
    {
      "type": "Feature",
      "id": "eea1ea0c-50d7-44df-a706-1912687a4da9",
      "geometry": null,
      "properties": {
        "kind": "SENSOR_CONTACT",
        "parent_track": "SENSOR",
        "sensor_name": "NB_FREQ",
        "bearing": 0.0,
        "time": "2010-01-12T13:17:40+00:00",
        "label": "SUBJECT held on NB_FREQ",
        "frequency": 149.311,
        "provenance": [
          {
            "activity_id": "c6d44573-5aa0-429b-b533-ed8c6d7f3f41",
            "timestamp": "2026-03-21T10:15:01.536363Z",
            "was_generated_by": {
              "tool": "dpf-parser",
              "tool_version": "1.0.0",
              "parameters": []
            },
            "used": [],
            "generated": [
              "eea1ea0c-50d7-44df-a706-1912687a4da9"
            ],
            "execution_duration": "PT0S"
          }
        ]
      }
    },
    {
      "type": "Feature",
      "id": "0403b2d4-5627-4c2d-af2c-6d4d13f3f534",
      "geometry": null,
      "properties": {
        "kind": "SENSOR_CONTACT",
        "parent_track": "SENSOR",
        "sensor_name": "NB_FREQ",
        "bearing": 0.0,
        "time": "2010-01-12T13:18:00+00:00",
        "label": "SUBJECT held on NB_FREQ",
        "frequency": 149.311,
        "provenance": [
          {
            "activity_id": "c6d44573-5aa0-429b-b533-ed8c6d7f3f41",
            "timestamp": "2026-03-21T10:15:01.536363Z",
            "was_generated_by": {
              "tool": "dpf-parser",
              "tool_version": "1.0.0",
              "parameters": []
            },
            "used": [],
            "generated": [
              "0403b2d4-5627-4c2d-af2c-6d4d13f3f534"
            ],
            "execution_duration": "PT0S"
          }
        ]
      }
    },
    {
      "type": "Feature",
      "id": "d0ac2cd1-646f-4338-89cb-736561b3b80d",
      "geometry": null,
      "properties": {
        "kind": "SENSOR_CONTACT",
        "parent_track": "SENSOR",
        "sensor_name": "NB_FREQ",
        "bearing": 0.0,
        "time": "2010-01-12T13:18:20+00:00",
        "label": "SUBJECT held on NB_FREQ",
        "frequency": 149.31,
        "provenance": [
          {
            "activity_id": "c6d44573-5aa0-429b-b533-ed8c6d7f3f41",
            "timestamp": "2026-03-21T10:15:01.536363Z",
            "was_generated_by": {
              "tool": "dpf-parser",
              "tool_version": "1.0.0",
              "parameters": []
            },
            "used": [],
            "generated": [
              "d0ac2cd1-646f-4338-89cb-736561b3b80d"
            ],
            "execution_duration": "PT0S"
          }
        ]
      }
    },
    {
      "type": "Feature",
      "id": "1b06a697-8cd2-4e0c-8de9-2f69abaa0cc8",
      "geometry": null,
      "properties": {
        "kind": "SENSOR_CONTACT",
        "parent_track": "SENSOR",
        "sensor_name": "NB_FREQ",
        "bearing": 0.0,
        "time": "2010-01-12T13:18:40+00:00",
        "label": "SUBJECT held on NB_FREQ",
        "frequency": 149.31,
        "provenance": [
          {
            "activity_id": "c6d44573-5aa0-429b-b533-ed8c6d7f3f41",
            "timestamp": "2026-03-21T10:15:01.536363Z",
            "was_generated_by": {
              "tool": "dpf-parser",
              "tool_version": "1.0.0",
              "parameters": []
            },
            "used": [],
            "generated": [
              "1b06a697-8cd2-4e0c-8de9-2f69abaa0cc8"
            ],
            "execution_duration": "PT0S"
          }
        ]
      }
    },
    {
      "type": "Feature",
      "id": "14dc3e72-b10e-496d-973f-1b533214869c",
      "geometry": null,
      "properties": {
        "kind": "SENSOR_CONTACT",
        "parent_track": "SENSOR",
        "sensor_name": "NB_FREQ",
        "bearing": 0.0,
        "time": "2010-01-12T13:19:00+00:00",
        "label": "SUBJECT held on NB_FREQ",
        "frequency": 149.309,
        "provenance": [
          {
            "activity_id": "c6d44573-5aa0-429b-b533-ed8c6d7f3f41",
            "timestamp": "2026-03-21T10:15:01.536363Z",
            "was_generated_by": {
              "tool": "dpf-parser",
              "tool_version": "1.0.0",
              "parameters": []
            },
            "used": [],
            "generated": [
              "14dc3e72-b10e-496d-973f-1b533214869c"
            ],
            "execution_duration": "PT0S"
          }
        ]
      }
    },
    {
      "type": "Feature",
      "id": "a0217887-4f43-472a-af11-2b67a48bc324",
      "geometry": null,
      "properties": {
        "kind": "SENSOR_CONTACT",
        "parent_track": "SENSOR",
        "sensor_name": "NB_FREQ",
        "bearing": 0.0,
        "time": "2010-01-12T13:19:20+00:00",
        "label": "SUBJECT held on NB_FREQ",
        "frequency": 149.309,
        "provenance": [
          {
            "activity_id": "c6d44573-5aa0-429b-b533-ed8c6d7f3f41",
            "timestamp": "2026-03-21T10:15:01.536363Z",
            "was_generated_by": {
              "tool": "dpf-parser",
              "tool_version": "1.0.0",
              "parameters": []
            },
            "used": [],
            "generated": [
              "a0217887-4f43-472a-af11-2b67a48bc324"
            ],
            "execution_duration": "PT0S"
          }
        ]
      }
    },
    {
      "type": "Feature",
      "id": "66b1a27f-c431-4468-8dbc-09cfd07974ab",
      "geometry": null,
      "properties": {
        "kind": "SENSOR_CONTACT",
        "parent_track": "SENSOR",
        "sensor_name": "NB_FREQ",
        "bearing": 0.0,
        "time": "2010-01-12T13:19:40+00:00",
        "label": "SUBJECT held on NB_FREQ",
        "frequency": 149.309,
        "provenance": [
          {
            "activity_id": "c6d44573-5aa0-429b-b533-ed8c6d7f3f41",
            "timestamp": "2026-03-21T10:15:01.536363Z",
            "was_generated_by": {
              "tool": "dpf-parser",
              "tool_version": "1.0.0",
              "parameters": []
            },
            "used": [],
            "generated": [
              "66b1a27f-c431-4468-8dbc-09cfd07974ab"
            ],
            "execution_duration": "PT0S"
          }
        ]
      }
    },
    {
      "type": "Feature",
      "id": "2c444344-4803-4c79-b158-c68f7dc596aa",
      "geometry": null,
      "properties": {
        "kind": "SENSOR_CONTACT",
        "parent_track": "SENSOR",
        "sensor_name": "NB_FREQ",
        "bearing": 0.0,
        "time": "2010-01-12T13:20:00+00:00",
        "label": "SUBJECT held on NB_FREQ",
        "frequency": 149.308,
        "provenance": [
          {
            "activity_id": "c6d44573-5aa0-429b-b533-ed8c6d7f3f41",
            "timestamp": "2026-03-21T10:15:01.536363Z",
            "was_generated_by": {
              "tool": "dpf-parser",
              "tool_version": "1.0.0",
              "parameters": []
            },
            "used": [],
            "generated": [
              "2c444344-4803-4c79-b158-c68f7dc596aa"
            ],
            "execution_duration": "PT0S"
          }
        ]
      }
    },
    {
      "type": "Feature",
      "id": "66cc735d-19a7-4533-9941-57c15d1dfbab",
      "geometry": null,
      "properties": {
        "kind": "SENSOR_CONTACT",
        "parent_track": "SENSOR",
        "sensor_name": "NB_FREQ",
        "bearing": 0.0,
        "time": "2010-01-12T13:20:20+00:00",
        "label": "SUBJECT held on NB_FREQ",
        "frequency": 149.308,
        "provenance": [
          {
            "activity_id": "c6d44573-5aa0-429b-b533-ed8c6d7f3f41",
            "timestamp": "2026-03-21T10:15:01.536363Z",
            "was_generated_by": {
              "tool": "dpf-parser",
              "tool_version": "1.0.0",
              "parameters": []
            },
            "used": [],
            "generated": [
              "66cc735d-19a7-4533-9941-57c15d1dfbab"
            ],
            "execution_duration": "PT0S"
          }
        ]
      }
    },
    {
      "type": "Feature",
      "id": "41c1d40f-1a36-4f84-8e59-ec7b490db98b",
      "geometry": null,
      "properties": {
        "kind": "SENSOR_CONTACT",
        "parent_track": "SENSOR",
        "sensor_name": "NB_FREQ",
        "bearing": 0.0,
        "time": "2010-01-12T13:20:40+00:00",
        "label": "SUBJECT held on NB_FREQ",
        "frequency": 149.308,
        "provenance": [
          {
            "activity_id": "c6d44573-5aa0-429b-b533-ed8c6d7f3f41",
            "timestamp": "2026-03-21T10:15:01.536363Z",
            "was_generated_by": {
              "tool": "dpf-parser",
              "tool_version": "1.0.0",
              "parameters": []
            },
            "used": [],
            "generated": [
              "41c1d40f-1a36-4f84-8e59-ec7b490db98b"
            ],
            "execution_duration": "PT0S"
          }
        ]
      }
    },
    {
      "type": "Feature",
      "id": "57803f6a-ffb2-486e-800f-17ba15cd5e42",
      "geometry": null,
      "properties": {
        "kind": "SENSOR_CONTACT",
        "parent_track": "SENSOR",
        "sensor_name": "NB_FREQ",
        "bearing": 0.0,
        "time": "2010-01-12T13:21:00+00:00",
        "label": "SUBJECT held on NB_FREQ",
        "frequency": 149.307,
        "provenance": [
          {
            "activity_id": "c6d44573-5aa0-429b-b533-ed8c6d7f3f41",
            "timestamp": "2026-03-21T10:15:01.536363Z",
            "was_generated_by": {
              "tool": "dpf-parser",
              "tool_version": "1.0.0",
              "parameters": []
            },
            "used": [],
            "generated": [
              "57803f6a-ffb2-486e-800f-17ba15cd5e42"
            ],
            "execution_duration": "PT0S"
          }
        ]
      }
    },
    {
      "type": "Feature",
      "id": "8567dc7a-aca0-4ee6-9ab2-037d5cc67b00",
      "geometry": null,
      "properties": {
        "kind": "SENSOR_CONTACT",
        "parent_track": "SENSOR",
        "sensor_name": "NB_FREQ",
        "bearing": 0.0,
        "time": "2010-01-12T13:21:20+00:00",
        "label": "SUBJECT held on NB_FREQ",
        "frequency": 149.307,
        "provenance": [
          {
            "activity_id": "c6d44573-5aa0-429b-b533-ed8c6d7f3f41",
            "timestamp": "2026-03-21T10:15:01.536363Z",
            "was_generated_by": {
              "tool": "dpf-parser",
              "tool_version": "1.0.0",
              "parameters": []
            },
            "used": [],
            "generated": [
              "8567dc7a-aca0-4ee6-9ab2-037d5cc67b00"
            ],
            "execution_duration": "PT0S"
          }
        ]
      }
    },
    {
      "type": "Feature",
      "id": "9d5a9d60-5e55-4596-a5f0-c5ab05f7d494",
      "geometry": null,
      "properties": {
        "kind": "SENSOR_CONTACT",
        "parent_track": "SENSOR",
        "sensor_name": "NB_FREQ",
        "bearing": 0.0,
        "time": "2010-01-12T13:21:40+00:00",
        "label": "SUBJECT held on NB_FREQ",
        "frequency": 149.307,
        "provenance": [
          {
            "activity_id": "c6d44573-5aa0-429b-b533-ed8c6d7f3f41",
            "timestamp": "2026-03-21T10:15:01.536363Z",
            "was_generated_by": {
              "tool": "dpf-parser",
              "tool_version": "1.0.0",
              "parameters": []
            },
            "used": [],
            "generated": [
              "9d5a9d60-5e55-4596-a5f0-c5ab05f7d494"
            ],
            "execution_duration": "PT0S"
          }
        ]
      }
    },
    {
      "type": "Feature",
      "id": "0a034705-f7bb-448d-8302-1ca102b12b3c",
      "geometry": null,
      "properties": {
        "kind": "SENSOR_CONTACT",
        "parent_track": "SENSOR",
        "sensor_name": "NB_FREQ",
        "bearing": 0.0,
        "time": "2010-01-12T13:22:00+00:00",
        "label": "SUBJECT held on NB_FREQ",
        "frequency": 149.307,
        "provenance": [
          {
            "activity_id": "c6d44573-5aa0-429b-b533-ed8c6d7f3f41",
            "timestamp": "2026-03-21T10:15:01.536363Z",
            "was_generated_by": {
              "tool": "dpf-parser",
              "tool_version": "1.0.0",
              "parameters": []
            },
            "used": [],
            "generated": [
              "0a034705-f7bb-448d-8302-1ca102b12b3c"
            ],
            "execution_duration": "PT0S"
          }
        ]
      }
    },
    {
      "type": "Feature",
      "id": "30f0613d-94fe-451b-bfcb-23ed89ce1dd0",
      "geometry": null,
      "properties": {
        "kind": "SENSOR_CONTACT",
        "parent_track": "SENSOR",
        "sensor_name": "NB_FREQ",
        "bearing": 0.0,
        "time": "2010-01-12T13:22:20+00:00",
        "label": "SUBJECT held on NB_FREQ",
        "frequency": 149.306,
        "provenance": [
          {
            "activity_id": "c6d44573-5aa0-429b-b533-ed8c6d7f3f41",
            "timestamp": "2026-03-21T10:15:01.536363Z",
            "was_generated_by": {
              "tool": "dpf-parser",
              "tool_version": "1.0.0",
              "parameters": []
            },
            "used": [],
            "generated": [
              "30f0613d-94fe-451b-bfcb-23ed89ce1dd0"
            ],
            "execution_duration": "PT0S"
          }
        ]
      }
    },
    {
      "type": "Feature",
      "id": "c679056f-4091-4c9e-9dad-1b8aac5195e3",
      "geometry": null,
      "properties": {
        "kind": "SENSOR_CONTACT",
        "parent_track": "SENSOR",
        "sensor_name": "NB_FREQ",
        "bearing": 0.0,
        "time": "2010-01-12T13:22:40+00:00",
        "label": "SUBJECT held on NB_FREQ",
        "frequency": 149.306,
        "provenance": [
          {
            "activity_id": "c6d44573-5aa0-429b-b533-ed8c6d7f3f41",
            "timestamp": "2026-03-21T10:15:01.536363Z",
            "was_generated_by": {
              "tool": "dpf-parser",
              "tool_version": "1.0.0",
              "parameters": []
            },
            "used": [],
            "generated": [
              "c679056f-4091-4c9e-9dad-1b8aac5195e3"
            ],
            "execution_duration": "PT0S"
          }
        ]
      }
    },
    {
      "type": "Feature",
      "id": "e7a5c9fb-80af-44ba-b04e-6cc13a4b8165",
      "geometry": null,
      "properties": {
        "kind": "SENSOR_CONTACT",
        "parent_track": "SENSOR",
        "sensor_name": "NB_FREQ",
        "bearing": 0.0,
        "time": "2010-01-12T13:23:00+00:00",
        "label": "SUBJECT held on NB_FREQ",
        "frequency": 149.306,
        "provenance": [
          {
            "activity_id": "c6d44573-5aa0-429b-b533-ed8c6d7f3f41",
            "timestamp": "2026-03-21T10:15:01.536363Z",
            "was_generated_by": {
              "tool": "dpf-parser",
              "tool_version": "1.0.0",
              "parameters": []
            },
            "used": [],
            "generated": [
              "e7a5c9fb-80af-44ba-b04e-6cc13a4b8165"
            ],
            "execution_duration": "PT0S"
          }
        ]
      }
    },
    {
      "type": "Feature",
      "id": "bf654578-ff5e-4328-8ef6-16a738995236",
      "geometry": null,
      "properties": {
        "kind": "SENSOR_CONTACT",
        "parent_track": "SENSOR",
        "sensor_name": "NB_FREQ",
        "bearing": 0.0,
        "time": "2010-01-12T13:23:20+00:00",
        "label": "SUBJECT held on NB_FREQ",
        "frequency": 149.306,
        "provenance": [
          {
            "activity_id": "c6d44573-5aa0-429b-b533-ed8c6d7f3f41",
            "timestamp": "2026-03-21T10:15:01.536363Z",
            "was_generated_by": {
              "tool": "dpf-parser",
              "tool_version": "1.0.0",
              "parameters": []
            },
            "used": [],
            "generated": [
              "bf654578-ff5e-4328-8ef6-16a738995236"
            ],
            "execution_duration": "PT0S"
          }
        ]
      }
    },
    {
      "type": "Feature",
      "id": "e23af940-3c85-4243-9142-1d09f1b6602f",
      "geometry": null,
      "properties": {
        "kind": "SENSOR_CONTACT",
        "parent_track": "SENSOR",
        "sensor_name": "NB_FREQ",
        "bearing": 0.0,
        "time": "2010-01-12T13:23:40+00:00",
        "label": "SUBJECT held on NB_FREQ",
        "frequency": 149.305,
        "provenance": [
          {
            "activity_id": "c6d44573-5aa0-429b-b533-ed8c6d7f3f41",
            "timestamp": "2026-03-21T10:15:01.536363Z",
            "was_generated_by": {
              "tool": "dpf-parser",
              "tool_version": "1.0.0",
              "parameters": []
            },
            "used": [],
            "generated": [
              "e23af940-3c85-4243-9142-1d09f1b6602f"
            ],
            "execution_duration": "PT0S"
          }
        ]
      }
    },
    {
      "type": "Feature",
      "id": "c8d1c1cf-acfa-49f1-b86e-2e021c1b3cc1",
      "geometry": null,
      "properties": {
        "kind": "SENSOR_CONTACT",
        "parent_track": "SENSOR",
        "sensor_name": "NB_FREQ",
        "bearing": 0.0,
        "time": "2010-01-12T13:24:00+00:00",
        "label": "SUBJECT held on NB_FREQ",
        "frequency": 149.305,
        "provenance": [
          {
            "activity_id": "c6d44573-5aa0-429b-b533-ed8c6d7f3f41",
            "timestamp": "2026-03-21T10:15:01.536363Z",
            "was_generated_by": {
              "tool": "dpf-parser",
              "tool_version": "1.0.0",
              "parameters": []
            },
            "used": [],
            "generated": [
              "c8d1c1cf-acfa-49f1-b86e-2e021c1b3cc1"
            ],
            "execution_duration": "PT0S"
          }
        ]
      }
    },
    {
      "type": "Feature",
      "id": "6b58699a-1cb9-4fa0-b0c0-c1386901ebb1",
      "geometry": null,
      "properties": {
        "kind": "SENSOR_CONTACT",
        "parent_track": "SENSOR",
        "sensor_name": "NB_FREQ",
        "bearing": 0.0,
        "time": "2010-01-12T13:24:20+00:00",
        "label": "SUBJECT held on NB_FREQ",
        "frequency": 149.305,
        "provenance": [
          {
            "activity_id": "c6d44573-5aa0-429b-b533-ed8c6d7f3f41",
            "timestamp": "2026-03-21T10:15:01.536363Z",
            "was_generated_by": {
              "tool": "dpf-parser",
              "tool_version": "1.0.0",
              "parameters": []
            },
            "used": [],
            "generated": [
              "6b58699a-1cb9-4fa0-b0c0-c1386901ebb1"
            ],
            "execution_duration": "PT0S"
          }
        ]
      }
    },
    {
      "type": "Feature",
      "id": "fdda7c9f-360b-4f78-b012-65815680527a",
      "geometry": null,
      "properties": {
        "kind": "SENSOR_CONTACT",
        "parent_track": "SENSOR",
        "sensor_name": "NB_FREQ",
        "bearing": 0.0,
        "time": "2010-01-12T13:24:40+00:00",
        "label": "SUBJECT held on NB_FREQ",
        "frequency": 149.305,
        "provenance": [
          {
            "activity_id": "c6d44573-5aa0-429b-b533-ed8c6d7f3f41",
            "timestamp": "2026-03-21T10:15:01.536363Z",
            "was_generated_by": {
              "tool": "dpf-parser",
              "tool_version": "1.0.0",
              "parameters": []
            },
            "used": [],
            "generated": [
              "fdda7c9f-360b-4f78-b012-65815680527a"
            ],
            "execution_duration": "PT0S"
          }
        ]
      }
    },
    {
      "type": "Feature",
      "id": "802261cd-ddba-467d-bd25-e857bfba3ef3",
      "geometry": null,
      "properties": {
        "kind": "SENSOR_CONTACT",
        "parent_track": "SENSOR",
        "sensor_name": "NB_FREQ",
        "bearing": 0.0,
        "time": "2010-01-12T13:25:00+00:00",
        "label": "SUBJECT held on NB_FREQ",
        "frequency": 149.304,
        "provenance": [
          {
            "activity_id": "c6d44573-5aa0-429b-b533-ed8c6d7f3f41",
            "timestamp": "2026-03-21T10:15:01.536363Z",
            "was_generated_by": {
              "tool": "dpf-parser",
              "tool_version": "1.0.0",
              "parameters": []
            },
            "used": [],
            "generated": [
              "802261cd-ddba-467d-bd25-e857bfba3ef3"
            ],
            "execution_duration": "PT0S"
          }
        ]
      }
    },
    {
      "type": "Feature",
      "id": "d0a80aa7-8007-43c8-9d25-a1466872ebc4",
      "geometry": null,
      "properties": {
        "kind": "SENSOR_CONTACT",
        "parent_track": "SENSOR",
        "sensor_name": "NB_FREQ",
        "bearing": 0.0,
        "time": "2010-01-12T13:25:20+00:00",
        "label": "SUBJECT held on NB_FREQ",
        "frequency": 149.304,
        "provenance": [
          {
            "activity_id": "c6d44573-5aa0-429b-b533-ed8c6d7f3f41",
            "timestamp": "2026-03-21T10:15:01.536363Z",
            "was_generated_by": {
              "tool": "dpf-parser",
              "tool_version": "1.0.0",
              "parameters": []
            },
            "used": [],
            "generated": [
              "d0a80aa7-8007-43c8-9d25-a1466872ebc4"
            ],
            "execution_duration": "PT0S"
          }
        ]
      }
    },
    {
      "type": "Feature",
      "id": "9227dcbb-b6e5-48e2-ba93-ecf7a938ead6",
      "geometry": null,
      "properties": {
        "kind": "SENSOR_CONTACT",
        "parent_track": "SENSOR",
        "sensor_name": "NB_FREQ",
        "bearing": 0.0,
        "time": "2010-01-12T13:25:40+00:00",
        "label": "SUBJECT held on NB_FREQ",
        "frequency": 149.304,
        "provenance": [
          {
            "activity_id": "c6d44573-5aa0-429b-b533-ed8c6d7f3f41",
            "timestamp": "2026-03-21T10:15:01.536363Z",
            "was_generated_by": {
              "tool": "dpf-parser",
              "tool_version": "1.0.0",
              "parameters": []
            },
            "used": [],
            "generated": [
              "9227dcbb-b6e5-48e2-ba93-ecf7a938ead6"
            ],
            "execution_duration": "PT0S"
          }
        ]
      }
    },
    {
      "type": "Feature",
      "id": "ccb85bb5-00a4-4b2c-95a4-ab0e9912e0e3",
      "geometry": null,
      "properties": {
        "kind": "SENSOR_CONTACT",
        "parent_track": "SENSOR",
        "sensor_name": "NB_FREQ",
        "bearing": 0.0,
        "time": "2010-01-12T13:26:00+00:00",
        "label": "SUBJECT held on NB_FREQ",
        "frequency": 149.304,
        "provenance": [
          {
            "activity_id": "c6d44573-5aa0-429b-b533-ed8c6d7f3f41",
            "timestamp": "2026-03-21T10:15:01.536363Z",
            "was_generated_by": {
              "tool": "dpf-parser",
              "tool_version": "1.0.0",
              "parameters": []
            },
            "used": [],
            "generated": [
              "ccb85bb5-00a4-4b2c-95a4-ab0e9912e0e3"
            ],
            "execution_duration": "PT0S"
          }
        ]
      }
    },
    {
      "type": "Feature",
      "id": "530db3a2-7cfb-435c-bdab-a55818e5250a",
      "geometry": null,
      "properties": {
        "kind": "SENSOR_CONTACT",
        "parent_track": "SENSOR",
        "sensor_name": "NB_FREQ",
        "bearing": 0.0,
        "time": "2010-01-12T13:26:20+00:00",
        "label": "SUBJECT held on NB_FREQ",
        "frequency": 149.304,
        "provenance": [
          {
            "activity_id": "c6d44573-5aa0-429b-b533-ed8c6d7f3f41",
            "timestamp": "2026-03-21T10:15:01.536363Z",
            "was_generated_by": {
              "tool": "dpf-parser",
              "tool_version": "1.0.0",
              "parameters": []
            },
            "used": [],
            "generated": [
              "530db3a2-7cfb-435c-bdab-a55818e5250a"
            ],
            "execution_duration": "PT0S"
          }
        ]
      }
    },
    {
      "type": "Feature",
      "id": "0f47d4c0-b697-46cd-a8e8-5f7c454318ea",
      "geometry": null,
      "properties": {
        "kind": "SENSOR_CONTACT",
        "parent_track": "SENSOR",
        "sensor_name": "NB_FREQ",
        "bearing": 0.0,
        "time": "2010-01-12T13:26:40+00:00",
        "label": "SUBJECT held on NB_FREQ",
        "frequency": 149.303,
        "provenance": [
          {
            "activity_id": "c6d44573-5aa0-429b-b533-ed8c6d7f3f41",
            "timestamp": "2026-03-21T10:15:01.536363Z",
            "was_generated_by": {
              "tool": "dpf-parser",
              "tool_version": "1.0.0",
              "parameters": []
            },
            "used": [],
            "generated": [
              "0f47d4c0-b697-46cd-a8e8-5f7c454318ea"
            ],
            "execution_duration": "PT0S"
          }
        ]
      }
    },
    {
      "type": "Feature",
      "id": "d04efd87-40c6-4b8e-971b-b0f1421ce167",
      "geometry": null,
      "properties": {
        "kind": "SENSOR_CONTACT",
        "parent_track": "SENSOR",
        "sensor_name": "NB_FREQ",
        "bearing": 0.0,
        "time": "2010-01-12T13:27:00+00:00",
        "label": "SUBJECT held on NB_FREQ",
        "frequency": 149.303,
        "provenance": [
          {
            "activity_id": "c6d44573-5aa0-429b-b533-ed8c6d7f3f41",
            "timestamp": "2026-03-21T10:15:01.536363Z",
            "was_generated_by": {
              "tool": "dpf-parser",
              "tool_version": "1.0.0",
              "parameters": []
            },
            "used": [],
            "generated": [
              "d04efd87-40c6-4b8e-971b-b0f1421ce167"
            ],
            "execution_duration": "PT0S"
          }
        ]
      }
    },
    {
      "type": "Feature",
      "id": "c5b7239a-5671-4430-8d54-8bf1d37a27f9",
      "geometry": null,
      "properties": {
        "kind": "SENSOR_CONTACT",
        "parent_track": "SENSOR",
        "sensor_name": "NB_FREQ",
        "bearing": 0.0,
        "time": "2010-01-12T13:27:20+00:00",
        "label": "SUBJECT held on NB_FREQ",
        "frequency": 149.303,
        "provenance": [
          {
            "activity_id": "c6d44573-5aa0-429b-b533-ed8c6d7f3f41",
            "timestamp": "2026-03-21T10:15:01.536363Z",
            "was_generated_by": {
              "tool": "dpf-parser",
              "tool_version": "1.0.0",
              "parameters": []
            },
            "used": [],
            "generated": [
              "c5b7239a-5671-4430-8d54-8bf1d37a27f9"
            ],
            "execution_duration": "PT0S"
          }
        ]
      }
    },
    {
      "type": "Feature",
      "id": "209f039b-385a-48b1-99a0-a5da1b9ae2ea",
      "geometry": null,
      "properties": {
        "kind": "SENSOR_CONTACT",
        "parent_track": "SENSOR",
        "sensor_name": "NB_FREQ",
        "bearing": 0.0,
        "time": "2010-01-12T13:27:40+00:00",
        "label": "SUBJECT held on NB_FREQ",
        "frequency": 149.303,
        "provenance": [
          {
            "activity_id": "c6d44573-5aa0-429b-b533-ed8c6d7f3f41",
            "timestamp": "2026-03-21T10:15:01.536363Z",
            "was_generated_by": {
              "tool": "dpf-parser",
              "tool_version": "1.0.0",
              "parameters": []
            },
            "used": [],
            "generated": [
              "209f039b-385a-48b1-99a0-a5da1b9ae2ea"
            ],
            "execution_duration": "PT0S"
          }
        ]
      }
    },
    {
      "type": "Feature",
      "id": "7da19e25-2fe5-4687-9912-7c459154b6ab",
      "geometry": null,
      "properties": {
        "kind": "SENSOR_CONTACT",
        "parent_track": "SENSOR",
        "sensor_name": "NB_FREQ",
        "bearing": 0.0,
        "time": "2010-01-12T13:28:00+00:00",
        "label": "SUBJECT held on NB_FREQ",
        "frequency": 149.303,
        "provenance": [
          {
            "activity_id": "c6d44573-5aa0-429b-b533-ed8c6d7f3f41",
            "timestamp": "2026-03-21T10:15:01.536363Z",
            "was_generated_by": {
              "tool": "dpf-parser",
              "tool_version": "1.0.0",
              "parameters": []
            },
            "used": [],
            "generated": [
              "7da19e25-2fe5-4687-9912-7c459154b6ab"
            ],
            "execution_duration": "PT0S"
          }
        ]
      }
    },
    {
      "type": "Feature",
      "id": "b5a530cb-6bce-4513-9077-f92403dba146",
      "geometry": null,
      "properties": {
        "kind": "SENSOR_CONTACT",
        "parent_track": "SENSOR",
        "sensor_name": "NB_FREQ",
        "bearing": 0.0,
        "time": "2010-01-12T13:28:20+00:00",
        "label": "SUBJECT held on NB_FREQ",
        "frequency": 149.303,
        "provenance": [
          {
            "activity_id": "c6d44573-5aa0-429b-b533-ed8c6d7f3f41",
            "timestamp": "2026-03-21T10:15:01.536363Z",
            "was_generated_by": {
              "tool": "dpf-parser",
              "tool_version": "1.0.0",
              "parameters": []
            },
            "used": [],
            "generated": [
              "b5a530cb-6bce-4513-9077-f92403dba146"
            ],
            "execution_duration": "PT0S"
          }
        ]
      }
    },
    {
      "type": "Feature",
      "id": "6157fd61-717f-481e-8bc4-2072c71d9a0e",
      "geometry": null,
      "properties": {
        "kind": "SENSOR_CONTACT",
        "parent_track": "SENSOR",
        "sensor_name": "NB_FREQ",
        "bearing": 0.0,
        "time": "2010-01-12T13:28:40+00:00",
        "label": "SUBJECT held on NB_FREQ",
        "frequency": 149.302,
        "provenance": [
          {
            "activity_id": "c6d44573-5aa0-429b-b533-ed8c6d7f3f41",
            "timestamp": "2026-03-21T10:15:01.536363Z",
            "was_generated_by": {
              "tool": "dpf-parser",
              "tool_version": "1.0.0",
              "parameters": []
            },
            "used": [],
            "generated": [
              "6157fd61-717f-481e-8bc4-2072c71d9a0e"
            ],
            "execution_duration": "PT0S"
          }
        ]
      }
    },
    {
      "type": "Feature",
      "id": "8f473774-3fdd-4f1a-9c79-f0031bcc847a",
      "geometry": null,
      "properties": {
        "kind": "SENSOR_CONTACT",
        "parent_track": "SENSOR",
        "sensor_name": "NB_FREQ",
        "bearing": 0.0,
        "time": "2010-01-12T13:29:00+00:00",
        "label": "SUBJECT held on NB_FREQ",
        "frequency": 149.302,
        "provenance": [
          {
            "activity_id": "c6d44573-5aa0-429b-b533-ed8c6d7f3f41",
            "timestamp": "2026-03-21T10:15:01.536363Z",
            "was_generated_by": {
              "tool": "dpf-parser",
              "tool_version": "1.0.0",
              "parameters": []
            },
            "used": [],
            "generated": [
              "8f473774-3fdd-4f1a-9c79-f0031bcc847a"
            ],
            "execution_duration": "PT0S"
          }
        ]
      }
    },
    {
      "type": "Feature",
      "id": "e75e2819-02a1-43fd-a23b-e6fda5ef959f",
      "geometry": null,
      "properties": {
        "kind": "SENSOR_CONTACT",
        "parent_track": "SENSOR",
        "sensor_name": "NB_FREQ",
        "bearing": 0.0,
        "time": "2010-01-12T13:29:20+00:00",
        "label": "SUBJECT held on NB_FREQ",
        "frequency": 149.302,
        "provenance": [
          {
            "activity_id": "c6d44573-5aa0-429b-b533-ed8c6d7f3f41",
            "timestamp": "2026-03-21T10:15:01.536363Z",
            "was_generated_by": {
              "tool": "dpf-parser",
              "tool_version": "1.0.0",
              "parameters": []
            },
            "used": [],
            "generated": [
              "e75e2819-02a1-43fd-a23b-e6fda5ef959f"
            ],
            "execution_duration": "PT0S"
          }
        ]
      }
    },
    {
      "type": "Feature",
      "id": "ebec31b2-6ffb-4c36-8773-822c11ef233e",
      "geometry": null,
      "properties": {
        "kind": "SENSOR_CONTACT",
        "parent_track": "SENSOR",
        "sensor_name": "NB_FREQ",
        "bearing": 0.0,
        "time": "2010-01-12T13:29:40+00:00",
        "label": "SUBJECT held on NB_FREQ",
        "frequency": 149.302,
        "provenance": [
          {
            "activity_id": "c6d44573-5aa0-429b-b533-ed8c6d7f3f41",
            "timestamp": "2026-03-21T10:15:01.536363Z",
            "was_generated_by": {
              "tool": "dpf-parser",
              "tool_version": "1.0.0",
              "parameters": []
            },
            "used": [],
            "generated": [
              "ebec31b2-6ffb-4c36-8773-822c11ef233e"
            ],
            "execution_duration": "PT0S"
          }
        ]
      }
    },
    {
      "type": "Feature",
      "id": "92e57022-0766-41e5-93ef-20b734ad5e12",
      "geometry": null,
      "properties": {
        "kind": "SENSOR_CONTACT",
        "parent_track": "SENSOR",
        "sensor_name": "NB_FREQ",
        "bearing": 0.0,
        "time": "2010-01-12T13:30:00+00:00",
        "label": "SUBJECT held on NB_FREQ",
        "frequency": 149.302,
        "provenance": [
          {
            "activity_id": "c6d44573-5aa0-429b-b533-ed8c6d7f3f41",
            "timestamp": "2026-03-21T10:15:01.536363Z",
            "was_generated_by": {
              "tool": "dpf-parser",
              "tool_version": "1.0.0",
              "parameters": []
            },
            "used": [],
            "generated": [
              "92e57022-0766-41e5-93ef-20b734ad5e12"
            ],
            "execution_duration": "PT0S"
          }
        ]
      }
    },
    {
      "type": "Feature",
      "id": "4d0edfb9-92f4-417a-8a73-552a4c4420d0",
      "geometry": {
        "type": "LineString",
        "coordinates": [
          [
            -0.02,
            60.02
          ],
          [
            -0.0187222,
            60.0201139
          ],
          [
            -0.0174444,
            60.020225
          ],
          [
            -0.0161667,
            60.0203389
          ],
          [
            -0.0148917,
            60.02045
          ],
          [
            -0.0136139,
            60.0205639
          ],
          [
            -0.0123361,
            60.020675
          ],
          [
            -0.0110583,
            60.0207889
          ],
          [
            -0.0097806,
            60.0209
          ],
          [
            -0.0085028,
            60.0210139
          ],
          [
            -0.007225,
            60.021125
          ],
          [
            -0.00595,
            60.0212389
          ],
          [
            -0.0046722,
            60.02135
          ],
          [
            -0.0033944,
            60.0214639
          ],
          [
            -0.0021167,
            60.021575
          ],
          [
            -0.0008389,
            60.0216889
          ],
          [
            0.0004389,
            60.0218
          ],
          [
            0.0017167,
            60.0219139
          ],
          [
            0.0029944,
            60.022025
          ],
          [
            0.0042722,
            60.0221389
          ],
          [
            0.0055472,
            60.02225
          ],
          [
            0.006825,
            60.0223639
          ],
          [
            0.0081028,
            60.022475
          ],
          [
            0.0093806,
            60.0225889
          ],
          [
            0.0106583,
            60.0227
          ],
          [
            0.0119361,
            60.0228139
          ],
          [
            0.0132139,
            60.022925
          ],
          [
            0.0144917,
            60.0230389
          ],
          [
            0.0157694,
            60.0231528
          ],
          [
            0.0170444,
            60.0232639
          ],
          [
            0.0183222,
            60.0233778
          ],
          [
            0.0196,
            60.0234889
          ],
          [
            0.0208778,
            60.0236028
          ],
          [
            0.0221556,
            60.0237139
          ],
          [
            0.0234333,
            60.0238278
          ],
          [
            0.0247111,
            60.0239389
          ],
          [
            0.0259889,
            60.0240528
          ],
          [
            0.0272667,
            60.0241639
          ],
          [
            0.0285444,
            60.0242778
          ],
          [
            0.0298222,
            60.0243889
          ],
          [
            0.0310972,
            60.0245028
          ],
          [
            0.032375,
            60.0246139
          ],
          [
            0.0336528,
            60.0247278
          ],
          [
            0.0349306,
            60.0248389
          ],
          [
            0.0362083,
            60.0249528
          ],
          [
            0.0374861,
            60.0250639
          ],
          [
            0.0387639,
            60.0251778
          ],
          [
            0.0400417,
            60.0252889
          ],
          [
            0.0413194,
            60.0254028
          ],
          [
            0.0425972,
            60.0255139
          ],
          [
            0.043875,
            60.0256278
          ],
          [
            0.0451528,
            60.0257389
          ],
          [
            0.0464306,
            60.0258528
          ],
          [
            0.0477083,
            60.0259639
          ],
          [
            0.0489833,
            60.0260778
          ],
          [
            0.0502611,
            60.0261889
          ],
          [
            0.0515389,
            60.0263028
          ],
          [
            0.0528167,
            60.0264167
          ],
          [
            0.0540944,
            60.0265278
          ],
          [
            0.0553722,
            60.0266417
          ],
          [
            0.05665,
            60.0267528
          ],
          [
            0.0579278,
            60.0268667
          ],
          [
            0.0592056,
            60.0269778
          ],
          [
            0.0604833,
            60.0270917
          ],
          [
            0.0617611,
            60.0272028
          ],
          [
            0.0630389,
            60.0273167
          ],
          [
            0.0643167,
            60.0274278
          ],
          [
            0.0655944,
            60.0275417
          ],
          [
            0.0668722,
            60.0276528
          ],
          [
            0.06815,
            60.0277667
          ],
          [
            0.0694278,
            60.0278778
          ],
          [
            0.0707056,
            60.0279917
          ],
          [
            0.0719833,
            60.0281028
          ],
          [
            0.0732611,
            60.0282167
          ],
          [
            0.0745389,
            60.0283278
          ],
          [
            0.0758167,
            60.0284417
          ],
          [
            0.0770944,
            60.0285528
          ],
          [
            0.0783694,
            60.0286667
          ],
          [
            0.0796472,
            60.0287778
          ],
          [
            0.080925,
            60.0288917
          ],
          [
            0.0822028,
            60.0290028
          ],
          [
            0.0834806,
            60.0291167
          ],
          [
            0.0847583,
            60.0292278
          ],
          [
            0.0860361,
            60.0293417
          ],
          [
            0.0873139,
            60.0294556
          ],
          [
            0.0885917,
            60.0295667
          ],
          [
            0.0898694,
            60.0296806
          ],
          [
            0.0911472,
            60.0297917
          ],
          [
            0.092425,
            60.0299056
          ],
          [
            0.0937028,
            60.0300167
          ],
          [
            0.0949806,
            60.0301306
          ],
          [
            0.0962583,
            60.0302417
          ],
          [
            0.0975361,
            60.0303556
          ],
          [
            0.0988139,
            60.0304667
          ],
          [
            0.1000917,
            60.0305806
          ],
          [
            0.1013694,
            60.0306917
          ],
          [
            0.1026472,
            60.0308056
          ],
          [
            0.103925,
            60.0309167
          ],
          [
            0.1052028,
            60.0310306
          ],
          [
            0.1064806,
            60.0311417
          ],
          [
            0.1077583,
            60.0312556
          ],
          [
            0.1090361,
            60.0313667
          ],
          [
            0.1103139,
            60.0314806
          ],
          [
            0.1115917,
            60.0315917
          ],
          [
            0.1128694,
            60.0317056
          ],
          [
            0.1141472,
            60.0318167
          ],
          [
            0.115425,
            60.0319306
          ],
          [
            0.1167028,
            60.0320417
          ],
          [
            0.1179806,
            60.0321556
          ],
          [
            0.1192611,
            60.0322667
          ],
          [
            0.1205389,
            60.0323806
          ],
          [
            0.1218167,
            60.0324917
          ],
          [
            0.1230944,
            60.0326056
          ],
          [
            0.1243722,
            60.0327194
          ],
          [
            0.12565,
            60.0328306
          ],
          [
            0.1269278,
            60.0329444
          ],
          [
            0.1282056,
            60.0330556
          ],
          [
            0.1294833,
            60.0331694
          ],
          [
            0.1307611,
            60.0332806
          ],
          [
            0.1320389,
            60.0333944
          ],
          [
            0.1333167,
            60.0335056
          ],
          [
            0.1345944,
            60.0336194
          ],
          [
            0.1358722,
            60.0337306
          ],
          [
            0.13715,
            60.0338444
          ],
          [
            0.1384278,
            60.0339556
          ],
          [
            0.1397056,
            60.0340694
          ],
          [
            0.1409833,
            60.0341806
          ],
          [
            0.1422611,
            60.0342944
          ],
          [
            0.1435389,
            60.0344056
          ],
          [
            0.1448167,
            60.0345194
          ],
          [
            0.1460944,
            60.0346306
          ],
          [
            0.1473722,
            60.0347444
          ],
          [
            0.1486528,
            60.0348556
          ],
          [
            0.1499306,
            60.0349694
          ],
          [
            0.1512083,
            60.0350806
          ],
          [
            0.1524861,
            60.0351944
          ],
          [
            0.1537639,
            60.0353056
          ],
          [
            0.1550417,
            60.0354194
          ],
          [
            0.1563194,
            60.0355306
          ],
          [
            0.1575972,
            60.0356444
          ],
          [
            0.158875,
            60.0357583
          ],
          [
            0.1601528,
            60.0358694
          ],
          [
            0.1614306,
            60.0359833
          ],
          [
            0.1627083,
            60.0360944
          ],
          [
            0.1639861,
            60.0362083
          ],
          [
            0.1652639,
            60.0363194
          ],
          [
            0.1665444,
            60.0364333
          ],
          [
            0.1678222,
            60.0365444
          ],
          [
            0.1691,
            60.0366583
          ],
          [
            0.1703778,
            60.0367694
          ],
          [
            0.1716556,
            60.0368833
          ],
          [
            0.1729333,
            60.0369944
          ],
          [
            0.1742111,
            60.0371083
          ],
          [
            0.1754889,
            60.0372194
          ],
          [
            0.1767667,
            60.0373333
          ],
          [
            0.1780444,
            60.0374444
          ],
          [
            0.1793222,
            60.0375583
          ],
          [
            0.1806028,
            60.0376694
          ],
          [
            0.1818806,
            60.0377833
          ],
          [
            0.1831583,
            60.0378944
          ],
          [
            0.1844361,
            60.0380083
          ],
          [
            0.1857139,
            60.0381194
          ],
          [
            0.1869917,
            60.0382333
          ],
          [
            0.1882694,
            60.0383444
          ],
          [
            0.1895472,
            60.0384583
          ],
          [
            0.190825,
            60.0385694
          ],
          [
            0.1921056,
            60.0386833
          ],
          [
            0.1933833,
            60.0387944
          ],
          [
            0.1946611,
            60.0389083
          ],
          [
            0.1959389,
            60.0390222
          ],
          [
            0.1972167,
            60.0391333
          ],
          [
            0.1984944,
            60.0392472
          ],
          [
            0.1997722,
            60.0393583
          ],
          [
            0.20105,
            60.0394722
          ],
          [
            0.2023278,
            60.0395833
          ],
          [
            0.2036083,
            60.0396972
          ],
          [
            0.2048861,
            60.0398083
          ],
          [
            0.2061639,
            60.0399222
          ],
          [
            0.2074417,
            60.0400333
          ],
          [
            0.2087194,
            60.0401472
          ],
          [
            0.2099972,
            60.0402583
          ],
          [
            0.211275,
            60.0403722
          ],
          [
            0.2125556,
            60.0404833
          ],
          [
            0.2138333,
            60.0405972
          ],
          [
            0.2151111,
            60.0407083
          ],
          [
            0.2163889,
            60.0408222
          ],
          [
            0.2176667,
            60.0409333
          ],
          [
            0.2189444,
            60.0410472
          ],
          [
            0.2202222,
            60.0411583
          ],
          [
            0.2215028,
            60.0412722
          ],
          [
            0.2227806,
            60.0413833
          ],
          [
            0.2240583,
            60.0414972
          ],
          [
            0.2253361,
            60.0416083
          ],
          [
            0.2266139,
            60.0417222
          ],
          [
            0.2278917,
            60.0418333
          ],
          [
            0.2291722,
            60.0419472
          ],
          [
            0.23045,
            60.0420611
          ],
          [
            0.2317278,
            60.0421722
          ],
          [
            0.2330056,
            60.0422861
          ],
          [
            0.2342833,
            60.0423972
          ],
          [
            0.2355611,
            60.0425111
          ],
          [
            0.2368417,
            60.0426222
          ],
          [
            0.2381194,
            60.0427361
          ],
          [
            0.2393972,
            60.0428472
          ],
          [
            0.240675,
            60.0429611
          ],
          [
            0.2419528,
            60.0430722
          ],
          [
            0.2432306,
            60.0431861
          ],
          [
            0.2445111,
            60.0432972
          ],
          [
            0.2457889,
            60.0434111
          ],
          [
            0.2470667,
            60.0435222
          ],
          [
            0.2483444,
            60.0436361
          ],
          [
            0.2496222,
            60.0437472
          ],
          [
            0.2509,
            60.0438611
          ],
          [
            0.2521806,
            60.0439722
          ],
          [
            0.2534583,
            60.0440861
          ],
          [
            0.2547361,
            60.0441972
          ],
          [
            0.2560139,
            60.0443111
          ],
          [
            0.2572917,
            60.0444222
          ],
          [
            0.2585722,
            60.0445361
          ],
          [
            0.25985,
            60.0446472
          ],
          [
            0.2611278,
            60.0447611
          ],
          [
            0.2624056,
            60.0448722
          ],
          [
            0.2636833,
            60.0449861
          ],
          [
            0.2649639,
            60.0450972
          ],
          [
            0.2662417,
            60.0452111
          ],
          [
            0.2675194,
            60.045325
          ],
          [
            0.2687972,
            60.0454361
          ],
          [
            0.270075,
            60.04555
          ],
          [
            0.2713556,
            60.0456611
          ],
          [
            0.2726333,
            60.045775
          ],
          [
            0.2739111,
            60.0458861
          ],
          [
            0.2751889,
            60.046
          ],
          [
            0.2764694,
            60.0461111
          ],
          [
            0.2777472,
            60.046225
          ],
          [
            0.279025,
            60.0463361
          ],
          [
            0.2803028,
            60.04645
          ],
          [
            0.2815806,
            60.0465611
          ],
          [
            0.2828611,
            60.046675
          ],
          [
            0.2841389,
            60.0467861
          ],
          [
            0.2854167,
            60.0469
          ],
          [
            0.2866944,
            60.0470111
          ],
          [
            0.287975,
            60.047125
          ],
          [
            0.2892528,
            60.0472361
          ],
          [
            0.2905306,
            60.04735
          ],
          [
            0.2918083,
            60.0474611
          ],
          [
            0.2930889,
            60.047575
          ],
          [
            0.2943667,
            60.0476861
          ],
          [
            0.2956444,
            60.0478
          ],
          [
            0.2969222,
            60.0479111
          ],
          [
            0.2982,
            60.048025
          ],
          [
            0.2994806,
            60.0481361
          ],
          [
            0.3007583,
            60.04825
          ],
          [
            0.3020361,
            60.0483639
          ],
          [
            0.3033139,
            60.048475
          ],
          [
            0.3045944,
            60.0485889
          ],
          [
            0.3058722,
            60.0487
          ],
          [
            0.30715,
            60.0488139
          ],
          [
            0.3084278,
            60.048925
          ],
          [
            0.3097083,
            60.0490389
          ],
          [
            0.3109861,
            60.04915
          ],
          [
            0.3122639,
            60.0492639
          ],
          [
            0.3135444,
            60.049375
          ],
          [
            0.3148222,
            60.0494889
          ],
          [
            0.3161,
            60.0496
          ],
          [
            0.3173778,
            60.0497139
          ],
          [
            0.3186583,
            60.049825
          ],
          [
            0.3199361,
            60.0499389
          ],
          [
            0.3212139,
            60.05005
          ],
          [
            0.3224917,
            60.0501639
          ],
          [
            0.3237722,
            60.050275
          ],
          [
            0.32505,
            60.0503889
          ]
        ]
      },
      "properties": {
        "kind": "TRACK",
        "platform_id": "SUBJECT",
        "platform_name": "SUBJECT",
        "track_type": "CONTACT",
        "start_time": "2010-01-12T12:00:00+00:00",
        "end_time": "2010-01-12T13:30:00+00:00",
        "positions": [
          {
            "time": "2010-01-12T12:00:00+00:00",
            "course": 80.0,
            "speed": 7.0,
            "depth": 0.0
          },
          {
            "time": "2010-01-12T12:00:20+00:00",
            "course": 80.0,
            "speed": 7.0,
            "depth": 0.0
          },
          {
            "time": "2010-01-12T12:00:40+00:00",
            "course": 80.0,
            "speed": 7.0,
            "depth": 0.0
          },
          {
            "time": "2010-01-12T12:01:00+00:00",
            "course": 80.0,
            "speed": 7.0,
            "depth": 0.0
          },
          {
            "time": "2010-01-12T12:01:20+00:00",
            "course": 80.0,
            "speed": 7.0,
            "depth": 0.0
          },
          {
            "time": "2010-01-12T12:01:40+00:00",
            "course": 80.0,
            "speed": 7.0,
            "depth": 0.0
          },
          {
            "time": "2010-01-12T12:02:00+00:00",
            "course": 80.0,
            "speed": 7.0,
            "depth": 0.0
          },
          {
            "time": "2010-01-12T12:02:20+00:00",
            "course": 80.0,
            "speed": 7.0,
            "depth": 0.0
          },
          {
            "time": "2010-01-12T12:02:40+00:00",
            "course": 80.0,
            "speed": 7.0,
            "depth": 0.0
          },
          {
            "time": "2010-01-12T12:03:00+00:00",
            "course": 80.0,
            "speed": 7.0,
            "depth": 0.0
          },
          {
            "time": "2010-01-12T12:03:20+00:00",
            "course": 80.0,
            "speed": 7.0,
            "depth": 0.0
          },
          {
            "time": "2010-01-12T12:03:40+00:00",
            "course": 80.0,
            "speed": 7.0,
            "depth": 0.0
          },
          {
            "time": "2010-01-12T12:04:00+00:00",
            "course": 80.0,
            "speed": 7.0,
            "depth": 0.0
          },
          {
            "time": "2010-01-12T12:04:20+00:00",
            "course": 80.0,
            "speed": 7.0,
            "depth": 0.0
          },
          {
            "time": "2010-01-12T12:04:40+00:00",
            "course": 80.0,
            "speed": 7.0,
            "depth": 0.0
          },
          {
            "time": "2010-01-12T12:05:00+00:00",
            "course": 80.0,
            "speed": 7.0,
            "depth": 0.0
          },
          {
            "time": "2010-01-12T12:05:20+00:00",
            "course": 80.0,
            "speed": 7.0,
            "depth": 0.0
          },
          {
            "time": "2010-01-12T12:05:40+00:00",
            "course": 80.0,
            "speed": 7.0,
            "depth": 0.0
          },
          {
            "time": "2010-01-12T12:06:00+00:00",
            "course": 80.0,
            "speed": 7.0,
            "depth": 0.0
          },
          {
            "time": "2010-01-12T12:06:20+00:00",
            "course": 80.0,
            "speed": 7.0,
            "depth": 0.0
          },
          {
            "time": "2010-01-12T12:06:40+00:00",
            "course": 80.0,
            "speed": 7.0,
            "depth": 0.0
          },
          {
            "time": "2010-01-12T12:07:00+00:00",
            "course": 80.0,
            "speed": 7.0,
            "depth": 0.0
          },
          {
            "time": "2010-01-12T12:07:20+00:00",
            "course": 80.0,
            "speed": 7.0,
            "depth": 0.0
          },
          {
            "time": "2010-01-12T12:07:40+00:00",
            "course": 80.0,
            "speed": 7.0,
            "depth": 0.0
          },
          {
            "time": "2010-01-12T12:08:00+00:00",
            "course": 80.0,
            "speed": 7.0,
            "depth": 0.0
          },
          {
            "time": "2010-01-12T12:08:20+00:00",
            "course": 80.0,
            "speed": 7.0,
            "depth": 0.0
          },
          {
            "time": "2010-01-12T12:08:40+00:00",
            "course": 80.0,
            "speed": 7.0,
            "depth": 0.0
          },
          {
            "time": "2010-01-12T12:09:00+00:00",
            "course": 80.0,
            "speed": 7.0,
            "depth": 0.0
          },
          {
            "time": "2010-01-12T12:09:20+00:00",
            "course": 80.0,
            "speed": 7.0,
            "depth": 0.0
          },
          {
            "time": "2010-01-12T12:09:40+00:00",
            "course": 80.0,
            "speed": 7.0,
            "depth": 0.0
          },
          {
            "time": "2010-01-12T12:10:00+00:00",
            "course": 80.0,
            "speed": 7.0,
            "depth": 0.0
          },
          {
            "time": "2010-01-12T12:10:20+00:00",
            "course": 80.0,
            "speed": 7.0,
            "depth": 0.0
          },
          {
            "time": "2010-01-12T12:10:40+00:00",
            "course": 80.0,
            "speed": 7.0,
            "depth": 0.0
          },
          {
            "time": "2010-01-12T12:11:00+00:00",
            "course": 80.0,
            "speed": 7.0,
            "depth": 0.0
          },
          {
            "time": "2010-01-12T12:11:20+00:00",
            "course": 80.0,
            "speed": 7.0,
            "depth": 0.0
          },
          {
            "time": "2010-01-12T12:11:40+00:00",
            "course": 80.0,
            "speed": 7.0,
            "depth": 0.0
          },
          {
            "time": "2010-01-12T12:12:00+00:00",
            "course": 80.0,
            "speed": 7.0,
            "depth": 0.0
          },
          {
            "time": "2010-01-12T12:12:20+00:00",
            "course": 80.0,
            "speed": 7.0,
            "depth": 0.0
          },
          {
            "time": "2010-01-12T12:12:40+00:00",
            "course": 80.0,
            "speed": 7.0,
            "depth": 0.0
          },
          {
            "time": "2010-01-12T12:13:00+00:00",
            "course": 80.0,
            "speed": 7.0,
            "depth": 0.0
          },
          {
            "time": "2010-01-12T12:13:20+00:00",
            "course": 80.0,
            "speed": 7.0,
            "depth": 0.0
          },
          {
            "time": "2010-01-12T12:13:40+00:00",
            "course": 80.0,
            "speed": 7.0,
            "depth": 0.0
          },
          {
            "time": "2010-01-12T12:14:00+00:00",
            "course": 80.0,
            "speed": 7.0,
            "depth": 0.0
          },
          {
            "time": "2010-01-12T12:14:20+00:00",
            "course": 80.0,
            "speed": 7.0,
            "depth": 0.0
          },
          {
            "time": "2010-01-12T12:14:40+00:00",
            "course": 80.0,
            "speed": 7.0,
            "depth": 0.0
          },
          {
            "time": "2010-01-12T12:15:00+00:00",
            "course": 80.0,
            "speed": 7.0,
            "depth": 0.0
          },
          {
            "time": "2010-01-12T12:15:20+00:00",
            "course": 80.0,
            "speed": 7.0,
            "depth": 0.0
          },
          {
            "time": "2010-01-12T12:15:40+00:00",
            "course": 80.0,
            "speed": 7.0,
            "depth": 0.0
          },
          {
            "time": "2010-01-12T12:16:00+00:00",
            "course": 80.0,
            "speed": 7.0,
            "depth": 0.0
          },
          {
            "time": "2010-01-12T12:16:20+00:00",
            "course": 80.0,
            "speed": 7.0,
            "depth": 0.0
          },
          {
            "time": "2010-01-12T12:16:40+00:00",
            "course": 80.0,
            "speed": 7.0,
            "depth": 0.0
          },
          {
            "time": "2010-01-12T12:17:00+00:00",
            "course": 80.0,
            "speed": 7.0,
            "depth": 0.0
          },
          {
            "time": "2010-01-12T12:17:20+00:00",
            "course": 80.0,
            "speed": 7.0,
            "depth": 0.0
          },
          {
            "time": "2010-01-12T12:17:40+00:00",
            "course": 80.0,
            "speed": 7.0,
            "depth": 0.0
          },
          {
            "time": "2010-01-12T12:18:00+00:00",
            "course": 80.0,
            "speed": 7.0,
            "depth": 0.0
          },
          {
            "time": "2010-01-12T12:18:20+00:00",
            "course": 80.0,
            "speed": 7.0,
            "depth": 0.0
          },
          {
            "time": "2010-01-12T12:18:40+00:00",
            "course": 80.0,
            "speed": 7.0,
            "depth": 0.0
          },
          {
            "time": "2010-01-12T12:19:00+00:00",
            "course": 80.0,
            "speed": 7.0,
            "depth": 0.0
          },
          {
            "time": "2010-01-12T12:19:20+00:00",
            "course": 80.0,
            "speed": 7.0,
            "depth": 0.0
          },
          {
            "time": "2010-01-12T12:19:40+00:00",
            "course": 80.0,
            "speed": 7.0,
            "depth": 0.0
          },
          {
            "time": "2010-01-12T12:20:00+00:00",
            "course": 80.0,
            "speed": 7.0,
            "depth": 0.0
          },
          {
            "time": "2010-01-12T12:20:20+00:00",
            "course": 80.0,
            "speed": 7.0,
            "depth": 0.0
          },
          {
            "time": "2010-01-12T12:20:40+00:00",
            "course": 80.0,
            "speed": 7.0,
            "depth": 0.0
          },
          {
            "time": "2010-01-12T12:21:00+00:00",
            "course": 80.0,
            "speed": 7.0,
            "depth": 0.0
          },
          {
            "time": "2010-01-12T12:21:20+00:00",
            "course": 80.0,
            "speed": 7.0,
            "depth": 0.0
          },
          {
            "time": "2010-01-12T12:21:40+00:00",
            "course": 80.0,
            "speed": 7.0,
            "depth": 0.0
          },
          {
            "time": "2010-01-12T12:22:00+00:00",
            "course": 80.0,
            "speed": 7.0,
            "depth": 0.0
          },
          {
            "time": "2010-01-12T12:22:20+00:00",
            "course": 80.0,
            "speed": 7.0,
            "depth": 0.0
          },
          {
            "time": "2010-01-12T12:22:40+00:00",
            "course": 80.0,
            "speed": 7.0,
            "depth": 0.0
          },
          {
            "time": "2010-01-12T12:23:00+00:00",
            "course": 80.0,
            "speed": 7.0,
            "depth": 0.0
          },
          {
            "time": "2010-01-12T12:23:20+00:00",
            "course": 80.0,
            "speed": 7.0,
            "depth": 0.0
          },
          {
            "time": "2010-01-12T12:23:40+00:00",
            "course": 80.0,
            "speed": 7.0,
            "depth": 0.0
          },
          {
            "time": "2010-01-12T12:24:00+00:00",
            "course": 80.0,
            "speed": 7.0,
            "depth": 0.0
          },
          {
            "time": "2010-01-12T12:24:20+00:00",
            "course": 80.0,
            "speed": 7.0,
            "depth": 0.0
          },
          {
            "time": "2010-01-12T12:24:40+00:00",
            "course": 80.0,
            "speed": 7.0,
            "depth": 0.0
          },
          {
            "time": "2010-01-12T12:25:00+00:00",
            "course": 80.0,
            "speed": 7.0,
            "depth": 0.0
          },
          {
            "time": "2010-01-12T12:25:20+00:00",
            "course": 80.0,
            "speed": 7.0,
            "depth": 0.0
          },
          {
            "time": "2010-01-12T12:25:40+00:00",
            "course": 80.0,
            "speed": 7.0,
            "depth": 0.0
          },
          {
            "time": "2010-01-12T12:26:00+00:00",
            "course": 80.0,
            "speed": 7.0,
            "depth": 0.0
          },
          {
            "time": "2010-01-12T12:26:20+00:00",
            "course": 80.0,
            "speed": 7.0,
            "depth": 0.0
          },
          {
            "time": "2010-01-12T12:26:40+00:00",
            "course": 80.0,
            "speed": 7.0,
            "depth": 0.0
          },
          {
            "time": "2010-01-12T12:27:00+00:00",
            "course": 80.0,
            "speed": 7.0,
            "depth": 0.0
          },
          {
            "time": "2010-01-12T12:27:20+00:00",
            "course": 80.0,
            "speed": 7.0,
            "depth": 0.0
          },
          {
            "time": "2010-01-12T12:27:40+00:00",
            "course": 80.0,
            "speed": 7.0,
            "depth": 0.0
          },
          {
            "time": "2010-01-12T12:28:00+00:00",
            "course": 80.0,
            "speed": 7.0,
            "depth": 0.0
          },
          {
            "time": "2010-01-12T12:28:20+00:00",
            "course": 80.0,
            "speed": 7.0,
            "depth": 0.0
          },
          {
            "time": "2010-01-12T12:28:40+00:00",
            "course": 80.0,
            "speed": 7.0,
            "depth": 0.0
          },
          {
            "time": "2010-01-12T12:29:00+00:00",
            "course": 80.0,
            "speed": 7.0,
            "depth": 0.0
          },
          {
            "time": "2010-01-12T12:29:20+00:00",
            "course": 80.0,
            "speed": 7.0,
            "depth": 0.0
          },
          {
            "time": "2010-01-12T12:29:40+00:00",
            "course": 80.0,
            "speed": 7.0,
            "depth": 0.0
          },
          {
            "time": "2010-01-12T12:30:00+00:00",
            "course": 80.0,
            "speed": 7.0,
            "depth": 0.0
          },
          {
            "time": "2010-01-12T12:30:20+00:00",
            "course": 80.0,
            "speed": 7.0,
            "depth": 0.0
          },
          {
            "time": "2010-01-12T12:30:40+00:00",
            "course": 80.0,
            "speed": 7.0,
            "depth": 0.0
          },
          {
            "time": "2010-01-12T12:31:00+00:00",
            "course": 80.0,
            "speed": 7.0,
            "depth": 0.0
          },
          {
            "time": "2010-01-12T12:31:20+00:00",
            "course": 80.0,
            "speed": 7.0,
            "depth": 0.0
          },
          {
            "time": "2010-01-12T12:31:40+00:00",
            "course": 80.0,
            "speed": 7.0,
            "depth": 0.0
          },
          {
            "time": "2010-01-12T12:32:00+00:00",
            "course": 80.0,
            "speed": 7.0,
            "depth": 0.0
          },
          {
            "time": "2010-01-12T12:32:20+00:00",
            "course": 80.0,
            "speed": 7.0,
            "depth": 0.0
          },
          {
            "time": "2010-01-12T12:32:40+00:00",
            "course": 80.0,
            "speed": 7.0,
            "depth": 0.0
          },
          {
            "time": "2010-01-12T12:33:00+00:00",
            "course": 80.0,
            "speed": 7.0,
            "depth": 0.0
          },
          {
            "time": "2010-01-12T12:33:20+00:00",
            "course": 80.0,
            "speed": 7.0,
            "depth": 0.0
          },
          {
            "time": "2010-01-12T12:33:40+00:00",
            "course": 80.0,
            "speed": 7.0,
            "depth": 0.0
          },
          {
            "time": "2010-01-12T12:34:00+00:00",
            "course": 80.0,
            "speed": 7.0,
            "depth": 0.0
          },
          {
            "time": "2010-01-12T12:34:20+00:00",
            "course": 80.0,
            "speed": 7.0,
            "depth": 0.0
          },
          {
            "time": "2010-01-12T12:34:40+00:00",
            "course": 80.0,
            "speed": 7.0,
            "depth": 0.0
          },
          {
            "time": "2010-01-12T12:35:00+00:00",
            "course": 80.0,
            "speed": 7.0,
            "depth": 0.0
          },
          {
            "time": "2010-01-12T12:35:20+00:00",
            "course": 80.0,
            "speed": 7.0,
            "depth": 0.0
          },
          {
            "time": "2010-01-12T12:35:40+00:00",
            "course": 80.0,
            "speed": 7.0,
            "depth": 0.0
          },
          {
            "time": "2010-01-12T12:36:00+00:00",
            "course": 80.0,
            "speed": 7.0,
            "depth": 0.0
          },
          {
            "time": "2010-01-12T12:36:20+00:00",
            "course": 80.0,
            "speed": 7.0,
            "depth": 0.0
          },
          {
            "time": "2010-01-12T12:36:40+00:00",
            "course": 80.0,
            "speed": 7.0,
            "depth": 0.0
          },
          {
            "time": "2010-01-12T12:37:00+00:00",
            "course": 80.0,
            "speed": 7.0,
            "depth": 0.0
          },
          {
            "time": "2010-01-12T12:37:20+00:00",
            "course": 80.0,
            "speed": 7.0,
            "depth": 0.0
          },
          {
            "time": "2010-01-12T12:37:40+00:00",
            "course": 80.0,
            "speed": 7.0,
            "depth": 0.0
          },
          {
            "time": "2010-01-12T12:38:00+00:00",
            "course": 80.0,
            "speed": 7.0,
            "depth": 0.0
          },
          {
            "time": "2010-01-12T12:38:20+00:00",
            "course": 80.0,
            "speed": 7.0,
            "depth": 0.0
          },
          {
            "time": "2010-01-12T12:38:40+00:00",
            "course": 80.0,
            "speed": 7.0,
            "depth": 0.0
          },
          {
            "time": "2010-01-12T12:39:00+00:00",
            "course": 80.0,
            "speed": 7.0,
            "depth": 0.0
          },
          {
            "time": "2010-01-12T12:39:20+00:00",
            "course": 80.0,
            "speed": 7.0,
            "depth": 0.0
          },
          {
            "time": "2010-01-12T12:39:40+00:00",
            "course": 80.0,
            "speed": 7.0,
            "depth": 0.0
          },
          {
            "time": "2010-01-12T12:40:00+00:00",
            "course": 80.0,
            "speed": 7.0,
            "depth": 0.0
          },
          {
            "time": "2010-01-12T12:40:20+00:00",
            "course": 80.0,
            "speed": 7.0,
            "depth": 0.0
          },
          {
            "time": "2010-01-12T12:40:40+00:00",
            "course": 80.0,
            "speed": 7.0,
            "depth": 0.0
          },
          {
            "time": "2010-01-12T12:41:00+00:00",
            "course": 80.0,
            "speed": 7.0,
            "depth": 0.0
          },
          {
            "time": "2010-01-12T12:41:20+00:00",
            "course": 80.0,
            "speed": 7.0,
            "depth": 0.0
          },
          {
            "time": "2010-01-12T12:41:40+00:00",
            "course": 80.0,
            "speed": 7.0,
            "depth": 0.0
          },
          {
            "time": "2010-01-12T12:42:00+00:00",
            "course": 80.0,
            "speed": 7.0,
            "depth": 0.0
          },
          {
            "time": "2010-01-12T12:42:20+00:00",
            "course": 80.0,
            "speed": 7.0,
            "depth": 0.0
          },
          {
            "time": "2010-01-12T12:42:40+00:00",
            "course": 80.0,
            "speed": 7.0,
            "depth": 0.0
          },
          {
            "time": "2010-01-12T12:43:00+00:00",
            "course": 80.0,
            "speed": 7.0,
            "depth": 0.0
          },
          {
            "time": "2010-01-12T12:43:20+00:00",
            "course": 80.0,
            "speed": 7.0,
            "depth": 0.0
          },
          {
            "time": "2010-01-12T12:43:40+00:00",
            "course": 80.0,
            "speed": 7.0,
            "depth": 0.0
          },
          {
            "time": "2010-01-12T12:44:00+00:00",
            "course": 80.0,
            "speed": 7.0,
            "depth": 0.0
          },
          {
            "time": "2010-01-12T12:44:20+00:00",
            "course": 80.0,
            "speed": 7.0,
            "depth": 0.0
          },
          {
            "time": "2010-01-12T12:44:40+00:00",
            "course": 80.0,
            "speed": 7.0,
            "depth": 0.0
          },
          {
            "time": "2010-01-12T12:45:00+00:00",
            "course": 80.0,
            "speed": 7.0,
            "depth": 0.0
          },
          {
            "time": "2010-01-12T12:45:20+00:00",
            "course": 80.0,
            "speed": 7.0,
            "depth": 0.0
          },
          {
            "time": "2010-01-12T12:45:40+00:00",
            "course": 80.0,
            "speed": 7.0,
            "depth": 0.0
          },
          {
            "time": "2010-01-12T12:46:00+00:00",
            "course": 80.0,
            "speed": 7.0,
            "depth": 0.0
          },
          {
            "time": "2010-01-12T12:46:20+00:00",
            "course": 80.0,
            "speed": 7.0,
            "depth": 0.0
          },
          {
            "time": "2010-01-12T12:46:40+00:00",
            "course": 80.0,
            "speed": 7.0,
            "depth": 0.0
          },
          {
            "time": "2010-01-12T12:47:00+00:00",
            "course": 80.0,
            "speed": 7.0,
            "depth": 0.0
          },
          {
            "time": "2010-01-12T12:47:20+00:00",
            "course": 80.0,
            "speed": 7.0,
            "depth": 0.0
          },
          {
            "time": "2010-01-12T12:47:40+00:00",
            "course": 80.0,
            "speed": 7.0,
            "depth": 0.0
          },
          {
            "time": "2010-01-12T12:48:00+00:00",
            "course": 80.0,
            "speed": 7.0,
            "depth": 0.0
          },
          {
            "time": "2010-01-12T12:48:20+00:00",
            "course": 80.0,
            "speed": 7.0,
            "depth": 0.0
          },
          {
            "time": "2010-01-12T12:48:40+00:00",
            "course": 80.0,
            "speed": 7.0,
            "depth": 0.0
          },
          {
            "time": "2010-01-12T12:49:00+00:00",
            "course": 80.0,
            "speed": 7.0,
            "depth": 0.0
          },
          {
            "time": "2010-01-12T12:49:20+00:00",
            "course": 80.0,
            "speed": 7.0,
            "depth": 0.0
          },
          {
            "time": "2010-01-12T12:49:40+00:00",
            "course": 80.0,
            "speed": 7.0,
            "depth": 0.0
          },
          {
            "time": "2010-01-12T12:50:00+00:00",
            "course": 80.0,
            "speed": 7.0,
            "depth": 0.0
          },
          {
            "time": "2010-01-12T12:50:20+00:00",
            "course": 80.0,
            "speed": 7.0,
            "depth": 0.0
          },
          {
            "time": "2010-01-12T12:50:40+00:00",
            "course": 80.0,
            "speed": 7.0,
            "depth": 0.0
          },
          {
            "time": "2010-01-12T12:51:00+00:00",
            "course": 80.0,
            "speed": 7.0,
            "depth": 0.0
          },
          {
            "time": "2010-01-12T12:51:20+00:00",
            "course": 80.0,
            "speed": 7.0,
            "depth": 0.0
          },
          {
            "time": "2010-01-12T12:51:40+00:00",
            "course": 80.0,
            "speed": 7.0,
            "depth": 0.0
          },
          {
            "time": "2010-01-12T12:52:00+00:00",
            "course": 80.0,
            "speed": 7.0,
            "depth": 0.0
          },
          {
            "time": "2010-01-12T12:52:20+00:00",
            "course": 80.0,
            "speed": 7.0,
            "depth": 0.0
          },
          {
            "time": "2010-01-12T12:52:40+00:00",
            "course": 80.0,
            "speed": 7.0,
            "depth": 0.0
          },
          {
            "time": "2010-01-12T12:53:00+00:00",
            "course": 80.0,
            "speed": 7.0,
            "depth": 0.0
          },
          {
            "time": "2010-01-12T12:53:20+00:00",
            "course": 80.0,
            "speed": 7.0,
            "depth": 0.0
          },
          {
            "time": "2010-01-12T12:53:40+00:00",
            "course": 80.0,
            "speed": 7.0,
            "depth": 0.0
          },
          {
            "time": "2010-01-12T12:54:00+00:00",
            "course": 80.0,
            "speed": 7.0,
            "depth": 0.0
          },
          {
            "time": "2010-01-12T12:54:20+00:00",
            "course": 80.0,
            "speed": 7.0,
            "depth": 0.0
          },
          {
            "time": "2010-01-12T12:54:40+00:00",
            "course": 80.0,
            "speed": 7.0,
            "depth": 0.0
          },
          {
            "time": "2010-01-12T12:55:00+00:00",
            "course": 80.0,
            "speed": 7.0,
            "depth": 0.0
          },
          {
            "time": "2010-01-12T12:55:20+00:00",
            "course": 80.0,
            "speed": 7.0,
            "depth": 0.0
          },
          {
            "time": "2010-01-12T12:55:40+00:00",
            "course": 80.0,
            "speed": 7.0,
            "depth": 0.0
          },
          {
            "time": "2010-01-12T12:56:00+00:00",
            "course": 80.0,
            "speed": 7.0,
            "depth": 0.0
          },
          {
            "time": "2010-01-12T12:56:20+00:00",
            "course": 80.0,
            "speed": 7.0,
            "depth": 0.0
          },
          {
            "time": "2010-01-12T12:56:40+00:00",
            "course": 80.0,
            "speed": 7.0,
            "depth": 0.0
          },
          {
            "time": "2010-01-12T12:57:00+00:00",
            "course": 80.0,
            "speed": 7.0,
            "depth": 0.0
          },
          {
            "time": "2010-01-12T12:57:20+00:00",
            "course": 80.0,
            "speed": 7.0,
            "depth": 0.0
          },
          {
            "time": "2010-01-12T12:57:40+00:00",
            "course": 80.0,
            "speed": 7.0,
            "depth": 0.0
          },
          {
            "time": "2010-01-12T12:58:00+00:00",
            "course": 80.0,
            "speed": 7.0,
            "depth": 0.0
          },
          {
            "time": "2010-01-12T12:58:20+00:00",
            "course": 80.0,
            "speed": 7.0,
            "depth": 0.0
          },
          {
            "time": "2010-01-12T12:58:40+00:00",
            "course": 80.0,
            "speed": 7.0,
            "depth": 0.0
          },
          {
            "time": "2010-01-12T12:59:00+00:00",
            "course": 80.0,
            "speed": 7.0,
            "depth": 0.0
          },
          {
            "time": "2010-01-12T12:59:20+00:00",
            "course": 80.0,
            "speed": 7.0,
            "depth": 0.0
          },
          {
            "time": "2010-01-12T12:59:40+00:00",
            "course": 80.0,
            "speed": 7.0,
            "depth": 0.0
          },
          {
            "time": "2010-01-12T13:00:00+00:00",
            "course": 80.0,
            "speed": 7.0,
            "depth": 0.0
          },
          {
            "time": "2010-01-12T13:00:20+00:00",
            "course": 80.0,
            "speed": 7.0,
            "depth": 0.0
          },
          {
            "time": "2010-01-12T13:00:40+00:00",
            "course": 80.0,
            "speed": 7.0,
            "depth": 0.0
          },
          {
            "time": "2010-01-12T13:01:00+00:00",
            "course": 80.0,
            "speed": 7.0,
            "depth": 0.0
          },
          {
            "time": "2010-01-12T13:01:20+00:00",
            "course": 80.0,
            "speed": 7.0,
            "depth": 0.0
          },
          {
            "time": "2010-01-12T13:01:40+00:00",
            "course": 80.0,
            "speed": 7.0,
            "depth": 0.0
          },
          {
            "time": "2010-01-12T13:02:00+00:00",
            "course": 80.0,
            "speed": 7.0,
            "depth": 0.0
          },
          {
            "time": "2010-01-12T13:02:20+00:00",
            "course": 80.0,
            "speed": 7.0,
            "depth": 0.0
          },
          {
            "time": "2010-01-12T13:02:40+00:00",
            "course": 80.0,
            "speed": 7.0,
            "depth": 0.0
          },
          {
            "time": "2010-01-12T13:03:00+00:00",
            "course": 80.0,
            "speed": 7.0,
            "depth": 0.0
          },
          {
            "time": "2010-01-12T13:03:20+00:00",
            "course": 80.0,
            "speed": 7.0,
            "depth": 0.0
          },
          {
            "time": "2010-01-12T13:03:40+00:00",
            "course": 80.0,
            "speed": 7.0,
            "depth": 0.0
          },
          {
            "time": "2010-01-12T13:04:00+00:00",
            "course": 80.0,
            "speed": 7.0,
            "depth": 0.0
          },
          {
            "time": "2010-01-12T13:04:20+00:00",
            "course": 80.0,
            "speed": 7.0,
            "depth": 0.0
          },
          {
            "time": "2010-01-12T13:04:40+00:00",
            "course": 80.0,
            "speed": 7.0,
            "depth": 0.0
          },
          {
            "time": "2010-01-12T13:05:00+00:00",
            "course": 80.0,
            "speed": 7.0,
            "depth": 0.0
          },
          {
            "time": "2010-01-12T13:05:20+00:00",
            "course": 80.0,
            "speed": 7.0,
            "depth": 0.0
          },
          {
            "time": "2010-01-12T13:05:40+00:00",
            "course": 80.0,
            "speed": 7.0,
            "depth": 0.0
          },
          {
            "time": "2010-01-12T13:06:00+00:00",
            "course": 80.0,
            "speed": 7.0,
            "depth": 0.0
          },
          {
            "time": "2010-01-12T13:06:20+00:00",
            "course": 80.0,
            "speed": 7.0,
            "depth": 0.0
          },
          {
            "time": "2010-01-12T13:06:40+00:00",
            "course": 80.0,
            "speed": 7.0,
            "depth": 0.0
          },
          {
            "time": "2010-01-12T13:07:00+00:00",
            "course": 80.0,
            "speed": 7.0,
            "depth": 0.0
          },
          {
            "time": "2010-01-12T13:07:20+00:00",
            "course": 80.0,
            "speed": 7.0,
            "depth": 0.0
          },
          {
            "time": "2010-01-12T13:07:40+00:00",
            "course": 80.0,
            "speed": 7.0,
            "depth": 0.0
          },
          {
            "time": "2010-01-12T13:08:00+00:00",
            "course": 80.0,
            "speed": 7.0,
            "depth": 0.0
          },
          {
            "time": "2010-01-12T13:08:20+00:00",
            "course": 80.0,
            "speed": 7.0,
            "depth": 0.0
          },
          {
            "time": "2010-01-12T13:08:40+00:00",
            "course": 80.0,
            "speed": 7.0,
            "depth": 0.0
          },
          {
            "time": "2010-01-12T13:09:00+00:00",
            "course": 80.0,
            "speed": 7.0,
            "depth": 0.0
          },
          {
            "time": "2010-01-12T13:09:20+00:00",
            "course": 80.0,
            "speed": 7.0,
            "depth": 0.0
          },
          {
            "time": "2010-01-12T13:09:40+00:00",
            "course": 80.0,
            "speed": 7.0,
            "depth": 0.0
          },
          {
            "time": "2010-01-12T13:10:00+00:00",
            "course": 80.0,
            "speed": 7.0,
            "depth": 0.0
          },
          {
            "time": "2010-01-12T13:10:20+00:00",
            "course": 80.0,
            "speed": 7.0,
            "depth": 0.0
          },
          {
            "time": "2010-01-12T13:10:40+00:00",
            "course": 80.0,
            "speed": 7.0,
            "depth": 0.0
          },
          {
            "time": "2010-01-12T13:11:00+00:00",
            "course": 80.0,
            "speed": 7.0,
            "depth": 0.0
          },
          {
            "time": "2010-01-12T13:11:20+00:00",
            "course": 80.0,
            "speed": 7.0,
            "depth": 0.0
          },
          {
            "time": "2010-01-12T13:11:40+00:00",
            "course": 80.0,
            "speed": 7.0,
            "depth": 0.0
          },
          {
            "time": "2010-01-12T13:12:00+00:00",
            "course": 80.0,
            "speed": 7.0,
            "depth": 0.0
          },
          {
            "time": "2010-01-12T13:12:20+00:00",
            "course": 80.0,
            "speed": 7.0,
            "depth": 0.0
          },
          {
            "time": "2010-01-12T13:12:40+00:00",
            "course": 80.0,
            "speed": 7.0,
            "depth": 0.0
          },
          {
            "time": "2010-01-12T13:13:00+00:00",
            "course": 80.0,
            "speed": 7.0,
            "depth": 0.0
          },
          {
            "time": "2010-01-12T13:13:20+00:00",
            "course": 80.0,
            "speed": 7.0,
            "depth": 0.0
          },
          {
            "time": "2010-01-12T13:13:40+00:00",
            "course": 80.0,
            "speed": 7.0,
            "depth": 0.0
          },
          {
            "time": "2010-01-12T13:14:00+00:00",
            "course": 80.0,
            "speed": 7.0,
            "depth": 0.0
          },
          {
            "time": "2010-01-12T13:14:20+00:00",
            "course": 80.0,
            "speed": 7.0,
            "depth": 0.0
          },
          {
            "time": "2010-01-12T13:14:40+00:00",
            "course": 80.0,
            "speed": 7.0,
            "depth": 0.0
          },
          {
            "time": "2010-01-12T13:15:00+00:00",
            "course": 80.0,
            "speed": 7.0,
            "depth": 0.0
          },
          {
            "time": "2010-01-12T13:15:20+00:00",
            "course": 80.0,
            "speed": 7.0,
            "depth": 0.0
          },
          {
            "time": "2010-01-12T13:15:40+00:00",
            "course": 80.0,
            "speed": 7.0,
            "depth": 0.0
          },
          {
            "time": "2010-01-12T13:16:00+00:00",
            "course": 80.0,
            "speed": 7.0,
            "depth": 0.0
          },
          {
            "time": "2010-01-12T13:16:20+00:00",
            "course": 80.0,
            "speed": 7.0,
            "depth": 0.0
          },
          {
            "time": "2010-01-12T13:16:40+00:00",
            "course": 80.0,
            "speed": 7.0,
            "depth": 0.0
          },
          {
            "time": "2010-01-12T13:17:00+00:00",
            "course": 80.0,
            "speed": 7.0,
            "depth": 0.0
          },
          {
            "time": "2010-01-12T13:17:20+00:00",
            "course": 80.0,
            "speed": 7.0,
            "depth": 0.0
          },
          {
            "time": "2010-01-12T13:17:40+00:00",
            "course": 80.0,
            "speed": 7.0,
            "depth": 0.0
          },
          {
            "time": "2010-01-12T13:18:00+00:00",
            "course": 80.0,
            "speed": 7.0,
            "depth": 0.0
          },
          {
            "time": "2010-01-12T13:18:20+00:00",
            "course": 80.0,
            "speed": 7.0,
            "depth": 0.0
          },
          {
            "time": "2010-01-12T13:18:40+00:00",
            "course": 80.0,
            "speed": 7.0,
            "depth": 0.0
          },
          {
            "time": "2010-01-12T13:19:00+00:00",
            "course": 80.0,
            "speed": 7.0,
            "depth": 0.0
          },
          {
            "time": "2010-01-12T13:19:20+00:00",
            "course": 80.0,
            "speed": 7.0,
            "depth": 0.0
          },
          {
            "time": "2010-01-12T13:19:40+00:00",
            "course": 80.0,
            "speed": 7.0,
            "depth": 0.0
          },
          {
            "time": "2010-01-12T13:20:00+00:00",
            "course": 80.0,
            "speed": 7.0,
            "depth": 0.0
          },
          {
            "time": "2010-01-12T13:20:20+00:00",
            "course": 80.0,
            "speed": 7.0,
            "depth": 0.0
          },
          {
            "time": "2010-01-12T13:20:40+00:00",
            "course": 80.0,
            "speed": 7.0,
            "depth": 0.0
          },
          {
            "time": "2010-01-12T13:21:00+00:00",
            "course": 80.0,
            "speed": 7.0,
            "depth": 0.0
          },
          {
            "time": "2010-01-12T13:21:20+00:00",
            "course": 80.0,
            "speed": 7.0,
            "depth": 0.0
          },
          {
            "time": "2010-01-12T13:21:40+00:00",
            "course": 80.0,
            "speed": 7.0,
            "depth": 0.0
          },
          {
            "time": "2010-01-12T13:22:00+00:00",
            "course": 80.0,
            "speed": 7.0,
            "depth": 0.0
          },
          {
            "time": "2010-01-12T13:22:20+00:00",
            "course": 80.0,
            "speed": 7.0,
            "depth": 0.0
          },
          {
            "time": "2010-01-12T13:22:40+00:00",
            "course": 80.0,
            "speed": 7.0,
            "depth": 0.0
          },
          {
            "time": "2010-01-12T13:23:00+00:00",
            "course": 80.0,
            "speed": 7.0,
            "depth": 0.0
          },
          {
            "time": "2010-01-12T13:23:20+00:00",
            "course": 80.0,
            "speed": 7.0,
            "depth": 0.0
          },
          {
            "time": "2010-01-12T13:23:40+00:00",
            "course": 80.0,
            "speed": 7.0,
            "depth": 0.0
          },
          {
            "time": "2010-01-12T13:24:00+00:00",
            "course": 80.0,
            "speed": 7.0,
            "depth": 0.0
          },
          {
            "time": "2010-01-12T13:24:20+00:00",
            "course": 80.0,
            "speed": 7.0,
            "depth": 0.0
          },
          {
            "time": "2010-01-12T13:24:40+00:00",
            "course": 80.0,
            "speed": 7.0,
            "depth": 0.0
          },
          {
            "time": "2010-01-12T13:25:00+00:00",
            "course": 80.0,
            "speed": 7.0,
            "depth": 0.0
          },
          {
            "time": "2010-01-12T13:25:20+00:00",
            "course": 80.0,
            "speed": 7.0,
            "depth": 0.0
          },
          {
            "time": "2010-01-12T13:25:40+00:00",
            "course": 80.0,
            "speed": 7.0,
            "depth": 0.0
          },
          {
            "time": "2010-01-12T13:26:00+00:00",
            "course": 80.0,
            "speed": 7.0,
            "depth": 0.0
          },
          {
            "time": "2010-01-12T13:26:20+00:00",
            "course": 80.0,
            "speed": 7.0,
            "depth": 0.0
          },
          {
            "time": "2010-01-12T13:26:40+00:00",
            "course": 80.0,
            "speed": 7.0,
            "depth": 0.0
          },
          {
            "time": "2010-01-12T13:27:00+00:00",
            "course": 80.0,
            "speed": 7.0,
            "depth": 0.0
          },
          {
            "time": "2010-01-12T13:27:20+00:00",
            "course": 80.0,
            "speed": 7.0,
            "depth": 0.0
          },
          {
            "time": "2010-01-12T13:27:40+00:00",
            "course": 80.0,
            "speed": 7.0,
            "depth": 0.0
          },
          {
            "time": "2010-01-12T13:28:00+00:00",
            "course": 80.0,
            "speed": 7.0,
            "depth": 0.0
          },
          {
            "time": "2010-01-12T13:28:20+00:00",
            "course": 80.0,
            "speed": 7.0,
            "depth": 0.0
          },
          {
            "time": "2010-01-12T13:28:40+00:00",
            "course": 80.0,
            "speed": 7.0,
            "depth": 0.0
          },
          {
            "time": "2010-01-12T13:29:00+00:00",
            "course": 80.0,
            "speed": 7.0,
            "depth": 0.0
          },
          {
            "time": "2010-01-12T13:29:20+00:00",
            "course": 80.0,
            "speed": 7.0,
            "depth": 0.0
          },
          {
            "time": "2010-01-12T13:29:40+00:00",
            "course": 80.0,
            "speed": 7.0,
            "depth": 0.0
          },
          {
            "time": "2010-01-12T13:30:00+00:00",
            "course": 80.0,
            "speed": 7.0,
            "depth": 0.0
          }
        ],
        "style": {
          "line": {
            "color": "#808080"
          },
          "point": {
            "shape": "circle",
            "radius": 3.0,
            "fill_color": "#808080",
            "color": "#808080"
          }
        },
        "default_position_style": {
          "show_symbol": false,
          "symbol": "circle",
          "show_label": false
        },
        "symbol_interval": "PT5M",
        "label_interval": "PT15M",
        "provenance": [
          {
            "activity_id": "c6d44573-5aa0-429b-b533-ed8c6d7f3f41",
            "timestamp": "2026-03-21T10:15:01.536363Z",
            "was_generated_by": {
              "tool": "dpf-parser",
              "tool_version": "1.0.0",
              "parameters": []
            },
            "used": [],
            "generated": [
              "4d0edfb9-92f4-417a-8a73-552a4c4420d0"
            ],
            "execution_duration": "PT0S"
          }
        ]
      }
    }
  ]
}
