{
  "type": "FeatureCollection",
  "features": [
    {
      "type": "Feature",
      "id": "5ca411e2-5761-449e-a207-486b5daa526f",
      "geometry": {
        "type": "LineString",
        "coordinates": [
          [
            -21.101244444444447,
            44.630652777777776
          ],
          [
            -21.101297222222225,
            44.630494444444444
          ],
          [
            -21.101347222222223,
            44.63033333333333
          ],
          [
            -21.1014,
            44.63017777777778
          ],
          [
            -21.10145277777778,
            44.63001666666667
          ],
          [
            -21.10150555555556,
            44.62985277777778
          ],
          [
            -21.10155277777778,
            44.629691666666666
          ],
          [
            -21.101602777777778,
            44.62952777777778
          ],
          [
            -21.101650000000003,
            44.62936666666667
          ],
          [
            -21.101697222222224,
            44.62920277777778
          ],
          [
            -21.10174166666667,
            44.62903888888889
          ],
          [
            -21.101783333333334,
            44.628875
          ],
          [
            -21.101825,
            44.62871111111111
          ],
          [
            -21.10186388888889,
            44.628544444444444
          ],
          [
            -21.10190277777778,
            44.62838055555556
          ],
          [
            -21.101938888888892,
            44.62821388888889
          ],
          [
            -21.101980555555556,
            44.62804722222222
          ],
          [
            -21.102022222222224,
            44.627875
          ],
          [
            -21.10206388888889,
            44.62770833333333
          ],
          [
            -21.102111111111114,
            44.62753611111111
          ],
          [
            -21.102161111111112,
            44.62736666666667
          ],
          [
            -21.102211111111114,
            44.62719444444444
          ],
          [
            -21.102261111111112,
            44.627027777777776
          ],
          [
            -21.102316666666667,
            44.62685833333333
          ],
          [
            -21.102369444444445,
            44.626691666666666
          ],
          [
            -21.102425,
            44.62651944444445
          ],
          [
            -21.102480555555555,
            44.626352777777775
          ],
          [
            -21.102533333333334,
            44.62618055555556
          ],
          [
            -21.102586111111112,
            44.62601111111111
          ],
          [
            -21.10263888888889,
            44.625844444444446
          ],
          [
            -21.10269166666667,
            44.62567222222222
          ],
          [
            -21.102741666666667,
            44.625505555555556
          ],
          [
            -21.10278888888889,
            44.62533333333334
          ],
          [
            -21.10283888888889,
            44.62516388888889
          ],
          [
            -21.10288611111111,
            44.62499722222222
          ],
          [
            -21.102933333333336,
            44.624825
          ],
          [
            -21.10297777777778,
            44.624655555555556
          ],
          [
            -21.103022222222222,
            44.62448333333333
          ],
          [
            -21.103066666666667,
            44.62431388888889
          ],
          [
            -21.10311111111111,
            44.62414166666667
          ],
          [
            -21.103155555555556,
            44.62397222222222
          ],
          [
            -21.1032,
            44.62379722222222
          ],
          [
            -21.103244444444446,
            44.62362777777778
          ],
          [
            -21.10328888888889,
            44.62345555555556
          ],
          [
            -21.103333333333335,
            44.62328333333333
          ],
          [
            -21.103375,
            44.623111111111115
          ],
          [
            -21.103419444444445,
            44.62294166666667
          ],
          [
            -21.103461111111113,
            44.622769444444444
          ],
          [
            -21.10350277777778,
            44.6226
          ],
          [
            -21.10354166666667,
            44.62242777777778
          ],
          [
            -21.103583333333336,
            44.622258333333335
          ],
          [
            -21.103627777777778,
            44.62208611111111
          ],
          [
            -21.10366666666667,
            44.621919444444444
          ],
          [
            -21.103711111111114,
            44.62175277777778
          ],
          [
            -21.10375277777778,
            44.62158055555555
          ],
          [
            -21.103797222222223,
            44.62141388888889
          ],
          [
            -21.103844444444444,
            44.62124444444444
          ],
          [
            -21.10388888888889,
            44.621075
          ],
          [
            -21.103936111111114,
            44.62090833333333
          ],
          [
            -21.103983333333336,
            44.62074166666667
          ],
          [
            -21.104030555555557,
            44.620577777777775
          ],
          [
            -21.10408055555556,
            44.62041111111111
          ],
          [
            -21.10412777777778,
            44.620247222222226
          ],
          [
            -21.104177777777778,
            44.62007777777778
          ],
          [
            -21.10422777777778,
            44.619911111111115
          ],
          [
            -21.104277777777778,
            44.61974166666667
          ],
          [
            -21.104330555555556,
            44.619572222222224
          ],
          [
            -21.104383333333335,
            44.61940277777778
          ],
          [
            -21.10443888888889,
            44.619236111111114
          ],
          [
            -21.104491666666668,
            44.61906388888889
          ],
          [
            -21.104547222222223,
            44.61889722222222
          ],
          [
            -21.1046,
            44.61873055555556
          ],
          [
            -21.10465277777778,
            44.61855833333333
          ],
          [
            -21.104705555555558,
            44.61839166666667
          ],
          [
            -21.10475277777778,
            44.618225
          ],
          [
            -21.1048,
            44.61805277777778
          ],
          [
            -21.104847222222222,
            44.61788611111111
          ],
          [
            -21.10488888888889,
            44.61772222222222
          ],
          [
            -21.10493055555556,
            44.617555555555555
          ],
          [
            -21.104972222222223,
            44.61738888888889
          ],
          [
            -21.105011111111114,
            44.617225
          ],
          [
            -21.105047222222225,
            44.61705555555556
          ],
          [
            -21.105086111111113,
            44.61689166666667
          ],
          [
            -21.105122222222224,
            44.616727777777776
          ],
          [
            -21.105161111111112,
            44.61656388888889
          ],
          [
            -21.105197222222223,
            44.6164
          ],
          [
            -21.10523611111111,
            44.61623888888889
          ],
          [
            -21.105275000000002,
            44.616075
          ],
          [
            -21.105319444444447,
            44.61591111111111
          ],
          [
            -21.105363888888892,
            44.615747222222225
          ],
          [
            -21.105411111111113,
            44.615588888888894
          ],
          [
            -21.10546111111111,
            44.615425
          ],
          [
            -21.10551388888889,
            44.61526111111111
          ],
          [
            -21.105569444444445,
            44.615097222222225
          ],
          [
            -21.105625,
            44.61493333333333
          ],
          [
            -21.105686111111112,
            44.614761111111115
          ],
          [
            -21.105747222222224,
            44.61459444444444
          ],
          [
            -21.105808333333336,
            44.61442777777778
          ],
          [
            -21.105866666666667,
            44.61425833333333
          ],
          [
            -21.105925000000003,
            44.61409166666667
          ],
          [
            -21.105983333333334,
            44.61392222222222
          ],
          [
            -21.10603888888889,
            44.61375
          ],
          [
            -21.106091666666668,
            44.61358055555556
          ],
          [
            -21.10614166666667,
            44.61340555555556
          ],
          [
            -21.10618888888889,
            44.61323055555556
          ],
          [
            -21.106230555555555,
            44.613061111111115
          ],
          [
            -21.106269444444447,
            44.61288888888889
          ],
          [
            -21.106308333333335,
            44.612719444444444
          ],
          [
            -21.106347222222222,
            44.612547222222226
          ],
          [
            -21.106386111111114,
            44.61237777777778
          ],
          [
            -21.106425,
            44.612208333333335
          ],
          [
            -21.106461111111113,
            44.61203888888889
          ],
          [
            -21.1065,
            44.611872222222225
          ],
          [
            -21.10654166666667,
            44.61170277777778
          ],
          [
            -21.106583333333333,
            44.61153888888889
          ],
          [
            -21.106630555555558,
            44.61136944444445
          ],
          [
            -21.10667777777778,
            44.61120277777778
          ],
          [
            -21.106727777777778,
            44.61103888888889
          ],
          [
            -21.10677777777778,
            44.610875
          ],
          [
            -21.106830555555558,
            44.610711111111115
          ],
          [
            -21.106886111111113,
            44.61054444444444
          ],
          [
            -21.106941666666668,
            44.61038055555556
          ],
          [
            -21.107000000000003,
            44.61021388888889
          ],
          [
            -21.107055555555558,
            44.61004444444445
          ],
          [
            -21.107111111111113,
            44.60987777777778
          ],
          [
            -21.10716388888889,
            44.60971388888889
          ],
          [
            -21.10721666666667,
            44.609544444444445
          ],
          [
            -21.107266666666668,
            44.609375
          ],
          [
            -21.10731666666667,
            44.609208333333335
          ],
          [
            -21.10736388888889,
            44.60904166666667
          ],
          [
            -21.107408333333336,
            44.60887777777778
          ],
          [
            -21.10745277777778,
            44.60871111111111
          ],
          [
            -21.107494444444445,
            44.60854166666667
          ],
          [
            -21.107536111111113,
            44.608375
          ],
          [
            -21.10757777777778,
            44.60820555555556
          ],
          [
            -21.107619444444445,
            44.60803611111111
          ],
          [
            -21.107661111111113,
            44.607866666666666
          ],
          [
            -21.107702777777778,
            44.60769444444445
          ],
          [
            -21.107744444444446,
            44.60752222222222
          ],
          [
            -21.107786111111114,
            44.607347222222224
          ],
          [
            -21.107830555555555,
            44.60717777777778
          ],
          [
            -21.107869444444447,
            44.60700555555556
          ],
          [
            -21.10791388888889,
            44.606830555555554
          ],
          [
            -21.10795277777778,
            44.606658333333336
          ],
          [
            -21.107997222222224,
            44.60648611111111
          ],
          [
            -21.10803611111111,
            44.606316666666665
          ],
          [
            -21.108080555555556,
            44.606144444444446
          ],
          [
            -21.108122222222224,
            44.60597777777778
          ],
          [
            -21.10816666666667,
            44.605808333333336
          ],
          [
            -21.108208333333334,
            44.60563611111111
          ],
          [
            -21.10825277777778,
            44.605466666666665
          ],
          [
            -21.108297222222223,
            44.605294444444446
          ],
          [
            -21.108341666666668,
            44.60511944444445
          ],
          [
            -21.108386111111113,
            44.60495
          ],
          [
            -21.108433333333334,
            44.60478055555556
          ],
          [
            -21.10847777777778,
            44.60460833333333
          ],
          [
            -21.108525,
            44.604441666666666
          ],
          [
            -21.108569444444445,
            44.60426944444445
          ],
          [
            -21.108616666666666,
            44.6041
          ],
          [
            -21.10866111111111,
            44.603925000000004
          ],
          [
            -21.108711111111113,
            44.60375555555556
          ],
          [
            -21.108758333333334,
            44.60358333333333
          ],
          [
            -21.108805555555556,
            44.60341388888889
          ],
          [
            -21.10885277777778,
            44.60324166666667
          ],
          [
            -21.108900000000002,
            44.603072222222224
          ],
          [
            -21.10895,
            44.6029
          ],
          [
            -21.109,
            44.60273333333333
          ],
          [
            -21.109047222222223,
            44.60256666666667
          ],
          [
            -21.109097222222225,
            44.60239444444444
          ],
          [
            -21.109147222222223,
            44.602225000000004
          ],
          [
            -21.1092,
            44.60205277777778
          ],
          [
            -21.109247222222223,
            44.60188055555556
          ],
          [
            -21.109297222222224,
            44.601708333333335
          ],
          [
            -21.109347222222222,
            44.60153888888889
          ],
          [
            -21.109394444444447,
            44.60136666666667
          ],
          [
            -21.10943888888889,
            44.601197222222225
          ],
          [
            -21.109483333333333,
            44.601025
          ],
          [
            -21.109527777777778,
            44.600855555555555
          ],
          [
            -21.109569444444446,
            44.600683333333336
          ],
          [
            -21.109611111111114,
            44.60051111111111
          ],
          [
            -21.10965277777778,
            44.60033888888889
          ],
          [
            -21.1097,
            44.60016944444445
          ],
          [
            -21.10975555555556,
            44.59999722222222
          ],
          [
            -21.109819444444447,
            44.59982777777778
          ],
          [
            -21.109894444444446,
            44.59966388888889
          ],
          [
            -21.109983333333336,
            44.5995
          ],
          [
            -21.110083333333336,
            44.599338888888894
          ],
          [
            -21.110194444444446,
            44.599186111111116
          ],
          [
            -21.110322222222223,
            44.59904166666667
          ],
          [
            -21.11046388888889,
            44.59890277777778
          ],
          [
            -21.11061388888889,
            44.59877222222222
          ],
          [
            -21.110766666666667,
            44.598644444444446
          ],
          [
            -21.110925,
            44.59852222222222
          ],
          [
            -21.111086111111113,
            44.598397222222225
          ],
          [
            -21.111247222222225,
            44.59827222222223
          ],
          [
            -21.111405555555557,
            44.598150000000004
          ],
          [
            -21.111558333333335,
            44.598025
          ],
          [
            -21.111708333333336,
            44.59789444444445
          ],
          [
            -21.111858333333334,
            44.59776388888889
          ],
          [
            -21.112005555555555,
            44.597636111111115
          ],
          [
            -21.112155555555557,
            44.59750277777778
          ],
          [
            -21.1123,
            44.597372222222226
          ],
          [
            -21.112450000000003,
            44.59723888888889
          ],
          [
            -21.1126,
            44.59710555555556
          ],
          [
            -21.112747222222225,
            44.59697222222223
          ],
          [
            -21.112894444444446,
            44.59683888888889
          ],
          [
            -21.113047222222225,
            44.59670555555556
          ],
          [
            -21.113200000000003,
            44.59657222222222
          ],
          [
            -21.113355555555557,
            44.59644166666667
          ],
          [
            -21.113511111111112,
            44.59631111111111
          ],
          [
            -21.113666666666667,
            44.596180555555556
          ],
          [
            -21.113825000000002,
            44.596047222222225
          ],
          [
            -21.113986111111114,
            44.59591666666667
          ],
          [
            -21.114144444444445,
            44.59578333333334
          ],
          [
            -21.114305555555557,
            44.59565555555556
          ],
          [
            -21.114463888888892,
            44.59551944444445
          ],
          [
            -21.114622222222224,
            44.59538888888889
          ],
          [
            -21.11477777777778,
            44.59525555555556
          ],
          [
            -21.11493888888889,
            44.59512222222222
          ],
          [
            -21.115094444444445,
            44.59498333333334
          ],
          [
            -21.11525277777778,
            44.59485277777778
          ],
          [
            -21.115408333333335,
            44.59471388888889
          ],
          [
            -21.11556666666667,
            44.59458055555556
          ],
          [
            -21.115727777777778,
            44.59444722222222
          ],
          [
            -21.11588888888889,
            44.59431111111111
          ],
          [
            -21.11605,
            44.594175
          ],
          [
            -21.116211111111113,
            44.59404166666667
          ],
          [
            -21.116372222222225,
            44.59390833333334
          ],
          [
            -21.116533333333336,
            44.59377222222223
          ],
          [
            -21.116694444444445,
            44.59363611111112
          ],
          [
            -21.11685277777778,
            44.593500000000006
          ],
          [
            -21.117008333333334,
            44.593361111111115
          ],
          [
            -21.117166666666666,
            44.593225000000004
          ],
          [
            -21.117322222222224,
            44.59308888888889
          ],
          [
            -21.117480555555556,
            44.59295277777778
          ],
          [
            -21.11763611111111,
            44.59281666666667
          ],
          [
            -21.117794444444446,
            44.59268333333333
          ],
          [
            -21.117947222222224,
            44.59255
          ],
          [
            -21.11810277777778,
            44.592419444444445
          ],
          [
            -21.118258333333333,
            44.592286111111115
          ],
          [
            -21.118413888888888,
            44.59215277777778
          ],
          [
            -21.118572222222223,
            44.592025
          ],
          [
            -21.118727777777778,
            44.59189444444445
          ],
          [
            -21.118880555555556,
            44.59176388888889
          ],
          [
            -21.119033333333334,
            44.591633333333334
          ],
          [
            -21.119183333333332,
            44.59150833333334
          ],
          [
            -21.11933611111111,
            44.59137777777778
          ],
          [
            -21.119480555555555,
            44.59125
          ],
          [
            -21.11962777777778,
            44.591122222222225
          ],
          [
            -21.119772222222224,
            44.59099166666667
          ],
          [
            -21.11991666666667,
            44.59086388888889
          ],
          [
            -21.120055555555556,
            44.59073333333333
          ],
          [
            -21.1202,
            44.590605555555555
          ],
          [
            -21.120338888888888,
            44.59047777777778
          ],
          [
            -21.120480555555556,
            44.59035
          ],
          [
            -21.120622222222224,
            44.59021944444444
          ],
          [
            -21.120763888888888,
            44.590094444444446
          ],
          [
            -21.120905555555556,
            44.58997222222222
          ],
          [
            -21.121047222222224,
            44.589847222222225
          ],
          [
            -21.121191666666668,
            44.589725
          ],
          [
            -21.121336111111113,
            44.58960277777778
          ],
          [
            -21.121483333333334,
            44.58948055555556
          ],
          [
            -21.121630555555555,
            44.58936111111112
          ],
          [
            -21.12177777777778,
            44.589241666666666
          ],
          [
            -21.121927777777778,
            44.58911666666667
          ],
          [
            -21.122075,
            44.58900277777778
          ],
          [
            -21.122219444444443,
            44.588883333333335
          ],
          [
            -21.122363888888888,
            44.58876111111111
          ],
          [
            -21.122508333333332,
            44.58864166666667
          ],
          [
            -21.122652777777777,
            44.588522222222224
          ],
          [
            -21.1228,
            44.58840277777778
          ],
          [
            -21.122941666666666,
            44.588280555555556
          ],
          [
            -21.12308611111111,
            44.58816111111111
          ],
          [
            -21.123230555555555,
            44.58803888888889
          ],
          [
            -21.123372222222223,
            44.587919444444445
          ],
          [
            -21.12351388888889,
            44.58779722222222
          ],
          [
            -21.123655555555555,
            44.58767777777778
          ],
          [
            -21.123797222222223,
            44.58755277777778
          ],
          [
            -21.12393888888889,
            44.58743055555556
          ],
          [
            -21.124080555555555,
            44.58730833333333
          ],
          [
            -21.124222222222222,
            44.587186111111116
          ],
          [
            -21.12436388888889,
            44.58706111111111
          ],
          [
            -21.124502777777778,
            44.58693888888889
          ],
          [
            -21.124644444444446,
            44.58681666666667
          ],
          [
            -21.12478611111111,
            44.58669166666667
          ],
          [
            -21.124925,
            44.58656944444445
          ],
          [
            -21.125069444444446,
            44.586444444444446
          ],
          [
            -21.12521388888889,
            44.58632222222222
          ],
          [
            -21.125358333333335,
            44.586200000000005
          ],
          [
            -21.12550277777778,
            44.58607777777778
          ],
          [
            -21.125647222222224,
            44.58595833333334
          ],
          [
            -21.125794444444445,
            44.585836111111114
          ],
          [
            -21.12593888888889,
            44.58571666666667
          ],
          [
            -21.126083333333334,
            44.585597222222226
          ],
          [
            -21.126230555555555,
            44.58547777777778
          ],
          [
            -21.12637777777778,
            44.58535833333334
          ],
          [
            -21.126519444444444,
            44.58524166666667
          ],
          [
            -21.12666388888889,
            44.585122222222225
          ],
          [
            -21.126805555555556,
            44.58500555555556
          ],
          [
            -21.12695,
            44.58488888888889
          ],
          [
            -21.127094444444445,
            44.58477222222223
          ],
          [
            -21.127236111111113,
            44.584652777777784
          ],
          [
            -21.127377777777777,
            44.58453333333333
          ],
          [
            -21.12751666666667,
            44.58441388888889
          ],
          [
            -21.127655555555556,
            44.584294444444446
          ],
          [
            -21.127794444444444,
            44.584175
          ],
          [
            -21.127933333333335,
            44.58405555555556
          ],
          [
            -21.128069444444446,
            44.583933333333334
          ],
          [
            -21.12821111111111,
            44.58381111111111
          ],
          [
            -21.12835,
            44.58369166666667
          ],
          [
            -21.12849166666667,
            44.58356666666667
          ],
          [
            -21.128630555555556,
            44.583447222222226
          ],
          [
            -21.128772222222224,
            44.58332777777778
          ],
          [
            -21.128911111111112,
            44.58320833333334
          ],
          [
            -21.12905277777778,
            44.583088888888895
          ],
          [
            -21.129194444444444,
            44.582969444444444
          ],
          [
            -21.12933888888889,
            44.58285555555556
          ],
          [
            -21.12947777777778,
            44.58273888888889
          ],
          [
            -21.129616666666667,
            44.58261944444445
          ],
          [
            -21.129758333333335,
            44.58249444444445
          ],
          [
            -21.1299,
            44.582375000000006
          ],
          [
            -21.13003888888889,
            44.58225277777778
          ],
          [
            -21.130180555555555,
            44.58213055555556
          ],
          [
            -21.130316666666666,
            44.582008333333334
          ],
          [
            -21.130455555555557,
            44.58188055555556
          ],
          [
            -21.130591666666668,
            44.58175833333333
          ],
          [
            -21.13072777777778,
            44.581636111111116
          ],
          [
            -21.13086388888889,
            44.58151111111111
          ],
          [
            -21.131,
            44.581386111111115
          ],
          [
            -21.131138888888888,
            44.58126388888889
          ],
          [
            -21.13127777777778,
            44.581136111111114
          ],
          [
            -21.131416666666667,
            44.58101388888889
          ],
          [
            -21.131552777777777,
            44.58089166666667
          ],
          [
            -21.13169166666667,
            44.58076666666667
          ],
          [
            -21.131830555555556,
            44.580644444444445
          ],
          [
            -21.131969444444444,
            44.58052222222223
          ],
          [
            -21.13211111111111,
            44.58040277777778
          ],
          [
            -21.13225,
            44.580283333333334
          ],
          [
            -21.132394444444444,
            44.58016388888889
          ],
          [
            -21.132538888888888,
            44.58004444444445
          ],
          [
            -21.132683333333333,
            44.579925
          ],
          [
            -21.132827777777777,
            44.579800000000006
          ],
          [
            -21.13297222222222,
            44.579686111111116
          ],
          [
            -21.133116666666666,
            44.57956666666667
          ],
          [
            -21.13326111111111,
            44.57944722222223
          ],
          [
            -21.133405555555555,
            44.57933055555556
          ],
          [
            -21.133547222222223,
            44.579211111111114
          ],
          [
            -21.133688888888887,
            44.57909444444445
          ],
          [
            -21.133830555555555,
            44.578975
          ],
          [
            -21.133972222222223,
            44.57885277777778
          ],
          [
            -21.134116666666667,
            44.57873333333334
          ],
          [
            -21.13425833333333,
            44.578608333333335
          ],
          [
            -21.134397222222223,
            44.57848888888889
          ],
          [
            -21.13453611111111,
            44.57836944444445
          ],
          [
            -21.13467222222222,
            44.578247222222224
          ],
          [
            -21.134811111111112,
            44.578125
          ],
          [
            -21.134947222222223,
            44.57800277777778
          ],
          [
            -21.135080555555554,
            44.57788055555556
          ],
          [
            -21.135213888888888,
            44.577758333333335
          ],
          [
            -21.13535,
            44.57763888888889
          ],
          [
            -21.13548611111111,
            44.57751666666667
          ],
          [
            -21.135616666666667,
            44.57739444444445
          ],
          [
            -21.13575277777778,
            44.577275
          ],
          [
            -21.135883333333332,
            44.57715
          ],
          [
            -21.136016666666666,
            44.57703055555556
          ],
          [
            -21.136152777777777,
            44.576911111111116
          ],
          [
            -21.13628611111111,
            44.57678888888889
          ],
          [
            -21.136425,
            44.57666944444445
          ],
          [
            -21.13656111111111,
            44.576550000000005
          ],
          [
            -21.136702777777778,
            44.57642777777778
          ],
          [
            -21.136844444444446,
            44.57630555555556
          ],
          [
            -21.136991666666667,
            44.57618055555556
          ],
          [
            -21.137138888888888,
            44.57605
          ],
          [
            -21.13728888888889,
            44.575925000000005
          ],
          [
            -21.137441666666668,
            44.57579166666667
          ],
          [
            -21.137597222222222,
            44.57565833333334
          ],
          [
            -21.137752777777777,
            44.575525000000006
          ],
          [
            -21.137908333333332,
            44.57539166666667
          ],
          [
            -21.138066666666667,
            44.57525833333334
          ],
          [
            -21.138225,
            44.57512222222223
          ],
          [
            -21.13838611111111,
            44.574983333333336
          ],
          [
            -21.13855,
            44.57484166666667
          ],
          [
            -21.13871111111111,
            44.57470277777778
          ],
          [
            -21.138875,
            44.57456388888889
          ],
          [
            -21.13903611111111,
            44.574422222222225
          ],
          [
            -21.139194444444446,
            44.57427777777778
          ],
          [
            -21.139355555555554,
            44.57413888888889
          ],
          [
            -21.13951388888889,
            44.57399166666667
          ],
          [
            -21.139675,
            44.57385
          ],
          [
            -21.139830555555555,
            44.57370277777778
          ],
          [
            -21.139988888888887,
            44.57355833333334
          ],
          [
            -21.14014722222222,
            44.57341111111111
          ],
          [
            -21.140305555555557,
            44.573261111111115
          ],
          [
            -21.140466666666665,
            44.57311388888889
          ],
          [
            -21.140630555555553,
            44.57296111111111
          ],
          [
            -21.140791666666665,
            44.572811111111115
          ],
          [
            -21.140952777777777,
            44.572655555555556
          ],
          [
            -21.141116666666665,
            44.57250277777778
          ],
          [
            -21.141283333333334,
            44.57235
          ],
          [
            -21.141447222222222,
            44.57219444444445
          ],
          [
            -21.141613888888887,
            44.57204166666667
          ],
          [
            -21.141780555555556,
            44.57189166666667
          ],
          [
            -21.14194722222222,
            44.571738888888895
          ],
          [
            -21.142116666666666,
            44.57158888888889
          ],
          [
            -21.14228888888889,
            44.57143888888889
          ],
          [
            -21.14246111111111,
            44.571288888888894
          ],
          [
            -21.14263611111111,
            44.571136111111116
          ],
          [
            -21.142813888888888,
            44.57098611111111
          ],
          [
            -21.142991666666667,
            44.57083888888889
          ],
          [
            -21.143172222222223,
            44.57069166666667
          ],
          [
            -21.14335277777778,
            44.570547222222224
          ],
          [
            -21.143530555555554,
            44.57040000000001
          ],
          [
            -21.143708333333333,
            44.57025
          ],
          [
            -21.14388611111111,
            44.570102777777784
          ],
          [
            -21.144063888888887,
            44.56995277777778
          ],
          [
            -21.14423611111111,
            44.56980555555556
          ],
          [
            -21.14441111111111,
            44.569655555555556
          ],
          [
            -21.144580555555557,
            44.569500000000005
          ],
          [
            -21.14475,
            44.56935
          ],
          [
            -21.144919444444444,
            44.56919722222223
          ],
          [
            -21.14508888888889,
            44.56904444444445
          ],
          [
            -21.145258333333334,
            44.568894444444446
          ],
          [
            -21.145425,
            44.568738888888895
          ],
          [
            -21.145588888888888,
            44.56858888888889
          ],
          [
            -21.145758333333333,
            44.56843611111111
          ],
          [
            -21.14592777777778,
            44.56828055555556
          ],
          [
            -21.146094444444444,
            44.56812777777778
          ],
          [
            -21.14626388888889,
            44.567975000000004
          ],
          [
            -21.146430555555554,
            44.567825000000006
          ],
          [
            -21.146597222222223,
            44.567675
          ],
          [
            -21.146766666666664,
            44.56751944444445
          ],
          [
            -21.14693611111111,
            44.567369444444445
          ],
          [
            -21.147108333333332,
            44.56721944444445
          ],
          [
            -21.147280555555554,
            44.56706944444445
          ],
          [
            -21.147452777777776,
            44.566922222222225
          ],
          [
            -21.147627777777778,
            44.56677222222223
          ],
          [
            -21.147802777777777,
            44.56662222222222
          ],
          [
            -21.147977777777776,
            44.56647777777778
          ],
          [
            -21.148152777777778,
            44.56632777777777
          ],
          [
            -21.148327777777777,
            44.56618333333333
          ],
          [
            -21.1485,
            44.56603333333333
          ],
          [
            -21.148675,
            44.565888888888885
          ],
          [
            -21.148841666666666,
            44.56574166666666
          ],
          [
            -21.14901111111111,
            44.56559444444444
          ],
          [
            -21.149177777777776,
            44.56544722222222
          ],
          [
            -21.149341666666665,
            44.5653
          ],
          [
            -21.149508333333333,
            44.565149999999996
          ],
          [
            -21.149675,
            44.56499722222222
          ],
          [
            -21.149844444444444,
            44.56484722222222
          ],
          [
            -21.15001111111111,
            44.56469166666666
          ],
          [
            -21.150180555555554,
            44.56453888888888
          ],
          [
            -21.15035,
            44.564386111111105
          ],
          [
            -21.150516666666665,
            44.564230555555554
          ],
          [
            -21.150683333333333,
            44.564077777777776
          ],
          [
            -21.150852777777775,
            44.563925
          ],
          [
            -21.151019444444444,
            44.56377222222222
          ],
          [
            -21.151183333333332,
            44.56361388888889
          ],
          [
            -21.151349999999997,
            44.56346111111111
          ],
          [
            -21.151516666666666,
            44.56330555555555
          ],
          [
            -21.15168611111111,
            44.56315277777777
          ],
          [
            -21.15186111111111,
            44.563002777777776
          ],
          [
            -21.152033333333332,
            44.56284722222222
          ],
          [
            -21.15221111111111,
            44.56269722222222
          ],
          [
            -21.152388888888886,
            44.56254722222222
          ],
          [
            -21.152569444444442,
            44.5624
          ],
          [
            -21.152752777777778,
            44.56225
          ],
          [
            -21.152933333333333,
            44.562105555555554
          ],
          [
            -21.153116666666666,
            44.56195833333333
          ],
          [
            -21.153299999999998,
            44.561811111111105
          ],
          [
            -21.153480555555554,
            44.56166388888889
          ],
          [
            -21.153658333333333,
            44.56151388888889
          ],
          [
            -21.153836111111108,
            44.561366666666665
          ],
          [
            -21.154013888888887,
            44.56121944444444
          ],
          [
            -21.15418611111111,
            44.56106944444444
          ],
          [
            -21.15436111111111,
            44.560919444444444
          ],
          [
            -21.154533333333333,
            44.56076944444444
          ],
          [
            -21.154702777777775,
            44.56061944444444
          ],
          [
            -21.15487222222222,
            44.56046944444444
          ],
          [
            -21.155041666666666,
            44.56031944444444
          ],
          [
            -21.15521111111111,
            44.56017222222222
          ],
          [
            -21.155377777777776,
            44.56002222222222
          ],
          [
            -21.15554722222222,
            44.559869444444445
          ],
          [
            -21.155716666666667,
            44.55971944444444
          ],
          [
            -21.155883333333332,
            44.55956944444444
          ],
          [
            -21.156049999999997,
            44.559419444444444
          ],
          [
            -21.156216666666666,
            44.559266666666666
          ],
          [
            -21.15638611111111,
            44.55911666666666
          ],
          [
            -21.156552777777776,
            44.55896111111111
          ],
          [
            -21.156719444444445,
            44.55880833333333
          ],
          [
            -21.156888888888886,
            44.558658333333334
          ],
          [
            -21.15705833333333,
            44.55850833333333
          ],
          [
            -21.157230555555554,
            44.55835833333333
          ],
          [
            -21.157405555555552,
            44.55820833333333
          ],
          [
            -21.157580555555555,
            44.55806111111111
          ],
          [
            -21.157758333333334,
            44.55791111111111
          ],
          [
            -21.157938888888886,
            44.557763888888886
          ],
          [
            -21.15811944444444,
            44.55761666666666
          ],
          [
            -21.158302777777777,
            44.55746944444444
          ],
          [
            -21.158483333333333,
            44.55732222222222
          ],
          [
            -21.158666666666665,
            44.557174999999994
          ],
          [
            -21.158844444444444,
            44.55703055555555
          ],
          [
            -21.15902222222222,
            44.55688333333333
          ],
          [
            -21.15919722222222,
            44.556733333333334
          ],
          [
            -21.159366666666664,
            44.55658333333333
          ],
          [
            -21.159533333333332,
            44.55643055555555
          ],
          [
            -21.15969722222222,
            44.55628055555555
          ],
          [
            -21.159858333333332,
            44.556127777777775
          ],
          [
            -21.160019444444444,
            44.555975
          ],
          [
            -21.160180555555556,
            44.55581944444444
          ],
          [
            -21.160341666666664,
            44.55566944444444
          ],
          [
            -21.160505555555556,
            44.55551944444444
          ],
          [
            -21.16067222222222,
            44.555369444444445
          ],
          [
            -21.160844444444443,
            44.55522222222222
          ],
          [
            -21.161016666666665,
            44.555074999999995
          ],
          [
            -21.161194444444444,
            44.55492777777778
          ],
          [
            -21.16137222222222,
            44.554788888888886
          ],
          [
            -21.161552777777775,
            44.55464166666666
          ],
          [
            -21.16173333333333,
            44.5545
          ],
          [
            -21.161913888888886,
            44.55435555555555
          ],
          [
            -21.162094444444442,
            44.55420833333333
          ],
          [
            -21.162269444444444,
            44.554063888888884
          ],
          [
            -21.162441666666666,
            44.553913888888886
          ],
          [
            -21.162611111111108,
            44.55376666666666
          ],
          [
            -21.162777777777777,
            44.55361666666666
          ],
          [
            -21.16294444444444,
            44.553463888888885
          ],
          [
            -21.163113888888887,
            44.55331388888889
          ],
          [
            -21.163280555555556,
            44.55316388888889
          ],
          [
            -21.163452777777778,
            44.55300833333333
          ],
          [
            -21.163627777777776,
            44.55285833333333
          ],
          [
            -21.163802777777775,
            44.55270833333333
          ],
          [
            -21.16398333333333,
            44.55255833333333
          ],
          [
            -21.164166666666667,
            44.552411111111105
          ],
          [
            -21.16435,
            44.55226666666666
          ],
          [
            -21.16453333333333,
            44.552122222222216
          ],
          [
            -21.164716666666664,
            44.551975
          ],
          [
            -21.1649,
            44.551827777777774
          ],
          [
            -21.165077777777775,
            44.55168055555555
          ],
          [
            -21.165252777777777,
            44.55153055555555
          ],
          [
            -21.165427777777776,
            44.55138055555555
          ],
          [
            -21.165594444444444,
            44.551227777777775
          ],
          [
            -21.165763888888886,
            44.551075
          ],
          [
            -21.165927777777778,
            44.55091944444444
          ],
          [
            -21.166094444444443,
            44.55076388888889
          ],
          [
            -21.16626388888889,
            44.550605555555556
          ],
          [
            -21.16643333333333,
            44.55045277777778
          ],
          [
            -21.166605555555556,
            44.55029722222222
          ],
          [
            -21.166780555555558,
            44.55014444444444
          ],
          [
            -21.166958333333334,
            44.549994444444444
          ],
          [
            -21.167136111111112,
            44.54984722222222
          ],
          [
            -21.167316666666668,
            44.5497
          ],
          [
            -21.167497222222224,
            44.549549999999996
          ],
          [
            -21.16767777777778,
            44.54940277777778
          ],
          [
            -21.16785555555556,
            44.549255555555554
          ],
          [
            -21.168033333333334,
            44.549105555555556
          ],
          [
            -21.168205555555556,
            44.54895555555555
          ],
          [
            -21.168377777777778,
            44.54880555555555
          ],
          [
            -21.16855,
            44.548652777777775
          ],
          [
            -21.16872222222222,
            44.54849722222222
          ],
          [
            -21.168894444444447,
            44.548344444444446
          ],
          [
            -21.16906666666667,
            44.54819444444444
          ],
          [
            -21.169241666666668,
            44.54804166666666
          ],
          [
            -21.169416666666667,
            44.54788611111111
          ],
          [
            -21.16958888888889,
            44.54773611111111
          ],
          [
            -21.169766666666668,
            44.54758888888889
          ],
          [
            -21.169944444444447,
            44.547444444444444
          ],
          [
            -21.170125000000002,
            44.54729722222222
          ],
          [
            -21.170308333333335,
            44.547149999999995
          ],
          [
            -21.170486111111114,
            44.54700555555555
          ],
          [
            -21.170669444444446,
            44.54685833333333
          ],
          [
            -21.170847222222225,
            44.54671111111111
          ],
          [
            -21.171025,
            44.54656666666666
          ],
          [
            -21.171200000000002,
            44.546419444444446
          ],
          [
            -21.171369444444444,
            44.54626944444444
          ],
          [
            -21.17153888888889,
            44.54611388888889
          ],
          [
            -21.171702777777778,
            44.545963888888885
          ],
          [
            -21.171866666666666,
            44.54581111111111
          ],
          [
            -21.17203055555556,
            44.545655555555555
          ],
          [
            -21.172194444444447,
            44.54550277777778
          ],
          [
            -21.172361111111112,
            44.54535
          ],
          [
            -21.17252777777778,
            44.5452
          ],
          [
            -21.172694444444446,
            44.54504444444444
          ],
          [
            -21.172866666666668,
            44.5449
          ],
          [
            -21.17303888888889,
            44.54475
          ],
          [
            -21.17321388888889,
            44.544602777777776
          ],
          [
            -21.173391666666667,
            44.54445555555555
          ],
          [
            -21.173569444444446,
            44.54430833333333
          ],
          [
            -21.173747222222225,
            44.54416111111111
          ],
          [
            -21.173925,
            44.544013888888884
          ],
          [
            -21.144647222222222,
            44.550574999999995
          ],
          [
            -21.144827777777778,
            44.55042777777778
          ],
          [
            -21.145005555555556,
            44.55028055555555
          ],
          [
            -21.145186111111112,
            44.55013611111111
          ],
          [
            -21.145363888888888,
            44.54999166666666
          ],
          [
            -21.14553888888889,
            44.549844444444446
          ],
          [
            -21.14571388888889,
            44.54969722222222
          ],
          [
            -21.145888888888887,
            44.549549999999996
          ],
          [
            -21.146058333333333,
            44.5494
          ],
          [
            -21.146230555555555,
            44.54925
          ],
          [
            -21.1464,
            44.549099999999996
          ],
          [
            -21.146569444444445,
            44.548944444444444
          ],
          [
            -21.14673611111111,
            44.54879444444444
          ],
          [
            -21.146905555555556,
            44.54864166666666
          ],
          [
            -21.14707222222222,
            44.54849166666666
          ],
          [
            -21.147244444444443,
            44.548338888888885
          ],
          [
            -21.147416666666665,
            44.54818888888889
          ],
          [
            -21.147591666666667,
            44.54804166666666
          ],
          [
            -21.147769444444442,
            44.547888888888885
          ],
          [
            -21.147949999999998,
            44.54774444444444
          ],
          [
            -21.148130555555554,
            44.54759722222222
          ],
          [
            -21.14831111111111,
            44.54745277777778
          ],
          [
            -21.148491666666665,
            44.54730555555555
          ],
          [
            -21.14867222222222,
            44.54716388888889
          ],
          [
            -21.14885,
            44.547016666666664
          ],
          [
            -21.149024999999998,
            44.54687222222222
          ],
          [
            -21.14919722222222,
            44.546724999999995
          ],
          [
            -21.149366666666666,
            44.54658055555555
          ],
          [
            -21.149533333333334,
            44.54642777777777
          ],
          [
            -21.1497,
            44.546277777777775
          ],
          [
            -21.149866666666668,
            44.546124999999996
          ],
          [
            -21.150033333333333,
            44.545975
          ],
          [
            -21.15019722222222,
            44.54581944444444
          ],
          [
            -21.150366666666667,
            44.54566944444444
          ],
          [
            -21.150533333333332,
            44.545519444444444
          ],
          [
            -21.150702777777777,
            44.54536944444444
          ],
          [
            -21.150875,
            44.54522222222222
          ],
          [
            -21.15104722222222,
            44.54507222222222
          ],
          [
            -21.15122222222222,
            44.544925
          ],
          [
            -21.151397222222222,
            44.544775
          ],
          [
            -21.15157222222222,
            44.54462777777778
          ],
          [
            -21.15174722222222,
            44.54448333333333
          ],
          [
            -21.151922222222222,
            44.544333333333334
          ],
          [
            -21.152094444444444,
            44.544180555555556
          ],
          [
            -21.152266666666666,
            44.54403611111111
          ],
          [
            -21.152438888888888,
            44.54388333333333
          ],
          [
            -21.152605555555553,
            44.54373333333333
          ],
          [
            -21.152775,
            44.54358333333333
          ],
          [
            -21.152941666666667,
            44.54343055555555
          ],
          [
            -21.15311111111111,
            44.543277777777774
          ],
          [
            -21.153280555555554,
            44.54312777777778
          ],
          [
            -21.15344722222222,
            44.54297222222222
          ],
          [
            -21.153616666666665,
            44.54282222222222
          ],
          [
            -21.15378611111111,
            44.54266944444444
          ],
          [
            -21.153958333333332,
            44.542519444444444
          ],
          [
            -21.154130555555554,
            44.54236944444444
          ],
          [
            -21.154302777777776,
            44.54222222222222
          ],
          [
            -21.154480555555555,
            44.542072222222224
          ],
          [
            -21.15465833333333,
            44.54192222222222
          ],
          [
            -21.154838888888886,
            44.541775
          ],
          [
            -21.15501944444444,
            44.54163055555556
          ],
          [
            -21.155199999999997,
            44.54148333333333
          ],
          [
            -21.155380555555553,
            44.54133888888889
          ],
          [
            -21.15556111111111,
            44.54118888888889
          ],
          [
            -21.155738888888887,
            44.541044444444445
          ],
          [
            -21.155913888888886,
            44.54089166666667
          ],
          [
            -21.15608888888889,
            44.54074166666666
          ],
          [
            -21.15626111111111,
            44.540591666666664
          ],
          [
            -21.156433333333332,
            44.540438888888886
          ],
          [
            -21.15660833333333,
            44.54028611111111
          ],
          [
            -21.156780555555553,
            44.54013055555556
          ],
          [
            -21.156952777777775,
            44.53997777777778
          ],
          [
            -21.157124999999997,
            44.539825
          ],
          [
            -21.15729722222222,
            44.53966666666666
          ],
          [
            -21.157474999999998,
            44.539516666666664
          ],
          [
            -21.15764722222222,
            44.539363888888886
          ],
          [
            -21.157825,
            44.539208333333335
          ],
          [
            -21.158002777777778,
            44.53905833333333
          ],
          [
            -21.158180555555553,
            44.53890833333333
          ],
          [
            -21.158358333333332,
            44.538755555555554
          ],
          [
            -21.158530555555554,
            44.538605555555556
          ],
          [
            -21.158705555555553,
            44.53845555555555
          ],
          [
            -21.158880555555555,
            44.5383
          ],
          [
            -21.159052777777777,
            44.53814722222222
          ],
          [
            -21.159227777777776,
            44.53799444444444
          ],
          [
            -21.15939722222222,
            44.537838888888885
          ],
          [
            -21.159566666666667,
            44.53768611111111
          ],
          [
            -21.15973611111111,
            44.53753333333333
          ],
          [
            -21.15990833333333,
            44.53737777777778
          ],
          [
            -21.160077777777776,
            44.537225
          ],
          [
            -21.16024722222222,
            44.53707222222222
          ],
          [
            -21.160419444444443,
            44.53691944444444
          ],
          [
            -21.160591666666665,
            44.53676111111111
          ],
          [
            -21.160766666666664,
            44.53660277777777
          ],
          [
            -21.160941666666666,
            44.536449999999995
          ],
          [
            -21.16111944444444,
            44.53629166666666
          ],
          [
            -21.16129722222222,
            44.536138888888885
          ],
          [
            -21.161477777777776,
            44.535980555555554
          ],
          [
            -21.16166388888889,
            44.535824999999996
          ],
          [
            -21.161852777777778,
            44.53565833333333
          ],
          [
            -21.162052777777777,
            44.53548611111111
          ],
          [
            -21.16225833333333,
            44.53530833333333
          ],
          [
            -21.162474999999997,
            44.53512222222222
          ],
          [
            -21.16269722222222,
            44.534927777777774
          ],
          [
            -21.162927777777778,
            44.53472222222222
          ],
          [
            -21.16315833333333,
            44.53451111111111
          ],
          [
            -21.163394444444442,
            44.53429166666667
          ],
          [
            -21.163630555555553,
            44.53406666666667
          ],
          [
            -21.163866666666664,
            44.53383611111111
          ],
          [
            -21.164105555555555,
            44.53360555555555
          ],
          [
            -21.164352777777776,
            44.53337222222222
          ],
          [
            -21.164602777777777,
            44.53313611111111
          ],
          [
            -21.164861111111108,
            44.53290277777778
          ],
          [
            -21.16512222222222,
            44.532666666666664
          ],
          [
            -21.16539444444444,
            44.53243055555556
          ],
          [
            -21.16567222222222,
            44.53219444444444
          ],
          [
            -21.165958333333332,
            44.531958333333336
          ],
          [
            -21.16624722222222,
            44.531727777777775
          ],
          [
            -21.16653611111111,
            44.53148888888889
          ],
          [
            -21.16682777777778,
            44.53125
          ],
          [
            -21.16711388888889,
            44.53100555555555
          ],
          [
            -21.167397222222224,
            44.53076111111111
          ],
          [
            -21.167675000000003,
            44.53050833333333
          ],
          [
            -21.16795,
            44.530255555555556
          ],
          [
            -21.168233333333333,
            44.530005555555555
          ],
          [
            -21.168541666666666,
            44.52976666666667
          ],
          [
            -21.16887777777778,
            44.52955277777777
          ],
          [
            -21.16925,
            44.52936666666667
          ],
          [
            -21.16965,
            44.52921944444444
          ],
          [
            -21.170066666666667,
            44.52911388888889
          ],
          [
            -21.170497222222224,
            44.52905277777778
          ],
          [
            -21.170925,
            44.52902777777778
          ],
          [
            -21.171355555555557,
            44.529022222222224
          ],
          [
            -21.17178611111111,
            44.52902777777778
          ],
          [
            -21.172219444444444,
            44.52903333333333
          ],
          [
            -21.172652777777778,
            44.52903888888889
          ],
          [
            -21.173083333333334,
            44.52903888888889
          ],
          [
            -21.173505555555558,
            44.52903333333333
          ],
          [
            -21.173925,
            44.529025
          ],
          [
            -21.174333333333333,
            44.529016666666664
          ],
          [
            -21.17472777777778,
            44.52900277777778
          ],
          [
            -21.17511388888889,
            44.52898888888889
          ],
          [
            -21.17549166666667,
            44.528974999999996
          ],
          [
            -21.175855555555557,
            44.52896388888889
          ],
          [
            -21.176208333333335,
            44.528952777777775
          ],
          [
            -21.176555555555556,
            44.52894722222222
          ],
          [
            -21.176891666666666,
            44.52893888888889
          ],
          [
            -21.177219444444447,
            44.52893888888889
          ],
          [
            -21.177536111111113,
            44.52894444444444
          ],
          [
            -21.177847222222223,
            44.52894722222222
          ],
          [
            -21.178150000000002,
            44.528952777777775
          ],
          [
            -21.178447222222225,
            44.52896388888889
          ],
          [
            -21.178736111111114,
            44.528974999999996
          ],
          [
            -21.179022222222223,
            44.52898888888889
          ],
          [
            -21.179302777777778,
            44.52899722222222
          ],
          [
            -21.179583333333333,
            44.52901111111111
          ],
          [
            -21.179861111111112,
            44.529022222222224
          ],
          [
            -21.18013611111111,
            44.52903333333333
          ],
          [
            -21.180411111111113,
            44.529041666666664
          ],
          [
            -21.180677777777777,
            44.52904722222222
          ],
          [
            -21.18094166666667,
            44.52905
          ],
          [
            -21.1812,
            44.52905
          ],
          [
            -21.18145277777778,
            44.52904722222222
          ],
          [
            -21.18170277777778,
            44.52903888888889
          ],
          [
            -21.181947222222224,
            44.52902777777778
          ],
          [
            -21.18218611111111,
            44.529019444444444
          ],
          [
            -21.182422222222222,
            44.52900555555556
          ],
          [
            -21.182655555555556,
            44.52899444444444
          ],
          [
            -21.182880555555556,
            44.528980555555556
          ],
          [
            -21.183105555555557,
            44.52896666666667
          ],
          [
            -21.183325,
            44.528958333333335
          ],
          [
            -21.18353888888889,
            44.52894722222222
          ],
          [
            -21.183755555555557,
            44.52893611111111
          ],
          [
            -21.18396388888889,
            44.528930555555554
          ],
          [
            -21.184175,
            44.52892222222222
          ],
          [
            -21.184380555555556,
            44.52891944444444
          ],
          [
            -21.184580555555556,
            44.52891944444444
          ],
          [
            -21.184780555555555,
            44.52891944444444
          ],
          [
            -21.184980555555555,
            44.52892222222222
          ],
          [
            -21.185177777777778,
            44.528927777777774
          ],
          [
            -21.185369444444444,
            44.528933333333335
          ],
          [
            -21.185561111111113,
            44.52894444444444
          ],
          [
            -21.18575277777778,
            44.52895
          ],
          [
            -21.185938888888888,
            44.52896111111111
          ],
          [
            -21.186122222222224,
            44.52897222222222
          ],
          [
            -21.186305555555556,
            44.52898333333333
          ],
          [
            -21.186486111111112,
            44.52899444444444
          ],
          [
            -21.186666666666667,
            44.52900555555556
          ],
          [
            -21.186841666666666,
            44.529016666666664
          ],
          [
            -21.187019444444445,
            44.529025
          ],
          [
            -21.187191666666667,
            44.52903611111111
          ],
          [
            -21.18736388888889,
            44.529041666666664
          ],
          [
            -21.187538888888888,
            44.52905
          ],
          [
            -21.187708333333333,
            44.52905555555555
          ],
          [
            -21.187875000000002,
            44.52905833333333
          ],
          [
            -21.188044444444444,
            44.52905833333333
          ],
          [
            -21.188211111111112,
            44.52905833333333
          ],
          [
            -21.188375,
            44.52905555555555
          ],
          [
            -21.188541666666666,
            44.52905277777778
          ],
          [
            -21.18871111111111,
            44.52904722222222
          ],
          [
            -21.188883333333333,
            44.52903888888889
          ],
          [
            -21.189066666666665,
            44.52903333333333
          ],
          [
            -21.189252777777778,
            44.529022222222224
          ],
          [
            -21.189444444444444,
            44.52901111111111
          ],
          [
            -21.189647222222224,
            44.52900277777778
          ],
          [
            -21.189855555555557,
            44.52899166666666
          ],
          [
            -21.190072222222224,
            44.528977777777776
          ],
          [
            -21.190297222222224,
            44.52896666666667
          ],
          [
            -21.190530555555554,
            44.528958333333335
          ],
          [
            -21.190769444444445,
            44.52895
          ],
          [
            -21.191016666666666,
            44.52894444444444
          ],
          [
            -21.191269444444444,
            44.52894444444444
          ],
          [
            -21.19152777777778,
            44.52893888888889
          ],
          [
            -21.191791666666667,
            44.52894444444444
          ],
          [
            -21.192061111111112,
            44.52894722222222
          ],
          [
            -21.192333333333334,
            44.528952777777775
          ],
          [
            -21.192608333333332,
            44.52896388888889
          ],
          [
            -21.19288611111111,
            44.528974999999996
          ],
          [
            -21.19316388888889,
            44.52898333333333
          ],
          [
            -21.193444444444445,
            44.52899444444444
          ],
          [
            -21.193722222222224,
            44.52900555555556
          ],
          [
            -21.19400277777778,
            44.529016666666664
          ],
          [
            -21.19428611111111,
            44.529022222222224
          ],
          [
            -21.194569444444443,
            44.52902777777778
          ],
          [
            -21.194858333333332,
            44.52903333333333
          ],
          [
            -21.19514722222222,
            44.52903333333333
          ],
          [
            -21.195441666666667,
            44.52903333333333
          ],
          [
            -21.19573888888889,
            44.529025
          ],
          [
            -21.19603888888889,
            44.529019444444444
          ],
          [
            -21.19633888888889,
            44.52900833333333
          ],
          [
            -21.196641666666668,
            44.52899444444444
          ],
          [
            -21.19694722222222,
            44.52898333333333
          ],
          [
            -21.197252777777777,
            44.528977777777776
          ],
          [
            -21.197558333333333,
            44.52896666666667
          ],
          [
            -21.197858333333333,
            44.52896388888889
          ],
          [
            -21.19815277777778,
            44.52896111111111
          ],
          [
            -21.198441666666668,
            44.52896111111111
          ],
          [
            -21.198727777777776,
            44.52896388888889
          ],
          [
            -21.199011111111112,
            44.52896666666667
          ],
          [
            -21.199291666666667,
            44.528974999999996
          ],
          [
            -21.199569444444446,
            44.528980555555556
          ],
          [
            -21.19984722222222,
            44.52898888888889
          ],
          [
            -21.200122222222223,
            44.52899722222222
          ],
          [
            -21.200391666666665,
            44.52900833333333
          ],
          [
            -21.200655555555556,
            44.529016666666664
          ],
          [
            -21.200916666666664,
            44.529022222222224
          ],
          [
            -21.201169444444442,
            44.52902777777778
          ],
          [
            -21.20142222222222,
            44.52903333333333
          ],
          [
            -21.201666666666664,
            44.52903611111111
          ],
          [
            -21.201905555555555,
            44.52903611111111
          ],
          [
            -21.202141666666666,
            44.52903611111111
          ],
          [
            -21.202375,
            44.52903333333333
          ],
          [
            -21.202602777777777,
            44.52902777777778
          ],
          [
            -21.202827777777777,
            44.529022222222224
          ],
          [
            -21.20305,
            44.529016666666664
          ],
          [
            -21.203266666666664,
            44.52900833333333
          ],
          [
            -21.203477777777778,
            44.52899722222222
          ],
          [
            -21.203688888888887,
            44.52899166666666
          ],
          [
            -21.20389722222222,
            44.528980555555556
          ],
          [
            -21.2041,
            44.528974999999996
          ],
          [
            -21.204302777777777,
            44.52896666666667
          ],
          [
            -21.2045,
            44.528958333333335
          ],
          [
            -21.204697222222222,
            44.528952777777775
          ],
          [
            -21.204891666666665,
            44.52894722222222
          ],
          [
            -21.205083333333334,
            44.52894444444444
          ],
          [
            -21.205275,
            44.52893888888889
          ],
          [
            -21.20546111111111,
            44.52893888888889
          ],
          [
            -21.20565,
            44.52893888888889
          ],
          [
            -21.20583611111111,
            44.52893888888889
          ],
          [
            -21.206019444444443,
            44.52894444444444
          ],
          [
            -21.206202777777776,
            44.52895
          ],
          [
            -21.20638611111111,
            44.528952777777775
          ],
          [
            -21.206563888888887,
            44.52896111111111
          ],
          [
            -21.206747222222223,
            44.52896666666667
          ],
          [
            -21.206925,
            44.528977777777776
          ],
          [
            -21.207102777777777,
            44.52898333333333
          ],
          [
            -21.207277777777776,
            44.52899444444444
          ],
          [
            -21.207452777777778,
            44.52900277777778
          ],
          [
            -21.207627777777777,
            44.52901111111111
          ],
          [
            -21.207797222222222,
            44.529019444444444
          ],
          [
            -21.207969444444444,
            44.529025
          ],
          [
            -21.20813888888889,
            44.52903611111111
          ],
          [
            -21.208305555555555,
            44.529041666666664
          ],
          [
            -21.208475,
            44.52904722222222
          ],
          [
            -21.208641666666665,
            44.52905277777778
          ],
          [
            -21.208805555555553,
            44.52905555555555
          ],
          [
            -21.208972222222222,
            44.52905555555555
          ],
          [
            -21.209138888888887,
            44.52905833333333
          ],
          [
            -21.2093,
            44.52905833333333
          ],
          [
            -21.209463888888887,
            44.52905555555555
          ],
          [
            -21.209625,
            44.52905277777778
          ],
          [
            -21.20978611111111,
            44.52905
          ],
          [
            -21.209947222222223,
            44.52904722222222
          ],
          [
            -21.210108333333334,
            44.52903888888889
          ],
          [
            -21.210266666666666,
            44.52903333333333
          ],
          [
            -21.210425,
            44.529022222222224
          ],
          [
            -21.210583333333332,
            44.529016666666664
          ],
          [
            -21.210738888888887,
            44.52900555555556
          ],
          [
            -21.210894444444445,
            44.52899444444444
          ],
          [
            -21.21105,
            44.52898333333333
          ],
          [
            -21.211205555555555,
            44.528977777777776
          ],
          [
            -21.211358333333333,
            44.52896666666667
          ],
          [
            -21.211513888888888,
            44.52896111111111
          ],
          [
            -21.211666666666666,
            44.528952777777775
          ],
          [
            -21.211819444444444,
            44.52894722222222
          ],
          [
            -21.211969444444442,
            44.52894444444444
          ],
          [
            -21.21212222222222,
            44.52893888888889
          ],
          [
            -21.212274999999998,
            44.52893611111111
          ],
          [
            -21.212427777777776,
            44.52893611111111
          ],
          [
            -21.212574999999998,
            44.52893611111111
          ],
          [
            -21.212725,
            44.52893888888889
          ],
          [
            -21.212875,
            44.52894444444444
          ],
          [
            -21.21302222222222,
            44.52894444444444
          ],
          [
            -21.213172222222223,
            44.52894722222222
          ],
          [
            -21.213319444444444,
            44.52895
          ],
          [
            -21.21346388888889,
            44.528952777777775
          ],
          [
            -21.21361111111111,
            44.528952777777775
          ],
          [
            -21.21375833333333,
            44.528952777777775
          ],
          [
            -21.213905555555556,
            44.528958333333335
          ],
          [
            -21.214052777777777,
            44.528958333333335
          ],
          [
            -21.21419722222222,
            44.528958333333335
          ],
          [
            -21.214341666666666,
            44.528952777777775
          ],
          [
            -21.214488888888887,
            44.528952777777775
          ],
          [
            -21.21463333333333,
            44.52895
          ],
          [
            -21.214777777777776,
            44.52895
          ],
          [
            -21.21492222222222,
            44.52894722222222
          ],
          [
            -21.215066666666665,
            44.52894722222222
          ],
          [
            -21.21521111111111,
            44.52894444444444
          ],
          [
            -21.215355555555554,
            44.52893888888889
          ],
          [
            -21.2155,
            44.52893888888889
          ],
          [
            -21.215644444444443,
            44.52893888888889
          ],
          [
            -21.21578611111111,
            44.52893611111111
          ],
          [
            -21.215930555555556,
            44.52893611111111
          ],
          [
            -21.216075,
            44.52893611111111
          ],
          [
            -21.216216666666664,
            44.52893888888889
          ],
          [
            -21.21636111111111,
            44.52893888888889
          ],
          [
            -21.205299999999998,
            44.530208333333334
          ],
          [
            -21.205441666666665,
            44.53021111111111
          ],
          [
            -21.205583333333333,
            44.53021111111111
          ],
          [
            -21.205725,
            44.53021388888889
          ],
          [
            -21.205869444444442,
            44.53021388888889
          ],
          [
            -21.206008333333333,
            44.53021666666667
          ],
          [
            -21.20615,
            44.53021666666667
          ],
          [
            -21.206291666666665,
            44.53021666666667
          ],
          [
            -21.206433333333333,
            44.53021666666667
          ],
          [
            -21.20657222222222,
            44.53021388888889
          ],
          [
            -21.20671388888889,
            44.53021388888889
          ],
          [
            -21.206855555555556,
            44.53021111111111
          ],
          [
            -21.20699722222222,
            44.53021111111111
          ],
          [
            -21.20713888888889,
            44.530208333333334
          ],
          [
            -21.207277777777776,
            44.530202777777774
          ],
          [
            -21.207419444444444,
            44.530202777777774
          ],
          [
            -21.20756111111111,
            44.5302
          ],
          [
            -21.207702777777776,
            44.5302
          ],
          [
            -21.207844444444444,
            44.5302
          ],
          [
            -21.20798333333333,
            44.53019722222222
          ],
          [
            -21.208125,
            44.53019722222222
          ],
          [
            -21.208266666666667,
            44.53019722222222
          ],
          [
            -21.208405555555554,
            44.53019722222222
          ],
          [
            -21.20855,
            44.5302
          ],
          [
            -21.208688888888886,
            44.5302
          ],
          [
            -21.208830555555554,
            44.530202777777774
          ],
          [
            -21.208972222222222,
            44.530202777777774
          ],
          [
            -21.209116666666667,
            44.530208333333334
          ],
          [
            -21.209263888888888,
            44.53021111111111
          ],
          [
            -21.20941388888889,
            44.53021111111111
          ],
          [
            -21.209569444444444,
            44.53021111111111
          ],
          [
            -21.209727777777776,
            44.530208333333334
          ],
          [
            -21.209891666666667,
            44.530202777777774
          ],
          [
            -21.210055555555556,
            44.53019722222222
          ],
          [
            -21.210224999999998,
            44.530186111111114
          ],
          [
            -21.210391666666666,
            44.53017222222222
          ],
          [
            -21.21056388888889,
            44.53015555555555
          ],
          [
            -21.21073611111111,
            44.53013611111111
          ],
          [
            -21.210908333333332,
            44.53010833333333
          ],
          [
            -21.21108333333333,
            44.530075
          ],
          [
            -21.211255555555553,
            44.53003611111111
          ],
          [
            -21.211425,
            44.52999166666667
          ],
          [
            -21.211594444444444,
            44.529941666666666
          ],
          [
            -21.211758333333332,
            44.52988333333333
          ],
          [
            -21.21192222222222,
            44.52982222222222
          ],
          [
            -21.212077777777775,
            44.52975277777778
          ],
          [
            -21.212230555555553,
            44.52967777777778
          ],
          [
            -21.212377777777778,
            44.52959444444444
          ],
          [
            -21.212516666666666,
            44.52950555555555
          ],
          [
            -21.21265,
            44.52941388888889
          ],
          [
            -21.212777777777777,
            44.52931944444445
          ],
          [
            -21.212894444444444,
            44.52921666666666
          ],
          [
            -21.21300833333333,
            44.52910833333333
          ],
          [
            -21.213113888888888,
            44.52899722222222
          ],
          [
            -21.21321111111111,
            44.52888611111111
          ],
          [
            -21.213305555555554,
            44.52876944444444
          ],
          [
            -21.213394444444443,
            44.52865
          ],
          [
            -21.213472222222222,
            44.528527777777775
          ],
          [
            -21.21354722222222,
            44.5284
          ],
          [
            -21.21361111111111,
            44.52827222222222
          ],
          [
            -21.213669444444445,
            44.52813888888889
          ],
          [
            -21.213716666666667,
            44.52800555555555
          ],
          [
            -21.213755555555554,
            44.52787222222222
          ],
          [
            -21.213786111111112,
            44.52773611111111
          ],
          [
            -21.213805555555556,
            44.52759722222222
          ],
          [
            -21.213819444444443,
            44.52746111111111
          ],
          [
            -21.213819444444443,
            44.527325
          ],
          [
            -21.21381111111111,
            44.52718888888889
          ],
          [
            -21.213791666666665,
            44.527052777777776
          ],
          [
            -21.213763888888888,
            44.526919444444445
          ],
          [
            -21.213727777777777,
            44.52678611111111
          ],
          [
            -21.21368611111111,
            44.52665277777778
          ],
          [
            -21.213633333333334,
            44.52652222222222
          ],
          [
            -21.213572222222222,
            44.52639166666667
          ],
          [
            -21.213502777777776,
            44.526266666666665
          ],
          [
            -21.21342222222222,
            44.52614444444444
          ],
          [
            -21.21333611111111,
            44.526019444444444
          ],
          [
            -21.213241666666665,
            44.52590277777778
          ],
          [
            -21.213141666666665,
            44.52578888888889
          ],
          [
            -21.213033333333332,
            44.52567222222222
          ],
          [
            -21.212919444444445,
            44.52556388888889
          ],
          [
            -21.212799999999998,
            44.52545277777778
          ],
          [
            -21.212677777777778,
            44.52534722222222
          ],
          [
            -21.21255,
            44.525241666666666
          ],
          [
            -21.212422222222223,
            44.52513888888889
          ],
          [
            -21.212291666666665,
            44.52503333333333
          ],
          [
            -21.21215833333333,
            44.52493055555556
          ],
          [
            -21.212025,
            44.52482777777778
          ],
          [
            -21.21188611111111,
            44.52472222222222
          ],
          [
            -21.21175,
            44.52461944444445
          ],
          [
            -21.21161111111111,
            44.52451388888889
          ],
          [
            -21.211469444444443,
            44.52441111111111
          ],
          [
            -21.211330555555556,
            44.52430555555556
          ],
          [
            -21.211191666666664,
            44.524202777777774
          ],
          [
            -21.211052777777777,
            44.524097222222224
          ],
          [
            -21.21091111111111,
            44.52399166666667
          ],
          [
            -21.210769444444445,
            44.52388611111111
          ],
          [
            -21.210630555555554,
            44.523777777777774
          ],
          [
            -21.210491666666666,
            44.523666666666664
          ],
          [
            -21.21035277777778,
            44.523558333333334
          ],
          [
            -21.210216666666668,
            44.52344444444444
          ],
          [
            -21.210083333333333,
            44.52333333333333
          ],
          [
            -21.209947222222223,
            44.52321666666666
          ],
          [
            -21.20981111111111,
            44.52310277777778
          ],
          [
            -21.209677777777777,
            44.52298888888889
          ],
          [
            -21.209541666666667,
            44.52287222222222
          ],
          [
            -21.209405555555556,
            44.522752777777775
          ],
          [
            -21.209269444444445,
            44.52263333333333
          ],
          [
            -21.209133333333334,
            44.52251666666667
          ],
          [
            -21.208997222222223,
            44.522397222222224
          ],
          [
            -21.208858333333332,
            44.522277777777774
          ],
          [
            -21.20872222222222,
            44.52216111111111
          ],
          [
            -21.208583333333333,
            44.52204166666667
          ],
          [
            -21.208447222222222,
            44.521924999999996
          ],
          [
            -21.20830833333333,
            44.52180555555555
          ],
          [
            -21.208166666666667,
            44.52168888888889
          ],
          [
            -21.208027777777776,
            44.521575
          ],
          [
            -21.20788611111111,
            44.521458333333335
          ],
          [
            -21.207741666666667,
            44.521341666666665
          ],
          [
            -21.2076,
            44.521225
          ],
          [
            -21.207455555555555,
            44.52110833333333
          ],
          [
            -21.207308333333334,
            44.52099722222222
          ],
          [
            -21.20716111111111,
            44.52088055555556
          ],
          [
            -21.207016666666664,
            44.52076388888889
          ],
          [
            -21.206869444444443,
            44.52065277777778
          ],
          [
            -21.206719444444445,
            44.520538888888886
          ],
          [
            -21.20657222222222,
            44.520424999999996
          ],
          [
            -21.206422222222223,
            44.52031111111111
          ],
          [
            -21.206274999999998,
            44.52019722222222
          ],
          [
            -21.206125,
            44.52008333333333
          ],
          [
            -21.205977777777775,
            44.51997222222222
          ],
          [
            -21.205827777777777,
            44.51985555555555
          ],
          [
            -21.205680555555556,
            44.51974444444444
          ],
          [
            -21.20553333333333,
            44.51962777777778
          ],
          [
            -21.20538611111111,
            44.51951111111111
          ],
          [
            -21.20523888888889,
            44.519391666666664
          ],
          [
            -21.205094444444445,
            44.519275
          ],
          [
            -21.20495,
            44.51915555555556
          ],
          [
            -21.204805555555556,
            44.519038888888886
          ],
          [
            -21.204663888888888,
            44.51891944444444
          ],
          [
            -21.204525,
            44.5188
          ],
          [
            -21.204383333333332,
            44.518680555555555
          ],
          [
            -21.204241666666665,
            44.51855833333333
          ],
          [
            -21.204102777777777,
            44.51843888888889
          ],
          [
            -21.20396388888889,
            44.518316666666664
          ],
          [
            -21.203825,
            44.51819166666667
          ],
          [
            -21.20368611111111,
            44.51807222222222
          ],
          [
            -21.20355,
            44.51795
          ],
          [
            -21.20341111111111,
            44.517830555555555
          ],
          [
            -21.20327222222222,
            44.51771111111111
          ],
          [
            -21.203133333333334,
            44.51759166666667
          ],
          [
            -21.202991666666666,
            44.517472222222224
          ],
          [
            -21.202852777777778,
            44.517352777777774
          ],
          [
            -21.20271111111111,
            44.51723333333333
          ],
          [
            -21.202566666666666,
            44.517116666666666
          ],
          [
            -21.20242222222222,
            44.51699722222222
          ],
          [
            -21.202277777777777,
            44.51688055555555
          ],
          [
            -21.202127777777775,
            44.51676666666667
          ],
          [
            -21.201980555555554,
            44.51665
          ],
          [
            -21.201827777777776,
            44.516533333333335
          ],
          [
            -21.20167777777778,
            44.516419444444445
          ],
          [
            -21.201527777777777,
            44.516305555555554
          ],
          [
            -21.201377777777775,
            44.516191666666664
          ],
          [
            -21.201225,
            44.51607777777778
          ],
          [
            -21.201072222222223,
            44.51596388888889
          ],
          [
            -21.20092222222222,
            44.51584722222222
          ],
          [
            -21.200769444444443,
            44.51573055555556
          ],
          [
            -21.200619444444445,
            44.515613888888886
          ],
          [
            -21.200469444444444,
            44.51549722222222
          ],
          [
            -21.200319444444442,
            44.51538333333333
          ],
          [
            -21.20017222222222,
            44.51526388888889
          ],
          [
            -21.20002222222222,
            44.515144444444445
          ],
          [
            -21.19987777777778,
            44.515025
          ],
          [
            -21.199733333333334,
            44.5149
          ],
          [
            -21.19958888888889,
            44.514780555555554
          ],
          [
            -21.199444444444445,
            44.51465833333334
          ],
          [
            -21.199305555555554,
            44.51453611111111
          ],
          [
            -21.19916388888889,
            44.51441111111111
          ],
          [
            -21.199025,
            44.51428888888889
          ],
          [
            -21.19888611111111,
            44.51416666666667
          ],
          [
            -21.19875,
            44.514044444444444
          ],
          [
            -21.19861388888889,
            44.513925
          ],
          [
            -21.198475000000002,
            44.5138
          ],
          [
            -21.198338888888888,
            44.51367777777778
          ],
          [
            -21.198202777777777,
            44.513558333333336
          ],
          [
            -21.198066666666666,
            44.51343611111111
          ],
          [
            -21.197925,
            44.51331388888889
          ],
          [
            -21.19778611111111,
            44.513194444444444
          ],
          [
            -21.197644444444446,
            44.51306944444445
          ],
          [
            -21.19750277777778,
            44.51295
          ],
          [
            -21.197358333333334,
            44.51283055555555
          ],
          [
            -21.197211111111113,
            44.51271388888889
          ],
          [
            -21.197066666666668,
            44.5126
          ],
          [
            -21.196916666666667,
            44.512483333333336
          ],
          [
            -21.196766666666665,
            44.512366666666665
          ],
          [
            -21.19661388888889,
            44.51225
          ],
          [
            -21.19646388888889,
            44.51213333333333
          ],
          [
            -21.196308333333334,
            44.51201944444445
          ],
          [
            -21.19615277777778,
            44.51190277777778
          ],
          [
            -21.19599722222222,
            44.511786111111114
          ],
          [
            -21.195844444444443,
            44.51166944444444
          ],
          [
            -21.19568888888889,
            44.51155277777778
          ],
          [
            -21.195533333333334,
            44.511433333333336
          ],
          [
            -21.19537777777778,
            44.511319444444446
          ],
          [
            -21.195227777777777,
            44.511202777777775
          ],
          [
            -21.19507777777778,
            44.51108333333333
          ],
          [
            -21.194927777777778,
            44.51096666666667
          ],
          [
            -21.194780555555557,
            44.510847222222225
          ],
          [
            -21.194633333333332,
            44.51072777777778
          ],
          [
            -21.194488888888888,
            44.51060833333333
          ],
          [
            -21.194344444444443,
            44.51048611111111
          ],
          [
            -21.19420277777778,
            44.51036111111111
          ],
          [
            -21.19406111111111,
            44.510238888888885
          ],
          [
            -21.193919444444443,
            44.51011388888889
          ],
          [
            -21.19377777777778,
            44.50998611111111
          ],
          [
            -21.19363611111111,
            44.509861111111114
          ],
          [
            -21.193497222222224,
            44.50973611111111
          ],
          [
            -21.193358333333332,
            44.50961111111111
          ],
          [
            -21.193216666666668,
            44.509483333333336
          ],
          [
            -21.193075,
            44.50936111111111
          ],
          [
            -21.192930555555556,
            44.509236111111115
          ],
          [
            -21.192788888888888,
            44.50911111111111
          ],
          [
            -21.192641666666667,
            44.50899166666667
          ],
          [
            -21.192494444444446,
            44.50887222222222
          ],
          [
            -21.192344444444444,
            44.50875277777778
          ],
          [
            -21.192194444444446,
            44.50863888888889
          ],
          [
            -21.192041666666668,
            44.508522222222226
          ],
          [
            -21.191891666666667,
            44.508405555555555
          ],
          [
            -21.191736111111112,
            44.508291666666665
          ],
          [
            -21.191583333333334,
            44.508175
          ],
          [
            -21.191430555555556,
            44.50806388888889
          ],
          [
            -21.191277777777778,
            44.50795
          ],
          [
            -21.191125,
            44.50783611111111
          ],
          [
            -21.190966666666668,
            44.50771666666667
          ],
          [
            -21.19081388888889,
            44.5076
          ],
          [
            -21.190661111111112,
            44.50748055555555
          ],
          [
            -21.19051388888889,
            44.50736388888889
          ],
          [
            -21.190369444444446,
            44.507244444444446
          ],
          [
            -21.19022222222222,
            44.507125
          ],
          [
            -21.190083333333334,
            44.50700277777778
          ],
          [
            -21.189941666666666,
            44.506883333333334
          ],
          [
            -21.18980277777778,
            44.50675833333333
          ],
          [
            -21.18966388888889,
            44.50663333333333
          ],
          [
            -21.189525,
            44.50651111111111
          ],
          [
            -21.189386111111112,
            44.50638611111111
          ],
          [
            -21.18924722222222,
            44.50626388888889
          ],
          [
            -21.189108333333333,
            44.50613888888889
          ],
          [
            -21.188969444444446,
            44.50601666666667
          ],
          [
            -21.188827777777778,
            44.50589444444444
          ],
          [
            -21.188683333333334,
            44.50577222222222
          ],
          [
            -21.18853888888889,
            44.505652777777776
          ],
          [
            -21.188391666666668,
            44.50553611111111
          ],
          [
            -21.188241666666666,
            44.50541666666667
          ],
          [
            -21.18808888888889,
            44.5053
          ],
          [
            -21.187933333333334,
            44.505180555555555
          ],
          [
            -21.18777777777778,
            44.505069444444445
          ],
          [
            -21.187622222222224,
            44.50495277777778
          ],
          [
            -21.18746388888889,
            44.50483611111111
          ],
          [
            -21.18731111111111,
            44.50471944444445
          ],
          [
            -21.187155555555556,
            44.50460833333333
          ],
          [
            -21.187002777777778,
            44.50449166666667
          ],
          [
            -21.186855555555557,
            44.504375
          ],
          [
            -21.186708333333332,
            44.50425833333333
          ],
          [
            -21.186566666666668,
            44.50413888888889
          ],
          [
            -21.186433333333333,
            44.504016666666665
          ],
          [
            -21.18630277777778,
            44.50389166666667
          ],
          [
            -21.186180555555556,
            44.50376111111111
          ],
          [
            -21.18606388888889,
            44.50363055555555
          ],
          [
            -21.185958333333332,
            44.50349444444444
          ],
          [
            -21.185861111111112,
            44.50335555555556
          ],
          [
            -21.185777777777776,
            44.50321111111111
          ],
          [
            -21.185705555555558,
            44.50306388888889
          ],
          [
            -21.185647222222222,
            44.50291388888889
          ],
          [
            -21.185605555555554,
            44.502763888888886
          ],
          [
            -21.185577777777777,
            44.50261388888889
          ],
          [
            -21.18556388888889,
            44.50245833333334
          ],
          [
            -21.18556388888889,
            44.50230277777778
          ],
          [
            -21.185580555555557,
            44.50213888888889
          ],
          [
            -21.185616666666668,
            44.50196388888889
          ],
          [
            -21.185672222222223,
            44.501780555555555
          ],
          [
            -21.18575,
            44.50159166666667
          ],
          [
            -21.18585,
            44.50140833333333
          ],
          [
            -21.185972222222222,
            44.501219444444445
          ],
          [
            -21.186122222222224,
            44.501038888888885
          ],
          [
            -21.1863,
            44.50085833333333
          ],
          [
            -21.186508333333332,
            44.50068611111111
          ],
          [
            -21.186744444444443,
            44.500527777777776
          ],
          [
            -21.187008333333335,
            44.50038333333333
          ],
          [
            -21.187297222222224,
            44.500252777777774
          ],
          [
            -21.187602777777776,
            44.50013611111111
          ],
          [
            -21.187925,
            44.500030555555554
          ],
          [
            -21.18826388888889,
            44.499941666666665
          ],
          [
            -21.188616666666668,
            44.49986666666667
          ],
          [
            -21.188986111111113,
            44.49981388888889
          ],
          [
            -21.189358333333335,
            44.49976388888889
          ],
          [
            -21.18973888888889,
            44.49971388888889
          ],
          [
            -21.190125000000002,
            44.499658333333336
          ],
          [
            -21.190516666666667,
            44.499608333333335
          ],
          [
            -21.190919444444443,
            44.49955555555556
          ],
          [
            -21.191325,
            44.49950833333333
          ],
          [
            -21.191733333333335,
            44.49946111111111
          ],
          [
            -21.19215,
            44.499411111111115
          ],
          [
            -21.192566666666668,
            44.49935555555555
          ],
          [
            -21.192983333333334,
            44.499294444444445
          ],
          [
            -21.193408333333334,
            44.499227777777776
          ],
          [
            -21.193830555555557,
            44.499161111111114
          ],
          [
            -21.194255555555557,
            44.499091666666665
          ],
          [
            -21.194680555555557,
            44.499025
          ],
          [
            -21.19511111111111,
            44.498958333333334
          ],
          [
            -21.195541666666667,
            44.498897222222226
          ],
          [
            -21.195975,
            44.49883888888889
          ],
          [
            -21.196413888888888,
            44.49878611111111
          ],
          [
            -21.19685,
            44.498730555555554
          ],
          [
            -21.197288888888888,
            44.498675
          ],
          [
            -21.197730555555555,
            44.498625000000004
          ],
          [
            -21.198169444444446,
            44.49856666666667
          ],
          [
            -21.198608333333333,
            44.49850555555555
          ],
          [
            -21.19905,
            44.49843888888889
          ],
          [
            -21.19948888888889,
            44.49837222222222
          ],
          [
            -21.199930555555557,
            44.4983
          ],
          [
            -21.20037222222222,
            44.49822777777778
          ],
          [
            -21.200813888888888,
            44.498155555555556
          ],
          [
            -21.20125833333333,
            44.49808888888889
          ],
          [
            -21.201702777777776,
            44.49802777777778
          ],
          [
            -21.20215,
            44.49796388888889
          ],
          [
            -21.20259722222222,
            44.497908333333335
          ],
          [
            -21.203044444444444,
            44.49785277777778
          ],
          [
            -21.203494444444445,
            44.497797222222225
          ],
          [
            -21.203944444444442,
            44.49773888888889
          ],
          [
            -21.204394444444443,
            44.49767777777778
          ],
          [
            -21.204844444444443,
            44.49761388888889
          ],
          [
            -21.205291666666668,
            44.49754444444444
          ],
          [
            -21.205738888888888,
            44.49746944444445
          ],
          [
            -21.20618888888889,
            44.497397222222226
          ],
          [
            -21.20663888888889,
            44.49732222222222
          ],
          [
            -21.207088888888887,
            44.497255555555554
          ],
          [
            -21.207538888888887,
            44.49718611111111
          ],
          [
            -21.207991666666665,
            44.497125000000004
          ],
          [
            -21.208447222222222,
            44.49706666666667
          ],
          [
            -21.2089,
            44.497011111111114
          ],
          [
            -21.209355555555554,
            44.49695833333333
          ],
          [
            -21.20980833333333,
            44.496900000000004
          ],
          [
            -21.21026388888889,
            44.49683888888889
          ],
          [
            -21.210716666666666,
            44.496772222222226
          ],
          [
            -21.211166666666667,
            44.49670555555556
          ],
          [
            -21.211616666666664,
            44.496633333333335
          ],
          [
            -21.21206388888889,
            44.49655833333333
          ],
          [
            -21.212516666666666,
            44.49648611111111
          ],
          [
            -21.21296388888889,
            44.49641388888889
          ],
          [
            -21.213416666666667,
            44.49634722222223
          ],
          [
            -21.21387222222222,
            44.49628055555556
          ],
          [
            -21.214325,
            44.496225
          ],
          [
            -21.214780555555556,
            44.49616666666667
          ],
          [
            -21.21523611111111,
            44.49610833333333
          ],
          [
            -21.215691666666665,
            44.49605277777778
          ],
          [
            -21.216147222222222,
            44.49599166666667
          ],
          [
            -21.2166,
            44.49592777777778
          ],
          [
            -21.217052777777777,
            44.49585833333333
          ],
          [
            -21.217505555555555,
            44.49578611111111
          ],
          [
            -21.217955555555555,
            44.49571111111111
          ],
          [
            -21.218408333333333,
            44.49563888888889
          ],
          [
            -21.21886111111111,
            44.49556666666667
          ],
          [
            -21.219313888888887,
            44.4955
          ],
          [
            -21.21976944444444,
            44.49543611111111
          ],
          [
            -21.220225,
            44.495377777777776
          ],
          [
            -21.22068333333333,
            44.49531944444445
          ],
          [
            -21.221141666666664,
            44.49526388888889
          ],
          [
            -21.221597222222222,
            44.49520555555556
          ],
          [
            -21.222052777777776,
            44.49514722222222
          ],
          [
            -21.22250833333333,
            44.49508333333333
          ],
          [
            -21.222963888888888,
            44.495019444444445
          ],
          [
            -21.223416666666665,
            44.49494722222222
          ],
          [
            -21.223869444444443,
            44.49487222222222
          ],
          [
            -21.22432222222222,
            44.4948
          ],
          [
            -21.224774999999998,
            44.494727777777776
          ],
          [
            -21.225230555555555,
            44.49465555555555
          ],
          [
            -21.22568611111111,
            44.494591666666665
          ],
          [
            -21.226144444444444,
            44.494530555555556
          ],
          [
            -21.226599999999998,
            44.49447222222222
          ],
          [
            -21.227058333333332,
            44.49441111111111
          ],
          [
            -21.227502777777776,
            44.49432777777778
          ],
          [
            -21.227930555555552,
            44.49421666666667
          ],
          [
            -21.22833333333333,
            44.49406666666667
          ],
          [
            -21.228705555555553,
            44.49388888888889
          ],
          [
            -21.229052777777778,
            44.49368888888889
          ],
          [
            -21.229386111111108,
            44.49348055555556
          ],
          [
            -21.22970833333333,
            44.49326666666667
          ],
          [
            -21.230019444444444,
            44.49304722222222
          ],
          [
            -21.23033333333333,
            44.49282777777778
          ],
          [
            -21.230644444444444,
            44.49261111111111
          ],
          [
            -21.23096111111111,
            44.49239444444444
          ],
          [
            -21.231277777777777,
            44.49218055555556
          ],
          [
            -21.231588888888886,
            44.49196111111111
          ],
          [
            -21.23189722222222,
            44.49173888888889
          ],
          [
            -21.232194444444442,
            44.49151388888889
          ],
          [
            -21.232488888888888,
            44.491286111111116
          ],
          [
            -21.232780555555554,
            44.49105277777778
          ],
          [
            -21.23307222222222,
            44.49081944444445
          ],
          [
            -21.233361111111112,
            44.49059166666667
          ],
          [
            -21.233655555555558,
            44.49035833333333
          ],
          [
            -21.23395277777778,
            44.49013333333333
          ],
          [
            -21.234258333333333,
            44.48991388888889
          ],
          [
            -21.234569444444446,
            44.489694444444446
          ],
          [
            -21.234880555555556,
            44.48947777777778
          ],
          [
            -21.235194444444446,
            44.48926388888889
          ],
          [
            -21.235511111111112,
            44.48905
          ],
          [
            -21.23582222222222,
            44.48883333333333
          ],
          [
            -21.236133333333335,
            44.48861388888889
          ],
          [
            -21.23643888888889,
            44.488391666666665
          ],
          [
            -21.236736111111114,
            44.488166666666665
          ],
          [
            -21.237033333333333,
            44.48793888888889
          ],
          [
            -21.237330555555555,
            44.48770833333334
          ],
          [
            -21.237625,
            44.48748055555556
          ],
          [
            -21.237919444444444,
            44.487252777777776
          ],
          [
            -21.238219444444447,
            44.487027777777776
          ],
          [
            -21.238519444444446,
            44.486802777777775
          ],
          [
            -21.238825000000002,
            44.486580555555555
          ],
          [
            -21.23913611111111,
            44.486361111111115
          ],
          [
            -21.23945,
            44.48614444444445
          ],
          [
            -21.23976388888889,
            44.485930555555555
          ],
          [
            -21.240075,
            44.48571388888889
          ],
          [
            -21.24038888888889,
            44.48549722222222
          ],
          [
            -21.240697222222224,
            44.48527777777778
          ],
          [
            -21.241,
            44.485055555555554
          ],
          [
            -21.241300000000003,
            44.484830555555554
          ],
          [
            -21.241594444444445,
            44.48460277777778
          ],
          [
            -21.233124999999998,
            44.488730555555556
          ],
          [
            -21.233422222222224,
            44.48850277777778
          ],
          [
            -21.233716666666666,
            44.48827222222222
          ],
          [
            -21.23401666666667,
            44.48804722222222
          ],
          [
            -21.234319444444445,
            44.48782222222222
          ],
          [
            -21.234627777777778,
            44.48760277777778
          ],
          [
            -21.23493611111111,
            44.487386111111114
          ],
          [
            -21.235252777777777,
            44.48716944444445
          ],
          [
            -21.235566666666667,
            44.486955555555554
          ],
          [
            -21.235880555555557,
            44.48673888888889
          ],
          [
            -21.236194444444447,
            44.486525
          ],
          [
            -21.236505555555556,
            44.48630555555555
          ],
          [
            -21.23681388888889,
            44.48608888888889
          ],
          [
            -21.23711388888889,
            44.48586111111111
          ],
          [
            -21.23741388888889,
            44.48563611111111
          ],
          [
            -21.237705555555557,
            44.48540833333333
          ],
          [
            -21.238,
            44.48517777777778
          ],
          [
            -21.238297222222222,
            44.48495
          ],
          [
            -21.238594444444445,
            44.484722222222224
          ],
          [
            -21.238894444444444,
            44.484497222222224
          ],
          [
            -21.239202777777777,
            44.48427777777778
          ],
          [
            -21.23951388888889,
            44.48406111111111
          ],
          [
            -21.23982777777778,
            44.483847222222224
          ],
          [
            -21.24013888888889,
            44.48363055555556
          ],
          [
            -21.240455555555556,
            44.48341666666667
          ],
          [
            -21.24076666666667,
            44.48320277777778
          ],
          [
            -21.241072222222222,
            44.48298055555556
          ],
          [
            -21.241375,
            44.48275833333334
          ],
          [
            -21.241672222222224,
            44.482533333333336
          ],
          [
            -21.241966666666666,
            44.48230277777778
          ],
          [
            -21.242261111111112,
            44.482075
          ],
          [
            -21.242555555555555,
            44.48185
          ],
          [
            -21.242852777777777,
            44.481625
          ],
          [
            -21.243155555555557,
            44.48139722222223
          ],
          [
            -21.243461111111113,
            44.48118055555556
          ],
          [
            -21.243772222222223,
            44.480963888888894
          ],
          [
            -21.244086111111113,
            44.48075
          ],
          [
            -21.244400000000002,
            44.480533333333334
          ],
          [
            -21.244711111111112,
            44.48031944444445
          ],
          [
            -21.245019444444445,
            44.48010555555556
          ],
          [
            -21.245325,
            44.479886111111114
          ],
          [
            -21.245627777777777,
            44.47966388888889
          ],
          [
            -21.245925,
            44.47943888888889
          ],
          [
            -21.246219444444446,
            44.47921388888889
          ],
          [
            -21.24651111111111,
            44.47898333333333
          ],
          [
            -21.246805555555557,
            44.47875555555556
          ],
          [
            -21.24710277777778,
            44.47853055555556
          ],
          [
            -21.247400000000003,
            44.47830555555556
          ],
          [
            -21.247705555555555,
            44.47808333333334
          ],
          [
            -21.248013888888888,
            44.47786388888889
          ],
          [
            -21.248325,
            44.477650000000004
          ],
          [
            -21.24863888888889,
            44.47743333333334
          ],
          [
            -21.248952777777777,
            44.477219444444444
          ],
          [
            -21.24926388888889,
            44.47700277777778
          ],
          [
            -21.249575,
            44.47678888888889
          ],
          [
            -21.249886111111113,
            44.47656944444444
          ],
          [
            -21.25018888888889,
            44.47634722222222
          ],
          [
            -21.25048888888889,
            44.47612222222222
          ],
          [
            -21.250783333333334,
            44.47589722222222
          ],
          [
            -21.251077777777777,
            44.47566944444445
          ],
          [
            -21.251369444444446,
            44.47543888888889
          ],
          [
            -21.251666666666665,
            44.47521388888889
          ],
          [
            -21.251963888888888,
            44.47498888888889
          ],
          [
            -21.252269444444444,
            44.47476666666667
          ],
          [
            -21.252577777777777,
            44.47454722222223
          ],
          [
            -21.25288888888889,
            44.474333333333334
          ],
          [
            -21.253205555555557,
            44.47411666666667
          ],
          [
            -21.253519444444443,
            44.47390277777778
          ],
          [
            -21.253830555555556,
            44.473688888888894
          ],
          [
            -21.254141666666666,
            44.47347222222223
          ],
          [
            -21.254447222222222,
            44.47325
          ],
          [
            -21.25474722222222,
            44.47302777777778
          ],
          [
            -21.255044444444444,
            44.47280277777778
          ],
          [
            -21.255341666666666,
            44.472575
          ],
          [
            -21.255636111111112,
            44.472344444444445
          ],
          [
            -21.255930555555555,
            44.472119444444445
          ],
          [
            -21.256227777777777,
            44.47189166666667
          ],
          [
            -21.256527777777777,
            44.471669444444444
          ],
          [
            -21.256830555555556,
            44.471447222222224
          ],
          [
            -21.25713888888889,
            44.47122777777778
          ],
          [
            -21.25745,
            44.47100833333334
          ],
          [
            -21.25776388888889,
            44.470794444444444
          ],
          [
            -21.258075,
            44.47058333333334
          ],
          [
            -21.258391666666668,
            44.47036666666667
          ],
          [
            -21.2587,
            44.470150000000004
          ],
          [
            -21.25901111111111,
            44.46993055555556
          ],
          [
            -21.25931388888889,
            44.46971111111111
          ],
          [
            -21.25961388888889,
            44.46948611111111
          ],
          [
            -21.259911111111112,
            44.469261111111116
          ],
          [
            -21.260205555555554,
            44.469033333333336
          ],
          [
            -21.2605,
            44.46880277777778
          ],
          [
            -21.260794444444443,
            44.468575
          ],
          [
            -21.261091666666665,
            44.46835
          ],
          [
            -21.26139166666667,
            44.468125
          ],
          [
            -21.261694444444444,
            44.46790277777778
          ],
          [
            -21.262002777777777,
            44.46768333333333
          ],
          [
            -21.26231388888889,
            44.46746944444445
          ],
          [
            -21.262627777777777,
            44.46725277777778
          ],
          [
            -21.26293888888889,
            44.467038888888894
          ],
          [
            -21.26325,
            44.46682222222223
          ],
          [
            -21.263558333333332,
            44.46660555555556
          ],
          [
            -21.26386111111111,
            44.46638611111111
          ],
          [
            -21.26416111111111,
            44.46616111111111
          ],
          [
            -21.264458333333334,
            44.46593611111111
          ],
          [
            -21.264752777777776,
            44.46571111111111
          ],
          [
            -21.265044444444445,
            44.46548055555556
          ],
          [
            -21.265338888888888,
            44.46525277777778
          ],
          [
            -21.265633333333334,
            44.46502777777778
          ],
          [
            -21.265930555555556,
            44.464800000000004
          ],
          [
            -21.266230555555556,
            44.46458055555556
          ],
          [
            -21.26653888888889,
            44.46436111111112
          ],
          [
            -21.26684722222222,
            44.46414444444445
          ],
          [
            -21.26716111111111,
            44.46393055555556
          ],
          [
            -21.26747222222222,
            44.46371944444445
          ],
          [
            -21.26778611111111,
            44.463502777777784
          ],
          [
            -21.26809722222222,
            44.46328888888889
          ],
          [
            -21.268405555555553,
            44.46307222222222
          ],
          [
            -21.268705555555556,
            44.46285555555556
          ],
          [
            -21.26899722222222,
            44.46263611111112
          ],
          [
            -21.269277777777777,
            44.46242222222222
          ],
          [
            -21.269552777777776,
            44.462208333333336
          ],
          [
            -21.26983333333333,
            44.46199166666667
          ],
          [
            -21.270113888888886,
            44.46177222222222
          ],
          [
            -21.270394444444445,
            44.461558333333336
          ],
          [
            -21.270680555555554,
            44.46134444444445
          ],
          [
            -21.270969444444443,
            44.461133333333336
          ],
          [
            -21.27126388888889,
            44.46092777777778
          ],
          [
            -21.27155833333333,
            44.460725000000004
          ],
          [
            -21.27185,
            44.460525000000004
          ],
          [
            -21.27213888888889,
            44.46032777777778
          ],
          [
            -21.27242222222222,
            44.46013333333334
          ],
          [
            -21.272702777777777,
            44.45993888888889
          ],
          [
            -21.272977777777776,
            44.45973888888889
          ],
          [
            -21.273244444444444,
            44.45954166666667
          ],
          [
            -21.273508333333332,
            44.45934166666667
          ],
          [
            -21.273769444444444,
            44.459138888888894
          ],
          [
            -21.274024999999998,
            44.45894166666667
          ],
          [
            -21.274283333333333,
            44.458738888888895
          ],
          [
            -21.274538888888888,
            44.45854166666667
          ],
          [
            -21.274797222222222,
            44.45834722222222
          ],
          [
            -21.275055555555554,
            44.45815555555556
          ],
          [
            -21.275316666666665,
            44.45796666666667
          ],
          [
            -21.275583333333334,
            44.45778333333334
          ],
          [
            -21.27585,
            44.4576
          ],
          [
            -21.276113888888887,
            44.45741666666667
          ],
          [
            -21.276374999999998,
            44.45724166666667
          ],
          [
            -21.27663611111111,
            44.45706388888889
          ],
          [
            -21.276894444444444,
            44.45688055555556
          ],
          [
            -21.277144444444442,
            44.456697222222225
          ],
          [
            -21.277394444444443,
            44.45651388888889
          ],
          [
            -21.277638888888887,
            44.45632777777778
          ],
          [
            -21.27788333333333,
            44.456136111111114
          ],
          [
            -21.278127777777776,
            44.45595
          ],
          [
            -21.278375,
            44.455761111111116
          ],
          [
            -21.27862222222222,
            44.45557777777778
          ],
          [
            -21.278875,
            44.455397222222224
          ],
          [
            -21.279127777777777,
            44.45521111111111
          ],
          [
            -21.279374999999998,
            44.45503333333333
          ],
          [
            -21.279625,
            44.45485277777778
          ],
          [
            -21.279866666666667,
            44.45467222222223
          ],
          [
            -21.28011111111111,
            44.45448888888889
          ],
          [
            -21.280352777777775,
            44.4543
          ],
          [
            -21.28058888888889,
            44.45411111111111
          ],
          [
            -21.28082222222222,
            44.453919444444445
          ],
          [
            -21.281055555555554,
            44.45373055555556
          ],
          [
            -21.28128611111111,
            44.45353888888889
          ],
          [
            -21.281519444444445,
            44.45334722222223
          ],
          [
            -21.281752777777776,
            44.45315555555556
          ],
          [
            -21.281991666666666,
            44.45296666666667
          ],
          [
            -21.282230555555554,
            44.45277777777778
          ],
          [
            -21.282474999999998,
            44.45258888888889
          ],
          [
            -21.282719444444442,
            44.45240555555556
          ],
          [
            -21.282969444444443,
            44.452219444444445
          ],
          [
            -21.283216666666664,
            44.45203888888889
          ],
          [
            -21.283469444444446,
            44.451858333333334
          ],
          [
            -21.283716666666667,
            44.45167777777778
          ],
          [
            -21.283966666666668,
            44.45149166666667
          ],
          [
            -21.28421388888889,
            44.45131111111112
          ],
          [
            -21.284458333333333,
            44.45112777777778
          ],
          [
            -21.28470277777778,
            44.45093888888889
          ],
          [
            -21.28493611111111,
            44.45075277777778
          ],
          [
            -21.285172222222222,
            44.450561111111114
          ],
          [
            -21.28540277777778,
            44.45036944444445
          ],
          [
            -21.285633333333337,
            44.45017777777778
          ],
          [
            -21.28586388888889,
            44.44998611111111
          ],
          [
            -21.2861,
            44.44979166666666
          ],
          [
            -21.286336111111112,
            44.4496
          ],
          [
            -21.286575000000003,
            44.449413888888884
          ],
          [
            -21.28681388888889,
            44.44922777777777
          ],
          [
            -21.287058333333334,
            44.44904722222222
          ],
          [
            -21.28730277777778,
            44.44886666666666
          ],
          [
            -21.287547222222223,
            44.44868888888889
          ],
          [
            -21.287797222222224,
            44.44851111111111
          ],
          [
            -21.28804166666667,
            44.44833333333333
          ],
          [
            -21.288286111111113,
            44.44815555555555
          ],
          [
            -21.28852777777778,
            44.447975
          ],
          [
            -21.288766666666668,
            44.44779444444444
          ],
          [
            -21.289,
            44.44760833333333
          ],
          [
            -21.289233333333335,
            44.44742222222222
          ],
          [
            -21.28946388888889,
            44.44723055555555
          ],
          [
            -21.28968888888889,
            44.44703888888888
          ],
          [
            -21.289919444444447,
            44.44685277777778
          ],
          [
            -21.29015,
            44.44665555555555
          ],
          [
            -21.290383333333335,
            44.446466666666666
          ],
          [
            -21.290622222222225,
            44.44627777777777
          ],
          [
            -21.290869444444446,
            44.44608888888889
          ],
          [
            -21.291116666666667,
            44.445902777777775
          ],
          [
            -21.291369444444445,
            44.44571666666666
          ],
          [
            -21.291625000000003,
            44.44553333333333
          ],
          [
            -21.291883333333335,
            44.445344444444444
          ],
          [
            -21.29213888888889,
            44.44515833333333
          ],
          [
            -21.292391666666667,
            44.444966666666666
          ],
          [
            -21.292644444444445,
            44.444775
          ],
          [
            -21.292894444444446,
            44.44457777777777
          ],
          [
            -21.293141666666667,
            44.444377777777774
          ],
          [
            -21.29338888888889,
            44.444177777777774
          ],
          [
            -21.293633333333336,
            44.44397222222222
          ],
          [
            -21.293891666666667,
            44.44376111111111
          ],
          [
            -21.29415277777778,
            44.44354444444444
          ],
          [
            -21.294416666666667,
            44.44333333333333
          ],
          [
            -21.294686111111112,
            44.44311944444444
          ],
          [
            -21.294961111111114,
            44.44291111111111
          ],
          [
            -21.29523888888889,
            44.442702777777775
          ],
          [
            -21.295522222222225,
            44.44249444444444
          ],
          [
            -21.295805555555557,
            44.44228611111111
          ],
          [
            -21.29608888888889,
            44.44208055555555
          ],
          [
            -21.296375,
            44.441872222222216
          ],
          [
            -21.296655555555557,
            44.44166111111111
          ],
          [
            -21.296936111111112,
            44.441452777777776
          ],
          [
            -21.297211111111114,
            44.44123611111111
          ],
          [
            -21.297480555555556,
            44.44101944444444
          ],
          [
            -21.29775,
            44.440799999999996
          ],
          [
            -21.29801388888889,
            44.44058055555555
          ],
          [
            -21.29827777777778,
            44.44035833333333
          ],
          [
            -21.298544444444445,
            44.44014166666666
          ],
          [
            -21.29881388888889,
            44.43992222222222
          ],
          [
            -21.299086111111112,
            44.43970833333333
          ],
          [
            -21.29936388888889,
            44.43949444444444
          ],
          [
            -21.299647222222223,
            44.43928333333333
          ],
          [
            -21.29993055555556,
            44.439074999999995
          ],
          [
            -21.300219444444444,
            44.43886666666666
          ],
          [
            -21.300508333333333,
            44.43865833333333
          ],
          [
            -21.30079166666667,
            44.438447222222216
          ],
          [
            -21.301077777777778,
            44.43823611111111
          ],
          [
            -21.301358333333333,
            44.438022222222216
          ],
          [
            -21.301633333333335,
            44.43780555555555
          ],
          [
            -21.301908333333333,
            44.43758333333333
          ],
          [
            -21.30217777777778,
            44.43736111111111
          ],
          [
            -21.302444444444443,
            44.43713611111111
          ],
          [
            -21.30271388888889,
            44.43691388888889
          ],
          [
            -21.30298611111111,
            44.43669166666666
          ],
          [
            -21.303261111111112,
            44.43646944444444
          ],
          [
            -21.30353888888889,
            44.436255555555555
          ],
          [
            -21.303825,
            44.43603888888889
          ],
          [
            -21.304111111111112,
            44.435827777777774
          ],
          [
            -21.304402777777778,
            44.43561944444444
          ],
          [
            -21.304691666666667,
            44.43540833333333
          ],
          [
            -21.304983333333332,
            44.43519444444444
          ],
          [
            -21.305269444444445,
            44.43498333333333
          ],
          [
            -21.30555,
            44.43476944444444
          ],
          [
            -21.30582777777778,
            44.43454722222222
          ],
          [
            -21.3061,
            44.434327777777774
          ],
          [
            -21.306372222222222,
            44.434105555555554
          ],
          [
            -21.306641666666668,
            44.433880555555554
          ],
          [
            -21.30691388888889,
            44.43365833333333
          ],
          [
            -21.30718611111111,
            44.43343888888889
          ],
          [
            -21.30746388888889,
            44.43321944444444
          ],
          [
            -21.307744444444445,
            44.43300277777777
          ],
          [
            -21.308027777777777,
            44.432786111111106
          ],
          [
            -21.308316666666666,
            44.43257222222222
          ],
          [
            -21.308605555555555,
            44.432361111111106
          ],
          [
            -21.308897222222225,
            44.43215
          ],
          [
            -21.30918888888889,
            44.43193888888889
          ],
          [
            -21.30947777777778,
            44.431725
          ],
          [
            -21.309763888888888,
            44.43151111111111
          ],
          [
            -21.310047222222224,
            44.43129444444444
          ],
          [
            -21.31032777777778,
            44.43107777777777
          ],
          [
            -21.310602777777778,
            44.43085555555555
          ],
          [
            -21.310872222222223,
            44.43063333333333
          ],
          [
            -21.311144444444444,
            44.430411111111106
          ],
          [
            -21.31141388888889,
            44.43018611111111
          ],
          [
            -21.31168611111111,
            44.429963888888885
          ],
          [
            -21.311958333333333,
            44.429744444444445
          ],
          [
            -21.312233333333335,
            44.42952777777778
          ],
          [
            -21.31251388888889,
            44.429313888888885
          ],
          [
            -21.312797222222223,
            44.42910277777778
          ],
          [
            -21.313080555555555,
            44.428894444444445
          ],
          [
            -21.313366666666667,
            44.42868611111111
          ],
          [
            -21.31365277777778,
            44.42847777777777
          ],
          [
            -21.31393611111111,
            44.428266666666666
          ],
          [
            -21.314219444444443,
            44.42805555555555
          ],
          [
            -21.314497222222222,
            44.427841666666666
          ],
          [
            -21.314775,
            44.427625
          ],
          [
            -21.315044444444446,
            44.42740555555555
          ],
          [
            -21.31531388888889,
            44.42718333333333
          ],
          [
            -21.315580555555556,
            44.42696111111111
          ],
          [
            -21.31585,
            44.426738888888885
          ],
          [
            -21.316119444444446,
            44.426519444444445
          ],
          [
            -21.316391666666668,
            44.4263
          ],
          [
            -21.316669444444443,
            44.42607777777778
          ],
          [
            -21.31695,
            44.42585833333333
          ],
          [
            -21.317233333333334,
            44.425641666666664
          ],
          [
            -21.317519444444443,
            44.425425
          ],
          [
            -21.317805555555555,
            44.425213888888884
          ],
          [
            -21.31809722222222,
            44.42500277777778
          ],
          [
            -21.31838611111111,
            44.424791666666664
          ],
          [
            -21.318675,
            44.42457777777778
          ],
          [
            -21.318963888888888,
            44.424363888888884
          ],
          [
            -21.31925,
            44.42415277777778
          ],
          [
            -21.319536111111113,
            44.42393333333333
          ],
          [
            -21.319819444444445,
            44.423713888888884
          ],
          [
            -21.3201,
            44.42349166666666
          ],
          [
            -21.320375,
            44.42326666666666
          ],
          [
            -21.32065,
            44.42303888888889
          ],
          [
            -21.320925,
            44.42281111111111
          ],
          [
            -21.3212,
            44.42258611111111
          ],
          [
            -21.321477777777776,
            44.42236111111111
          ],
          [
            -21.32175833333333,
            44.42214444444444
          ],
          [
            -21.322044444444444,
            44.421924999999995
          ],
          [
            -21.322333333333333,
            44.42170833333333
          ],
          [
            -21.322625,
            44.42149722222222
          ],
          [
            -21.322919444444445,
            44.42128611111111
          ],
          [
            -21.32321111111111,
            44.421077777777775
          ],
          [
            -21.3235,
            44.42086666666666
          ],
          [
            -21.32378888888889,
            44.420649999999995
          ],
          [
            -21.324066666666667,
            44.42043611111111
          ],
          [
            -21.324344444444446,
            44.42021666666666
          ],
          [
            -21.324613888888887,
            44.41999444444444
          ],
          [
            -21.324883333333332,
            44.41977222222222
          ],
          [
            -21.32515,
            44.41955
          ],
          [
            -21.325419444444446,
            44.419330555555554
          ],
          [
            -21.325691666666668,
            44.41911111111111
          ],
          [
            -21.325966666666666,
            44.41889444444444
          ],
          [
            -21.32624722222222,
            44.418680555555554
          ],
          [
            -21.326530555555554,
            44.41847222222222
          ],
          [
            -21.326816666666666,
            44.41826388888889
          ],
          [
            -21.327102777777778,
            44.418055555555554
          ],
          [
            -21.327391666666667,
            44.41784722222222
          ],
          [
            -21.327675,
            44.41763888888889
          ],
          [
            -21.327952777777778,
            44.417427777777775
          ],
          [
            -21.328227777777776,
            44.41721111111111
          ],
          [
            -21.3285,
            44.41699722222222
          ],
          [
            -21.328769444444443,
            44.416774999999994
          ],
          [
            -21.32903611111111,
            44.416555555555554
          ],
          [
            -21.329302777777777,
            44.416333333333334
          ],
          [
            -21.32957222222222,
            44.41611111111111
          ],
          [
            -21.32983888888889,
            44.41589166666667
          ],
          [
            -21.330111111111112,
            44.41567222222222
          ],
          [
            -21.33038611111111,
            44.41545555555555
          ],
          [
            -21.330666666666666,
            44.41524166666667
          ],
          [
            -21.33095,
            44.41503055555555
          ],
          [
            -21.33123611111111,
            44.41481666666667
          ],
          [
            -21.331522222222222,
            44.414608333333334
          ],
          [
            -21.331808333333335,
            44.414402777777774
          ],
          [
            -21.332094444444444,
            44.41418888888889
          ],
          [
            -21.33237777777778,
            44.413977777777774
          ],
          [
            -21.332655555555554,
            44.41376666666667
          ],
          [
            -21.332933333333333,
            44.41354722222222
          ],
          [
            -21.333205555555555,
            44.41332777777777
          ],
          [
            -21.333475,
            44.413108333333334
          ],
          [
            -21.333741666666665,
            44.41288888888889
          ],
          [
            -21.334008333333333,
            44.41266666666667
          ],
          [
            -21.33427777777778,
            44.412444444444446
          ],
          [
            -21.33455,
            44.412225
          ],
          [
            -21.334825,
            44.41201111111111
          ],
          [
            -21.335105555555554,
            44.4118
          ],
          [
            -21.335388888888886,
            44.41158611111111
          ],
          [
            -21.335675,
            44.41137777777778
          ],
          [
            -21.33596111111111,
            44.41116944444444
          ],
          [
            -21.342077777777778,
            44.410044444444445
          ],
          [
            -21.342363888888887,
            44.40983611111111
          ],
          [
            -21.342644444444442,
            44.409619444444445
          ],
          [
            -21.34292222222222,
            44.40940555555555
          ],
          [
            -21.343194444444443,
            44.409188888888885
          ],
          [
            -21.343466666666664,
            44.408969444444445
          ],
          [
            -21.34373611111111,
            44.408744444444444
          ],
          [
            -21.344002777777778,
            44.408525
          ],
          [
            -21.34427222222222,
            44.40830277777778
          ],
          [
            -21.344541666666665,
            44.40808333333333
          ],
          [
            -21.344813888888886,
            44.40786388888889
          ],
          [
            -21.345091666666665,
            44.40765
          ],
          [
            -21.34537222222222,
            44.40743333333333
          ],
          [
            -21.345658333333333,
            44.407222222222224
          ],
          [
            -21.34594444444444,
            44.40701388888889
          ],
          [
            -21.34623333333333,
            44.40680555555556
          ],
          [
            -21.346519444444443,
            44.406597222222224
          ],
          [
            -21.346808333333332,
            44.40638611111111
          ],
          [
            -21.347091666666664,
            44.406175
          ],
          [
            -21.34737222222222,
            44.40595555555556
          ],
          [
            -21.347649999999998,
            44.405741666666664
          ],
          [
            -21.347919444444443,
            44.405519444444444
          ],
          [
            -21.348191666666665,
            44.405297222222224
          ],
          [
            -21.348458333333333,
            44.40507222222222
          ],
          [
            -21.348727777777775,
            44.404849999999996
          ],
          [
            -21.34899722222222,
            44.404627777777776
          ],
          [
            -21.349272222222222,
            44.404405555555556
          ],
          [
            -21.349549999999997,
            44.40418611111111
          ],
          [
            -21.349833333333333,
            44.403974999999996
          ],
          [
            -21.350119444444445,
            44.40376388888889
          ],
          [
            -21.350408333333334,
            44.403549999999996
          ],
          [
            -21.350694444444446,
            44.40334444444444
          ],
          [
            -21.350983333333335,
            44.40313611111111
          ],
          [
            -21.351269444444444,
            44.402927777777776
          ],
          [
            -21.351550000000003,
            44.40271388888889
          ],
          [
            -21.35182777777778,
            44.402499999999996
          ],
          [
            -21.3521,
            44.402280555555556
          ],
          [
            -21.352369444444445,
            44.40206388888889
          ],
          [
            -21.352636111111114,
            44.40184166666666
          ],
          [
            -21.35290277777778,
            44.40162222222222
          ],
          [
            -21.353169444444447,
            44.401399999999995
          ],
          [
            -21.353438888888892,
            44.40118611111111
          ],
          [
            -21.35371388888889,
            44.40096944444444
          ],
          [
            -21.353997222222223,
            44.400755555555556
          ],
          [
            -21.354280555555558,
            44.40054722222222
          ],
          [
            -21.354566666666667,
            44.40033888888889
          ],
          [
            -21.35485277777778,
            44.400130555555556
          ],
          [
            -21.35514166666667,
            44.39992222222222
          ],
          [
            -21.355422222222224,
            44.39971388888889
          ],
          [
            -21.35570277777778,
            44.39949722222222
          ],
          [
            -21.355975,
            44.399280555555556
          ],
          [
            -21.356244444444446,
            44.39906111111111
          ],
          [
            -21.35651111111111,
            44.39883888888889
          ],
          [
            -21.356775000000003,
            44.39861388888889
          ],
          [
            -21.357044444444448,
            44.39839166666667
          ],
          [
            -21.357311111111112,
            44.39817222222222
          ],
          [
            -21.35758611111111,
            44.397952777777775
          ],
          [
            -21.357866666666666,
            44.39773888888889
          ],
          [
            -21.358150000000002,
            44.397527777777775
          ],
          [
            -21.35843888888889,
            44.39731944444444
          ],
          [
            -21.358725,
            44.39711111111111
          ],
          [
            -21.35901388888889,
            44.396902777777775
          ],
          [
            -21.3593,
            44.39669166666667
          ],
          [
            -21.359580555555556,
            44.396477777777775
          ],
          [
            -21.359858333333335,
            44.39626111111111
          ],
          [
            -21.360130555555557,
            44.39604166666667
          ],
          [
            -21.360397222222225,
            44.39582222222222
          ],
          [
            -21.36066388888889,
            44.39559722222222
          ],
          [
            -21.360933333333335,
            44.395375
          ],
          [
            -21.3612,
            44.395152777777774
          ],
          [
            -21.361469444444445,
            44.39493611111111
          ],
          [
            -21.361744444444447,
            44.39471666666667
          ],
          [
            -21.362025000000003,
            44.394505555555554
          ],
          [
            -21.362308333333335,
            44.39429444444444
          ],
          [
            -21.362594444444447,
            44.39408611111111
          ],
          [
            -21.362880555555556,
            44.39387222222222
          ],
          [
            -21.363166666666668,
            44.39366388888889
          ],
          [
            -21.36345,
            44.393455555555555
          ],
          [
            -21.36372777777778,
            44.39324166666667
          ],
          [
            -21.364005555555558,
            44.393025
          ],
          [
            -21.36427777777778,
            44.392808333333335
          ],
          [
            -21.36455,
            44.39258611111111
          ],
          [
            -21.36481666666667,
            44.39236388888889
          ],
          [
            -21.36508611111111,
            44.39214166666667
          ],
          [
            -21.365355555555556,
            44.39191944444445
          ],
          [
            -21.365627777777778,
            44.39169722222222
          ],
          [
            -21.36590277777778,
            44.391475
          ],
          [
            -21.366183333333336,
            44.39126111111111
          ],
          [
            -21.366469444444444,
            44.39104444444445
          ],
          [
            -21.36675277777778,
            44.39083333333333
          ],
          [
            -21.36703888888889,
            44.390625
          ],
          [
            -21.367327777777778,
            44.39041666666667
          ],
          [
            -21.36761388888889,
            44.39020555555555
          ],
          [
            -21.367897222222222,
            44.38999722222222
          ],
          [
            -21.368177777777777,
            44.389783333333334
          ],
          [
            -21.368458333333333,
            44.38956944444445
          ],
          [
            -21.368730555555555,
            44.38935277777778
          ],
          [
            -21.369,
            44.389133333333334
          ],
          [
            -21.369269444444445,
            44.38891111111111
          ],
          [
            -21.369536111111113,
            44.388688888888886
          ],
          [
            -21.369805555555555,
            44.388466666666666
          ],
          [
            -21.370075,
            44.388244444444446
          ],
          [
            -21.37034722222222,
            44.38802777777778
          ],
          [
            -21.370622222222224,
            44.38780833333333
          ],
          [
            -21.370897222222222,
            44.387591666666665
          ],
          [
            -21.371177777777778,
            44.38738055555555
          ],
          [
            -21.37146388888889,
            44.38717222222222
          ],
          [
            -21.371750000000002,
            44.38696111111111
          ],
          [
            -21.372033333333334,
            44.38675277777778
          ],
          [
            -21.372319444444447,
            44.386544444444446
          ],
          [
            -21.37260277777778,
            44.38633611111111
          ],
          [
            -21.372883333333334,
            44.386125
          ],
          [
            -21.373161111111113,
            44.385913888888886
          ],
          [
            -21.37343611111111,
            44.38569722222222
          ],
          [
            -21.373705555555556,
            44.38547777777778
          ],
          [
            -21.37397222222222,
            44.38526111111111
          ],
          [
            -21.37423888888889,
            44.385041666666666
          ],
          [
            -21.374505555555555,
            44.384819444444446
          ],
          [
            -21.374772222222223,
            44.3846
          ],
          [
            -21.375041666666668,
            44.38438333333333
          ],
          [
            -21.375316666666667,
            44.384166666666665
          ],
          [
            -21.375594444444445,
            44.38395555555555
          ],
          [
            -21.375877777777777,
            44.383744444444446
          ],
          [
            -21.376161111111113,
            44.383538888888886
          ],
          [
            -21.37644722222222,
            44.38333055555555
          ],
          [
            -21.37673611111111,
            44.38312222222222
          ],
          [
            -21.377019444444446,
            44.38291666666667
          ],
          [
            -21.37730277777778,
            44.38270555555555
          ],
          [
            -21.377577777777777,
            44.38249444444445
          ],
          [
            -21.37785277777778,
            44.38227777777778
          ],
          [
            -21.378119444444444,
            44.38206388888889
          ],
          [
            -21.378386111111112,
            44.381841666666666
          ],
          [
            -21.378652777777777,
            44.38162222222222
          ],
          [
            -21.37891666666667,
            44.3814
          ],
          [
            -21.37918611111111,
            44.38118333333333
          ],
          [
            -21.379461111111112,
            44.38096388888889
          ],
          [
            -21.379741666666668,
            44.38075277777778
          ],
          [
            -21.380025,
            44.380541666666666
          ],
          [
            -21.380311111111112,
            44.38032777777778
          ],
          [
            -21.3806,
            44.380119444444446
          ],
          [
            -21.38088611111111,
            44.37991111111111
          ],
          [
            -21.381172222222222,
            44.37970555555555
          ],
          [
            -21.381455555555554,
            44.37949166666667
          ],
          [
            -21.381736111111113,
            44.37927777777778
          ],
          [
            -21.38201111111111,
            44.37906111111111
          ],
          [
            -21.382280555555557,
            44.37884444444445
          ],
          [
            -21.38254722222222,
            44.37862222222222
          ],
          [
            -21.38281388888889,
            44.3784
          ],
          [
            -21.383080555555555,
            44.37817777777778
          ],
          [
            -21.38335,
            44.37795833333333
          ],
          [
            -21.383619444444445,
            44.37773611111111
          ],
          [
            -21.383894444444444,
            44.377522222222225
          ],
          [
            -21.384172222222222,
            44.37730555555556
          ],
          [
            -21.384452777777778,
            44.377094444444445
          ],
          [
            -21.384741666666667,
            44.37688611111111
          ],
          [
            -21.38502777777778,
            44.37667777777778
          ],
          [
            -21.385313888888888,
            44.376469444444446
          ],
          [
            -21.3856,
            44.37625833333333
          ],
          [
            -21.385880555555556,
            44.37605
          ],
          [
            -21.386158333333334,
            44.37583333333333
          ],
          [
            -21.386430555555556,
            44.375619444444446
          ],
          [
            -21.3867,
            44.37540555555556
          ],
          [
            -21.38696388888889,
            44.37518333333333
          ],
          [
            -21.387227777777778,
            44.37496388888889
          ],
          [
            -21.387491666666666,
            44.374741666666665
          ],
          [
            -21.38776111111111,
            44.374522222222225
          ],
          [
            -21.388033333333333,
            44.37430833333333
          ],
          [
            -21.388308333333335,
            44.374091666666665
          ],
          [
            -21.388591666666667,
            44.37388055555556
          ],
          [
            -21.388875,
            44.373672222222226
          ],
          [
            -21.389158333333334,
            44.37346388888889
          ],
          [
            -21.389444444444443,
            44.37325833333333
          ],
          [
            -21.389730555555555,
            44.37305277777778
          ],
          [
            -21.39001111111111,
            44.372844444444446
          ],
          [
            -21.39028888888889,
            44.37263055555555
          ],
          [
            -21.390563888888888,
            44.372416666666666
          ],
          [
            -21.390830555555556,
            44.37219722222222
          ],
          [
            -21.39109722222222,
            44.37197777777778
          ],
          [
            -21.39136388888889,
            44.37175833333333
          ],
          [
            -21.391630555555555,
            44.37153611111111
          ],
          [
            -21.391897222222223,
            44.371316666666665
          ],
          [
            -21.392169444444445,
            44.371097222222225
          ],
          [
            -21.392447222222224,
            44.37088333333333
          ],
          [
            -21.392733333333332,
            44.370672222222225
          ],
          [
            -21.393016666666668,
            44.37046388888889
          ],
          [
            -21.393302777777777,
            44.37025555555556
          ],
          [
            -21.393591666666666,
            44.370047222222226
          ],
          [
            -21.393874999999998,
            44.36983888888889
          ],
          [
            -21.394158333333333,
            44.36963055555555
          ],
          [
            -21.394436111111112,
            44.369416666666666
          ],
          [
            -21.394708333333334,
            44.3692
          ],
          [
            -21.394975,
            44.36898055555556
          ],
          [
            -21.395241666666667,
            44.36876111111111
          ],
          [
            -21.395508333333332,
            44.36853888888889
          ],
          [
            -21.395775,
            44.368316666666665
          ],
          [
            -21.396041666666665,
            44.3681
          ],
          [
            -21.396316666666667,
            44.36788333333333
          ],
          [
            -21.396594444444442,
            44.367672222222225
          ],
          [
            -21.396874999999998,
            44.36746111111111
          ],
          [
            -21.397158333333334,
            44.36725277777778
          ],
          [
            -21.397447222222223,
            44.367044444444446
          ],
          [
            -21.39773333333333,
            44.36683888888889
          ],
          [
            -21.398016666666667,
            44.36663055555556
          ],
          [
            -21.3983,
            44.366419444444446
          ],
          [
            -21.398577777777778,
            44.36620833333333
          ],
          [
            -21.398852777777776,
            44.365991666666666
          ],
          [
            -21.399124999999998,
            44.365775
          ],
          [
            -21.399391666666666,
            44.36555277777778
          ],
          [
            -21.39965833333333,
            44.36533333333333
          ],
          [
            -21.399925,
            44.36511111111111
          ],
          [
            -21.400194444444445,
            44.36488888888889
          ],
          [
            -21.400463888888886,
            44.364675
          ],
          [
            -21.40073888888889,
            44.36445833333333
          ],
          [
            -21.401016666666667,
            44.364244444444445
          ],
          [
            -21.401297222222222,
            44.36403611111111
          ],
          [
            -21.40158333333333,
            44.36382777777778
          ],
          [
            -21.401869444444444,
            44.363619444444446
          ],
          [
            -21.402155555555556,
            44.36341111111111
          ],
          [
            -21.402438888888888,
            44.36320277777778
          ],
          [
            -21.40272222222222,
            44.362994444444446
          ],
          [
            -21.403,
            44.36278055555556
          ],
          [
            -21.403274999999997,
            44.362566666666666
          ],
          [
            -21.403544444444442,
            44.362347222222226
          ],
          [
            -21.40381111111111,
            44.36212777777778
          ],
          [
            -21.404077777777776,
            44.36190555555556
          ],
          [
            -21.404344444444444,
            44.36168611111111
          ],
          [
            -21.40461388888889,
            44.36146388888889
          ],
          [
            -21.40488611111111,
            44.361244444444445
          ],
          [
            -21.405163888888886,
            44.36103055555556
          ],
          [
            -21.40544444444444,
            44.360819444444445
          ],
          [
            -21.406769444444443,
            44.36054444444444
          ],
          [
            -21.40705833333333,
            44.36033333333334
          ],
          [
            -21.407344444444444,
            44.36012777777778
          ],
          [
            -21.407630555555553,
            44.359919444444444
          ],
          [
            -21.407916666666665,
            44.35970833333334
          ],
          [
            -21.40819722222222,
            44.359497222222224
          ],
          [
            -21.408472222222223,
            44.35928611111111
          ],
          [
            -21.408744444444444,
            44.35906666666667
          ],
          [
            -21.409013888888886,
            44.358847222222224
          ],
          [
            -21.40927222222222,
            44.35862222222222
          ],
          [
            -21.40951388888889,
            44.35838888888889
          ],
          [
            -21.409727777777775,
            44.35814722222222
          ],
          [
            -21.409905555555554,
            44.35789166666667
          ],
          [
            -21.410038888888888,
            44.357625
          ],
          [
            -21.410127777777777,
            44.35735277777778
          ],
          [
            -21.410166666666665,
            44.35707777777778
          ],
          [
            -21.41015833333333,
            44.35680555555556
          ],
          [
            -21.410102777777777,
            44.356541666666665
          ],
          [
            -21.410013888888887,
            44.35628333333334
          ],
          [
            -21.409891666666667,
            44.356033333333336
          ],
          [
            -21.40973888888889,
            44.35579444444445
          ],
          [
            -21.40956111111111,
            44.35556388888889
          ],
          [
            -21.409355555555553,
            44.35534444444445
          ],
          [
            -21.409127777777776,
            44.35513888888889
          ],
          [
            -21.408880555555555,
            44.35494166666667
          ],
          [
            -21.408616666666664,
            44.354755555555556
          ],
          [
            -21.408341666666665,
            44.35457777777778
          ],
          [
            -21.408055555555553,
            44.35440555555556
          ],
          [
            -21.40777222222222,
            44.35422777777778
          ],
          [
            -21.407494444444442,
            44.35404444444445
          ],
          [
            -21.407224999999997,
            44.353855555555555
          ],
          [
            -21.406958333333332,
            44.353661111111116
          ],
          [
            -21.406691666666664,
            44.35346666666667
          ],
          [
            -21.406425,
            44.35326666666667
          ],
          [
            -21.406155555555554,
            44.35306944444444
          ],
          [
            -21.40588888888889,
            44.352872222222224
          ],
          [
            -21.405616666666667,
            44.352672222222225
          ],
          [
            -21.405341666666665,
            44.352472222222225
          ],
          [
            -21.405063888888886,
            44.352275
          ],
          [
            -21.404780555555554,
            44.352075
          ],
          [
            -21.404497222222222,
            44.35188055555556
          ],
          [
            -21.40421111111111,
            44.351686111111114
          ],
          [
            -21.403916666666664,
            44.35149166666667
          ],
          [
            -21.403624999999998,
            44.3513
          ],
          [
            -21.403327777777776,
            44.351108333333336
          ],
          [
            -21.40303611111111,
            44.35091944444444
          ],
          [
            -21.402741666666664,
            44.350722222222224
          ],
          [
            -21.40244722222222,
            44.35052777777778
          ],
          [
            -21.402158333333333,
            44.35033055555556
          ],
          [
            -21.401869444444444,
            44.35013055555556
          ],
          [
            -21.40158333333333,
            44.34992777777778
          ],
          [
            -21.4013,
            44.349722222222226
          ],
          [
            -21.401016666666667,
            44.34951388888889
          ],
          [
            -21.400736111111108,
            44.34930555555556
          ],
          [
            -21.400452777777776,
            44.34909722222223
          ],
          [
            -21.400166666666664,
            44.348888888888894
          ],
          [
            -21.399880555555555,
            44.34868055555556
          ],
          [
            -21.39958888888889,
            44.348475
          ],
          [
            -21.399297222222224,
            44.348275
          ],
          [
            -21.39899722222222,
            44.34807777777778
          ],
          [
            -21.39869722222222,
            44.34787777777778
          ],
          [
            -21.398394444444445,
            44.347680555555556
          ],
          [
            -21.398094444444443,
            44.34748611111112
          ],
          [
            -21.397797222222223,
            44.34728888888889
          ],
          [
            -21.3975,
            44.34708888888889
          ],
          [
            -21.39720833333333,
            44.34688888888889
          ],
          [
            -21.396919444444443,
            44.34668333333334
          ],
          [
            -21.39663611111111,
            44.34647777777778
          ],
          [
            -21.39635277777778,
            44.346269444444445
          ],
          [
            -21.396072222222223,
            44.34606111111111
          ],
          [
            -21.395791666666668,
            44.34585277777778
          ],
          [
            -21.395505555555555,
            44.34565
          ],
          [
            -21.395219444444443,
            44.345444444444446
          ],
          [
            -21.394927777777777,
            44.345241666666666
          ],
          [
            -21.39463333333333,
            44.34504444444445
          ],
          [
            -21.394333333333332,
            44.34485
          ],
          [
            -21.39403888888889,
            44.34464722222222
          ],
          [
            -21.393755555555554,
            44.34443888888889
          ],
          [
            -21.393480555555556,
            44.344225
          ],
          [
            -21.39321111111111,
            44.344005555555555
          ],
          [
            -21.392936111111112,
            44.34379166666667
          ],
          [
            -21.39266111111111,
            44.343580555555555
          ],
          [
            -21.392377777777778,
            44.34336944444445
          ],
          [
            -21.392094444444442,
            44.34316388888889
          ],
          [
            -21.391805555555557,
            44.342958333333335
          ],
          [
            -21.391513888888888,
            44.342755555555556
          ],
          [
            -21.391219444444445,
            44.34255
          ],
          [
            -21.390933333333333,
            44.34234166666667
          ],
          [
            -21.390652777777778,
            44.342130555555556
          ],
          [
            -21.39037777777778,
            44.34191944444445
          ],
          [
            -21.390105555555554,
            44.34170277777778
          ],
          [
            -21.389833333333332,
            44.34148888888889
          ],
          [
            -21.389558333333333,
            44.341275
          ],
          [
            -21.389280555555555,
            44.341058333333336
          ],
          [
            -21.389,
            44.34085
          ],
          [
            -21.388713888888887,
            44.34064166666667
          ],
          [
            -21.38842222222222,
            44.34043333333334
          ],
          [
            -21.388130555555556,
            44.34023333333334
          ],
          [
            -21.38783888888889,
            44.34002777777778
          ],
          [
            -21.38754722222222,
            44.339822222222224
          ],
          [
            -21.387255555555555,
            44.33961666666667
          ],
          [
            -21.386966666666666,
            44.33940833333334
          ],
          [
            -21.386683333333334,
            44.339197222222225
          ],
          [
            -21.386405555555555,
            44.33898333333334
          ],
          [
            -21.386130555555557,
            44.33876666666667
          ],
          [
            -21.38585833333333,
            44.338550000000005
          ],
          [
            -21.38558611111111,
            44.33833055555556
          ],
          [
            -21.38531111111111,
            44.33811111111111
          ],
          [
            -21.38503888888889,
            44.337897222222225
          ],
          [
            -21.384758333333334,
            44.33768055555556
          ],
          [
            -21.384469444444445,
            44.337469444444444
          ],
          [
            -21.384180555555556,
            44.33725833333334
          ],
          [
            -21.383888888888887,
            44.33705277777778
          ],
          [
            -21.383594444444444,
            44.336844444444445
          ],
          [
            -21.383300000000002,
            44.33663888888889
          ],
          [
            -21.383011111111113,
            44.33643055555556
          ],
          [
            -21.382725,
            44.336222222222226
          ],
          [
            -21.38244166666667,
            44.33601111111111
          ],
          [
            -21.38216388888889,
            44.335797222222226
          ],
          [
            -21.381888888888888,
            44.33557777777778
          ],
          [
            -21.381619444444446,
            44.33535833333334
          ],
          [
            -21.38134722222222,
            44.33513888888889
          ],
          [
            -21.381075,
            44.334922222222225
          ],
          [
            -21.3808,
            44.33470555555556
          ],
          [
            -21.380522222222222,
            44.33449166666667
          ],
          [
            -21.380236111111113,
            44.33428333333334
          ],
          [
            -21.379947222222224,
            44.334075000000006
          ],
          [
            -21.379655555555555,
            44.33386666666667
          ],
          [
            -21.37936388888889,
            44.33366111111111
          ],
          [
            -21.379072222222224,
            44.33345277777778
          ],
          [
            -21.378783333333335,
            44.333244444444446
          ],
          [
            -21.378494444444446,
            44.33303611111111
          ],
          [
            -21.37821388888889,
            44.33282500000001
          ],
          [
            -21.37793611111111,
            44.33261111111111
          ],
          [
            -21.37766388888889,
            44.332394444444446
          ],
          [
            -21.377388888888888,
            44.33217500000001
          ],
          [
            -21.377116666666666,
            44.33195833333334
          ],
          [
            -21.376844444444444,
            44.33173611111111
          ],
          [
            -21.376569444444446,
            44.331519444444446
          ],
          [
            -21.376291666666667,
            44.33130277777778
          ],
          [
            -21.376008333333335,
            44.33108888888889
          ],
          [
            -21.375722222222223,
            44.33087777777778
          ],
          [
            -21.375433333333334,
            44.330672222222226
          ],
          [
            -21.375141666666668,
            44.33046944444445
          ],
          [
            -21.374850000000002,
            44.330263888888894
          ],
          [
            -21.374558333333333,
            44.330058333333334
          ],
          [
            -21.374266666666667,
            44.32985277777778
          ],
          [
            -21.373980555555555,
            44.32964444444445
          ],
          [
            -21.3737,
            44.329433333333334
          ],
          [
            -21.373422222222224,
            44.32921944444445
          ],
          [
            -21.373147222222222,
            44.32900277777778
          ],
          [
            -21.372875,
            44.328786111111114
          ],
          [
            -21.372605555555555,
            44.32856666666667
          ],
          [
            -21.372330555555557,
            44.32834722222223
          ],
          [
            -21.372055555555555,
            44.328133333333334
          ],
          [
            -21.37177777777778,
            44.32792222222223
          ],
          [
            -21.371497222222224,
            44.327708333333334
          ],
          [
            -21.371211111111112,
            44.3275
          ],
          [
            -21.370922222222223,
            44.32729444444445
          ],
          [
            -21.370630555555557,
            44.32709166666667
          ],
          [
            -21.37034166666667,
            44.326886111111115
          ],
          [
            -21.37005,
            44.32667777777778
          ],
          [
            -21.36976388888889,
            44.32646944444445
          ],
          [
            -21.369483333333335,
            44.326261111111116
          ],
          [
            -21.36920277777778,
            44.32605
          ],
          [
            -21.368927777777778,
            44.32583055555556
          ],
          [
            -21.368655555555556,
            44.32561666666667
          ],
          [
            -21.36838611111111,
            44.32539722222223
          ],
          [
            -21.368116666666666,
            44.325183333333335
          ],
          [
            -21.367841666666667,
            44.32496666666667
          ],
          [
            -21.36756666666667,
            44.32475277777778
          ],
          [
            -21.36728888888889,
            44.32454444444445
          ],
          [
            -21.367002777777778,
            44.324336111111116
          ],
          [
            -21.36671666666667,
            44.324130555555556
          ],
          [
            -21.36642777777778,
            44.323925
          ],
          [
            -21.36613888888889,
            44.323725
          ],
          [
            -21.36585277777778,
            44.32351944444445
          ],
          [
            -21.365569444444446,
            44.32331111111112
          ],
          [
            -21.36528888888889,
            44.323102777777784
          ],
          [
            -21.36501388888889,
            44.32289166666667
          ],
          [
            -21.364741666666667,
            44.322675000000004
          ],
          [
            -21.364472222222222,
            44.32246111111112
          ],
          [
            -21.36420277777778,
            44.32224166666667
          ],
          [
            -21.363933333333335,
            44.322025000000004
          ],
          [
            -21.363661111111114,
            44.32181388888889
          ],
          [
            -21.36338611111111,
            44.321602777777784
          ],
          [
            -21.363105555555556,
            44.32139444444445
          ],
          [
            -21.362819444444447,
            44.32118888888889
          ],
          [
            -21.362533333333335,
            44.32098333333334
          ],
          [
            -21.362244444444446,
            44.32078333333334
          ],
          [
            -21.36195277777778,
            44.32057777777778
          ],
          [
            -21.36166111111111,
            44.32037777777778
          ],
          [
            -21.361375000000002,
            44.320169444444446
          ],
          [
            -21.36108888888889,
            44.31996388888889
          ],
          [
            -21.360808333333335,
            44.31975277777778
          ],
          [
            -21.36052777777778,
            44.31953611111111
          ],
          [
            -21.360255555555558,
            44.319322222222226
          ],
          [
            -21.359983333333336,
            44.31910277777778
          ],
          [
            -21.359711111111114,
            44.31888888888889
          ],
          [
            -21.35943888888889,
            44.318669444444446
          ],
          [
            -21.35916388888889,
            44.31845555555556
          ],
          [
            -21.358883333333335,
            44.31824166666667
          ],
          [
            -21.358600000000003,
            44.31803333333334
          ],
          [
            -21.35831388888889,
            44.317825000000006
          ],
          [
            -21.358025,
            44.31762500000001
          ],
          [
            -21.357733333333336,
            44.31742222222223
          ],
          [
            -21.357444444444447,
            44.31721666666667
          ],
          [
            -21.357155555555558,
            44.317013888888894
          ],
          [
            -21.356869444444445,
            44.31680555555556
          ],
          [
            -21.35658888888889,
            44.31659722222222
          ],
          [
            -21.356308333333335,
            44.31638611111111
          ],
          [
            -21.356030555555556,
            44.31616944444444
          ],
          [
            -21.355755555555557,
            44.315955555555554
          ],
          [
            -21.355486111111112,
            44.31573611111111
          ],
          [
            -21.355211111111114,
            44.31551666666667
          ],
          [
            -21.35494166666667,
            44.3153
          ],
          [
            -21.354666666666667,
            44.315083333333334
          ],
          [
            -21.35438888888889,
            44.31486388888889
          ],
          [
            -21.354111111111113,
            44.31465
          ],
          [
            -21.353833333333334,
            44.31443888888889
          ],
          [
            -21.353547222222225,
            44.314230555555554
          ],
          [
            -21.353261111111113,
            44.31402222222222
          ],
          [
            -21.352972222222224,
            44.31381666666666
          ],
          [
            -21.35268055555556,
            44.31361111111111
          ],
          [
            -21.35238888888889,
            44.313405555555555
          ],
          [
            -21.352097222222223,
            44.313202777777775
          ],
          [
            -21.351805555555558,
            44.31299722222222
          ],
          [
            -21.351519444444445,
            44.31278611111111
          ],
          [
            -21.35123888888889,
            44.312574999999995
          ],
          [
            -21.35096111111111,
            44.31235833333333
          ],
          [
            -21.350683333333336,
            44.31213888888889
          ],
          [
            -21.35041111111111,
            44.31192222222222
          ],
          [
            -21.350136111111112,
            44.311702777777775
          ],
          [
            -21.349858333333334,
            44.31148611111111
          ],
          [
            -21.34958333333333,
            44.31126944444444
          ],
          [
            -21.349302777777776,
            44.31105833333333
          ],
          [
            -21.349016666666664,
            44.310849999999995
          ],
          [
            -21.348727777777775,
            44.31064166666666
          ],
          [
            -21.34843888888889,
            44.31043888888889
          ],
          [
            -21.34814722222222,
            44.31023333333333
          ],
          [
            -21.347852777777778,
            44.310024999999996
          ],
          [
            -21.347566666666665,
            44.309822222222216
          ],
          [
            -21.347283333333333,
            44.30961388888888
          ],
          [
            -21.347002777777778,
            44.309397222222216
          ],
          [
            -21.346725,
            44.30918333333333
          ],
          [
            -21.346452777777777,
            44.30896388888888
          ],
          [
            -21.346180555555556,
            44.308747222222216
          ],
          [
            -21.34590833333333,
            44.30853055555555
          ],
          [
            -21.34563611111111,
            44.30831111111111
          ],
          [
            -21.345358333333333,
            44.30809722222222
          ],
          [
            -21.345077777777778,
            44.307880555555556
          ],
          [
            -21.344794444444442,
            44.30766944444444
          ],
          [
            -21.344502777777777,
            44.30746111111111
          ],
          [
            -21.34421111111111,
            44.30725277777778
          ],
          [
            -21.343916666666665,
            44.30704444444444
          ],
          [
            -21.33973888888889,
            44.306691666666666
          ],
          [
            -21.339444444444442,
            44.30648333333333
          ],
          [
            -21.339155555555553,
            44.306275
          ],
          [
            -21.338869444444445,
            44.306063888888886
          ],
          [
            -21.338591666666666,
            44.30585277777777
          ],
          [
            -21.338316666666664,
            44.305636111111106
          ],
          [
            -21.338041666666665,
            44.30541944444444
          ],
          [
            -21.33777222222222,
            44.30520277777777
          ],
          [
            -21.3375,
            44.304986111111106
          ],
          [
            -21.337225,
            44.30476944444444
          ],
          [
            -21.33694722222222,
            44.30455555555555
          ],
          [
            -21.336666666666666,
            44.30434722222222
          ],
          [
            -21.336380555555554,
            44.304138888888886
          ],
          [
            -21.336088888888888,
            44.30393333333333
          ],
          [
            -21.335797222222222,
            44.30372777777777
          ],
          [
            -21.335505555555553,
            44.30352222222222
          ],
          [
            -21.335216666666664,
            44.30331944444444
          ],
          [
            -21.334927777777775,
            44.30311388888889
          ],
          [
            -21.334641666666666,
            44.302905555555554
          ],
          [
            -21.33435833333333,
            44.30269444444444
          ],
          [
            -21.334083333333332,
            44.302477777777774
          ],
          [
            -21.333808333333334,
            44.30226388888889
          ],
          [
            -21.33353611111111,
            44.30204444444444
          ],
          [
            -21.33326388888889,
            44.301824999999994
          ],
          [
            -21.332991666666665,
            44.30160833333333
          ],
          [
            -21.332716666666666,
            44.30139166666666
          ],
          [
            -21.332438888888888,
            44.301180555555554
          ],
          [
            -21.332155555555556,
            44.30096944444444
          ],
          [
            -21.331866666666667,
            44.30076111111111
          ],
          [
            -21.331575,
            44.300555555555555
          ],
          [
            -21.33128333333333,
            44.300349999999995
          ],
          [
            -21.33098888888889,
            44.30014722222222
          ],
          [
            -21.3307,
            44.29993888888889
          ],
          [
            -21.33041111111111,
            44.299727777777775
          ],
          [
            -21.330130555555556,
            44.29951388888889
          ],
          [
            -21.32985,
            44.299299999999995
          ],
          [
            -21.32957222222222,
            44.299080555555555
          ],
          [
            -21.329297222222223,
            44.29886111111111
          ],
          [
            -21.32902222222222,
            44.29863888888889
          ],
          [
            -21.328747222222223,
            44.29842222222222
          ],
          [
            -21.32847222222222,
            44.298205555555555
          ],
          [
            -21.328191666666665,
            44.29799166666667
          ],
          [
            -21.327908333333333,
            44.29778333333333
          ],
          [
            -21.327619444444444,
            44.297574999999995
          ],
          [
            -21.327330555555555,
            44.29736944444444
          ],
          [
            -21.32703888888889,
            44.29716388888889
          ],
          [
            -21.32674722222222,
            44.29695833333333
          ],
          [
            -21.326455555555555,
            44.296755555555556
          ],
          [
            -21.32616388888889,
            44.29654722222222
          ],
          [
            -21.325877777777777,
            44.29633888888889
          ],
          [
            -21.32559722222222,
            44.29612222222222
          ],
          [
            -21.325322222222223,
            44.29591111111111
          ],
          [
            -21.32504722222222,
            44.29569166666666
          ],
          [
            -21.324775,
            44.295474999999996
          ],
          [
            -21.324502777777777,
            44.295255555555556
          ],
          [
            -21.324230555555555,
            44.29504166666666
          ],
          [
            -21.323955555555557,
            44.29482222222222
          ],
          [
            -21.323677777777778,
            44.29461111111111
          ],
          [
            -21.323394444444443,
            44.29439722222222
          ],
          [
            -21.323105555555557,
            44.29418888888889
          ],
          [
            -21.322816666666668,
            44.29398055555556
          ],
          [
            -21.322525,
            44.29377777777778
          ],
          [
            -21.322233333333333,
            44.29357222222222
          ],
          [
            -21.32194722222222,
            44.293366666666664
          ],
          [
            -21.321661111111112,
            44.29315833333333
          ],
          [
            -21.321380555555557,
            44.29294722222222
          ],
          [
            -21.321102777777778,
            44.29273611111111
          ],
          [
            -21.320830555555556,
            44.292519444444444
          ],
          [
            -21.32056111111111,
            44.2923
          ],
          [
            -21.320291666666666,
            44.29208333333333
          ],
          [
            -21.320025,
            44.291866666666664
          ],
          [
            -21.319755555555556,
            44.29165277777778
          ],
          [
            -21.319480555555554,
            44.291441666666664
          ],
          [
            -21.31920277777778,
            44.29123055555555
          ],
          [
            -21.318916666666667,
            44.291025
          ],
          [
            -21.318627777777778,
            44.290819444444445
          ],
          [
            -21.31833888888889,
            44.290613888888885
          ],
          [
            -21.31805,
            44.290413888888885
          ],
          [
            -21.31776111111111,
            44.29020833333333
          ],
          [
            -21.317474999999998,
            44.29000277777778
          ],
          [
            -21.317194444444443,
            44.28979444444444
          ],
          [
            -21.316916666666668,
            44.289586111111106
          ],
          [
            -21.316644444444446,
            44.289375
          ],
          [
            -21.316375,
            44.28915833333333
          ],
          [
            -21.316105555555556,
            44.28894444444444
          ],
          [
            -21.31583888888889,
            44.28873055555555
          ],
          [
            -21.31556666666667,
            44.288516666666666
          ],
          [
            -21.315297222222224,
            44.28830555555555
          ],
          [
            -21.315022222222222,
            44.28809722222222
          ],
          [
            -21.314744444444447,
            44.28788888888889
          ],
          [
            -21.31446111111111,
            44.287683333333334
          ],
          [
            -21.314175000000002,
            44.287480555555554
          ],
          [
            -21.313886111111113,
            44.287277777777774
          ],
          [
            -21.313597222222224,
            44.287077777777775
          ],
          [
            -21.313308333333335,
            44.286874999999995
          ],
          [
            -21.313022222222223,
            44.28666944444444
          ],
          [
            -21.31273888888889,
            44.28646111111111
          ],
          [
            -21.312455555555555,
            44.286249999999995
          ],
          [
            -21.31217777777778,
            44.286030555555556
          ],
          [
            -21.311902777777778,
            44.28581111111111
          ],
          [
            -21.31162777777778,
            44.28559444444444
          ],
          [
            -21.311355555555558,
            44.28537222222222
          ],
          [
            -21.311083333333332,
            44.285152777777775
          ],
          [
            -21.310808333333334,
            44.28493611111111
          ],
          [
            -21.310533333333336,
            44.28471944444444
          ],
          [
            -21.310255555555557,
            44.284508333333335
          ],
          [
            -21.309975,
            44.284302777777775
          ],
          [
            -21.309691666666666,
            44.28409722222222
          ],
          [
            -21.309408333333334,
            44.28389722222222
          ],
          [
            -21.30912222222222,
            44.28369444444444
          ],
          [
            -21.30883888888889,
            44.28349444444444
          ],
          [
            -21.308555555555557,
            44.28329166666666
          ],
          [
            -21.308275000000002,
            44.283091666666664
          ],
          [
            -21.308,
            44.28288333333333
          ],
          [
            -21.307725,
            44.282675
          ],
          [
            -21.30745277777778,
            44.28246111111111
          ],
          [
            -21.307183333333334,
            44.282247222222225
          ],
          [
            -21.306911111111113,
            44.28202777777778
          ],
          [
            -21.30663888888889,
            44.28181111111111
          ],
          [
            -21.30636388888889,
            44.281594444444444
          ],
          [
            -21.30608611111111,
            44.28138055555556
          ],
          [
            -21.305802777777778,
            44.281169444444444
          ],
          [
            -21.305519444444446,
            44.28096111111111
          ],
          [
            -21.305230555555557,
            44.28075555555556
          ],
          [
            -21.30493888888889,
            44.28055
          ],
          [
            -21.304650000000002,
            44.280344444444445
          ],
          [
            -21.30436388888889,
            44.280138888888885
          ],
          [
            -21.304077777777778,
            44.27993333333333
          ],
          [
            -21.303797222222222,
            44.279725
          ],
          [
            -21.303519444444444,
            44.27951111111111
          ],
          [
            -21.303250000000002,
            44.27929722222222
          ],
          [
            -21.30297777777778,
            44.27907777777778
          ],
          [
            -21.302708333333335,
            44.278863888888885
          ],
          [
            -21.302436111111113,
            44.278644444444446
          ],
          [
            -21.30216111111111,
            44.27843055555555
          ],
          [
            -21.301880555555556,
            44.278213888888885
          ],
          [
            -21.301597222222224,
            44.27800277777778
          ],
          [
            -21.301308333333335,
            44.277794444444446
          ],
          [
            -21.30101666666667,
            44.277588888888886
          ],
          [
            -21.300725,
            44.27738333333333
          ],
          [
            -21.300430555555558,
            44.27718055555555
          ],
          [
            -21.30013888888889,
            44.27697222222222
          ],
          [
            -21.299850000000003,
            44.27675833333333
          ],
          [
            -21.299566666666667,
            44.27654722222222
          ],
          [
            -21.299288888888892,
            44.27632777777778
          ],
          [
            -21.299011111111113,
            44.27611111111111
          ],
          [
            -21.29873611111111,
            44.275891666666666
          ],
          [
            -21.298461111111113,
            44.275669444444446
          ],
          [
            -21.298183333333334,
            44.27545
          ],
          [
            -21.29790277777778,
            44.27523611111111
          ],
          [
            -21.297619444444447,
            44.27502222222222
          ],
          [
            -21.29732777777778,
            44.274813888888886
          ],
          [
            -21.297033333333335,
            44.27460555555555
          ],
          [
            -21.296736111111112,
            44.27439722222222
          ],
          [
            -21.29644166666667,
            44.27418888888889
          ],
          [
            -21.296147222222224,
            44.27398055555555
          ],
          [
            -21.29585555555556,
            44.27376666666667
          ],
          [
            -21.295569444444446,
            44.27355277777777
          ],
          [
            -21.295286111111114,
            44.27333333333333
          ],
          [
            -21.295008333333335,
            44.273113888888886
          ],
          [
            -21.294733333333333,
            44.27289444444445
          ],
          [
            -21.294458333333335,
            44.27267222222222
          ],
          [
            -21.294180555555556,
            44.27245277777778
          ],
          [
            -21.29390277777778,
            44.27223333333333
          ],
          [
            -21.293619444444445,
            44.272019444444446
          ],
          [
            -21.293336111111113,
            44.27181111111111
          ],
          [
            -21.293044444444448,
            44.27160277777778
          ],
          [
            -21.29275277777778,
            44.27139444444445
          ],
          [
            -21.292458333333336,
            44.27118888888889
          ],
          [
            -21.29216388888889,
            44.270983333333334
          ],
          [
            -21.291872222222224,
            44.270775
          ],
          [
            -21.291583333333335,
            44.27056388888889
          ],
          [
            -21.291297222222223,
            44.270352777777774
          ],
          [
            -21.29101388888889,
            44.270133333333334
          ],
          [
            -21.290736111111112,
            44.26991666666667
          ],
          [
            -21.290458333333333,
            44.26969722222222
          ],
          [
            -21.290177777777778,
            44.26948611111111
          ],
          [
            -21.28988888888889,
            44.26927777777777
          ],
          [
            -21.289594444444447,
            44.26907222222222
          ],
          [
            -21.289294444444447,
            44.26886944444444
          ],
          [
            -21.288994444444445,
            44.26867222222222
          ],
          [
            -21.28869166666667,
            44.268475
          ],
          [
            -21.28839166666667,
            44.268274999999996
          ],
          [
            -21.28809166666667,
            44.268074999999996
          ],
          [
            -21.2878,
            44.26786666666666
          ],
          [
            -21.28751111111111,
            44.26765833333333
          ],
          [
            -21.28722777777778,
            44.26745
          ],
          [
            -21.286944444444448,
            44.26723888888889
          ],
          [
            -21.286663888888892,
            44.267022222222224
          ],
          [
            -21.28637777777778,
            44.26681111111111
          ],
          [
            -21.286091666666668,
            44.2666
          ],
          [
            -21.28580277777778,
            44.266391666666664
          ],
          [
            -21.285505555555556,
            44.26618888888889
          ],
          [
            -21.285205555555557,
            44.26598888888889
          ],
          [
            -21.28490277777778,
            44.26578611111111
          ],
          [
            -21.2846,
            44.26558888888889
          ],
          [
            -21.2843,
            44.265391666666666
          ],
          [
            -21.28400277777778,
            44.265188888888886
          ],
          [
            -21.283705555555557,
            44.26498888888889
          ],
          [
            -21.28341388888889,
            44.264780555555554
          ],
          [
            -21.28312777777778,
            44.26456944444445
          ],
          [
            -21.282844444444443,
            44.264355555555554
          ],
          [
            -21.282563888888888,
            44.26414444444445
          ],
          [
            -21.282280555555555,
            44.263933333333334
          ],
          [
            -21.28199722222222,
            44.26371944444445
          ],
          [
            -21.28170833333333,
            44.263511111111114
          ],
          [
            -21.281416666666665,
            44.26330277777778
          ],
          [
            -21.281119444444442,
            44.263102777777775
          ],
          [
            -21.280816666666666,
            44.262905555555555
          ],
          [
            -21.28051111111111,
            44.262705555555556
          ],
          [
            -21.280205555555554,
            44.26251944444444
          ],
          [
            -21.279902777777778,
            44.26233055555556
          ],
          [
            -21.279605555555555,
            44.262141666666665
          ],
          [
            -21.279308333333333,
            44.26195555555555
          ],
          [
            -21.279013888888887,
            44.261763888888886
          ],
          [
            -21.278719444444445,
            44.26156944444445
          ],
          [
            -21.278430555555556,
            44.26136666666667
          ],
          [
            -21.278144444444443,
            44.26116666666667
          ],
          [
            -21.27785833333333,
            44.26096388888889
          ],
          [
            -21.277569444444442,
            44.26076111111111
          ],
          [
            -21.277277777777776,
            44.260555555555555
          ],
          [
            -21.276977777777777,
            44.260352777777776
          ],
          [
            -21.276674999999997,
            44.260152777777776
          ],
          [
            -21.276369444444445,
            44.25995277777778
          ],
          [
            -21.27606111111111,
            44.25975833333333
          ],
          [
            -21.275755555555556,
            44.259566666666665
          ],
          [
            -21.275447222222223,
            44.25938055555556
          ],
          [
            -21.275141666666666,
            44.259188888888886
          ],
          [
            -21.27483611111111,
            44.25899722222222
          ],
          [
            -21.27453333333333,
            44.258805555555554
          ],
          [
            -21.27423333333333,
            44.25861111111111
          ],
          [
            -21.27393888888889,
            44.25841388888889
          ],
          [
            -21.273644444444443,
            44.25821666666667
          ],
          [
            -21.273355555555554,
            44.25801388888889
          ],
          [
            -21.273066666666665,
            44.25781388888889
          ],
          [
            -21.272780555555556,
            44.25760833333333
          ],
          [
            -21.272491666666667,
            44.25740277777778
          ],
          [
            -21.272205555555555,
            44.2572
          ],
          [
            -21.271916666666666,
            44.25700277777778
          ],
          [
            -21.271625,
            44.25680555555556
          ],
          [
            -21.271327777777778,
            44.25660833333333
          ],
          [
            -21.27102777777778,
            44.25641666666667
          ],
          [
            -21.270725,
            44.25622222222222
          ],
          [
            -21.270419444444443,
            44.256033333333335
          ],
          [
            -21.27011111111111,
            44.25584166666667
          ],
          [
            -21.269805555555553,
            44.25565
          ],
          [
            -21.2695,
            44.25545833333333
          ],
          [
            -21.26919722222222,
            44.255269444444444
          ],
          [
            -21.2689,
            44.255072222222225
          ],
          [
            -21.268608333333333,
            44.254875
          ],
          [
            -21.268319444444444,
            44.254675
          ],
          [
            -21.26803333333333,
            44.254469444444446
          ],
          [
            -21.267747222222223,
            44.254266666666666
          ],
          [
            -21.267463888888887,
            44.25406666666667
          ],
          [
            -21.26717222222222,
            44.25386388888889
          ],
          [
            -21.266877777777776,
            44.25366944444445
          ],
          [
            -21.266577777777776,
            44.253475
          ],
          [
            -21.266272222222224,
            44.253283333333336
          ],
          [
            -21.26596388888889,
            44.25309722222222
          ],
          [
            -21.265658333333334,
            44.25290833333333
          ],
          [
            -21.26535,
            44.252716666666664
          ],
          [
            -21.265047222222222,
            44.252525
          ],
          [
            -21.264747222222223,
            44.25233055555555
          ],
          [
            -21.264455555555557,
            44.25213611111111
          ],
          [
            -21.264163888888888,
            44.251936111111114
          ],
          [
            -21.26387777777778,
            44.251733333333334
          ],
          [
            -21.26358888888889,
            44.25152777777778
          ],
          [
            -21.263302777777778,
            44.251327777777774
          ],
          [
            -21.26300833333333,
            44.251125
          ],
          [
            -21.26271388888889,
            44.250925
          ],
          [
            -21.26241388888889,
            44.250725
          ],
          [
            -21.262108333333334,
            44.25053611111111
          ],
          [
            -21.2618,
            44.250344444444444
          ],
          [
            -21.261491666666668,
            44.25015277777778
          ],
          [
            -21.261186111111112,
            44.24996111111111
          ],
          [
            -21.260880555555556,
            44.249769444444446
          ],
          [
            -21.260580555555556,
            44.24957222222222
          ],
          [
            -21.26028611111111,
            44.24937222222222
          ],
          [
            -21.259994444444445,
            44.24917222222222
          ],
          [
            -21.259708333333332,
            44.24896944444445
          ],
          [
            -21.259419444444443,
            44.24876666666667
          ],
          [
            -21.259133333333335,
            44.24856388888889
          ],
          [
            -21.258844444444446,
            44.24836388888889
          ],
          [
            -21.258552777777776,
            44.24816388888889
          ],
          [
            -21.258258333333334,
            44.24796944444444
          ],
          [
            -21.25796111111111,
            44.247775000000004
          ],
          [
            -21.257661111111112,
            44.24758888888889
          ],
          [
            -21.257358333333332,
            44.2474
          ],
          [
            -21.257055555555556,
            44.24721111111111
          ],
          [
            -21.256752777777777,
            44.247025
          ],
          [
            -21.25644722222222,
            44.246833333333335
          ],
          [
            -21.256144444444445,
            44.24664166666667
          ],
          [
            -21.255841666666665,
            44.24644722222222
          ],
          [
            -21.255547222222223,
            44.24625277777778
          ],
          [
            -21.255252777777777,
            44.24605555555556
          ],
          [
            -21.254963888888888,
            44.24585277777778
          ],
          [
            -21.25467777777778,
            44.24565
          ],
          [
            -21.254394444444443,
            44.24545
          ],
          [
            -21.254108333333335,
            44.245247222222226
          ],
          [
            -21.253825,
            44.245047222222226
          ],
          [
            -21.253533333333333,
            44.24485
          ],
          [
            -21.25323611111111,
            44.24464722222222
          ],
          [
            -21.252933333333335,
            44.24445
          ],
          [
            -21.25262222222222,
            44.244255555555554
          ],
          [
            -21.252305555555555,
            44.244055555555555
          ],
          [
            -21.25198888888889,
            44.24386111111111
          ],
          [
            -21.251672222222222,
            44.24366388888889
          ],
          [
            -21.25135277777778,
            44.24346111111111
          ],
          [
            -21.251036111111112,
            44.243252777777776
          ],
          [
            -21.250725,
            44.24304444444444
          ],
          [
            -21.25041388888889,
            44.24283333333334
          ],
          [
            -21.250108333333333,
            44.24261666666667
          ],
          [
            -21.2498,
            44.2424
          ],
          [
            -21.249491666666668,
            44.24218055555556
          ],
          [
            -21.249180555555558,
            44.24196666666667
          ],
          [
            -21.248866666666668,
            44.241752777777776
          ],
          [
            -21.248547222222225,
            44.24153888888889
          ],
          [
            -21.248219444444445,
            44.24133055555556
          ],
          [
            -21.24788888888889,
            44.241122222222224
          ],
          [
            -21.247555555555557,
            44.24091666666667
          ],
          [
            -21.247225,
            44.24071111111111
          ],
          [
            -21.246894444444447,
            44.240500000000004
          ],
          [
            -21.246566666666666,
            44.24028888888889
          ],
          [
            -21.246241666666666,
            44.240075000000004
          ],
          [
            -21.245925,
            44.23985555555556
          ],
          [
            -21.245608333333333,
            44.23963333333334
          ],
          [
            -21.245294444444447,
            44.23941111111111
          ],
          [
            -21.244980555555557,
            44.23918888888889
          ],
          [
            -21.24466388888889,
            44.23897222222222
          ],
          [
            -21.244341666666667,
            44.23875555555556
          ],
          [
            -21.244016666666667,
            44.23854166666667
          ],
          [
            -21.243686111111113,
            44.23833333333334
          ],
          [
            -21.24335277777778,
            44.23812777777778
          ],
          [
            -21.243022222222223,
            44.237919444444444
          ],
          [
            -21.24268888888889,
            44.23771111111111
          ],
          [
            -21.242361111111112,
            44.23750277777778
          ],
          [
            -21.242036111111112,
            44.23728888888889
          ],
          [
            -21.24171666666667,
            44.237069444444444
          ],
          [
            -21.24140277777778,
            44.236847222222224
          ],
          [
            -21.24108888888889,
            44.23662777777778
          ],
          [
            -21.24077777777778,
            44.23640555555556
          ],
          [
            -21.24046388888889,
            44.23618888888889
          ],
          [
            -21.240144444444446,
            44.23597222222222
          ],
          [
            -21.239816666666666,
            44.23576111111111
          ],
          [
            -21.23948888888889,
            44.23555277777778
          ],
          [
            -21.239155555555556,
            44.23534444444444
          ],
          [
            -21.238822222222222,
            44.23513888888889
          ],
          [
            -21.238488888888888,
            44.23493055555556
          ],
          [
            -21.23816111111111,
            44.234719444444444
          ],
          [
            -21.23783611111111,
            44.23450277777778
          ],
          [
            -21.237516666666668,
            44.23428888888889
          ],
          [
            -21.2372,
            44.23406666666667
          ],
          [
            -21.23688611111111,
            44.23384444444444
          ],
          [
            -21.23657222222222,
            44.23362222222222
          ],
          [
            -21.236258333333335,
            44.23340555555556
          ],
          [
            -21.23593888888889,
            44.23318611111111
          ],
          [
            -21.23561388888889,
            44.23297222222222
          ],
          [
            -21.23528611111111,
            44.23275833333334
          ],
          [
            -21.234952777777778,
            44.23255
          ],
          [
            -21.234616666666668,
            44.23234166666667
          ],
          [
            -21.234280555555557,
            44.23213333333334
          ],
          [
            -21.23395,
            44.231925000000004
          ],
          [
            -21.233622222222223,
            44.23171111111111
          ],
          [
            -21.23329722222222,
            44.23149166666667
          ],
          [
            -21.232977777777776,
            44.231275000000004
          ],
          [
            -21.232663888888887,
            44.231052777777776
          ],
          [
            -21.23234722222222,
            44.230825
          ],
          [
            -21.23203333333333,
            44.230605555555556
          ],
          [
            -21.231713888888887,
            44.230386111111116
          ],
          [
            -21.231391666666664,
            44.23016666666667
          ],
          [
            -21.23106111111111,
            44.229955555555556
          ],
          [
            -21.230727777777776,
            44.22974444444445
          ],
          [
            -21.230394444444443,
            44.229536111111116
          ],
          [
            -21.23006111111111,
            44.229330555555556
          ],
          [
            -21.229725,
            44.22912222222222
          ],
          [
            -21.22939722222222,
            44.22891388888889
          ],
          [
            -21.22906944444444,
            44.22870277777778
          ],
          [
            -21.22874722222222,
            44.22848611111111
          ],
          [
            -21.228430555555555,
            44.22826944444444
          ],
          [
            -21.22811388888889,
            44.22804722222222
          ],
          [
            -21.2278,
            44.227825
          ],
          [
            -21.22748611111111,
            44.22760277777778
          ],
          [
            -21.227169444444442,
            44.227383333333336
          ],
          [
            -21.22685,
            44.22716388888889
          ],
          [
            -21.226525,
            44.22695
          ],
          [
            -21.226197222222222,
            44.22673888888889
          ],
          [
            -21.22586944444444,
            44.226533333333336
          ],
          [
            -21.225536111111108,
            44.226325
          ],
          [
            -21.225205555555554,
            44.22611666666667
          ],
          [
            -21.224874999999997,
            44.22590833333334
          ],
          [
            -21.224549999999997,
            44.2257
          ],
          [
            -21.22422222222222,
            44.22548888888889
          ],
          [
            -21.223902777777777,
            44.22526944444444
          ],
          [
            -21.22358611111111,
            44.225052777777776
          ],
          [
            -21.22327222222222,
            44.22482777777778
          ],
          [
            -21.22295833333333,
            44.22460277777778
          ],
          [
            -21.222641666666664,
            44.224383333333336
          ],
          [
            -21.22232222222222,
            44.22416388888889
          ],
          [
            -21.221999999999998,
            44.22394444444445
          ],
          [
            -21.22167222222222,
            44.223733333333335
          ],
          [
            -21.221341666666664,
            44.223525
          ],
          [
            -21.221005555555553,
            44.22331666666667
          ],
          [
            -21.220669444444443,
            44.223108333333336
          ],
          [
            -21.220338888888886,
            44.22289722222222
          ],
          [
            -21.22001111111111,
            44.222683333333336
          ],
          [
            -21.21968611111111,
            44.22246944444445
          ],
          [
            -21.219366666666666,
            44.22225
          ],
          [
            -21.219052777777776,
            44.22202777777778
          ],
          [
            -21.218738888888886,
            44.221805555555555
          ],
          [
            -21.21842222222222,
            44.221586111111115
          ],
          [
            -21.218108333333333,
            44.22136666666667
          ],
          [
            -21.21778611111111,
            44.22115
          ],
          [
            -21.217463888888886,
            44.22093888888889
          ],
          [
            -21.217133333333333,
            44.220730555555555
          ],
          [
            -21.2168,
            44.22052222222222
          ],
          [
            -21.216469444444442,
            44.22031944444445
          ],
          [
            -21.216141666666665,
            44.220108333333336
          ],
          [
            -21.21581388888889,
            44.21989722222222
          ],
          [
            -21.21548888888889,
            44.219686111111116
          ],
          [
            -21.215169444444445,
            44.21947222222222
          ],
          [
            -21.21485277777778,
            44.21925277777778
          ],
          [
            -21.21453888888889,
            44.219030555555555
          ],
          [
            -21.214227777777776,
            44.218808333333335
          ],
          [
            -21.213916666666666,
            44.218583333333335
          ],
          [
            -21.213616666666667,
            44.21835
          ],
          [
            -21.21333611111111,
            44.21810833333333
          ],
          [
            -21.213075,
            44.21785277777778
          ],
          [
            -21.212847222222223,
            44.21758611111111
          ],
          [
            -21.21265,
            44.217305555555555
          ],
          [
            -21.21248888888889,
            44.217016666666666
          ],
          [
            -21.212369444444445,
            44.216722222222224
          ],
          [
            -21.2196,
            44.219455555555555
          ],
          [
            -21.21955833333333,
            44.21915
          ],
          [
            -21.219552777777775,
            44.21884722222222
          ],
          [
            -21.219588888888886,
            44.21854444444445
          ],
          [
            -21.219661111111108,
            44.218250000000005
          ],
          [
            -21.219772222222222,
            44.217958333333335
          ],
          [
            -21.219919444444443,
            44.21768055555556
          ],
          [
            -21.2201,
            44.21741111111111
          ],
          [
            -21.22031111111111,
            44.21715833333334
          ],
          [
            -21.220555555555553,
            44.21691666666667
          ],
          [
            -21.220813888888888,
            44.21668888888889
          ],
          [
            -21.221083333333333,
            44.216461111111116
          ],
          [
            -21.221363888888888,
            44.21624444444445
          ],
          [
            -21.221649999999997,
            44.21602777777778
          ],
          [
            -21.221938888888886,
            44.21581388888889
          ],
          [
            -21.22223333333333,
            44.21559722222222
          ],
          [
            -21.22253333333333,
            44.215386111111115
          ],
          [
            -21.22283611111111,
            44.21517777777778
          ],
          [
            -21.223138888888887,
            44.21496388888889
          ],
          [
            -21.22343611111111,
            44.21474444444445
          ],
          [
            -21.223724999999998,
            44.21451944444445
          ],
          [
            -21.224013888888887,
            44.21429444444445
          ],
          [
            -21.2243,
            44.214061111111114
          ],
          [
            -21.22458888888889,
            44.21383333333333
          ],
          [
            -21.224880555555554,
            44.2136
          ],
          [
            -21.225174999999997,
            44.213372222222226
          ],
          [
            -21.22547222222222,
            44.213147222222226
          ],
          [
            -21.225775,
            44.212925000000006
          ],
          [
            -21.22608333333333,
            44.21270277777778
          ],
          [
            -21.226388888888888,
            44.21248055555556
          ],
          [
            -21.22669722222222,
            44.21226111111111
          ],
          [
            -21.227002777777777,
            44.21203888888889
          ],
          [
            -21.227308333333333,
            44.21181666666667
          ],
          [
            -21.227605555555552,
            44.21159166666667
          ],
          [
            -21.227902777777775,
            44.21136388888889
          ],
          [
            -21.22819722222222,
            44.211130555555556
          ],
          [
            -21.228488888888887,
            44.2109
          ],
          [
            -21.228780555555552,
            44.210663888888895
          ],
          [
            -21.22907222222222,
            44.21043055555556
          ],
          [
            -21.229366666666664,
            44.21019444444445
          ],
          [
            -21.229663888888886,
            44.20996388888889
          ],
          [
            -21.229963888888886,
            44.20973333333334
          ],
          [
            -21.230269444444442,
            44.20950555555556
          ],
          [
            -21.230574999999998,
            44.20928333333334
          ],
          [
            -21.230888888888888,
            44.20905833333334
          ],
          [
            -21.231202777777778,
            44.20883888888889
          ],
          [
            -21.231513888888887,
            44.20861666666667
          ],
          [
            -21.231824999999997,
            44.20839166666667
          ],
          [
            -21.232130555555553,
            44.20816666666667
          ],
          [
            -21.232433333333333,
            44.20793888888889
          ],
          [
            -21.232727777777775,
            44.20770277777778
          ],
          [
            -21.23302222222222,
            44.20746666666667
          ],
          [
            -21.233316666666664,
            44.20723055555556
          ],
          [
            -21.233611111111113,
            44.20699722222223
          ],
          [
            -21.233908333333336,
            44.206763888888894
          ],
          [
            -21.234219444444445,
            44.20653888888889
          ],
          [
            -21.234533333333335,
            44.206316666666666
          ],
          [
            -21.23485,
            44.206097222222226
          ],
          [
            -21.235169444444445,
            44.205875000000006
          ],
          [
            -21.235483333333335,
            44.20565555555556
          ],
          [
            -21.235791666666668,
            44.20543055555556
          ],
          [
            -21.236102777777777,
            44.20520555555556
          ],
          [
            -21.236416666666667,
            44.20498333333334
          ],
          [
            -21.236736111111114,
            44.20476666666667
          ],
          [
            -21.237055555555557,
            44.204547222222224
          ],
          [
            -21.23737777777778,
            44.20433333333334
          ],
          [
            -21.23770277777778,
            44.20411388888889
          ],
          [
            -21.238022222222224,
            44.203894444444444
          ],
          [
            -21.238336111111114,
            44.203672222222224
          ],
          [
            -21.238647222222223,
            44.20344722222222
          ],
          [
            -21.23895277777778,
            44.20321944444445
          ],
          [
            -21.239258333333336,
            44.20298888888889
          ],
          [
            -21.239572222222222,
            44.20276666666667
          ],
          [
            -21.239897222222222,
            44.20255277777778
          ],
          [
            -21.240219444444445,
            44.20233888888889
          ],
          [
            -21.24054166666667,
            44.20212222222222
          ],
          [
            -21.24086666666667,
            44.20190277777778
          ],
          [
            -21.241186111111112,
            44.201686111111115
          ],
          [
            -21.241500000000002,
            44.201461111111115
          ],
          [
            -21.241808333333335,
            44.201236111111115
          ],
          [
            -21.242116666666668,
            44.20100555555556
          ],
          [
            -21.242427777777777,
            44.20077777777778
          ],
          [
            -21.242741666666667,
            44.20055277777778
          ],
          [
            -21.24306388888889,
            44.20033611111111
          ],
          [
            -21.243397222222224,
            44.20012222222223
          ],
          [
            -21.243727777777778,
            44.19991388888889
          ],
          [
            -21.244055555555555,
            44.1997
          ],
          [
            -21.244380555555555,
            44.199486111111106
          ],
          [
            -21.24470277777778,
            44.19926666666667
          ],
          [
            -21.24502222222222,
            44.19905
          ],
          [
            -21.245344444444445,
            44.19883055555555
          ],
          [
            -21.245675000000002,
            44.19862222222222
          ],
          [
            -21.246005555555556,
            44.19841666666667
          ],
          [
            -21.24633888888889,
            44.19821944444444
          ],
          [
            -21.24667777777778,
            44.198024999999994
          ],
          [
            -21.247011111111114,
            44.197830555555555
          ],
          [
            -21.247341666666667,
            44.19763611111111
          ],
          [
            -21.247672222222224,
            44.19744166666666
          ],
          [
            -21.247994444444444,
            44.19724444444444
          ],
          [
            -21.24831111111111,
            44.197044444444444
          ],
          [
            -21.248619444444444,
            44.196838888888884
          ],
          [
            -21.248925,
            44.19663333333333
          ],
          [
            -21.249225000000003,
            44.196425
          ],
          [
            -21.24952222222222,
            44.196216666666665
          ],
          [
            -21.249825,
            44.196013888888885
          ],
          [
            -21.250127777777777,
            44.195811111111105
          ],
          [
            -21.250430555555557,
            44.195613888888886
          ],
          [
            -21.25073611111111,
            44.195413888888886
          ],
          [
            -21.25103888888889,
            44.19521666666666
          ],
          [
            -21.251344444444445,
            44.195024999999994
          ],
          [
            -21.25165,
            44.19483611111111
          ],
          [
            -21.251952777777777,
            44.19464444444444
          ],
          [
            -21.252258333333334,
            44.19445277777778
          ],
          [
            -21.25256111111111,
            44.19426111111111
          ],
          [
            -21.25286388888889,
            44.194069444444445
          ],
          [
            -21.25316388888889,
            44.19387777777777
          ],
          [
            -21.253466666666668,
            44.193686111111106
          ],
          [
            -21.253766666666667,
            44.19349444444444
          ],
          [
            -21.254066666666667,
            44.193299999999994
          ],
          [
            -21.254369444444446,
            44.19311111111111
          ],
          [
            -21.254672222222222,
            44.19292222222222
          ],
          [
            -21.25497777777778,
            44.19273333333333
          ],
          [
            -21.255280555555554,
            44.19254722222222
          ],
          [
            -21.255583333333334,
            44.19235555555555
          ],
          [
            -21.255883333333333,
            44.192166666666665
          ],
          [
            -21.256183333333333,
            44.191975
          ],
          [
            -21.256486111111112,
            44.19178888888889
          ],
          [
            -21.256788888888888,
            44.191599999999994
          ],
          [
            -21.257088888888887,
            44.19141388888889
          ],
          [
            -21.25738888888889,
            44.191224999999996
          ],
          [
            -21.257691666666666,
            44.19103611111111
          ],
          [
            -21.257994444444446,
            44.19085
          ],
          [
            -21.258294444444445,
            44.190661111111105
          ],
          [
            -21.258591666666668,
            44.19047777777777
          ],
          [
            -21.258891666666667,
            44.19028611111111
          ],
          [
            -21.25918888888889,
            44.19009722222222
          ],
          [
            -21.259486111111112,
            44.18991111111111
          ],
          [
            -21.259783333333335,
            44.189722222222215
          ],
          [
            -21.260083333333334,
            44.18953333333333
          ],
          [
            -21.260383333333333,
            44.18934722222222
          ],
          [
            -21.260683333333333,
            44.18915833333333
          ],
          [
            -21.260983333333332,
            44.188975
          ],
          [
            -21.261283333333335,
            44.188786111111106
          ],
          [
            -21.26158611111111,
            44.188602777777774
          ],
          [
            -21.261883333333333,
            44.18841388888889
          ],
          [
            -21.26218611111111,
            44.188224999999996
          ],
          [
            -21.262486111111112,
            44.18803888888888
          ],
          [
            -21.262783333333335,
            44.18785
          ],
          [
            -21.263080555555554,
            44.187663888888885
          ],
          [
            -21.263380555555557,
            44.187475
          ],
          [
            -21.26367777777778,
            44.187286111111106
          ],
          [
            -21.26397777777778,
            44.187099999999994
          ],
          [
            -21.264277777777778,
            44.18691388888889
          ],
          [
            -21.264577777777777,
            44.186727777777776
          ],
          [
            -21.264875,
            44.18653888888888
          ],
          [
            -21.265175,
            44.18635277777778
          ],
          [
            -21.265472222222222,
            44.186166666666665
          ],
          [
            -21.265769444444445,
            44.18598055555555
          ],
          [
            -21.266069444444444,
            44.18579166666667
          ],
          [
            -21.266366666666666,
            44.185602777777774
          ],
          [
            -21.266666666666666,
            44.18541666666666
          ],
          [
            -21.26696388888889,
            44.185227777777776
          ],
          [
            -21.26726111111111,
            44.18503888888888
          ],
          [
            -21.267555555555553,
            44.18485277777778
          ],
          [
            -21.267855555555556,
            44.184663888888885
          ],
          [
            -21.268155555555555,
            44.18447777777777
          ],
          [
            -21.268452777777778,
            44.18428888888889
          ],
          [
            -21.268752777777777,
            44.184099999999994
          ],
          [
            -21.269052777777777,
            44.18391388888889
          ],
          [
            -21.26935,
            44.183727777777776
          ],
          [
            -21.269652777777775,
            44.18354166666666
          ],
          [
            -21.269949999999998,
            44.18335277777778
          ],
          [
            -21.270244444444444,
            44.18316111111111
          ],
          [
            -21.270538888888886,
            44.18296944444444
          ],
          [
            -21.27083611111111,
            44.18278333333333
          ],
          [
            -21.27113611111111,
            44.18259166666667
          ],
          [
            -21.27143333333333,
            44.182402777777774
          ],
          [
            -21.271730555555553,
            44.18221388888889
          ],
          [
            -21.272025,
            44.18202222222222
          ],
          [
            -21.272322222222222,
            44.18183055555555
          ],
          [
            -21.27262222222222,
            44.181641666666664
          ],
          [
            -21.272925,
            44.18145833333333
          ],
          [
            -21.273225,
            44.18126944444444
          ],
          [
            -21.273522222222223,
            44.18108333333333
          ],
          [
            -21.273825,
            44.18089444444444
          ],
          [
            -21.274130555555555,
            44.180705555555555
          ],
          [
            -21.274430555555554,
            44.18051944444444
          ],
          [
            -21.274730555555553,
            44.18032777777778
          ],
          [
            -21.275030555555556,
            44.180138888888884
          ],
          [
            -21.275333333333332,
            44.17995277777778
          ],
          [
            -21.275630555555555,
            44.179761111111105
          ],
          [
            -21.275927777777778,
            44.17957222222222
          ],
          [
            -21.276227777777777,
            44.17938611111111
          ],
          [
            -21.276527777777776,
            44.179199999999994
          ],
          [
            -21.276825,
            44.17901388888889
          ],
          [
            -21.277124999999998,
            44.17882777777778
          ],
          [
            -21.27742222222222,
            44.178644444444444
          ],
          [
            -21.27772222222222,
            44.17845555555555
          ],
          [
            -21.278019444444443,
            44.17827222222222
          ],
          [
            -21.278316666666665,
            44.17808333333333
          ],
          [
            -21.278616666666665,
            44.17789722222222
          ],
          [
            -21.278913888888887,
            44.17770833333333
          ],
          [
            -21.27921111111111,
            44.17751944444444
          ],
          [
            -21.279508333333332,
            44.17733333333333
          ],
          [
            -21.279811111111112,
            44.17714722222222
          ],
          [
            -21.28010833333333,
            44.17696111111111
          ],
          [
            -21.280408333333334,
            44.17677222222222
          ],
          [
            -21.280708333333333,
            44.17658888888889
          ],
          [
            -21.281008333333332,
            44.176402777777774
          ],
          [
            -21.28130833333333,
            44.17621666666666
          ],
          [
            -21.281605555555554,
            44.176027777777776
          ],
          [
            -21.281902777777777,
            44.17583888888888
          ],
          [
            -21.282202777777776,
            44.17565277777778
          ],
          [
            -21.2825,
            44.175463888888885
          ],
          [
            -21.28279722222222,
            44.175275
          ],
          [
            -21.28309722222222,
            44.17508888888889
          ],
          [
            -21.2834,
            44.174902777777774
          ],
          [
            -21.283697222222223,
            44.17471666666666
          ],
          [
            -21.283994444444446,
            44.174527777777776
          ],
          [
            -21.284294444444445,
            44.17434166666666
          ],
          [
            -21.284591666666667,
            44.17415277777778
          ],
          [
            -21.28488888888889,
            44.17396111111111
          ],
          [
            -21.285183333333336,
            44.17376944444444
          ],
          [
            -21.285483333333335,
            44.17358333333333
          ],
          [
            -21.28578611111111,
            44.17339722222222
          ],
          [
            -21.28608888888889,
            44.17321388888889
          ],
          [
            -21.286391666666667,
            44.173030555555556
          ],
          [
            -21.28669166666667,
            44.17284166666666
          ],
          [
            -21.286994444444446,
            44.17265555555555
          ],
          [
            -21.287294444444445,
            44.17247222222222
          ],
          [
            -21.287594444444448,
            44.172286111111106
          ],
          [
            -21.287886111111114,
            44.17208888888889
          ],
          [
            -21.28817777777778,
            44.17189444444444
          ],
          [
            -21.28846388888889,
            44.171699999999994
          ],
          [
            -21.28875277777778,
            44.171502777777775
          ],
          [
            -21.28904166666667,
            44.17130833333333
          ],
          [
            -21.28933055555556,
            44.17111388888889
          ],
          [
            -21.289616666666667,
            44.17091944444444
          ],
          [
            -21.289908333333337,
            44.170725
          ],
          [
            -21.290200000000002,
            44.17053333333333
          ],
          [
            -21.290491666666668,
            44.170338888888885
          ],
          [
            -21.290783333333334,
            44.17014722222222
          ],
          [
            -21.291075000000003,
            44.16995555555555
          ],
          [
            -21.291363888888892,
            44.16976111111111
          ],
          [
            -21.29165277777778,
            44.16956388888889
          ],
          [
            -21.29193888888889,
            44.16936388888889
          ],
          [
            -21.29222777777778,
            44.16916944444444
          ],
          [
            -21.292522222222225,
            44.168977777777776
          ],
          [
            -21.292816666666667,
            44.16878333333333
          ],
          [
            -21.293105555555556,
            44.168588888888884
          ],
          [
            -21.293394444444445,
            44.168394444444445
          ],
          [
            -21.293686111111114,
            44.1682
          ],
          [
            -21.293975000000003,
            44.16800555555555
          ],
          [
            -21.294263888888892,
            44.16781111111111
          ],
          [
            -21.294552777777778,
            44.16761666666667
          ],
          [
            -21.294844444444447,
            44.16742222222222
          ],
          [
            -21.295133333333336,
            44.167227777777775
          ],
          [
            -21.295419444444445,
            44.167030555555556
          ],
          [
            -21.29570277777778,
            44.166830555555556
          ],
          [
            -21.29598888888889,
            44.16663333333333
          ],
          [
            -21.296269444444444,
            44.16643055555556
          ],
          [
            -21.296550000000003,
            44.16623055555556
          ],
          [
            -21.296822222222225,
            44.16602222222222
          ],
          [
            -21.297094444444447,
            44.165816666666665
          ],
          [
            -21.297369444444445,
            44.16561111111111
          ],
          [
            -21.297644444444447,
            44.16540555555555
          ],
          [
            -21.297919444444446,
            44.16520277777778
          ],
          [
            -21.298194444444444,
            44.165
          ],
          [
            -21.298469444444446,
            44.1648
          ],
          [
            -21.298750000000002,
            44.16459722222222
          ],
          [
            -21.29902777777778,
            44.16439722222222
          ],
          [
            -21.29930277777778,
            44.16419166666667
          ],
          [
            -21.299580555555558,
            44.16398888888889
          ],
          [
            -21.29986388888889,
            44.16379166666667
          ],
          [
            -21.300144444444445,
            44.16358888888889
          ],
          [
            -21.300422222222224,
            44.16338888888889
          ],
          [
            -21.300697222222222,
            44.16318611111111
          ],
          [
            -21.300975,
            44.162980555555556
          ],
          [
            -21.30125277777778,
            44.16278055555556
          ],
          [
            -21.301536111111112,
            44.16258333333333
          ],
          [
            -21.301819444444444,
            44.16238055555555
          ],
          [
            -21.3021,
            44.16218055555555
          ],
          [
            -21.302380555555555,
            44.16198055555555
          ],
          [
            -21.302658333333333,
            44.16178055555555
          ],
          [
            -21.30293888888889,
            44.16157777777778
          ],
          [
            -21.303219444444444,
            44.16138055555555
          ],
          [
            -21.30350277777778,
            44.161183333333334
          ],
          [
            -21.30377777777778,
            44.160980555555554
          ],
          [
            -21.304055555555557,
            44.160780555555554
          ],
          [
            -21.304333333333336,
            44.160577777777775
          ],
          [
            -21.30461111111111,
            44.160380555555555
          ],
          [
            -21.304886111111113,
            44.160174999999995
          ],
          [
            -21.30516111111111,
            44.159977777777776
          ],
          [
            -21.305441666666667,
            44.159774999999996
          ],
          [
            -21.305722222222222,
            44.15957777777778
          ],
          [
            -21.306,
            44.15937777777778
          ],
          [
            -21.30627777777778,
            44.15917777777778
          ],
          [
            -21.306555555555555,
            44.158975
          ],
          [
            -21.306830555555557,
            44.158775
          ],
          [
            -21.307108333333336,
            44.158575
          ],
          [
            -21.30738611111111,
            44.158375
          ],
          [
            -21.307661111111113,
            44.15817222222222
          ],
          [
            -21.307938888888888,
            44.15797222222222
          ],
          [
            -21.30821388888889,
            44.15776944444444
          ],
          [
            -21.308494444444445,
            44.15756944444444
          ],
          [
            -21.308775,
            44.15736944444444
          ],
          [
            -21.309055555555556,
            44.157177777777775
          ],
          [
            -21.309338888888888,
            44.156977777777776
          ],
          [
            -21.309619444444444,
            44.15678055555556
          ],
          [
            -21.3099,
            44.15658333333333
          ],
          [
            -21.310180555555558,
            44.15638333333333
          ],
          [
            -21.310461111111113,
            44.15618333333333
          ],
          [
            -21.31073888888889,
            44.15598055555555
          ],
          [
            -21.311016666666667,
            44.15578055555555
          ],
          [
            -21.311294444444446,
            44.15557777777778
          ],
          [
            -21.311569444444444,
            44.155375
          ],
          [
            -21.31185,
            44.15517777777777
          ],
          [
            -21.312130555555555,
            44.15497777777777
          ],
          [
            -21.312408333333334,
            44.154775
          ],
          [
            -21.312683333333332,
            44.154577777777774
          ],
          [
            -21.31296111111111,
            44.154375
          ],
          [
            -21.313241666666666,
            44.154174999999995
          ],
          [
            -21.313525000000002,
            44.153977777777776
          ],
          [
            -21.313802777777777,
            44.153777777777776
          ],
          [
            -21.314083333333333,
            44.15357777777778
          ],
          [
            -21.31436111111111,
            44.153375
          ],
          [
            -21.314641666666667,
            44.15317777777778
          ],
          [
            -21.314922222222222,
            44.152975
          ],
          [
            -21.3152,
            44.152775
          ],
          [
            -21.315475,
            44.15257222222222
          ],
          [
            -21.315758333333335,
            44.15237222222222
          ],
          [
            -21.316041666666667,
            44.15217222222222
          ],
          [
            -21.31632777777778,
            44.15197777777777
          ],
          [
            -21.316608333333335,
            44.151777777777774
          ],
          [
            -21.31688888888889,
            44.151577777777774
          ],
          [
            -21.317169444444446,
            44.151380555555555
          ],
          [
            -21.317444444444444,
            44.151180555555555
          ],
          [
            -21.317719444444442,
            44.150977777777776
          ],
          [
            -21.31799722222222,
            44.150780555555556
          ],
          [
            -21.318275,
            44.15058055555556
          ],
          [
            -21.31855277777778,
            44.15038055555556
          ],
          [
            -21.318827777777777,
            44.15017777777778
          ],
          [
            -21.319108333333332,
            44.14998055555556
          ],
          [
            -21.319394444444445,
            44.14978611111111
          ],
          [
            -21.319675,
            44.149588888888886
          ],
          [
            -21.319955555555556,
            44.149388888888886
          ],
          [
            -21.32023611111111,
            44.14918888888889
          ],
          [
            -21.32051388888889,
            44.148986111111114
          ],
          [
            -21.320791666666665,
            44.14878611111111
          ],
          [
            -21.321069444444444,
            44.148583333333335
          ],
          [
            -21.321347222222222,
            44.148383333333335
          ],
          [
            -21.321627777777778,
            44.148180555555555
          ],
          [
            -21.321905555555556,
            44.147983333333336
          ],
          [
            -21.32218333333333,
            44.147780555555556
          ],
          [
            -21.322463888888887,
            44.14758055555556
          ],
          [
            -21.32273888888889,
            44.14737777777778
          ],
          [
            -21.323016666666668,
            44.14717777777778
          ],
          [
            -21.323297222222223,
            44.146975
          ],
          [
            -21.323574999999998,
            44.146775
          ],
          [
            -21.323852777777777,
            44.14657222222222
          ],
          [
            -21.324130555555556,
            44.14637222222222
          ],
          [
            -21.32441111111111,
            44.146169444444446
          ],
          [
            -21.324691666666666,
            44.14597222222222
          ],
          [
            -21.32497222222222,
            44.14577222222222
          ],
          [
            -21.325255555555554,
            44.14557222222222
          ]
        ]
      },
      "properties": {
        "kind": "TRACK",
        "platform_id": "TRIAL_ALPHA",
        "platform_name": "TRIAL_ALPHA",
        "track_type": "CONTACT",
        "start_time": "2011-03-21T22:08:02.380000+00:00",
        "end_time": "2011-03-22T04:47:54.870000+00:00",
        "positions": [
          {
            "time": "2011-03-21T22:08:02.380000+00:00",
            "course": 192.87,
            "speed": 4.38,
            "depth": 17.48
          },
          {
            "time": "2011-03-21T22:08:10.380000+00:00",
            "course": 193.09,
            "speed": 4.35,
            "depth": 17.6
          },
          {
            "time": "2011-03-21T22:08:18.380000+00:00",
            "course": 193.15,
            "speed": 4.46,
            "depth": 17.6
          },
          {
            "time": "2011-03-21T22:08:26.380000+00:00",
            "course": 193.26,
            "speed": 4.46,
            "depth": 17.6
          },
          {
            "time": "2011-03-21T22:08:34.380000+00:00",
            "course": 192.95,
            "speed": 4.43,
            "depth": 17.6
          },
          {
            "time": "2011-03-21T22:08:42.380000+00:00",
            "course": 192.91,
            "speed": 4.52,
            "depth": 17.6
          },
          {
            "time": "2011-03-21T22:08:50.380000+00:00",
            "course": 192.67,
            "speed": 4.51,
            "depth": 17.6
          },
          {
            "time": "2011-03-21T22:08:58.380000+00:00",
            "course": 192.24,
            "speed": 4.43,
            "depth": 17.36
          },
          {
            "time": "2011-03-21T22:09:06.380000+00:00",
            "course": 191.8,
            "speed": 4.52,
            "depth": 17.36
          },
          {
            "time": "2011-03-21T22:09:14.380000+00:00",
            "course": 191.06,
            "speed": 4.56,
            "depth": 17.24
          },
          {
            "time": "2011-03-21T22:09:22.380000+00:00",
            "course": 190.55,
            "speed": 4.46,
            "depth": 17.24
          },
          {
            "time": "2011-03-21T22:09:30.380000+00:00",
            "course": 190.17,
            "speed": 4.5,
            "depth": 17.24
          },
          {
            "time": "2011-03-21T22:09:38.370000+00:00",
            "course": 189.82,
            "speed": 4.52,
            "depth": 17.48
          },
          {
            "time": "2011-03-21T22:09:46.380000+00:00",
            "course": 189.66,
            "speed": 4.51,
            "depth": 17.6
          },
          {
            "time": "2011-03-21T22:09:54.380000+00:00",
            "course": 189.29,
            "speed": 4.59,
            "depth": 17.6
          },
          {
            "time": "2011-03-21T22:10:02.380000+00:00",
            "course": 189.45,
            "speed": 4.56,
            "depth": 17.6
          },
          {
            "time": "2011-03-21T22:10:10.380000+00:00",
            "course": 189.65,
            "speed": 4.56,
            "depth": 17.6
          },
          {
            "time": "2011-03-21T22:10:18.380000+00:00",
            "course": 190.01,
            "speed": 4.7,
            "depth": 17.48
          },
          {
            "time": "2011-03-21T22:10:26.380000+00:00",
            "course": 190.58,
            "speed": 4.68,
            "depth": 17.48
          },
          {
            "time": "2011-03-21T22:10:34.380000+00:00",
            "course": 191.18,
            "speed": 4.65,
            "depth": 17.48
          },
          {
            "time": "2011-03-21T22:10:42.380000+00:00",
            "course": 191.73,
            "speed": 4.73,
            "depth": 17.48
          },
          {
            "time": "2011-03-21T22:10:50.380000+00:00",
            "course": 192.18,
            "speed": 4.71,
            "depth": 17.48
          },
          {
            "time": "2011-03-21T22:10:58.380000+00:00",
            "course": 192.53,
            "speed": 4.64,
            "depth": 17.48
          },
          {
            "time": "2011-03-21T22:11:06.380000+00:00",
            "course": 192.97,
            "speed": 4.67,
            "depth": 17.48
          },
          {
            "time": "2011-03-21T22:11:14.380000+00:00",
            "course": 192.93,
            "speed": 4.68,
            "depth": 17.48
          },
          {
            "time": "2011-03-21T22:11:22.380000+00:00",
            "course": 192.84,
            "speed": 4.72,
            "depth": 17.48
          },
          {
            "time": "2011-03-21T22:11:30.380000+00:00",
            "course": 192.95,
            "speed": 4.73,
            "depth": 17.36
          },
          {
            "time": "2011-03-21T22:11:38.380000+00:00",
            "course": 192.73,
            "speed": 4.67,
            "depth": 17.36
          },
          {
            "time": "2011-03-21T22:11:46.390000+00:00",
            "course": 192.62,
            "speed": 4.64,
            "depth": 17.36
          },
          {
            "time": "2011-03-21T22:11:54.390000+00:00",
            "course": 192.35,
            "speed": 4.74,
            "depth": 17.36
          },
          {
            "time": "2011-03-21T22:12:02.390000+00:00",
            "course": 192.1,
            "speed": 4.72,
            "depth": 17.36
          },
          {
            "time": "2011-03-21T22:12:10.390000+00:00",
            "course": 191.86,
            "speed": 4.59,
            "depth": 17.36
          },
          {
            "time": "2011-03-21T22:12:18.390000+00:00",
            "course": 191.41,
            "speed": 4.68,
            "depth": 17.36
          },
          {
            "time": "2011-03-21T22:12:26.380000+00:00",
            "course": 191.29,
            "speed": 4.72,
            "depth": 17.36
          },
          {
            "time": "2011-03-21T22:12:34.380000+00:00",
            "course": 191.11,
            "speed": 4.63,
            "depth": 17.36
          },
          {
            "time": "2011-03-21T22:12:42.380000+00:00",
            "course": 190.89,
            "speed": 4.62,
            "depth": 17.36
          },
          {
            "time": "2011-03-21T22:12:50.380000+00:00",
            "course": 190.81,
            "speed": 4.7,
            "depth": 17.36
          },
          {
            "time": "2011-03-21T22:12:58.380000+00:00",
            "course": 190.59,
            "speed": 4.69,
            "depth": 17.24
          },
          {
            "time": "2011-03-21T22:13:06.380000+00:00",
            "course": 190.49,
            "speed": 4.69,
            "depth": 17.24
          },
          {
            "time": "2011-03-21T22:13:14.380000+00:00",
            "course": 190.42,
            "speed": 4.72,
            "depth": 17.24
          },
          {
            "time": "2011-03-21T22:13:22.380000+00:00",
            "course": 190.45,
            "speed": 4.72,
            "depth": 17.36
          },
          {
            "time": "2011-03-21T22:13:30.380000+00:00",
            "course": 190.55,
            "speed": 4.73,
            "depth": 17.36
          },
          {
            "time": "2011-03-21T22:13:38.380000+00:00",
            "course": 190.59,
            "speed": 4.68,
            "depth": 17.48
          },
          {
            "time": "2011-03-21T22:13:46.390000+00:00",
            "course": 190.36,
            "speed": 4.74,
            "depth": 17.48
          },
          {
            "time": "2011-03-21T22:13:54.390000+00:00",
            "course": 190.24,
            "speed": 4.68,
            "depth": 17.24
          },
          {
            "time": "2011-03-21T22:14:02.390000+00:00",
            "course": 190.11,
            "speed": 4.69,
            "depth": 17.12
          },
          {
            "time": "2011-03-21T22:14:10.390000+00:00",
            "course": 190.13,
            "speed": 4.78,
            "depth": 17.0
          },
          {
            "time": "2011-03-21T22:14:18.390000+00:00",
            "course": 189.99,
            "speed": 4.69,
            "depth": 17.0
          },
          {
            "time": "2011-03-21T22:14:26.390000+00:00",
            "course": 189.88,
            "speed": 4.62,
            "depth": 17.0
          },
          {
            "time": "2011-03-21T22:14:34.390000+00:00",
            "course": 189.92,
            "speed": 4.71,
            "depth": 17.0
          },
          {
            "time": "2011-03-21T22:14:42.390000+00:00",
            "course": 190.01,
            "speed": 4.68,
            "depth": 17.24
          },
          {
            "time": "2011-03-21T22:14:50.390000+00:00",
            "course": 189.81,
            "speed": 4.65,
            "depth": 17.24
          },
          {
            "time": "2011-03-21T22:14:58.390000+00:00",
            "course": 190.04,
            "speed": 4.64,
            "depth": 17.24
          },
          {
            "time": "2011-03-21T22:15:06.390000+00:00",
            "course": 190.35,
            "speed": 4.62,
            "depth": 17.24
          },
          {
            "time": "2011-03-21T22:15:14.390000+00:00",
            "course": 190.51,
            "speed": 4.65,
            "depth": 17.24
          },
          {
            "time": "2011-03-21T22:15:22.390000+00:00",
            "course": 190.68,
            "speed": 4.65,
            "depth": 17.24
          },
          {
            "time": "2011-03-21T22:15:30.390000+00:00",
            "course": 191.01,
            "speed": 4.62,
            "depth": 17.12
          },
          {
            "time": "2011-03-21T22:15:38.390000+00:00",
            "course": 191.23,
            "speed": 4.66,
            "depth": 17.12
          },
          {
            "time": "2011-03-21T22:15:46.400000+00:00",
            "course": 191.31,
            "speed": 4.57,
            "depth": 17.12
          },
          {
            "time": "2011-03-21T22:15:54.400000+00:00",
            "course": 191.46,
            "speed": 4.55,
            "depth": 17.36
          },
          {
            "time": "2011-03-21T22:16:02.400000+00:00",
            "course": 191.62,
            "speed": 4.57,
            "depth": 17.36
          },
          {
            "time": "2011-03-21T22:16:10.400000+00:00",
            "course": 191.71,
            "speed": 4.57,
            "depth": 17.36
          },
          {
            "time": "2011-03-21T22:16:18.400000+00:00",
            "course": 191.92,
            "speed": 4.6,
            "depth": 17.36
          },
          {
            "time": "2011-03-21T22:16:26.390000+00:00",
            "course": 191.85,
            "speed": 4.62,
            "depth": 17.24
          },
          {
            "time": "2011-03-21T22:16:34.390000+00:00",
            "course": 192.16,
            "speed": 4.56,
            "depth": 17.24
          },
          {
            "time": "2011-03-21T22:16:42.390000+00:00",
            "course": 192.37,
            "speed": 4.69,
            "depth": 17.24
          },
          {
            "time": "2011-03-21T22:16:50.390000+00:00",
            "course": 192.57,
            "speed": 4.72,
            "depth": 17.24
          },
          {
            "time": "2011-03-21T22:16:58.390000+00:00",
            "course": 192.65,
            "speed": 4.63,
            "depth": 17.24
          },
          {
            "time": "2011-03-21T22:17:06.390000+00:00",
            "course": 192.86,
            "speed": 4.68,
            "depth": 17.24
          },
          {
            "time": "2011-03-21T22:17:14.390000+00:00",
            "course": 193.05,
            "speed": 4.69,
            "depth": 17.24
          },
          {
            "time": "2011-03-21T22:17:22.390000+00:00",
            "course": 193.08,
            "speed": 4.73,
            "depth": 17.24
          },
          {
            "time": "2011-03-21T22:17:30.390000+00:00",
            "course": 192.74,
            "speed": 4.66,
            "depth": 17.0
          },
          {
            "time": "2011-03-21T22:17:38.390000+00:00",
            "course": 192.39,
            "speed": 4.63,
            "depth": 17.0
          },
          {
            "time": "2011-03-21T22:17:46.390000+00:00",
            "course": 191.91,
            "speed": 4.73,
            "depth": 17.0
          },
          {
            "time": "2011-03-21T22:17:54.390000+00:00",
            "course": 191.48,
            "speed": 4.59,
            "depth": 17.0
          },
          {
            "time": "2011-03-21T22:18:02.390000+00:00",
            "course": 191.04,
            "speed": 4.56,
            "depth": 17.0
          },
          {
            "time": "2011-03-21T22:18:10.390000+00:00",
            "course": 190.73,
            "speed": 4.69,
            "depth": 17.0
          },
          {
            "time": "2011-03-21T22:18:18.390000+00:00",
            "course": 190.32,
            "speed": 4.59,
            "depth": 17.24
          },
          {
            "time": "2011-03-21T22:18:26.390000+00:00",
            "course": 189.9,
            "speed": 4.54,
            "depth": 17.24
          },
          {
            "time": "2011-03-21T22:18:34.390000+00:00",
            "course": 189.64,
            "speed": 4.57,
            "depth": 17.24
          },
          {
            "time": "2011-03-21T22:18:42.390000+00:00",
            "course": 189.42,
            "speed": 4.56,
            "depth": 17.12
          },
          {
            "time": "2011-03-21T22:18:50.390000+00:00",
            "course": 189.38,
            "speed": 4.52,
            "depth": 17.0
          },
          {
            "time": "2011-03-21T22:18:58.390000+00:00",
            "course": 189.12,
            "speed": 4.5,
            "depth": 17.0
          },
          {
            "time": "2011-03-21T22:19:06.390000+00:00",
            "course": 189.18,
            "speed": 4.46,
            "depth": 16.87
          },
          {
            "time": "2011-03-21T22:19:14.390000+00:00",
            "course": 189.37,
            "speed": 4.47,
            "depth": 16.87
          },
          {
            "time": "2011-03-21T22:19:22.390000+00:00",
            "course": 189.52,
            "speed": 4.43,
            "depth": 17.0
          },
          {
            "time": "2011-03-21T22:19:30.390000+00:00",
            "course": 189.76,
            "speed": 4.43,
            "depth": 17.36
          },
          {
            "time": "2011-03-21T22:19:38.390000+00:00",
            "course": 190.08,
            "speed": 4.52,
            "depth": 17.48
          },
          {
            "time": "2011-03-21T22:19:46.390000+00:00",
            "course": 190.6,
            "speed": 4.5,
            "depth": 17.48
          },
          {
            "time": "2011-03-21T22:19:54.390000+00:00",
            "course": 191.32,
            "speed": 4.51,
            "depth": 17.48
          },
          {
            "time": "2011-03-21T22:20:02.390000+00:00",
            "course": 192.09,
            "speed": 4.51,
            "depth": 17.36
          },
          {
            "time": "2011-03-21T22:20:10.390000+00:00",
            "course": 192.65,
            "speed": 4.52,
            "depth": 17.24
          },
          {
            "time": "2011-03-21T22:20:18.390000+00:00",
            "course": 193.26,
            "speed": 4.61,
            "depth": 17.0
          },
          {
            "time": "2011-03-21T22:20:26.390000+00:00",
            "course": 193.79,
            "speed": 4.59,
            "depth": 17.0
          },
          {
            "time": "2011-03-21T22:20:34.390000+00:00",
            "course": 194.01,
            "speed": 4.56,
            "depth": 17.12
          },
          {
            "time": "2011-03-21T22:20:42.390000+00:00",
            "course": 194.3,
            "speed": 4.71,
            "depth": 17.12
          },
          {
            "time": "2011-03-21T22:20:50.390000+00:00",
            "course": 194.47,
            "speed": 4.69,
            "depth": 17.12
          },
          {
            "time": "2011-03-21T22:20:58.390000+00:00",
            "course": 194.39,
            "speed": 4.68,
            "depth": 17.12
          },
          {
            "time": "2011-03-21T22:21:06.390000+00:00",
            "course": 194.23,
            "speed": 4.66,
            "depth": 17.12
          },
          {
            "time": "2011-03-21T22:21:14.390000+00:00",
            "course": 193.93,
            "speed": 4.65,
            "depth": 17.12
          },
          {
            "time": "2011-03-21T22:21:22.390000+00:00",
            "course": 193.48,
            "speed": 4.73,
            "depth": 17.12
          },
          {
            "time": "2011-03-21T22:21:30.390000+00:00",
            "course": 192.85,
            "speed": 4.75,
            "depth": 17.12
          },
          {
            "time": "2011-03-21T22:21:38.390000+00:00",
            "course": 192.02,
            "speed": 4.79,
            "depth": 17.12
          },
          {
            "time": "2011-03-21T22:21:46.390000+00:00",
            "course": 191.27,
            "speed": 4.73,
            "depth": 17.12
          },
          {
            "time": "2011-03-21T22:21:54.390000+00:00",
            "course": 190.4,
            "speed": 4.75,
            "depth": 17.36
          },
          {
            "time": "2011-03-21T22:22:02.390000+00:00",
            "course": 189.61,
            "speed": 4.75,
            "depth": 17.36
          },
          {
            "time": "2011-03-21T22:22:10.390000+00:00",
            "course": 189.38,
            "speed": 4.68,
            "depth": 17.36
          },
          {
            "time": "2011-03-21T22:22:18.390000+00:00",
            "course": 189.16,
            "speed": 4.69,
            "depth": 17.36
          },
          {
            "time": "2011-03-21T22:22:26.390000+00:00",
            "course": 189.03,
            "speed": 4.64,
            "depth": 17.12
          },
          {
            "time": "2011-03-21T22:22:34.390000+00:00",
            "course": 189.02,
            "speed": 4.62,
            "depth": 17.0
          },
          {
            "time": "2011-03-21T22:22:42.390000+00:00",
            "course": 189.25,
            "speed": 4.58,
            "depth": 16.75
          },
          {
            "time": "2011-03-21T22:22:50.390000+00:00",
            "course": 189.36,
            "speed": 4.58,
            "depth": 16.75
          },
          {
            "time": "2011-03-21T22:22:58.390000+00:00",
            "course": 189.55,
            "speed": 4.65,
            "depth": 16.75
          },
          {
            "time": "2011-03-21T22:23:06.390000+00:00",
            "course": 190.05,
            "speed": 4.62,
            "depth": 16.87
          },
          {
            "time": "2011-03-21T22:23:14.390000+00:00",
            "course": 190.77,
            "speed": 4.57,
            "depth": 17.12
          },
          {
            "time": "2011-03-21T22:23:22.390000+00:00",
            "course": 191.32,
            "speed": 4.54,
            "depth": 17.36
          },
          {
            "time": "2011-03-21T22:23:30.390000+00:00",
            "course": 191.94,
            "speed": 4.54,
            "depth": 17.6
          },
          {
            "time": "2011-03-21T22:23:38.390000+00:00",
            "course": 192.38,
            "speed": 4.55,
            "depth": 17.6
          },
          {
            "time": "2011-03-21T22:23:46.390000+00:00",
            "course": 192.81,
            "speed": 4.52,
            "depth": 17.6
          },
          {
            "time": "2011-03-21T22:23:54.390000+00:00",
            "course": 193.29,
            "speed": 4.56,
            "depth": 17.6
          },
          {
            "time": "2011-03-21T22:24:02.390000+00:00",
            "course": 193.38,
            "speed": 4.59,
            "depth": 17.48
          },
          {
            "time": "2011-03-21T22:24:10.390000+00:00",
            "course": 193.45,
            "speed": 4.62,
            "depth": 17.48
          },
          {
            "time": "2011-03-21T22:24:18.390000+00:00",
            "course": 193.48,
            "speed": 4.62,
            "depth": 17.36
          },
          {
            "time": "2011-03-21T22:24:26.400000+00:00",
            "course": 193.46,
            "speed": 4.63,
            "depth": 17.12
          },
          {
            "time": "2011-03-21T22:24:34.400000+00:00",
            "course": 193.28,
            "speed": 4.61,
            "depth": 17.12
          },
          {
            "time": "2011-03-21T22:24:42.400000+00:00",
            "course": 192.84,
            "speed": 4.62,
            "depth": 17.12
          },
          {
            "time": "2011-03-21T22:24:50.400000+00:00",
            "course": 192.45,
            "speed": 4.69,
            "depth": 17.12
          },
          {
            "time": "2011-03-21T22:24:58.400000+00:00",
            "course": 191.99,
            "speed": 4.62,
            "depth": 17.12
          },
          {
            "time": "2011-03-21T22:25:06.390000+00:00",
            "course": 191.54,
            "speed": 4.61,
            "depth": 17.36
          },
          {
            "time": "2011-03-21T22:25:14.390000+00:00",
            "course": 191.05,
            "speed": 4.58,
            "depth": 17.36
          },
          {
            "time": "2011-03-21T22:25:22.390000+00:00",
            "course": 190.73,
            "speed": 4.58,
            "depth": 17.36
          },
          {
            "time": "2011-03-21T22:25:30.390000+00:00",
            "course": 190.43,
            "speed": 4.61,
            "depth": 17.36
          },
          {
            "time": "2011-03-21T22:25:38.390000+00:00",
            "course": 190.21,
            "speed": 4.59,
            "depth": 17.36
          },
          {
            "time": "2011-03-21T22:25:46.390000+00:00",
            "course": 190.03,
            "speed": 4.54,
            "depth": 17.36
          },
          {
            "time": "2011-03-21T22:25:54.390000+00:00",
            "course": 189.9,
            "speed": 4.64,
            "depth": 17.24
          },
          {
            "time": "2011-03-21T22:26:02.390000+00:00",
            "course": 189.95,
            "speed": 4.65,
            "depth": 17.24
          },
          {
            "time": "2011-03-21T22:26:10.390000+00:00",
            "course": 189.82,
            "speed": 4.69,
            "depth": 17.24
          },
          {
            "time": "2011-03-21T22:26:18.390000+00:00",
            "course": 189.83,
            "speed": 4.72,
            "depth": 17.24
          },
          {
            "time": "2011-03-21T22:26:26.400000+00:00",
            "course": 189.79,
            "speed": 4.72,
            "depth": 17.24
          },
          {
            "time": "2011-03-21T22:26:34.400000+00:00",
            "course": 189.78,
            "speed": 4.78,
            "depth": 17.24
          },
          {
            "time": "2011-03-21T22:26:42.400000+00:00",
            "course": 189.98,
            "speed": 4.75,
            "depth": 17.12
          },
          {
            "time": "2011-03-21T22:26:50.400000+00:00",
            "course": 189.82,
            "speed": 4.62,
            "depth": 16.87
          },
          {
            "time": "2011-03-21T22:26:58.400000+00:00",
            "course": 189.81,
            "speed": 4.67,
            "depth": 17.0
          },
          {
            "time": "2011-03-21T22:27:06.390000+00:00",
            "course": 189.94,
            "speed": 4.84,
            "depth": 17.36
          },
          {
            "time": "2011-03-21T22:27:14.390000+00:00",
            "course": 189.99,
            "speed": 4.7,
            "depth": 17.36
          },
          {
            "time": "2011-03-21T22:27:22.390000+00:00",
            "course": 189.97,
            "speed": 4.65,
            "depth": 17.48
          },
          {
            "time": "2011-03-21T22:27:30.390000+00:00",
            "course": 189.9,
            "speed": 4.69,
            "depth": 17.6
          },
          {
            "time": "2011-03-21T22:27:38.390000+00:00",
            "course": 190.24,
            "speed": 4.68,
            "depth": 17.6
          },
          {
            "time": "2011-03-21T22:27:46.390000+00:00",
            "course": 190.34,
            "speed": 4.64,
            "depth": 17.36
          },
          {
            "time": "2011-03-21T22:27:54.390000+00:00",
            "course": 190.43,
            "speed": 4.66,
            "depth": 17.0
          },
          {
            "time": "2011-03-21T22:28:02.390000+00:00",
            "course": 190.7,
            "speed": 4.69,
            "depth": 17.0
          },
          {
            "time": "2011-03-21T22:28:10.390000+00:00",
            "course": 190.6,
            "speed": 4.66,
            "depth": 17.0
          },
          {
            "time": "2011-03-21T22:28:18.390000+00:00",
            "course": 190.79,
            "speed": 4.72,
            "depth": 17.0
          },
          {
            "time": "2011-03-21T22:28:26.400000+00:00",
            "course": 190.84,
            "speed": 4.7,
            "depth": 17.12
          },
          {
            "time": "2011-03-21T22:28:34.400000+00:00",
            "course": 190.71,
            "speed": 4.59,
            "depth": 17.36
          },
          {
            "time": "2011-03-21T22:28:42.400000+00:00",
            "course": 190.66,
            "speed": 4.7,
            "depth": 17.6
          },
          {
            "time": "2011-03-21T22:28:50.400000+00:00",
            "course": 190.79,
            "speed": 4.72,
            "depth": 17.6
          },
          {
            "time": "2011-03-21T22:28:58.400000+00:00",
            "course": 190.82,
            "speed": 4.61,
            "depth": 17.48
          },
          {
            "time": "2011-03-21T22:29:06.400000+00:00",
            "course": 190.96,
            "speed": 4.68,
            "depth": 17.36
          },
          {
            "time": "2011-03-21T22:29:14.400000+00:00",
            "course": 191.26,
            "speed": 4.8,
            "depth": 17.24
          },
          {
            "time": "2011-03-21T22:29:22.400000+00:00",
            "course": 191.32,
            "speed": 4.81,
            "depth": 17.12
          },
          {
            "time": "2011-03-21T22:29:30.400000+00:00",
            "course": 191.36,
            "speed": 4.7,
            "depth": 17.12
          },
          {
            "time": "2011-03-21T22:29:38.400000+00:00",
            "course": 191.48,
            "speed": 4.66,
            "depth": 17.12
          },
          {
            "time": "2011-03-21T22:29:46.400000+00:00",
            "course": 191.35,
            "speed": 4.75,
            "depth": 17.12
          },
          {
            "time": "2011-03-21T22:29:54.400000+00:00",
            "course": 191.49,
            "speed": 4.66,
            "depth": 17.12
          },
          {
            "time": "2011-03-21T22:30:02.400000+00:00",
            "course": 191.43,
            "speed": 4.69,
            "depth": 17.12
          },
          {
            "time": "2011-03-21T22:30:10.400000+00:00",
            "course": 191.58,
            "speed": 4.77,
            "depth": 17.48
          },
          {
            "time": "2011-03-21T22:30:18.400000+00:00",
            "course": 191.56,
            "speed": 4.62,
            "depth": 17.36
          },
          {
            "time": "2011-03-21T22:30:26.400000+00:00",
            "course": 191.83,
            "speed": 4.68,
            "depth": 17.36
          },
          {
            "time": "2011-03-21T22:30:34.400000+00:00",
            "course": 191.89,
            "speed": 4.75,
            "depth": 17.24
          },
          {
            "time": "2011-03-21T22:30:42.400000+00:00",
            "course": 191.79,
            "speed": 4.71,
            "depth": 17.24
          },
          {
            "time": "2011-03-21T22:30:50.400000+00:00",
            "course": 191.74,
            "speed": 4.69,
            "depth": 17.24
          },
          {
            "time": "2011-03-21T22:30:58.400000+00:00",
            "course": 191.55,
            "speed": 4.77,
            "depth": 17.24
          },
          {
            "time": "2011-03-21T22:31:06.390000+00:00",
            "course": 191.23,
            "speed": 4.77,
            "depth": 17.24
          },
          {
            "time": "2011-03-21T22:31:14.390000+00:00",
            "course": 191.08,
            "speed": 4.63,
            "depth": 17.24
          },
          {
            "time": "2011-03-21T22:31:22.390000+00:00",
            "course": 190.66,
            "speed": 4.69,
            "depth": 17.24
          },
          {
            "time": "2011-03-21T22:31:30.390000+00:00",
            "course": 190.28,
            "speed": 4.71,
            "depth": 17.24
          },
          {
            "time": "2011-03-21T22:31:38.390000+00:00",
            "course": 189.79,
            "speed": 4.69,
            "depth": 17.24
          },
          {
            "time": "2011-03-21T22:31:46.400000+00:00",
            "course": 189.66,
            "speed": 4.75,
            "depth": 17.24
          },
          {
            "time": "2011-03-21T22:31:54.400000+00:00",
            "course": 189.71,
            "speed": 4.78,
            "depth": 17.24
          },
          {
            "time": "2011-03-21T22:32:02.400000+00:00",
            "course": 190.43,
            "speed": 4.75,
            "depth": 17.12
          },
          {
            "time": "2011-03-21T22:32:10.400000+00:00",
            "course": 191.91,
            "speed": 4.73,
            "depth": 17.12
          },
          {
            "time": "2011-03-21T22:32:18.400000+00:00",
            "course": 194.11,
            "speed": 4.73,
            "depth": 17.12
          },
          {
            "time": "2011-03-21T22:32:26.400000+00:00",
            "course": 196.53,
            "speed": 4.7,
            "depth": 17.12
          },
          {
            "time": "2011-03-21T22:32:34.400000+00:00",
            "course": 199.07,
            "speed": 4.71,
            "depth": 17.12
          },
          {
            "time": "2011-03-21T22:32:42.400000+00:00",
            "course": 202.21,
            "speed": 4.75,
            "depth": 17.36
          },
          {
            "time": "2011-03-21T22:32:50.400000+00:00",
            "course": 205.59,
            "speed": 4.67,
            "depth": 17.36
          },
          {
            "time": "2011-03-21T22:32:58.400000+00:00",
            "course": 209.47,
            "speed": 4.66,
            "depth": 17.36
          },
          {
            "time": "2011-03-21T22:33:06.410000+00:00",
            "course": 213.62,
            "speed": 4.64,
            "depth": 17.36
          },
          {
            "time": "2011-03-21T22:33:14.410000+00:00",
            "course": 217.51,
            "speed": 4.6,
            "depth": 17.48
          },
          {
            "time": "2011-03-21T22:33:22.410000+00:00",
            "course": 220.63,
            "speed": 4.54,
            "depth": 17.48
          },
          {
            "time": "2011-03-21T22:33:30.410000+00:00",
            "course": 221.8,
            "speed": 4.5,
            "depth": 17.24
          },
          {
            "time": "2011-03-21T22:33:38.400000+00:00",
            "course": 222.47,
            "speed": 4.5,
            "depth": 17.12
          },
          {
            "time": "2011-03-21T22:33:46.400000+00:00",
            "course": 222.87,
            "speed": 4.54,
            "depth": 17.12
          },
          {
            "time": "2011-03-21T22:33:54.400000+00:00",
            "course": 222.82,
            "speed": 4.54,
            "depth": 17.12
          },
          {
            "time": "2011-03-21T22:34:02.400000+00:00",
            "course": 222.18,
            "speed": 4.56,
            "depth": 17.12
          },
          {
            "time": "2011-03-21T22:34:10.400000+00:00",
            "course": 220.44,
            "speed": 4.5,
            "depth": 17.36
          },
          {
            "time": "2011-03-21T22:34:18.400000+00:00",
            "course": 219.34,
            "speed": 4.52,
            "depth": 17.36
          },
          {
            "time": "2011-03-21T22:34:26.410000+00:00",
            "course": 218.89,
            "speed": 4.55,
            "depth": 17.36
          },
          {
            "time": "2011-03-21T22:34:34.410000+00:00",
            "course": 218.85,
            "speed": 4.57,
            "depth": 17.36
          },
          {
            "time": "2011-03-21T22:34:42.410000+00:00",
            "course": 218.68,
            "speed": 4.54,
            "depth": 17.36
          },
          {
            "time": "2011-03-21T22:34:50.410000+00:00",
            "course": 218.62,
            "speed": 4.58,
            "depth": 17.36
          },
          {
            "time": "2011-03-21T22:34:58.410000+00:00",
            "course": 218.28,
            "speed": 4.58,
            "depth": 17.24
          },
          {
            "time": "2011-03-21T22:35:06.410000+00:00",
            "course": 218.43,
            "speed": 4.6,
            "depth": 17.12
          },
          {
            "time": "2011-03-21T22:35:14.410000+00:00",
            "course": 218.72,
            "speed": 4.66,
            "depth": 17.0
          },
          {
            "time": "2011-03-21T22:35:22.410000+00:00",
            "course": 218.9,
            "speed": 4.64,
            "depth": 17.0
          },
          {
            "time": "2011-03-21T22:35:30.410000+00:00",
            "course": 219.32,
            "speed": 4.62,
            "depth": 17.0
          },
          {
            "time": "2011-03-21T22:35:38.410000+00:00",
            "course": 219.66,
            "speed": 4.63,
            "depth": 17.24
          },
          {
            "time": "2011-03-21T22:35:46.400000+00:00",
            "course": 220.23,
            "speed": 4.64,
            "depth": 17.24
          },
          {
            "time": "2011-03-21T22:35:54.400000+00:00",
            "course": 220.72,
            "speed": 4.65,
            "depth": 17.24
          },
          {
            "time": "2011-03-21T22:36:02.400000+00:00",
            "course": 220.7,
            "speed": 4.69,
            "depth": 17.24
          },
          {
            "time": "2011-03-21T22:36:10.400000+00:00",
            "course": 220.9,
            "speed": 4.69,
            "depth": 17.24
          },
          {
            "time": "2011-03-21T22:36:18.400000+00:00",
            "course": 221.16,
            "speed": 4.71,
            "depth": 17.24
          },
          {
            "time": "2011-03-21T22:36:26.400000+00:00",
            "course": 221.1,
            "speed": 4.69,
            "depth": 17.24
          },
          {
            "time": "2011-03-21T22:36:34.400000+00:00",
            "course": 220.93,
            "speed": 4.69,
            "depth": 17.24
          },
          {
            "time": "2011-03-21T22:36:42.400000+00:00",
            "course": 220.75,
            "speed": 4.73,
            "depth": 17.24
          },
          {
            "time": "2011-03-21T22:36:50.400000+00:00",
            "course": 220.45,
            "speed": 4.68,
            "depth": 17.24
          },
          {
            "time": "2011-03-21T22:36:58.400000+00:00",
            "course": 219.91,
            "speed": 4.7,
            "depth": 17.24
          },
          {
            "time": "2011-03-21T22:37:06.410000+00:00",
            "course": 219.46,
            "speed": 4.78,
            "depth": 17.24
          },
          {
            "time": "2011-03-21T22:37:14.410000+00:00",
            "course": 219.32,
            "speed": 4.8,
            "depth": 17.24
          },
          {
            "time": "2011-03-21T22:37:22.410000+00:00",
            "course": 219.4,
            "speed": 4.75,
            "depth": 17.24
          },
          {
            "time": "2011-03-21T22:37:30.410000+00:00",
            "course": 219.53,
            "speed": 4.71,
            "depth": 17.24
          },
          {
            "time": "2011-03-21T22:37:38.410000+00:00",
            "course": 219.8,
            "speed": 4.73,
            "depth": 17.24
          },
          {
            "time": "2011-03-21T22:37:46.400000+00:00",
            "course": 220.22,
            "speed": 4.8,
            "depth": 17.24
          },
          {
            "time": "2011-03-21T22:37:54.400000+00:00",
            "course": 220.45,
            "speed": 4.8,
            "depth": 17.24
          },
          {
            "time": "2011-03-21T22:38:02.400000+00:00",
            "course": 220.39,
            "speed": 4.8,
            "depth": 17.24
          },
          {
            "time": "2011-03-21T22:38:10.400000+00:00",
            "course": 220.58,
            "speed": 4.85,
            "depth": 17.24
          },
          {
            "time": "2011-03-21T22:38:18.400000+00:00",
            "course": 220.51,
            "speed": 4.78,
            "depth": 17.24
          },
          {
            "time": "2011-03-21T22:38:26.410000+00:00",
            "course": 219.96,
            "speed": 4.75,
            "depth": 17.24
          },
          {
            "time": "2011-03-21T22:38:34.410000+00:00",
            "course": 219.64,
            "speed": 4.83,
            "depth": 17.24
          },
          {
            "time": "2011-03-21T22:38:42.410000+00:00",
            "course": 219.48,
            "speed": 4.75,
            "depth": 17.24
          },
          {
            "time": "2011-03-21T22:38:50.410000+00:00",
            "course": 219.15,
            "speed": 4.68,
            "depth": 17.24
          },
          {
            "time": "2011-03-21T22:38:58.410000+00:00",
            "course": 219.02,
            "speed": 4.75,
            "depth": 17.24
          },
          {
            "time": "2011-03-21T22:39:06.410000+00:00",
            "course": 219.23,
            "speed": 4.81,
            "depth": 17.24
          },
          {
            "time": "2011-03-21T22:39:14.410000+00:00",
            "course": 219.47,
            "speed": 4.77,
            "depth": 17.24
          },
          {
            "time": "2011-03-21T22:39:22.410000+00:00",
            "course": 219.37,
            "speed": 4.69,
            "depth": 17.24
          },
          {
            "time": "2011-03-21T22:39:30.410000+00:00",
            "course": 219.29,
            "speed": 4.7,
            "depth": 17.36
          },
          {
            "time": "2011-03-21T22:39:38.410000+00:00",
            "course": 219.43,
            "speed": 4.56,
            "depth": 17.36
          },
          {
            "time": "2011-03-21T22:39:46.400000+00:00",
            "course": 219.8,
            "speed": 4.61,
            "depth": 17.24
          },
          {
            "time": "2011-03-21T22:39:54.400000+00:00",
            "course": 220.24,
            "speed": 4.71,
            "depth": 16.87
          },
          {
            "time": "2011-03-21T22:40:02.400000+00:00",
            "course": 220.36,
            "speed": 4.62,
            "depth": 16.75
          },
          {
            "time": "2011-03-21T22:40:10.400000+00:00",
            "course": 220.38,
            "speed": 4.56,
            "depth": 16.75
          },
          {
            "time": "2011-03-21T22:40:18.400000+00:00",
            "course": 220.28,
            "speed": 4.59,
            "depth": 16.75
          },
          {
            "time": "2011-03-21T22:40:26.400000+00:00",
            "course": 220.51,
            "speed": 4.56,
            "depth": 16.75
          },
          {
            "time": "2011-03-21T22:40:34.400000+00:00",
            "course": 220.35,
            "speed": 4.54,
            "depth": 17.12
          },
          {
            "time": "2011-03-21T22:40:42.400000+00:00",
            "course": 220.06,
            "speed": 4.53,
            "depth": 17.36
          },
          {
            "time": "2011-03-21T22:40:50.400000+00:00",
            "course": 219.74,
            "speed": 4.5,
            "depth": 17.36
          },
          {
            "time": "2011-03-21T22:40:58.400000+00:00",
            "course": 219.4,
            "speed": 4.47,
            "depth": 17.36
          },
          {
            "time": "2011-03-21T22:41:06.410000+00:00",
            "course": 218.85,
            "speed": 4.45,
            "depth": 17.48
          },
          {
            "time": "2011-03-21T22:41:14.410000+00:00",
            "course": 218.6,
            "speed": 4.46,
            "depth": 17.48
          },
          {
            "time": "2011-03-21T22:41:22.410000+00:00",
            "course": 218.64,
            "speed": 4.47,
            "depth": 17.24
          },
          {
            "time": "2011-03-21T22:41:30.410000+00:00",
            "course": 218.31,
            "speed": 4.4,
            "depth": 17.12
          },
          {
            "time": "2011-03-21T22:41:38.410000+00:00",
            "course": 218.13,
            "speed": 4.39,
            "depth": 17.12
          },
          {
            "time": "2011-03-21T22:41:46.410000+00:00",
            "course": 218.07,
            "speed": 4.46,
            "depth": 17.12
          },
          {
            "time": "2011-03-21T22:41:54.410000+00:00",
            "course": 218.23,
            "speed": 4.44,
            "depth": 17.12
          },
          {
            "time": "2011-03-21T22:42:02.410000+00:00",
            "course": 218.47,
            "speed": 4.38,
            "depth": 17.12
          },
          {
            "time": "2011-03-21T22:42:10.410000+00:00",
            "course": 218.86,
            "speed": 4.37,
            "depth": 17.36
          },
          {
            "time": "2011-03-21T22:42:18.410000+00:00",
            "course": 219.45,
            "speed": 4.34,
            "depth": 17.36
          },
          {
            "time": "2011-03-21T22:42:26.400000+00:00",
            "course": 219.88,
            "speed": 4.34,
            "depth": 17.36
          },
          {
            "time": "2011-03-21T22:42:34.400000+00:00",
            "course": 220.12,
            "speed": 4.35,
            "depth": 17.36
          },
          {
            "time": "2011-03-21T22:42:42.400000+00:00",
            "course": 220.5,
            "speed": 4.35,
            "depth": 17.36
          },
          {
            "time": "2011-03-21T22:42:50.400000+00:00",
            "course": 220.76,
            "speed": 4.33,
            "depth": 17.36
          },
          {
            "time": "2011-03-21T22:42:58.400000+00:00",
            "course": 221.12,
            "speed": 4.28,
            "depth": 17.36
          },
          {
            "time": "2011-03-21T22:43:06.410000+00:00",
            "course": 221.22,
            "speed": 4.23,
            "depth": 17.36
          },
          {
            "time": "2011-03-21T22:43:14.410000+00:00",
            "course": 221.33,
            "speed": 4.3,
            "depth": 17.36
          },
          {
            "time": "2011-03-21T22:43:22.410000+00:00",
            "course": 221.43,
            "speed": 4.29,
            "depth": 17.36
          },
          {
            "time": "2011-03-21T22:43:30.410000+00:00",
            "course": 221.34,
            "speed": 4.27,
            "depth": 17.36
          },
          {
            "time": "2011-03-21T22:43:38.410000+00:00",
            "course": 221.33,
            "speed": 4.31,
            "depth": 17.36
          },
          {
            "time": "2011-03-21T22:43:46.410000+00:00",
            "course": 221.01,
            "speed": 4.31,
            "depth": 17.24
          },
          {
            "time": "2011-03-21T22:43:54.410000+00:00",
            "course": 220.79,
            "speed": 4.26,
            "depth": 17.24
          },
          {
            "time": "2011-03-21T22:44:02.410000+00:00",
            "course": 220.61,
            "speed": 4.26,
            "depth": 17.24
          },
          {
            "time": "2011-03-21T22:44:10.410000+00:00",
            "course": 220.31,
            "speed": 4.27,
            "depth": 17.24
          },
          {
            "time": "2011-03-21T22:44:18.410000+00:00",
            "course": 220.26,
            "speed": 4.26,
            "depth": 17.36
          },
          {
            "time": "2011-03-21T22:44:26.410000+00:00",
            "course": 220.0,
            "speed": 4.28,
            "depth": 17.36
          },
          {
            "time": "2011-03-21T22:44:34.410000+00:00",
            "course": 219.66,
            "speed": 4.28,
            "depth": 17.36
          },
          {
            "time": "2011-03-21T22:44:42.410000+00:00",
            "course": 219.71,
            "speed": 4.22,
            "depth": 17.12
          },
          {
            "time": "2011-03-21T22:44:50.410000+00:00",
            "course": 219.7,
            "speed": 4.27,
            "depth": 17.0
          },
          {
            "time": "2011-03-21T22:44:58.410000+00:00",
            "course": 219.34,
            "speed": 4.3,
            "depth": 17.0
          },
          {
            "time": "2011-03-21T22:45:06.410000+00:00",
            "course": 219.31,
            "speed": 4.32,
            "depth": 17.0
          },
          {
            "time": "2011-03-21T22:45:14.410000+00:00",
            "course": 219.2,
            "speed": 4.27,
            "depth": 17.0
          },
          {
            "time": "2011-03-21T22:45:22.410000+00:00",
            "course": 218.98,
            "speed": 4.24,
            "depth": 17.0
          },
          {
            "time": "2011-03-21T22:45:30.410000+00:00",
            "course": 219.1,
            "speed": 4.32,
            "depth": 17.24
          },
          {
            "time": "2011-03-21T22:45:38.410000+00:00",
            "course": 219.31,
            "speed": 4.28,
            "depth": 17.24
          },
          {
            "time": "2011-03-21T22:45:46.410000+00:00",
            "course": 219.46,
            "speed": 4.31,
            "depth": 17.24
          },
          {
            "time": "2011-03-21T22:45:54.410000+00:00",
            "course": 219.52,
            "speed": 4.32,
            "depth": 17.24
          },
          {
            "time": "2011-03-21T22:46:02.410000+00:00",
            "course": 219.41,
            "speed": 4.26,
            "depth": 17.24
          },
          {
            "time": "2011-03-21T22:46:10.410000+00:00",
            "course": 219.67,
            "speed": 4.31,
            "depth": 17.24
          },
          {
            "time": "2011-03-21T22:46:18.410000+00:00",
            "course": 220.13,
            "speed": 4.35,
            "depth": 17.24
          },
          {
            "time": "2011-03-21T22:46:26.410000+00:00",
            "course": 220.34,
            "speed": 4.31,
            "depth": 17.36
          },
          {
            "time": "2011-03-21T22:46:34.410000+00:00",
            "course": 220.65,
            "speed": 4.28,
            "depth": 17.36
          },
          {
            "time": "2011-03-21T22:46:42.410000+00:00",
            "course": 220.72,
            "speed": 4.28,
            "depth": 17.36
          },
          {
            "time": "2011-03-21T22:46:50.410000+00:00",
            "course": 220.91,
            "speed": 4.31,
            "depth": 17.36
          },
          {
            "time": "2011-03-21T22:46:58.410000+00:00",
            "course": 221.07,
            "speed": 4.27,
            "depth": 17.24
          },
          {
            "time": "2011-03-21T22:47:06.410000+00:00",
            "course": 220.99,
            "speed": 4.23,
            "depth": 17.12
          },
          {
            "time": "2011-03-21T22:47:14.410000+00:00",
            "course": 221.07,
            "speed": 4.26,
            "depth": 17.0
          },
          {
            "time": "2011-03-21T22:47:22.410000+00:00",
            "course": 221.3,
            "speed": 4.25,
            "depth": 17.0
          },
          {
            "time": "2011-03-21T22:47:30.410000+00:00",
            "course": 221.48,
            "speed": 4.23,
            "depth": 16.87
          },
          {
            "time": "2011-03-21T22:47:38.410000+00:00",
            "course": 221.2,
            "speed": 4.12,
            "depth": 16.64
          },
          {
            "time": "2011-03-21T22:47:46.420000+00:00",
            "course": 221.04,
            "speed": 4.1,
            "depth": 16.64
          },
          {
            "time": "2011-03-21T22:47:54.420000+00:00",
            "course": 221.12,
            "speed": 4.28,
            "depth": 16.64
          },
          {
            "time": "2011-03-21T22:48:02.420000+00:00",
            "course": 220.79,
            "speed": 4.19,
            "depth": 16.64
          },
          {
            "time": "2011-03-21T22:48:10.420000+00:00",
            "course": 220.28,
            "speed": 4.19,
            "depth": 16.64
          },
          {
            "time": "2011-03-21T22:48:18.420000+00:00",
            "course": 220.14,
            "speed": 4.24,
            "depth": 17.0
          },
          {
            "time": "2011-03-21T22:48:26.410000+00:00",
            "course": 219.77,
            "speed": 4.16,
            "depth": 17.0
          },
          {
            "time": "2011-03-21T22:48:34.410000+00:00",
            "course": 219.46,
            "speed": 4.17,
            "depth": 17.36
          },
          {
            "time": "2011-03-21T22:48:42.410000+00:00",
            "course": 219.34,
            "speed": 4.24,
            "depth": 17.36
          },
          {
            "time": "2011-03-21T22:48:50.410000+00:00",
            "course": 219.29,
            "speed": 4.18,
            "depth": 17.36
          },
          {
            "time": "2011-03-21T22:48:58.410000+00:00",
            "course": 219.13,
            "speed": 4.19,
            "depth": 17.36
          },
          {
            "time": "2011-03-21T22:49:06.410000+00:00",
            "course": 219.13,
            "speed": 4.26,
            "depth": 17.36
          },
          {
            "time": "2011-03-21T22:49:14.410000+00:00",
            "course": 219.28,
            "speed": 4.26,
            "depth": 17.12
          },
          {
            "time": "2011-03-21T22:49:22.410000+00:00",
            "course": 219.52,
            "speed": 4.21,
            "depth": 17.12
          },
          {
            "time": "2011-03-21T22:49:30.410000+00:00",
            "course": 219.75,
            "speed": 4.19,
            "depth": 17.12
          },
          {
            "time": "2011-03-21T22:49:38.410000+00:00",
            "course": 220.05,
            "speed": 4.24,
            "depth": 17.12
          },
          {
            "time": "2011-03-21T22:49:46.410000+00:00",
            "course": 220.37,
            "speed": 4.24,
            "depth": 17.12
          },
          {
            "time": "2011-03-21T22:49:54.410000+00:00",
            "course": 220.16,
            "speed": 4.17,
            "depth": 17.12
          },
          {
            "time": "2011-03-21T22:50:02.410000+00:00",
            "course": 220.07,
            "speed": 4.15,
            "depth": 17.12
          },
          {
            "time": "2011-03-21T22:50:10.410000+00:00",
            "course": 220.31,
            "speed": 4.24,
            "depth": 17.12
          },
          {
            "time": "2011-03-21T22:50:18.410000+00:00",
            "course": 220.56,
            "speed": 4.21,
            "depth": 17.0
          },
          {
            "time": "2011-03-21T22:50:26.420000+00:00",
            "course": 220.09,
            "speed": 4.16,
            "depth": 17.0
          },
          {
            "time": "2011-03-21T22:50:34.420000+00:00",
            "course": 219.77,
            "speed": 4.25,
            "depth": 17.0
          },
          {
            "time": "2011-03-21T22:50:42.410000+00:00",
            "course": 219.63,
            "speed": 4.35,
            "depth": 17.0
          },
          {
            "time": "2011-03-21T22:50:50.420000+00:00",
            "course": 219.36,
            "speed": 4.25,
            "depth": 17.0
          },
          {
            "time": "2011-03-21T22:50:58.420000+00:00",
            "course": 218.75,
            "speed": 4.17,
            "depth": 17.0
          },
          {
            "time": "2011-03-21T22:51:06.410000+00:00",
            "course": 218.52,
            "speed": 4.31,
            "depth": 17.0
          },
          {
            "time": "2011-03-21T22:51:14.410000+00:00",
            "course": 218.11,
            "speed": 4.35,
            "depth": 17.0
          },
          {
            "time": "2011-03-21T22:51:22.410000+00:00",
            "course": 217.96,
            "speed": 4.21,
            "depth": 17.0
          },
          {
            "time": "2011-03-21T22:51:30.410000+00:00",
            "course": 218.4,
            "speed": 4.24,
            "depth": 17.0
          },
          {
            "time": "2011-03-21T22:51:38.410000+00:00",
            "course": 218.48,
            "speed": 4.27,
            "depth": 17.0
          },
          {
            "time": "2011-03-21T22:51:46.420000+00:00",
            "course": 218.4,
            "speed": 4.27,
            "depth": 17.0
          },
          {
            "time": "2011-03-21T22:51:54.420000+00:00",
            "course": 218.47,
            "speed": 4.31,
            "depth": 17.0
          },
          {
            "time": "2011-03-21T22:52:02.420000+00:00",
            "course": 218.51,
            "speed": 4.27,
            "depth": 17.12
          },
          {
            "time": "2011-03-21T22:52:10.420000+00:00",
            "course": 218.63,
            "speed": 4.26,
            "depth": 17.12
          },
          {
            "time": "2011-03-21T22:52:18.420000+00:00",
            "course": 218.77,
            "speed": 4.24,
            "depth": 17.12
          },
          {
            "time": "2011-03-21T22:52:26.430000+00:00",
            "course": 218.82,
            "speed": 4.24,
            "depth": 17.36
          },
          {
            "time": "2011-03-21T22:52:34.430000+00:00",
            "course": 219.33,
            "speed": 4.31,
            "depth": 17.48
          },
          {
            "time": "2011-03-21T22:52:42.430000+00:00",
            "course": 219.87,
            "speed": 4.22,
            "depth": 17.48
          },
          {
            "time": "2011-03-21T22:52:50.430000+00:00",
            "course": 220.22,
            "speed": 4.21,
            "depth": 17.48
          },
          {
            "time": "2011-03-21T22:52:58.440000+00:00",
            "course": 220.29,
            "speed": 4.24,
            "depth": 17.24
          },
          {
            "time": "2011-03-21T22:53:06.450000+00:00",
            "course": 220.32,
            "speed": 4.29,
            "depth": 17.24
          },
          {
            "time": "2011-03-21T22:53:14.450000+00:00",
            "course": 220.75,
            "speed": 4.32,
            "depth": 17.0
          },
          {
            "time": "2011-03-21T22:53:22.450000+00:00",
            "course": 221.0,
            "speed": 4.25,
            "depth": 17.0
          },
          {
            "time": "2011-03-21T22:53:30.450000+00:00",
            "course": 221.12,
            "speed": 4.27,
            "depth": 17.12
          },
          {
            "time": "2011-03-21T22:53:38.450000+00:00",
            "course": 221.12,
            "speed": 4.27,
            "depth": 17.12
          },
          {
            "time": "2011-03-21T22:53:46.450000+00:00",
            "course": 221.18,
            "speed": 4.21,
            "depth": 17.36
          },
          {
            "time": "2011-03-21T22:53:54.450000+00:00",
            "course": 221.12,
            "speed": 4.22,
            "depth": 17.36
          },
          {
            "time": "2011-03-21T22:54:02.450000+00:00",
            "course": 220.82,
            "speed": 4.24,
            "depth": 17.36
          },
          {
            "time": "2011-03-21T22:54:10.450000+00:00",
            "course": 220.47,
            "speed": 4.19,
            "depth": 17.48
          },
          {
            "time": "2011-03-21T22:54:18.450000+00:00",
            "course": 220.43,
            "speed": 4.15,
            "depth": 17.48
          },
          {
            "time": "2011-03-21T22:54:26.440000+00:00",
            "course": 220.42,
            "speed": 4.25,
            "depth": 17.36
          },
          {
            "time": "2011-03-21T22:54:34.450000+00:00",
            "course": 219.98,
            "speed": 4.29,
            "depth": 17.24
          },
          {
            "time": "2011-03-21T22:54:42.450000+00:00",
            "course": 219.7,
            "speed": 4.24,
            "depth": 17.12
          },
          {
            "time": "2011-03-21T22:54:50.450000+00:00",
            "course": 219.44,
            "speed": 4.18,
            "depth": 17.12
          },
          {
            "time": "2011-03-21T22:54:58.450000+00:00",
            "course": 219.14,
            "speed": 4.24,
            "depth": 17.12
          },
          {
            "time": "2011-03-21T22:55:06.430000+00:00",
            "course": 219.22,
            "speed": 4.31,
            "depth": 17.12
          },
          {
            "time": "2011-03-21T22:55:14.430000+00:00",
            "course": 218.98,
            "speed": 4.2,
            "depth": 17.12
          },
          {
            "time": "2011-03-21T22:55:22.420000+00:00",
            "course": 218.46,
            "speed": 4.17,
            "depth": 17.12
          },
          {
            "time": "2011-03-21T22:55:30.420000+00:00",
            "course": 218.22,
            "speed": 4.21,
            "depth": 17.36
          },
          {
            "time": "2011-03-21T22:55:38.420000+00:00",
            "course": 218.41,
            "speed": 4.21,
            "depth": 17.48
          },
          {
            "time": "2011-03-21T22:55:46.420000+00:00",
            "course": 218.46,
            "speed": 4.18,
            "depth": 17.48
          },
          {
            "time": "2011-03-21T22:55:54.420000+00:00",
            "course": 218.38,
            "speed": 4.2,
            "depth": 17.72
          },
          {
            "time": "2011-03-21T22:56:02.420000+00:00",
            "course": 218.18,
            "speed": 4.15,
            "depth": 17.84
          },
          {
            "time": "2011-03-21T22:56:10.420000+00:00",
            "course": 217.83,
            "speed": 4.12,
            "depth": 18.32
          },
          {
            "time": "2011-03-21T22:56:18.420000+00:00",
            "course": 218.02,
            "speed": 4.19,
            "depth": 18.32
          },
          {
            "time": "2011-03-21T22:56:26.420000+00:00",
            "course": 218.39,
            "speed": 4.16,
            "depth": 18.32
          },
          {
            "time": "2011-03-21T22:56:34.420000+00:00",
            "course": 218.48,
            "speed": 4.13,
            "depth": 18.32
          },
          {
            "time": "2011-03-21T22:56:42.420000+00:00",
            "course": 218.64,
            "speed": 4.2,
            "depth": 18.32
          },
          {
            "time": "2011-03-21T22:56:50.420000+00:00",
            "course": 218.84,
            "speed": 4.18,
            "depth": 18.08
          },
          {
            "time": "2011-03-21T22:56:58.420000+00:00",
            "course": 218.9,
            "speed": 4.19,
            "depth": 17.84
          },
          {
            "time": "2011-03-21T22:57:06.410000+00:00",
            "course": 219.25,
            "speed": 4.24,
            "depth": 17.84
          },
          {
            "time": "2011-03-21T22:57:14.420000+00:00",
            "course": 219.88,
            "speed": 4.29,
            "depth": 17.6
          },
          {
            "time": "2011-03-21T22:57:22.420000+00:00",
            "course": 220.0,
            "speed": 4.31,
            "depth": 17.6
          },
          {
            "time": "2011-03-21T22:57:30.420000+00:00",
            "course": 220.07,
            "speed": 4.41,
            "depth": 17.6
          },
          {
            "time": "2011-03-21T22:57:38.420000+00:00",
            "course": 220.28,
            "speed": 4.5,
            "depth": 17.72
          },
          {
            "time": "2011-03-21T22:57:46.420000+00:00",
            "course": 220.18,
            "speed": 4.52,
            "depth": 17.96
          },
          {
            "time": "2011-03-21T22:57:54.420000+00:00",
            "course": 220.0,
            "speed": 4.64,
            "depth": 18.08
          },
          {
            "time": "2011-03-21T22:58:02.440000+00:00",
            "course": 219.94,
            "speed": 4.72,
            "depth": 18.08
          },
          {
            "time": "2011-03-21T22:58:10.450000+00:00",
            "course": 219.74,
            "speed": 4.71,
            "depth": 18.08
          },
          {
            "time": "2011-03-21T22:58:18.450000+00:00",
            "course": 219.67,
            "speed": 4.75,
            "depth": 17.84
          },
          {
            "time": "2011-03-21T22:58:26.450000+00:00",
            "course": 219.87,
            "speed": 4.72,
            "depth": 17.48
          },
          {
            "time": "2011-03-21T22:58:34.440000+00:00",
            "course": 219.91,
            "speed": 4.8,
            "depth": 17.48
          },
          {
            "time": "2011-03-21T22:58:42.420000+00:00",
            "course": 219.79,
            "speed": 4.89,
            "depth": 17.48
          },
          {
            "time": "2011-03-21T22:58:50.420000+00:00",
            "course": 219.72,
            "speed": 4.91,
            "depth": 17.48
          },
          {
            "time": "2011-03-21T22:58:58.420000+00:00",
            "course": 219.57,
            "speed": 4.97,
            "depth": 17.6
          },
          {
            "time": "2011-03-21T22:59:06.420000+00:00",
            "course": 219.53,
            "speed": 4.91,
            "depth": 17.72
          },
          {
            "time": "2011-03-21T22:59:14.430000+00:00",
            "course": 219.11,
            "speed": 4.89,
            "depth": 17.84
          },
          {
            "time": "2011-03-21T22:59:22.420000+00:00",
            "course": 218.88,
            "speed": 4.94,
            "depth": 17.84
          },
          {
            "time": "2011-03-21T22:59:30.420000+00:00",
            "course": 218.58,
            "speed": 4.95,
            "depth": 17.84
          },
          {
            "time": "2011-03-21T22:59:38.420000+00:00",
            "course": 218.23,
            "speed": 4.94,
            "depth": 17.84
          },
          {
            "time": "2011-03-21T22:59:46.420000+00:00",
            "course": 218.08,
            "speed": 5.0,
            "depth": 17.84
          },
          {
            "time": "2011-03-21T22:59:54.420000+00:00",
            "course": 217.79,
            "speed": 4.97,
            "depth": 17.84
          },
          {
            "time": "2011-03-21T23:00:02.420000+00:00",
            "course": 217.55,
            "speed": 4.95,
            "depth": 17.84
          },
          {
            "time": "2011-03-21T23:00:10.420000+00:00",
            "course": 217.51,
            "speed": 4.99,
            "depth": 17.84
          },
          {
            "time": "2011-03-21T23:00:18.420000+00:00",
            "course": 217.35,
            "speed": 5.04,
            "depth": 17.84
          },
          {
            "time": "2011-03-21T23:00:26.420000+00:00",
            "course": 217.36,
            "speed": 5.16,
            "depth": 17.84
          },
          {
            "time": "2011-03-21T23:00:34.420000+00:00",
            "course": 217.27,
            "speed": 5.18,
            "depth": 17.84
          },
          {
            "time": "2011-03-21T23:00:42.420000+00:00",
            "course": 217.21,
            "speed": 5.12,
            "depth": 17.72
          },
          {
            "time": "2011-03-21T23:00:50.420000+00:00",
            "course": 217.35,
            "speed": 5.19,
            "depth": 17.6
          },
          {
            "time": "2011-03-21T23:00:58.420000+00:00",
            "course": 217.35,
            "speed": 5.22,
            "depth": 17.6
          },
          {
            "time": "2011-03-21T23:01:06.420000+00:00",
            "course": 217.56,
            "speed": 5.22,
            "depth": 17.6
          },
          {
            "time": "2011-03-21T23:01:14.430000+00:00",
            "course": 217.68,
            "speed": 5.21,
            "depth": 17.6
          },
          {
            "time": "2011-03-21T23:01:22.430000+00:00",
            "course": 217.75,
            "speed": 5.22,
            "depth": 17.6
          },
          {
            "time": "2011-03-21T23:01:30.420000+00:00",
            "course": 217.92,
            "speed": 5.23,
            "depth": 17.84
          },
          {
            "time": "2011-03-21T23:01:38.430000+00:00",
            "course": 218.18,
            "speed": 5.23,
            "depth": 17.84
          },
          {
            "time": "2011-03-21T23:01:46.420000+00:00",
            "course": 218.54,
            "speed": 5.25,
            "depth": 17.84
          },
          {
            "time": "2011-03-21T23:01:54.420000+00:00",
            "course": 218.92,
            "speed": 5.25,
            "depth": 17.84
          },
          {
            "time": "2011-03-21T23:02:02.420000+00:00",
            "course": 219.61,
            "speed": 5.26,
            "depth": 17.6
          },
          {
            "time": "2011-03-21T23:02:10.420000+00:00",
            "course": 220.22,
            "speed": 5.28,
            "depth": 17.48
          },
          {
            "time": "2011-03-21T23:02:18.420000+00:00",
            "course": 220.63,
            "speed": 5.25,
            "depth": 17.48
          },
          {
            "time": "2011-03-21T23:02:26.420000+00:00",
            "course": 220.88,
            "speed": 5.25,
            "depth": 17.48
          },
          {
            "time": "2011-03-21T23:02:34.420000+00:00",
            "course": 220.94,
            "speed": 5.32,
            "depth": 17.6
          },
          {
            "time": "2011-03-21T23:02:42.420000+00:00",
            "course": 220.87,
            "speed": 5.26,
            "depth": 17.72
          },
          {
            "time": "2011-03-21T23:02:50.420000+00:00",
            "course": 220.78,
            "speed": 5.27,
            "depth": 17.72
          },
          {
            "time": "2011-03-21T23:02:58.420000+00:00",
            "course": 220.66,
            "speed": 5.28,
            "depth": 17.72
          },
          {
            "time": "2011-03-21T23:03:06.420000+00:00",
            "course": 220.57,
            "speed": 5.25,
            "depth": 17.72
          },
          {
            "time": "2011-03-21T23:03:14.430000+00:00",
            "course": 220.33,
            "speed": 5.22,
            "depth": 17.48
          },
          {
            "time": "2011-03-21T23:03:22.430000+00:00",
            "course": 219.68,
            "speed": 5.25,
            "depth": 17.48
          },
          {
            "time": "2011-03-21T23:03:30.430000+00:00",
            "course": 219.3,
            "speed": 5.28,
            "depth": 17.48
          },
          {
            "time": "2011-03-21T23:03:38.430000+00:00",
            "course": 218.79,
            "speed": 5.28,
            "depth": 17.48
          },
          {
            "time": "2011-03-21T23:03:46.420000+00:00",
            "course": 218.44,
            "speed": 5.29,
            "depth": 17.6
          },
          {
            "time": "2011-03-21T23:03:54.420000+00:00",
            "course": 218.44,
            "speed": 5.24,
            "depth": 17.96
          },
          {
            "time": "2011-03-21T23:04:02.420000+00:00",
            "course": 218.1,
            "speed": 5.22,
            "depth": 18.08
          },
          {
            "time": "2011-03-21T23:04:10.420000+00:00",
            "course": 217.86,
            "speed": 5.25,
            "depth": 18.08
          },
          {
            "time": "2011-03-21T23:04:18.420000+00:00",
            "course": 218.03,
            "speed": 5.2,
            "depth": 18.08
          },
          {
            "time": "2011-03-21T23:04:26.420000+00:00",
            "course": 217.94,
            "speed": 5.18,
            "depth": 17.84
          },
          {
            "time": "2011-03-21T23:04:34.430000+00:00",
            "course": 218.11,
            "speed": 5.25,
            "depth": 17.6
          },
          {
            "time": "2011-03-21T23:04:42.430000+00:00",
            "course": 218.26,
            "speed": 5.28,
            "depth": 17.48
          },
          {
            "time": "2011-03-21T23:04:50.430000+00:00",
            "course": 218.17,
            "speed": 5.22,
            "depth": 17.48
          },
          {
            "time": "2011-03-21T23:04:58.430000+00:00",
            "course": 218.33,
            "speed": 5.25,
            "depth": 17.48
          },
          {
            "time": "2011-03-21T23:05:06.430000+00:00",
            "course": 218.44,
            "speed": 5.23,
            "depth": 17.6
          },
          {
            "time": "2011-03-21T23:05:14.430000+00:00",
            "course": 218.67,
            "speed": 5.23,
            "depth": 17.72
          },
          {
            "time": "2011-03-21T23:05:22.430000+00:00",
            "course": 219.0,
            "speed": 5.23,
            "depth": 17.84
          },
          {
            "time": "2011-03-21T23:05:30.430000+00:00",
            "course": 219.01,
            "speed": 5.25,
            "depth": 17.84
          },
          {
            "time": "2011-03-21T23:05:38.430000+00:00",
            "course": 219.03,
            "speed": 5.22,
            "depth": 17.84
          },
          {
            "time": "2011-03-21T23:05:46.430000+00:00",
            "course": 219.43,
            "speed": 5.25,
            "depth": 17.72
          },
          {
            "time": "2011-03-21T23:05:54.430000+00:00",
            "course": 219.66,
            "speed": 5.2,
            "depth": 17.48
          },
          {
            "time": "2011-03-21T23:06:02.430000+00:00",
            "course": 219.67,
            "speed": 5.25,
            "depth": 17.36
          },
          {
            "time": "2011-03-21T23:06:10.430000+00:00",
            "course": 220.06,
            "speed": 5.23,
            "depth": 17.12
          },
          {
            "time": "2011-03-21T23:06:18.430000+00:00",
            "course": 220.28,
            "speed": 5.22,
            "depth": 17.0
          },
          {
            "time": "2011-03-21T23:06:26.420000+00:00",
            "course": 220.25,
            "speed": 5.2,
            "depth": 17.0
          },
          {
            "time": "2011-03-21T23:06:34.420000+00:00",
            "course": 220.14,
            "speed": 5.16,
            "depth": 17.0
          },
          {
            "time": "2011-03-21T23:06:42.420000+00:00",
            "course": 220.03,
            "speed": 5.21,
            "depth": 17.12
          },
          {
            "time": "2011-03-21T23:06:50.420000+00:00",
            "course": 219.8,
            "speed": 5.23,
            "depth": 17.36
          },
          {
            "time": "2011-03-21T23:06:58.420000+00:00",
            "course": 219.41,
            "speed": 5.1,
            "depth": 17.48
          },
          {
            "time": "2011-03-21T23:07:06.420000+00:00",
            "course": 219.05,
            "speed": 5.1,
            "depth": 17.6
          },
          {
            "time": "2011-03-21T23:07:14.430000+00:00",
            "course": 218.82,
            "speed": 5.16,
            "depth": 17.84
          },
          {
            "time": "2011-03-21T23:07:22.430000+00:00",
            "course": 218.68,
            "speed": 5.07,
            "depth": 17.84
          },
          {
            "time": "2011-03-21T23:07:30.430000+00:00",
            "course": 218.34,
            "speed": 5.13,
            "depth": 17.84
          },
          {
            "time": "2011-03-21T23:07:38.430000+00:00",
            "course": 218.31,
            "speed": 5.25,
            "depth": 17.72
          },
          {
            "time": "2011-03-21T23:07:46.430000+00:00",
            "course": 218.24,
            "speed": 5.25,
            "depth": 17.6
          },
          {
            "time": "2011-03-21T23:07:54.440000+00:00",
            "course": 218.28,
            "speed": 5.25,
            "depth": 17.6
          },
          {
            "time": "2011-03-21T23:08:02.440000+00:00",
            "course": 218.11,
            "speed": 5.25,
            "depth": 17.6
          },
          {
            "time": "2011-03-21T23:08:10.440000+00:00",
            "course": 217.98,
            "speed": 5.3,
            "depth": 17.6
          },
          {
            "time": "2011-03-21T23:08:18.440000+00:00",
            "course": 217.84,
            "speed": 5.25,
            "depth": 17.84
          },
          {
            "time": "2011-03-21T23:08:26.430000+00:00",
            "course": 217.74,
            "speed": 5.31,
            "depth": 17.96
          },
          {
            "time": "2011-03-21T23:08:34.430000+00:00",
            "course": 217.74,
            "speed": 5.31,
            "depth": 18.08
          },
          {
            "time": "2011-03-21T23:08:42.440000+00:00",
            "course": 217.58,
            "speed": 5.24,
            "depth": 18.08
          },
          {
            "time": "2011-03-21T23:08:50.450000+00:00",
            "course": 217.39,
            "speed": 5.25,
            "depth": 18.08
          },
          {
            "time": "2011-03-21T23:08:58.460000+00:00",
            "course": 217.52,
            "speed": 5.28,
            "depth": 18.08
          },
          {
            "time": "2011-03-21T23:09:06.460000+00:00",
            "course": 218.12,
            "speed": 5.28,
            "depth": 17.84
          },
          {
            "time": "2011-03-21T23:09:14.460000+00:00",
            "course": 218.47,
            "speed": 5.25,
            "depth": 17.84
          },
          {
            "time": "2011-03-21T23:09:22.460000+00:00",
            "course": 219.05,
            "speed": 5.33,
            "depth": 17.84
          },
          {
            "time": "2011-03-21T23:09:30.460000+00:00",
            "course": 219.87,
            "speed": 5.31,
            "depth": 17.84
          },
          {
            "time": "2011-03-21T23:09:38.460000+00:00",
            "course": 220.12,
            "speed": 5.3,
            "depth": 17.96
          },
          {
            "time": "2011-03-21T23:09:46.450000+00:00",
            "course": 220.57,
            "speed": 5.35,
            "depth": 18.32
          },
          {
            "time": "2011-03-21T23:09:54.450000+00:00",
            "course": 221.02,
            "speed": 5.32,
            "depth": 18.32
          },
          {
            "time": "2011-03-21T23:10:02.450000+00:00",
            "course": 221.33,
            "speed": 5.3,
            "depth": 18.44
          },
          {
            "time": "2011-03-21T23:10:10.450000+00:00",
            "course": 221.5,
            "speed": 5.33,
            "depth": 18.44
          },
          {
            "time": "2011-03-21T23:10:18.450000+00:00",
            "course": 221.46,
            "speed": 5.32,
            "depth": 18.44
          },
          {
            "time": "2011-03-21T23:10:26.450000+00:00",
            "course": 221.46,
            "speed": 5.32,
            "depth": 18.2
          },
          {
            "time": "2011-03-21T23:10:34.460000+00:00",
            "course": 221.12,
            "speed": 5.28,
            "depth": 18.08
          },
          {
            "time": "2011-03-21T23:10:42.460000+00:00",
            "course": 220.67,
            "speed": 5.22,
            "depth": 17.84
          },
          {
            "time": "2011-03-21T23:10:50.460000+00:00",
            "course": 220.39,
            "speed": 5.28,
            "depth": 17.84
          },
          {
            "time": "2011-03-21T23:10:58.460000+00:00",
            "course": 219.73,
            "speed": 5.26,
            "depth": 17.6
          },
          {
            "time": "2011-03-21T23:11:06.460000+00:00",
            "course": 219.41,
            "speed": 5.25,
            "depth": 17.6
          },
          {
            "time": "2011-03-21T23:11:14.460000+00:00",
            "course": 219.26,
            "speed": 5.28,
            "depth": 17.72
          },
          {
            "time": "2011-03-21T23:11:22.460000+00:00",
            "course": 219.27,
            "speed": 5.23,
            "depth": 17.96
          },
          {
            "time": "2011-03-21T23:11:30.460000+00:00",
            "course": 219.13,
            "speed": 5.21,
            "depth": 18.32
          },
          {
            "time": "2011-03-21T23:11:38.460000+00:00",
            "course": 219.12,
            "speed": 5.22,
            "depth": 18.32
          },
          {
            "time": "2011-03-21T23:11:46.450000+00:00",
            "course": 219.05,
            "speed": 5.19,
            "depth": 18.32
          },
          {
            "time": "2011-03-21T23:11:54.460000+00:00",
            "course": 218.9,
            "speed": 5.21,
            "depth": 18.32
          },
          {
            "time": "2011-03-21T23:12:02.460000+00:00",
            "course": 218.82,
            "speed": 5.19,
            "depth": 18.08
          },
          {
            "time": "2011-03-21T23:12:10.460000+00:00",
            "course": 218.78,
            "speed": 5.16,
            "depth": 17.84
          },
          {
            "time": "2011-03-21T23:12:18.460000+00:00",
            "course": 218.55,
            "speed": 5.23,
            "depth": 17.84
          },
          {
            "time": "2011-03-21T23:12:26.460000+00:00",
            "course": 218.45,
            "speed": 5.22,
            "depth": 17.72
          },
          {
            "time": "2011-03-21T23:12:34.470000+00:00",
            "course": 218.38,
            "speed": 5.18,
            "depth": 17.72
          },
          {
            "time": "2011-03-21T23:12:42.470000+00:00",
            "course": 218.3,
            "speed": 5.25,
            "depth": 17.72
          },
          {
            "time": "2011-03-21T23:12:50.470000+00:00",
            "course": 217.99,
            "speed": 5.23,
            "depth": 17.72
          },
          {
            "time": "2011-03-21T23:12:58.470000+00:00",
            "course": 218.06,
            "speed": 5.2,
            "depth": 17.96
          },
          {
            "time": "2011-03-21T23:13:06.470000+00:00",
            "course": 218.39,
            "speed": 5.25,
            "depth": 18.08
          },
          {
            "time": "2011-03-21T23:13:14.470000+00:00",
            "course": 218.69,
            "speed": 5.18,
            "depth": 18.32
          },
          {
            "time": "2011-03-21T23:13:22.470000+00:00",
            "course": 219.0,
            "speed": 5.23,
            "depth": 18.56
          },
          {
            "time": "2011-03-21T23:13:30.470000+00:00",
            "course": 219.34,
            "speed": 5.25,
            "depth": 18.56
          },
          {
            "time": "2011-03-21T23:13:38.470000+00:00",
            "course": 220.0,
            "speed": 5.26,
            "depth": 18.8
          },
          {
            "time": "2011-03-21T23:13:46.460000+00:00",
            "course": 220.55,
            "speed": 5.25,
            "depth": 18.8
          },
          {
            "time": "2011-03-21T23:13:54.460000+00:00",
            "course": 220.99,
            "speed": 5.28,
            "depth": 18.56
          },
          {
            "time": "2011-03-21T23:14:02.460000+00:00",
            "course": 221.37,
            "speed": 5.3,
            "depth": 18.08
          },
          {
            "time": "2011-03-21T23:14:10.460000+00:00",
            "course": 221.54,
            "speed": 5.31,
            "depth": 17.84
          },
          {
            "time": "2011-03-21T23:14:18.460000+00:00",
            "course": 221.53,
            "speed": 5.33,
            "depth": 17.72
          },
          {
            "time": "2011-03-21T23:14:26.460000+00:00",
            "course": 221.5,
            "speed": 5.3,
            "depth": 17.72
          },
          {
            "time": "2011-03-21T23:14:34.460000+00:00",
            "course": 221.29,
            "speed": 5.27,
            "depth": 17.6
          },
          {
            "time": "2011-03-21T23:14:42.460000+00:00",
            "course": 221.06,
            "speed": 5.25,
            "depth": 17.12
          },
          {
            "time": "2011-03-21T23:14:50.460000+00:00",
            "course": 220.51,
            "speed": 5.25,
            "depth": 17.0
          },
          {
            "time": "2011-03-21T23:14:58.460000+00:00",
            "course": 219.63,
            "speed": 5.23,
            "depth": 16.75
          },
          {
            "time": "2011-03-21T23:15:06.460000+00:00",
            "course": 218.77,
            "speed": 5.23,
            "depth": 16.64
          },
          {
            "time": "2011-03-21T23:15:14.460000+00:00",
            "course": 218.06,
            "speed": 5.19,
            "depth": 16.39
          },
          {
            "time": "2011-03-21T23:15:22.440000+00:00",
            "course": 217.32,
            "speed": 5.13,
            "depth": 16.27
          },
          {
            "time": "2011-03-21T23:15:30.440000+00:00",
            "course": 217.23,
            "speed": 5.17,
            "depth": 16.15
          },
          {
            "time": "2011-03-21T23:15:38.440000+00:00",
            "course": 217.14,
            "speed": 5.1,
            "depth": 16.15
          },
          {
            "time": "2011-03-21T23:15:46.440000+00:00",
            "course": 217.1,
            "speed": 5.13,
            "depth": 16.15
          },
          {
            "time": "2011-03-21T23:15:54.440000+00:00",
            "course": 217.44,
            "speed": 5.19,
            "depth": 16.03
          },
          {
            "time": "2011-03-21T23:16:02.440000+00:00",
            "course": 218.26,
            "speed": 5.16,
            "depth": 16.03
          },
          {
            "time": "2011-03-21T23:16:10.440000+00:00",
            "course": 219.02,
            "speed": 5.23,
            "depth": 16.03
          },
          {
            "time": "2011-03-21T23:16:18.440000+00:00",
            "course": 219.96,
            "speed": 5.21,
            "depth": 16.15
          },
          {
            "time": "2011-03-21T23:16:26.430000+00:00",
            "course": 220.98,
            "speed": 5.18,
            "depth": 16.39
          },
          {
            "time": "2011-03-21T23:16:34.430000+00:00",
            "course": 221.58,
            "speed": 5.21,
            "depth": 16.75
          },
          {
            "time": "2011-03-21T23:16:42.430000+00:00",
            "course": 221.96,
            "speed": 5.23,
            "depth": 16.75
          },
          {
            "time": "2011-03-21T23:16:50.430000+00:00",
            "course": 222.02,
            "speed": 5.23,
            "depth": 16.75
          },
          {
            "time": "2011-03-21T23:16:58.430000+00:00",
            "course": 221.92,
            "speed": 5.23,
            "depth": 16.75
          },
          {
            "time": "2011-03-21T23:17:06.430000+00:00",
            "course": 221.75,
            "speed": 5.23,
            "depth": 16.75
          },
          {
            "time": "2011-03-21T23:17:14.440000+00:00",
            "course": 221.14,
            "speed": 5.23,
            "depth": 16.64
          },
          {
            "time": "2011-03-21T23:17:22.440000+00:00",
            "course": 220.25,
            "speed": 5.22,
            "depth": 16.39
          },
          {
            "time": "2011-03-21T23:17:30.440000+00:00",
            "course": 219.77,
            "speed": 5.23,
            "depth": 16.39
          },
          {
            "time": "2011-03-21T23:17:38.440000+00:00",
            "course": 219.12,
            "speed": 5.19,
            "depth": 16.39
          },
          {
            "time": "2011-03-21T23:17:46.440000+00:00",
            "course": 218.41,
            "speed": 5.15,
            "depth": 16.39
          },
          {
            "time": "2011-03-21T23:17:54.440000+00:00",
            "course": 218.31,
            "speed": 5.22,
            "depth": 16.39
          },
          {
            "time": "2011-03-21T23:18:02.440000+00:00",
            "course": 218.24,
            "speed": 5.23,
            "depth": 16.39
          },
          {
            "time": "2011-03-21T23:18:10.440000+00:00",
            "course": 218.43,
            "speed": 5.23,
            "depth": 16.39
          },
          {
            "time": "2011-03-21T23:18:18.440000+00:00",
            "course": 219.02,
            "speed": 5.25,
            "depth": 16.52
          },
          {
            "time": "2011-03-21T23:18:26.430000+00:00",
            "course": 219.82,
            "speed": 5.31,
            "depth": 16.75
          },
          {
            "time": "2011-03-21T23:18:34.430000+00:00",
            "course": 220.29,
            "speed": 5.3,
            "depth": 17.0
          },
          {
            "time": "2011-03-21T23:18:42.430000+00:00",
            "course": 220.91,
            "speed": 5.32,
            "depth": 17.12
          },
          {
            "time": "2011-03-21T23:18:50.430000+00:00",
            "course": 221.64,
            "speed": 5.33,
            "depth": 17.36
          },
          {
            "time": "2011-03-21T23:18:58.430000+00:00",
            "course": 221.9,
            "speed": 5.33,
            "depth": 17.36
          },
          {
            "time": "2011-03-21T23:19:06.430000+00:00",
            "course": 221.81,
            "speed": 5.29,
            "depth": 17.24
          },
          {
            "time": "2011-03-21T23:19:14.430000+00:00",
            "course": 221.71,
            "speed": 5.33,
            "depth": 16.87
          },
          {
            "time": "2011-03-21T23:19:22.430000+00:00",
            "course": 221.32,
            "speed": 5.32,
            "depth": 16.39
          },
          {
            "time": "2011-03-21T23:19:30.430000+00:00",
            "course": 220.57,
            "speed": 5.25,
            "depth": 16.15
          },
          {
            "time": "2011-03-21T23:19:38.430000+00:00",
            "course": 219.69,
            "speed": 5.25,
            "depth": 16.15
          },
          {
            "time": "2011-03-21T23:19:46.430000+00:00",
            "course": 218.84,
            "speed": 5.26,
            "depth": 16.27
          },
          {
            "time": "2011-03-21T23:19:54.440000+00:00",
            "course": 218.41,
            "speed": 5.28,
            "depth": 16.52
          },
          {
            "time": "2011-03-21T23:20:02.440000+00:00",
            "course": 217.69,
            "speed": 5.25,
            "depth": 16.52
          },
          {
            "time": "2011-03-21T23:20:10.440000+00:00",
            "course": 217.42,
            "speed": 5.29,
            "depth": 16.52
          },
          {
            "time": "2011-03-21T23:20:18.440000+00:00",
            "course": 217.58,
            "speed": 5.31,
            "depth": 16.52
          },
          {
            "time": "2011-03-21T23:20:26.440000+00:00",
            "course": 217.85,
            "speed": 5.29,
            "depth": 16.52
          },
          {
            "time": "2011-03-21T23:20:34.440000+00:00",
            "course": 218.52,
            "speed": 5.35,
            "depth": 16.75
          },
          {
            "time": "2011-03-21T23:20:42.440000+00:00",
            "course": 219.3,
            "speed": 5.32,
            "depth": 16.87
          },
          {
            "time": "2011-03-21T23:20:50.440000+00:00",
            "course": 219.82,
            "speed": 5.33,
            "depth": 17.0
          },
          {
            "time": "2011-03-21T23:20:58.430000+00:00",
            "course": 220.67,
            "speed": 5.33,
            "depth": 17.0
          },
          {
            "time": "2011-03-21T23:21:06.430000+00:00",
            "course": 221.31,
            "speed": 5.31,
            "depth": 17.12
          },
          {
            "time": "2011-03-21T23:21:14.440000+00:00",
            "course": 221.59,
            "speed": 5.31,
            "depth": 17.0
          },
          {
            "time": "2011-03-21T23:21:22.440000+00:00",
            "course": 221.38,
            "speed": 5.27,
            "depth": 17.0
          },
          {
            "time": "2011-03-21T23:21:30.440000+00:00",
            "course": 221.02,
            "speed": 5.28,
            "depth": 17.0
          },
          {
            "time": "2011-03-21T23:21:38.440000+00:00",
            "course": 220.57,
            "speed": 5.31,
            "depth": 17.0
          },
          {
            "time": "2011-03-21T23:21:46.440000+00:00",
            "course": 219.95,
            "speed": 5.25,
            "depth": 17.0
          },
          {
            "time": "2011-03-21T23:21:54.440000+00:00",
            "course": 219.22,
            "speed": 5.22,
            "depth": 17.0
          },
          {
            "time": "2011-03-21T23:22:02.440000+00:00",
            "course": 219.03,
            "speed": 5.31,
            "depth": 17.0
          },
          {
            "time": "2011-03-21T23:22:10.440000+00:00",
            "course": 219.0,
            "speed": 5.32,
            "depth": 17.0
          },
          {
            "time": "2011-03-21T23:22:18.440000+00:00",
            "course": 218.74,
            "speed": 5.28,
            "depth": 17.0
          },
          {
            "time": "2011-03-21T23:22:26.440000+00:00",
            "course": 218.92,
            "speed": 5.31,
            "depth": 17.0
          },
          {
            "time": "2011-03-21T23:22:34.440000+00:00",
            "course": 219.07,
            "speed": 5.31,
            "depth": 17.12
          },
          {
            "time": "2011-03-21T23:22:42.440000+00:00",
            "course": 219.07,
            "speed": 5.31,
            "depth": 17.36
          },
          {
            "time": "2011-03-21T23:22:50.440000+00:00",
            "course": 219.22,
            "speed": 5.31,
            "depth": 17.48
          },
          {
            "time": "2011-03-21T23:22:58.430000+00:00",
            "course": 219.77,
            "speed": 5.3,
            "depth": 17.48
          },
          {
            "time": "2011-03-21T23:23:06.430000+00:00",
            "course": 220.52,
            "speed": 5.25,
            "depth": 17.48
          },
          {
            "time": "2011-03-21T23:23:14.440000+00:00",
            "course": 221.09,
            "speed": 5.28,
            "depth": 17.0
          },
          {
            "time": "2011-03-21T23:23:22.440000+00:00",
            "course": 221.53,
            "speed": 5.28,
            "depth": 16.64
          },
          {
            "time": "2011-03-21T23:23:30.440000+00:00",
            "course": 221.93,
            "speed": 5.25,
            "depth": 16.64
          },
          {
            "time": "2011-03-21T23:23:38.440000+00:00",
            "course": 221.81,
            "speed": 5.19,
            "depth": 16.64
          },
          {
            "time": "2011-03-21T23:23:46.440000+00:00",
            "course": 221.58,
            "speed": 5.22,
            "depth": 16.64
          },
          {
            "time": "2011-03-21T23:23:54.440000+00:00",
            "course": 221.07,
            "speed": 5.25,
            "depth": 16.87
          },
          {
            "time": "2011-03-21T23:24:02.440000+00:00",
            "course": 220.37,
            "speed": 5.25,
            "depth": 17.12
          },
          {
            "time": "2011-03-21T23:24:10.440000+00:00",
            "course": 219.72,
            "speed": 5.25,
            "depth": 17.12
          },
          {
            "time": "2011-03-21T23:24:18.440000+00:00",
            "course": 218.78,
            "speed": 5.2,
            "depth": 17.12
          },
          {
            "time": "2011-03-21T23:24:26.440000+00:00",
            "course": 217.93,
            "speed": 5.16,
            "depth": 17.36
          },
          {
            "time": "2011-03-21T23:24:34.450000+00:00",
            "course": 217.57,
            "speed": 5.23,
            "depth": 17.36
          },
          {
            "time": "2011-03-21T23:24:42.470000+00:00",
            "course": 217.27,
            "speed": 5.23,
            "depth": 17.12
          },
          {
            "time": "2011-03-21T23:24:50.470000+00:00",
            "course": 217.07,
            "speed": 5.22,
            "depth": 17.0
          },
          {
            "time": "2011-03-21T23:24:58.470000+00:00",
            "course": 217.16,
            "speed": 5.25,
            "depth": 17.0
          },
          {
            "time": "2011-03-21T23:25:06.470000+00:00",
            "course": 217.72,
            "speed": 5.23,
            "depth": 16.75
          },
          {
            "time": "2011-03-21T23:25:14.470000+00:00",
            "course": 218.27,
            "speed": 5.21,
            "depth": 16.64
          },
          {
            "time": "2011-03-21T23:25:22.470000+00:00",
            "course": 218.89,
            "speed": 5.2,
            "depth": 16.64
          },
          {
            "time": "2011-03-21T23:25:30.470000+00:00",
            "course": 219.39,
            "speed": 5.19,
            "depth": 16.64
          },
          {
            "time": "2011-03-21T23:25:38.470000+00:00",
            "course": 219.82,
            "speed": 5.22,
            "depth": 16.64
          },
          {
            "time": "2011-03-21T23:25:46.470000+00:00",
            "course": 220.17,
            "speed": 5.23,
            "depth": 16.64
          },
          {
            "time": "2011-03-21T23:25:54.470000+00:00",
            "course": 220.55,
            "speed": 5.25,
            "depth": 16.39
          },
          {
            "time": "2011-03-21T23:26:02.470000+00:00",
            "course": 220.8,
            "speed": 5.23,
            "depth": 16.39
          },
          {
            "time": "2011-03-21T23:26:10.460000+00:00",
            "course": 221.14,
            "speed": 5.2,
            "depth": 16.52
          },
          {
            "time": "2011-03-21T23:26:18.460000+00:00",
            "course": 221.28,
            "speed": 5.22,
            "depth": 16.64
          },
          {
            "time": "2011-03-21T23:26:26.460000+00:00",
            "course": 221.41,
            "speed": 5.23,
            "depth": 16.64
          },
          {
            "time": "2011-03-21T23:26:34.460000+00:00",
            "course": 221.26,
            "speed": 5.25,
            "depth": 16.64
          },
          {
            "time": "2011-03-21T23:26:42.460000+00:00",
            "course": 221.42,
            "speed": 5.28,
            "depth": 16.64
          },
          {
            "time": "2011-03-21T23:26:50.460000+00:00",
            "course": 221.21,
            "speed": 5.23,
            "depth": 16.64
          },
          {
            "time": "2011-03-21T23:26:58.460000+00:00",
            "course": 220.72,
            "speed": 5.22,
            "depth": 16.64
          },
          {
            "time": "2011-03-21T23:27:06.460000+00:00",
            "course": 220.84,
            "speed": 5.24,
            "depth": 16.87
          },
          {
            "time": "2011-03-21T23:27:14.470000+00:00",
            "course": 220.24,
            "speed": 5.16,
            "depth": 17.0
          },
          {
            "time": "2011-03-21T23:27:22.470000+00:00",
            "course": 219.73,
            "speed": 5.16,
            "depth": 17.12
          },
          {
            "time": "2011-03-21T23:27:30.470000+00:00",
            "course": 219.48,
            "speed": 5.25,
            "depth": 17.12
          },
          {
            "time": "2011-03-21T23:27:38.470000+00:00",
            "course": 218.88,
            "speed": 5.22,
            "depth": 17.12
          },
          {
            "time": "2011-03-21T23:27:46.470000+00:00",
            "course": 218.34,
            "speed": 5.22,
            "depth": 17.12
          },
          {
            "time": "2011-03-21T23:27:54.470000+00:00",
            "course": 218.24,
            "speed": 5.28,
            "depth": 17.12
          },
          {
            "time": "2011-03-21T23:28:02.470000+00:00",
            "course": 218.24,
            "speed": 5.24,
            "depth": 17.12
          },
          {
            "time": "2011-03-21T23:28:10.470000+00:00",
            "course": 218.18,
            "speed": 5.22,
            "depth": 17.12
          },
          {
            "time": "2011-03-21T23:28:18.470000+00:00",
            "course": 218.58,
            "speed": 5.28,
            "depth": 17.12
          },
          {
            "time": "2011-03-21T23:28:26.470000+00:00",
            "course": 219.04,
            "speed": 5.25,
            "depth": 17.0
          },
          {
            "time": "2011-03-21T23:28:34.480000+00:00",
            "course": 219.51,
            "speed": 5.23,
            "depth": 16.75
          },
          {
            "time": "2011-03-21T23:28:42.480000+00:00",
            "course": 220.18,
            "speed": 5.3,
            "depth": 16.75
          },
          {
            "time": "2011-03-21T23:28:50.480000+00:00",
            "course": 220.85,
            "speed": 5.29,
            "depth": 16.64
          },
          {
            "time": "2011-03-21T23:28:58.480000+00:00",
            "course": 221.0,
            "speed": 5.25,
            "depth": 16.64
          },
          {
            "time": "2011-03-21T23:29:06.470000+00:00",
            "course": 221.57,
            "speed": 5.3,
            "depth": 16.64
          },
          {
            "time": "2011-03-21T23:29:14.470000+00:00",
            "course": 221.8,
            "speed": 5.24,
            "depth": 16.64
          },
          {
            "time": "2011-03-21T23:29:22.470000+00:00",
            "course": 221.67,
            "speed": 5.23,
            "depth": 16.64
          },
          {
            "time": "2011-03-21T23:29:30.470000+00:00",
            "course": 221.53,
            "speed": 5.28,
            "depth": 16.64
          },
          {
            "time": "2011-03-21T23:29:38.470000+00:00",
            "course": 221.33,
            "speed": 5.22,
            "depth": 16.64
          },
          {
            "time": "2011-03-21T23:29:46.470000+00:00",
            "course": 220.75,
            "speed": 5.15,
            "depth": 16.39
          },
          {
            "time": "2011-03-21T23:29:54.470000+00:00",
            "course": 219.98,
            "speed": 5.15,
            "depth": 16.39
          },
          {
            "time": "2011-03-21T23:30:02.470000+00:00",
            "course": 219.03,
            "speed": 5.13,
            "depth": 16.39
          },
          {
            "time": "2011-03-21T23:30:10.470000+00:00",
            "course": 218.41,
            "speed": 5.19,
            "depth": 16.39
          },
          {
            "time": "2011-03-21T23:30:18.470000+00:00",
            "course": 218.03,
            "speed": 5.2,
            "depth": 16.52
          },
          {
            "time": "2011-03-21T23:30:26.470000+00:00",
            "course": 217.78,
            "speed": 5.19,
            "depth": 16.52
          },
          {
            "time": "2011-03-21T23:30:34.480000+00:00",
            "course": 217.83,
            "speed": 5.21,
            "depth": 16.75
          },
          {
            "time": "2011-03-21T23:30:42.480000+00:00",
            "course": 217.95,
            "speed": 5.23,
            "depth": 17.0
          },
          {
            "time": "2011-03-21T23:30:50.480000+00:00",
            "course": 218.47,
            "speed": 5.22,
            "depth": 17.12
          },
          {
            "time": "2011-03-21T23:30:58.480000+00:00",
            "course": 218.68,
            "speed": 5.19,
            "depth": 17.36
          },
          {
            "time": "2011-03-21T23:31:06.470000+00:00",
            "course": 219.06,
            "speed": 5.19,
            "depth": 17.48
          },
          {
            "time": "2011-03-21T23:31:14.470000+00:00",
            "course": 219.36,
            "speed": 5.2,
            "depth": 17.6
          },
          {
            "time": "2011-03-21T23:31:22.470000+00:00",
            "course": 219.66,
            "speed": 5.17,
            "depth": 17.6
          },
          {
            "time": "2011-03-21T23:31:30.470000+00:00",
            "course": 219.95,
            "speed": 5.23,
            "depth": 17.48
          },
          {
            "time": "2011-03-21T23:31:38.470000+00:00",
            "course": 220.24,
            "speed": 5.26,
            "depth": 17.36
          },
          {
            "time": "2011-03-21T23:31:46.470000+00:00",
            "course": 220.26,
            "speed": 5.22,
            "depth": 17.24
          },
          {
            "time": "2011-03-21T23:31:54.480000+00:00",
            "course": 220.06,
            "speed": 5.25,
            "depth": 17.24
          },
          {
            "time": "2011-03-21T23:32:02.480000+00:00",
            "course": 219.9,
            "speed": 5.25,
            "depth": 17.24
          },
          {
            "time": "2011-03-21T23:32:10.480000+00:00",
            "course": 219.73,
            "speed": 5.18,
            "depth": 17.48
          },
          {
            "time": "2011-03-21T23:32:18.480000+00:00",
            "course": 219.46,
            "speed": 5.19,
            "depth": 17.6
          },
          {
            "time": "2011-03-21T23:32:26.480000+00:00",
            "course": 219.07,
            "speed": 5.23,
            "depth": 17.6
          },
          {
            "time": "2011-03-21T23:32:34.490000+00:00",
            "course": 218.64,
            "speed": 5.23,
            "depth": 17.6
          },
          {
            "time": "2011-03-21T23:32:42.490000+00:00",
            "course": 218.25,
            "speed": 5.23,
            "depth": 17.6
          },
          {
            "time": "2011-03-21T23:32:50.490000+00:00",
            "course": 218.18,
            "speed": 5.25,
            "depth": 17.6
          },
          {
            "time": "2011-03-21T23:32:58.490000+00:00",
            "course": 218.34,
            "speed": 5.23,
            "depth": 17.6
          },
          {
            "time": "2011-03-21T23:33:06.480000+00:00",
            "course": 218.34,
            "speed": 5.25,
            "depth": 17.6
          },
          {
            "time": "2011-03-21T23:33:14.480000+00:00",
            "course": 218.3,
            "speed": 5.22,
            "depth": 17.48
          },
          {
            "time": "2011-03-21T23:33:22.480000+00:00",
            "course": 218.49,
            "speed": 5.25,
            "depth": 17.48
          },
          {
            "time": "2011-03-21T23:33:30.480000+00:00",
            "course": 218.78,
            "speed": 5.26,
            "depth": 17.36
          },
          {
            "time": "2011-03-21T23:33:38.480000+00:00",
            "course": 219.0,
            "speed": 5.22,
            "depth": 17.36
          },
          {
            "time": "2011-03-21T23:33:46.480000+00:00",
            "course": 219.46,
            "speed": 5.25,
            "depth": 17.36
          },
          {
            "time": "2011-03-21T23:33:54.480000+00:00",
            "course": 220.04,
            "speed": 5.28,
            "depth": 17.6
          },
          {
            "time": "2011-03-21T23:34:02.480000+00:00",
            "course": 220.6,
            "speed": 5.27,
            "depth": 17.72
          },
          {
            "time": "2011-03-21T23:34:10.480000+00:00",
            "course": 221.31,
            "speed": 5.29,
            "depth": 17.84
          },
          {
            "time": "2011-03-21T23:34:18.480000+00:00",
            "course": 221.43,
            "speed": 5.25,
            "depth": 17.96
          },
          {
            "time": "2011-03-21T23:34:26.480000+00:00",
            "course": 221.58,
            "speed": 5.25,
            "depth": 17.96
          },
          {
            "time": "2011-03-21T23:34:34.480000+00:00",
            "course": 221.77,
            "speed": 5.27,
            "depth": 17.96
          },
          {
            "time": "2011-03-21T23:34:42.480000+00:00",
            "course": 221.25,
            "speed": 5.24,
            "depth": 17.72
          },
          {
            "time": "2011-03-21T23:34:50.480000+00:00",
            "course": 220.79,
            "speed": 5.3,
            "depth": 17.72
          },
          {
            "time": "2011-03-21T23:34:58.480000+00:00",
            "course": 220.5,
            "speed": 5.3,
            "depth": 17.72
          },
          {
            "time": "2011-03-21T23:35:06.470000+00:00",
            "course": 220.05,
            "speed": 5.28,
            "depth": 17.72
          },
          {
            "time": "2011-03-21T23:35:14.480000+00:00",
            "course": 219.55,
            "speed": 5.22,
            "depth": 17.72
          },
          {
            "time": "2011-03-21T23:35:22.480000+00:00",
            "course": 219.3,
            "speed": 5.31,
            "depth": 17.72
          },
          {
            "time": "2011-03-21T23:35:30.480000+00:00",
            "course": 219.01,
            "speed": 5.31,
            "depth": 17.72
          },
          {
            "time": "2011-03-21T23:35:38.480000+00:00",
            "course": 218.89,
            "speed": 5.33,
            "depth": 17.6
          },
          {
            "time": "2011-03-21T23:35:46.480000+00:00",
            "course": 218.8,
            "speed": 5.35,
            "depth": 17.6
          },
          {
            "time": "2011-03-21T23:35:54.480000+00:00",
            "course": 218.68,
            "speed": 5.35,
            "depth": 17.36
          },
          {
            "time": "2011-03-21T23:36:02.480000+00:00",
            "course": 218.86,
            "speed": 5.35,
            "depth": 17.48
          },
          {
            "time": "2011-03-21T23:36:10.480000+00:00",
            "course": 218.86,
            "speed": 5.35,
            "depth": 17.6
          },
          {
            "time": "2011-03-21T23:36:18.480000+00:00",
            "course": 219.07,
            "speed": 5.35,
            "depth": 17.84
          },
          {
            "time": "2011-03-21T23:36:26.470000+00:00",
            "course": 219.44,
            "speed": 5.32,
            "depth": 17.84
          },
          {
            "time": "2011-03-21T23:36:34.470000+00:00",
            "course": 219.79,
            "speed": 5.35,
            "depth": 17.6
          },
          {
            "time": "2011-03-21T23:36:42.450000+00:00",
            "course": 220.06,
            "speed": 5.35,
            "depth": 17.36
          },
          {
            "time": "2011-03-21T23:36:50.450000+00:00",
            "course": 219.92,
            "speed": 5.3,
            "depth": 17.24
          },
          {
            "time": "2011-03-21T23:36:58.450000+00:00",
            "course": 220.0,
            "speed": 5.28,
            "depth": 17.12
          },
          {
            "time": "2011-03-21T23:37:06.450000+00:00",
            "course": 219.88,
            "speed": 5.31,
            "depth": 17.12
          },
          {
            "time": "2011-03-21T23:37:14.450000+00:00",
            "course": 219.53,
            "speed": 5.33,
            "depth": 17.12
          },
          {
            "time": "2011-03-21T23:37:22.450000+00:00",
            "course": 219.2,
            "speed": 5.33,
            "depth": 17.48
          },
          {
            "time": "2011-03-21T23:37:30.450000+00:00",
            "course": 218.93,
            "speed": 5.32,
            "depth": 17.72
          },
          {
            "time": "2011-03-21T23:37:38.450000+00:00",
            "course": 218.72,
            "speed": 5.31,
            "depth": 17.96
          },
          {
            "time": "2011-03-21T23:37:46.450000+00:00",
            "course": 218.4,
            "speed": 5.29,
            "depth": 18.08
          },
          {
            "time": "2011-03-21T23:37:54.460000+00:00",
            "course": 218.29,
            "speed": 5.32,
            "depth": 18.08
          },
          {
            "time": "2011-03-21T23:38:02.460000+00:00",
            "course": 218.48,
            "speed": 5.33,
            "depth": 17.84
          },
          {
            "time": "2011-03-21T23:38:10.460000+00:00",
            "course": 218.2,
            "speed": 5.28,
            "depth": 17.6
          },
          {
            "time": "2011-03-21T23:38:18.460000+00:00",
            "course": 218.06,
            "speed": 5.27,
            "depth": 17.6
          },
          {
            "time": "2011-03-21T23:38:26.460000+00:00",
            "course": 218.36,
            "speed": 5.33,
            "depth": 17.6
          },
          {
            "time": "2011-03-21T23:38:34.450000+00:00",
            "course": 218.42,
            "speed": 5.33,
            "depth": 17.84
          },
          {
            "time": "2011-03-21T23:38:42.450000+00:00",
            "course": 218.39,
            "speed": 5.37,
            "depth": 18.56
          },
          {
            "time": "2011-03-21T23:38:50.450000+00:00",
            "course": 218.76,
            "speed": 5.4,
            "depth": 20.13
          },
          {
            "time": "2011-03-21T23:38:58.450000+00:00",
            "course": 219.14,
            "speed": 5.4,
            "depth": 21.82
          },
          {
            "time": "2011-03-21T23:39:06.450000+00:00",
            "course": 219.28,
            "speed": 5.4,
            "depth": 23.51
          },
          {
            "time": "2011-03-21T23:39:14.450000+00:00",
            "course": 219.61,
            "speed": 5.47,
            "depth": 25.31
          },
          {
            "time": "2011-03-21T23:39:22.450000+00:00",
            "course": 219.71,
            "speed": 5.54,
            "depth": 27.12
          },
          {
            "time": "2011-03-21T23:39:30.450000+00:00",
            "course": 219.63,
            "speed": 5.61,
            "depth": 28.93
          },
          {
            "time": "2011-03-21T23:39:38.450000+00:00",
            "course": 219.65,
            "speed": 5.87,
            "depth": 31.22
          },
          {
            "time": "2011-03-21T23:39:46.450000+00:00",
            "course": 219.65,
            "speed": 6.14,
            "depth": 33.63
          },
          {
            "time": "2011-03-21T23:39:54.460000+00:00",
            "course": 219.55,
            "speed": 6.4,
            "depth": 36.16
          },
          {
            "time": "2011-03-21T23:40:02.460000+00:00",
            "course": 219.37,
            "speed": 6.64,
            "depth": 39.05
          },
          {
            "time": "2011-03-21T23:40:10.460000+00:00",
            "course": 219.05,
            "speed": 6.95,
            "depth": 42.07
          },
          {
            "time": "2011-03-21T23:40:18.460000+00:00",
            "course": 218.45,
            "speed": 7.15,
            "depth": 45.32
          },
          {
            "time": "2011-03-21T23:40:26.460000+00:00",
            "course": 217.8,
            "speed": 7.35,
            "depth": 48.34
          },
          {
            "time": "2011-03-21T23:40:34.480000+00:00",
            "course": 217.22,
            "speed": 7.49,
            "depth": 51.35
          },
          {
            "time": "2011-03-21T23:40:42.480000+00:00",
            "course": 216.75,
            "speed": 7.62,
            "depth": 54.0
          },
          {
            "time": "2011-03-21T23:40:50.480000+00:00",
            "course": 216.63,
            "speed": 7.72,
            "depth": 56.17
          },
          {
            "time": "2011-03-21T23:40:58.480000+00:00",
            "course": 216.74,
            "speed": 7.83,
            "depth": 57.74
          },
          {
            "time": "2011-03-21T23:41:06.480000+00:00",
            "course": 217.0,
            "speed": 7.93,
            "depth": 58.95
          },
          {
            "time": "2011-03-21T23:41:14.480000+00:00",
            "course": 217.49,
            "speed": 8.03,
            "depth": 60.15
          },
          {
            "time": "2011-03-21T23:41:22.480000+00:00",
            "course": 218.13,
            "speed": 8.1,
            "depth": 60.87
          },
          {
            "time": "2011-03-21T23:41:30.480000+00:00",
            "course": 218.89,
            "speed": 8.19,
            "depth": 60.87
          },
          {
            "time": "2011-03-21T23:41:38.480000+00:00",
            "course": 219.83,
            "speed": 8.29,
            "depth": 61.12
          },
          {
            "time": "2011-03-21T23:41:46.480000+00:00",
            "course": 220.63,
            "speed": 8.36,
            "depth": 61.12
          },
          {
            "time": "2011-03-21T23:41:54.480000+00:00",
            "course": 221.24,
            "speed": 8.41,
            "depth": 60.39
          },
          {
            "time": "2011-03-21T23:42:02.480000+00:00",
            "course": 221.46,
            "speed": 8.45,
            "depth": 59.91
          },
          {
            "time": "2011-03-21T23:42:10.480000+00:00",
            "course": 221.28,
            "speed": 8.55,
            "depth": 59.79
          },
          {
            "time": "2011-03-21T23:42:18.480000+00:00",
            "course": 220.7,
            "speed": 8.59,
            "depth": 59.79
          },
          {
            "time": "2011-03-21T23:42:26.480000+00:00",
            "course": 219.72,
            "speed": 8.59,
            "depth": 59.79
          },
          {
            "time": "2011-03-21T23:42:34.490000+00:00",
            "course": 218.77,
            "speed": 8.6,
            "depth": 59.79
          },
          {
            "time": "2011-03-21T23:42:42.490000+00:00",
            "course": 217.91,
            "speed": 8.64,
            "depth": 59.79
          },
          {
            "time": "2011-03-21T23:42:50.490000+00:00",
            "course": 217.92,
            "speed": 8.71,
            "depth": 59.91
          },
          {
            "time": "2011-03-21T23:42:58.490000+00:00",
            "course": 220.46,
            "speed": 8.73,
            "depth": 60.15
          },
          {
            "time": "2011-03-21T23:43:06.490000+00:00",
            "course": 225.04,
            "speed": 8.75,
            "depth": 60.27
          },
          {
            "time": "2011-03-21T23:43:14.490000+00:00",
            "course": 231.19,
            "speed": 8.75,
            "depth": 60.51
          },
          {
            "time": "2011-03-21T23:43:22.490000+00:00",
            "course": 238.36,
            "speed": 8.7,
            "depth": 60.75
          },
          {
            "time": "2011-03-21T23:43:30.490000+00:00",
            "course": 246.15,
            "speed": 8.63,
            "depth": 60.75
          },
          {
            "time": "2011-03-21T23:43:38.490000+00:00",
            "course": 254.22,
            "speed": 8.52,
            "depth": 60.51
          },
          {
            "time": "2011-03-21T23:43:46.490000+00:00",
            "course": 262.01,
            "speed": 8.41,
            "depth": 60.03
          },
          {
            "time": "2011-03-21T23:43:54.480000+00:00",
            "course": 267.24,
            "speed": 8.33,
            "depth": 59.91
          },
          {
            "time": "2011-03-21T23:44:02.480000+00:00",
            "course": 270.07,
            "speed": 8.31,
            "depth": 59.91
          },
          {
            "time": "2011-03-21T23:44:10.480000+00:00",
            "course": 271.14,
            "speed": 8.31,
            "depth": 60.27
          },
          {
            "time": "2011-03-21T23:44:18.480000+00:00",
            "course": 271.15,
            "speed": 8.36,
            "depth": 60.27
          },
          {
            "time": "2011-03-21T23:44:26.480000+00:00",
            "course": 270.6,
            "speed": 8.35,
            "depth": 60.27
          },
          {
            "time": "2011-03-21T23:44:34.480000+00:00",
            "course": 269.62,
            "speed": 8.26,
            "depth": 59.91
          },
          {
            "time": "2011-03-21T23:44:42.480000+00:00",
            "course": 268.74,
            "speed": 8.15,
            "depth": 59.79
          },
          {
            "time": "2011-03-21T23:44:50.480000+00:00",
            "course": 268.09,
            "speed": 8.0,
            "depth": 59.55
          },
          {
            "time": "2011-03-21T23:44:58.480000+00:00",
            "course": 267.6,
            "speed": 7.8,
            "depth": 59.19
          },
          {
            "time": "2011-03-21T23:45:06.480000+00:00",
            "course": 267.29,
            "speed": 7.59,
            "depth": 58.95
          },
          {
            "time": "2011-03-21T23:45:14.490000+00:00",
            "course": 267.19,
            "speed": 7.37,
            "depth": 58.95
          },
          {
            "time": "2011-03-21T23:45:22.490000+00:00",
            "course": 267.26,
            "speed": 7.17,
            "depth": 58.95
          },
          {
            "time": "2011-03-21T23:45:30.490000+00:00",
            "course": 267.52,
            "speed": 6.96,
            "depth": 59.07
          },
          {
            "time": "2011-03-21T23:45:38.490000+00:00",
            "course": 267.99,
            "speed": 6.77,
            "depth": 59.07
          },
          {
            "time": "2011-03-21T23:45:46.490000+00:00",
            "course": 268.58,
            "speed": 6.61,
            "depth": 59.07
          },
          {
            "time": "2011-03-21T23:45:54.480000+00:00",
            "course": 269.29,
            "speed": 6.42,
            "depth": 59.19
          },
          {
            "time": "2011-03-21T23:46:02.480000+00:00",
            "course": 270.08,
            "speed": 6.25,
            "depth": 59.43
          },
          {
            "time": "2011-03-21T23:46:10.480000+00:00",
            "course": 270.87,
            "speed": 6.09,
            "depth": 59.43
          },
          {
            "time": "2011-03-21T23:46:18.480000+00:00",
            "course": 271.63,
            "speed": 5.95,
            "depth": 59.43
          },
          {
            "time": "2011-03-21T23:46:26.480000+00:00",
            "course": 272.31,
            "speed": 5.8,
            "depth": 59.43
          },
          {
            "time": "2011-03-21T23:46:34.490000+00:00",
            "course": 272.81,
            "speed": 5.66,
            "depth": 59.67
          },
          {
            "time": "2011-03-21T23:46:42.490000+00:00",
            "course": 273.19,
            "speed": 5.56,
            "depth": 59.79
          },
          {
            "time": "2011-03-21T23:46:50.490000+00:00",
            "course": 273.43,
            "speed": 5.47,
            "depth": 59.79
          },
          {
            "time": "2011-03-21T23:46:58.490000+00:00",
            "course": 273.49,
            "speed": 5.41,
            "depth": 59.79
          },
          {
            "time": "2011-03-21T23:47:06.490000+00:00",
            "course": 273.44,
            "speed": 5.39,
            "depth": 59.91
          },
          {
            "time": "2011-03-21T23:47:14.490000+00:00",
            "course": 273.19,
            "speed": 5.37,
            "depth": 59.91
          },
          {
            "time": "2011-03-21T23:47:22.490000+00:00",
            "course": 272.73,
            "speed": 5.32,
            "depth": 59.91
          },
          {
            "time": "2011-03-21T23:47:30.490000+00:00",
            "course": 272.09,
            "speed": 5.25,
            "depth": 59.91
          },
          {
            "time": "2011-03-21T23:47:38.490000+00:00",
            "course": 271.26,
            "speed": 5.14,
            "depth": 59.91
          },
          {
            "time": "2011-03-21T23:47:46.490000+00:00",
            "course": 270.29,
            "speed": 5.04,
            "depth": 59.91
          },
          {
            "time": "2011-03-21T23:47:54.480000+00:00",
            "course": 269.28,
            "speed": 4.92,
            "depth": 59.79
          },
          {
            "time": "2011-03-21T23:48:02.480000+00:00",
            "course": 268.32,
            "speed": 4.87,
            "depth": 59.79
          },
          {
            "time": "2011-03-21T23:48:10.480000+00:00",
            "course": 267.46,
            "speed": 4.78,
            "depth": 59.79
          },
          {
            "time": "2011-03-21T23:48:18.480000+00:00",
            "course": 266.7,
            "speed": 4.69,
            "depth": 59.79
          },
          {
            "time": "2011-03-21T23:48:26.480000+00:00",
            "course": 266.12,
            "speed": 4.59,
            "depth": 59.79
          },
          {
            "time": "2011-03-21T23:48:34.490000+00:00",
            "course": 265.77,
            "speed": 4.54,
            "depth": 59.79
          },
          {
            "time": "2011-03-21T23:48:42.490000+00:00",
            "course": 265.57,
            "speed": 4.46,
            "depth": 59.79
          },
          {
            "time": "2011-03-21T23:48:50.490000+00:00",
            "course": 265.52,
            "speed": 4.37,
            "depth": 59.79
          },
          {
            "time": "2011-03-21T23:48:58.490000+00:00",
            "course": 265.63,
            "speed": 4.29,
            "depth": 59.79
          },
          {
            "time": "2011-03-21T23:49:06.490000+00:00",
            "course": 265.87,
            "speed": 4.22,
            "depth": 59.79
          },
          {
            "time": "2011-03-21T23:49:14.490000+00:00",
            "course": 266.24,
            "speed": 4.17,
            "depth": 59.79
          },
          {
            "time": "2011-03-21T23:49:22.490000+00:00",
            "course": 266.76,
            "speed": 4.12,
            "depth": 59.79
          },
          {
            "time": "2011-03-21T23:49:30.490000+00:00",
            "course": 267.42,
            "speed": 4.06,
            "depth": 59.79
          },
          {
            "time": "2011-03-21T23:49:38.490000+00:00",
            "course": 268.18,
            "speed": 4.0,
            "depth": 59.79
          },
          {
            "time": "2011-03-21T23:49:46.490000+00:00",
            "course": 269.02,
            "speed": 3.96,
            "depth": 60.03
          },
          {
            "time": "2011-03-21T23:49:54.490000+00:00",
            "course": 269.89,
            "speed": 3.89,
            "depth": 60.03
          },
          {
            "time": "2011-03-21T23:50:02.490000+00:00",
            "course": 270.74,
            "speed": 3.84,
            "depth": 60.03
          },
          {
            "time": "2011-03-21T23:50:10.490000+00:00",
            "course": 271.56,
            "speed": 3.82,
            "depth": 60.03
          },
          {
            "time": "2011-03-21T23:50:18.490000+00:00",
            "course": 272.32,
            "speed": 3.77,
            "depth": 60.03
          },
          {
            "time": "2011-03-21T23:50:26.490000+00:00",
            "course": 273.04,
            "speed": 3.73,
            "depth": 60.03
          },
          {
            "time": "2011-03-21T23:50:34.500000+00:00",
            "course": 273.64,
            "speed": 3.68,
            "depth": 60.03
          },
          {
            "time": "2011-03-21T23:50:42.500000+00:00",
            "course": 274.14,
            "speed": 3.64,
            "depth": 60.03
          },
          {
            "time": "2011-03-21T23:50:50.500000+00:00",
            "course": 274.54,
            "speed": 3.61,
            "depth": 60.03
          },
          {
            "time": "2011-03-21T23:50:58.500000+00:00",
            "course": 274.8,
            "speed": 3.57,
            "depth": 60.03
          },
          {
            "time": "2011-03-21T23:51:06.500000+00:00",
            "course": 274.93,
            "speed": 3.52,
            "depth": 60.27
          },
          {
            "time": "2011-03-21T23:51:14.490000+00:00",
            "course": 274.97,
            "speed": 3.49,
            "depth": 60.75
          },
          {
            "time": "2011-03-21T23:51:22.490000+00:00",
            "course": 274.9,
            "speed": 3.45,
            "depth": 61.24
          },
          {
            "time": "2011-03-21T23:51:30.490000+00:00",
            "course": 274.72,
            "speed": 3.4,
            "depth": 61.84
          },
          {
            "time": "2011-03-21T23:51:38.490000+00:00",
            "course": 274.39,
            "speed": 3.38,
            "depth": 62.32
          },
          {
            "time": "2011-03-21T23:51:46.490000+00:00",
            "course": 273.96,
            "speed": 3.36,
            "depth": 62.68
          },
          {
            "time": "2011-03-21T23:51:54.500000+00:00",
            "course": 273.44,
            "speed": 3.36,
            "depth": 63.04
          },
          {
            "time": "2011-03-21T23:52:02.500000+00:00",
            "course": 272.77,
            "speed": 3.33,
            "depth": 63.29
          },
          {
            "time": "2011-03-21T23:52:10.500000+00:00",
            "course": 272.01,
            "speed": 3.28,
            "depth": 63.41
          },
          {
            "time": "2011-03-21T23:52:18.500000+00:00",
            "course": 271.16,
            "speed": 3.24,
            "depth": 63.65
          },
          {
            "time": "2011-03-21T23:52:26.500000+00:00",
            "course": 270.28,
            "speed": 3.23,
            "depth": 63.65
          },
          {
            "time": "2011-03-21T23:52:34.500000+00:00",
            "course": 269.4,
            "speed": 3.19,
            "depth": 63.89
          },
          {
            "time": "2011-03-21T23:52:42.500000+00:00",
            "course": 268.53,
            "speed": 3.19,
            "depth": 63.89
          },
          {
            "time": "2011-03-21T23:52:50.500000+00:00",
            "course": 267.76,
            "speed": 3.2,
            "depth": 63.89
          },
          {
            "time": "2011-03-21T23:52:58.500000+00:00",
            "course": 267.09,
            "speed": 3.32,
            "depth": 64.01
          },
          {
            "time": "2011-03-21T23:53:06.500000+00:00",
            "course": 266.54,
            "speed": 3.44,
            "depth": 64.13
          },
          {
            "time": "2011-03-21T23:53:14.490000+00:00",
            "course": 266.11,
            "speed": 3.54,
            "depth": 64.25
          },
          {
            "time": "2011-03-21T23:53:22.490000+00:00",
            "course": 265.8,
            "speed": 3.67,
            "depth": 64.49
          },
          {
            "time": "2011-03-21T23:53:30.490000+00:00",
            "course": 265.67,
            "speed": 3.82,
            "depth": 64.85
          },
          {
            "time": "2011-03-21T23:53:38.490000+00:00",
            "course": 265.64,
            "speed": 3.97,
            "depth": 65.21
          },
          {
            "time": "2011-03-21T23:53:46.490000+00:00",
            "course": 265.74,
            "speed": 4.13,
            "depth": 65.57
          },
          {
            "time": "2011-03-21T23:53:54.500000+00:00",
            "course": 266.03,
            "speed": 4.27,
            "depth": 66.06
          },
          {
            "time": "2011-03-21T23:54:02.500000+00:00",
            "course": 266.43,
            "speed": 4.42,
            "depth": 66.66
          },
          {
            "time": "2011-03-21T23:54:10.500000+00:00",
            "course": 266.98,
            "speed": 4.56,
            "depth": 67.27
          },
          {
            "time": "2011-03-21T23:54:18.500000+00:00",
            "course": 267.69,
            "speed": 4.7,
            "depth": 67.75
          },
          {
            "time": "2011-03-21T23:54:26.500000+00:00",
            "course": 268.49,
            "speed": 4.82,
            "depth": 68.59
          },
          {
            "time": "2011-03-21T23:54:34.500000+00:00",
            "course": 269.35,
            "speed": 4.92,
            "depth": 69.31
          },
          {
            "time": "2011-03-21T23:54:42.500000+00:00",
            "course": 270.19,
            "speed": 5.04,
            "depth": 70.04
          },
          {
            "time": "2011-03-21T23:54:50.500000+00:00",
            "course": 271.01,
            "speed": 5.16,
            "depth": 70.88
          },
          {
            "time": "2011-03-21T23:54:58.500000+00:00",
            "course": 271.69,
            "speed": 5.23,
            "depth": 71.6
          },
          {
            "time": "2011-03-21T23:55:06.500000+00:00",
            "course": 272.24,
            "speed": 5.3,
            "depth": 72.45
          },
          {
            "time": "2011-03-21T23:55:14.500000+00:00",
            "course": 272.68,
            "speed": 5.35,
            "depth": 73.53
          },
          {
            "time": "2011-03-21T23:55:22.500000+00:00",
            "course": 272.96,
            "speed": 5.36,
            "depth": 74.62
          },
          {
            "time": "2011-03-21T23:55:30.500000+00:00",
            "course": 273.11,
            "speed": 5.38,
            "depth": 75.7
          },
          {
            "time": "2011-03-21T23:55:38.500000+00:00",
            "course": 273.11,
            "speed": 5.4,
            "depth": 76.91
          },
          {
            "time": "2011-03-21T23:55:46.500000+00:00",
            "course": 272.94,
            "speed": 5.4,
            "depth": 77.99
          },
          {
            "time": "2011-03-21T23:55:54.500000+00:00",
            "course": 272.62,
            "speed": 5.43,
            "depth": 79.08
          },
          {
            "time": "2011-03-21T23:56:02.500000+00:00",
            "course": 272.12,
            "speed": 5.47,
            "depth": 80.4
          },
          {
            "time": "2011-03-21T23:56:10.500000+00:00",
            "course": 271.46,
            "speed": 5.53,
            "depth": 81.49
          },
          {
            "time": "2011-03-21T23:56:18.500000+00:00",
            "course": 270.64,
            "speed": 5.59,
            "depth": 82.45
          },
          {
            "time": "2011-03-21T23:56:26.500000+00:00",
            "course": 269.76,
            "speed": 5.63,
            "depth": 83.05
          },
          {
            "time": "2011-03-21T23:56:34.500000+00:00",
            "course": 268.9,
            "speed": 5.7,
            "depth": 83.54
          },
          {
            "time": "2011-03-21T23:56:42.500000+00:00",
            "course": 268.11,
            "speed": 5.76,
            "depth": 84.26
          },
          {
            "time": "2011-03-21T23:56:50.500000+00:00",
            "course": 267.54,
            "speed": 5.79,
            "depth": 84.74
          },
          {
            "time": "2011-03-21T23:56:58.500000+00:00",
            "course": 267.21,
            "speed": 5.84,
            "depth": 85.23
          },
          {
            "time": "2011-03-21T23:57:06.500000+00:00",
            "course": 267.17,
            "speed": 5.88,
            "depth": 85.46
          },
          {
            "time": "2011-03-21T23:57:14.500000+00:00",
            "course": 267.36,
            "speed": 5.93,
            "depth": 85.46
          },
          {
            "time": "2011-03-21T23:57:22.500000+00:00",
            "course": 267.71,
            "speed": 5.91,
            "depth": 85.34
          },
          {
            "time": "2011-03-21T23:57:30.500000+00:00",
            "course": 268.19,
            "speed": 5.84,
            "depth": 85.23
          },
          {
            "time": "2011-03-21T23:57:38.500000+00:00",
            "course": 268.82,
            "speed": 5.75,
            "depth": 85.23
          },
          {
            "time": "2011-03-21T23:57:46.490000+00:00",
            "course": 269.53,
            "speed": 5.65,
            "depth": 85.23
          },
          {
            "time": "2011-03-21T23:57:54.500000+00:00",
            "course": 270.27,
            "speed": 5.57,
            "depth": 85.11
          },
          {
            "time": "2011-03-21T23:58:02.500000+00:00",
            "course": 270.96,
            "speed": 5.49,
            "depth": 84.86
          },
          {
            "time": "2011-03-21T23:58:10.500000+00:00",
            "course": 271.54,
            "speed": 5.44,
            "depth": 84.86
          },
          {
            "time": "2011-03-21T23:58:18.500000+00:00",
            "course": 271.98,
            "speed": 5.41,
            "depth": 84.86
          },
          {
            "time": "2011-03-21T23:58:26.500000+00:00",
            "course": 272.3,
            "speed": 5.38,
            "depth": 84.86
          },
          {
            "time": "2011-03-21T23:58:34.500000+00:00",
            "course": 272.5,
            "speed": 5.35,
            "depth": 84.86
          },
          {
            "time": "2011-03-21T23:58:42.500000+00:00",
            "course": 272.57,
            "speed": 5.27,
            "depth": 84.62
          },
          {
            "time": "2011-03-21T23:58:50.500000+00:00",
            "course": 272.49,
            "speed": 5.19,
            "depth": 84.5
          },
          {
            "time": "2011-03-21T23:58:58.500000+00:00",
            "course": 272.3,
            "speed": 5.07,
            "depth": 84.5
          },
          {
            "time": "2011-03-21T23:59:06.500000+00:00",
            "course": 272.01,
            "speed": 4.97,
            "depth": 84.5
          },
          {
            "time": "2011-03-21T23:59:14.500000+00:00",
            "course": 271.65,
            "speed": 4.88,
            "depth": 84.5
          },
          {
            "time": "2011-03-21T23:59:22.500000+00:00",
            "course": 271.19,
            "speed": 4.81,
            "depth": 84.38
          },
          {
            "time": "2011-03-21T23:59:30.500000+00:00",
            "course": 270.64,
            "speed": 4.71,
            "depth": 84.38
          },
          {
            "time": "2011-03-21T23:59:38.500000+00:00",
            "course": 270.04,
            "speed": 4.59,
            "depth": 84.38
          },
          {
            "time": "2011-03-21T23:59:46.500000+00:00",
            "course": 269.41,
            "speed": 4.52,
            "depth": 84.38
          },
          {
            "time": "2011-03-21T23:59:54.500000+00:00",
            "course": 268.81,
            "speed": 4.45,
            "depth": 84.38
          },
          {
            "time": "2011-03-22T00:00:02.500000+00:00",
            "course": 268.28,
            "speed": 4.38,
            "depth": 84.38
          },
          {
            "time": "2011-03-22T00:00:10.500000+00:00",
            "course": 267.78,
            "speed": 4.31,
            "depth": 84.38
          },
          {
            "time": "2011-03-22T00:00:18.500000+00:00",
            "course": 267.37,
            "speed": 4.24,
            "depth": 84.14
          },
          {
            "time": "2011-03-22T00:00:26.500000+00:00",
            "course": 267.04,
            "speed": 4.18,
            "depth": 84.14
          },
          {
            "time": "2011-03-22T00:00:34.500000+00:00",
            "course": 266.82,
            "speed": 4.12,
            "depth": 84.14
          },
          {
            "time": "2011-03-22T00:00:42.500000+00:00",
            "course": 266.7,
            "speed": 4.04,
            "depth": 84.14
          },
          {
            "time": "2011-03-22T00:00:50.500000+00:00",
            "course": 266.7,
            "speed": 3.98,
            "depth": 84.14
          },
          {
            "time": "2011-03-22T00:00:58.500000+00:00",
            "course": 266.79,
            "speed": 3.92,
            "depth": 84.26
          },
          {
            "time": "2011-03-22T00:01:06.500000+00:00",
            "course": 266.97,
            "speed": 3.86,
            "depth": 84.5
          },
          {
            "time": "2011-03-22T00:01:14.510000+00:00",
            "course": 267.26,
            "speed": 3.83,
            "depth": 84.62
          },
          {
            "time": "2011-03-22T00:01:22.510000+00:00",
            "course": 267.62,
            "speed": 3.78,
            "depth": 84.62
          },
          {
            "time": "2011-03-22T00:01:30.510000+00:00",
            "course": 268.05,
            "speed": 3.73,
            "depth": 84.62
          },
          {
            "time": "2011-03-22T00:01:38.510000+00:00",
            "course": 268.56,
            "speed": 3.7,
            "depth": 84.62
          },
          {
            "time": "2011-03-22T00:01:46.510000+00:00",
            "course": 269.13,
            "speed": 3.66,
            "depth": 84.62
          },
          {
            "time": "2011-03-22T00:01:54.500000+00:00",
            "course": 269.73,
            "speed": 3.63,
            "depth": 84.62
          },
          {
            "time": "2011-03-22T00:02:02.500000+00:00",
            "course": 270.34,
            "speed": 3.61,
            "depth": 84.62
          },
          {
            "time": "2011-03-22T00:02:10.500000+00:00",
            "course": 270.98,
            "speed": 3.58,
            "depth": 84.62
          },
          {
            "time": "2011-03-22T00:02:18.500000+00:00",
            "course": 271.6,
            "speed": 3.56,
            "depth": 84.62
          },
          {
            "time": "2011-03-22T00:02:26.500000+00:00",
            "course": 272.16,
            "speed": 3.52,
            "depth": 84.62
          },
          {
            "time": "2011-03-22T00:02:34.510000+00:00",
            "course": 272.65,
            "speed": 3.49,
            "depth": 84.86
          },
          {
            "time": "2011-03-22T00:02:42.510000+00:00",
            "course": 273.07,
            "speed": 3.49,
            "depth": 84.86
          },
          {
            "time": "2011-03-22T00:02:50.510000+00:00",
            "course": 273.42,
            "speed": 3.47,
            "depth": 84.86
          },
          {
            "time": "2011-03-22T00:02:58.510000+00:00",
            "course": 273.67,
            "speed": 3.45,
            "depth": 84.86
          },
          {
            "time": "2011-03-22T00:03:06.510000+00:00",
            "course": 273.86,
            "speed": 3.42,
            "depth": 84.98
          },
          {
            "time": "2011-03-22T00:03:14.510000+00:00",
            "course": 273.98,
            "speed": 3.4,
            "depth": 84.98
          },
          {
            "time": "2011-03-22T00:03:22.510000+00:00",
            "course": 274.0,
            "speed": 3.38,
            "depth": 84.98
          },
          {
            "time": "2011-03-22T00:03:30.510000+00:00",
            "course": 273.96,
            "speed": 3.35,
            "depth": 84.98
          },
          {
            "time": "2011-03-22T00:03:38.510000+00:00",
            "course": 273.83,
            "speed": 3.33,
            "depth": 84.98
          },
          {
            "time": "2011-03-22T00:03:46.510000+00:00",
            "course": 273.64,
            "speed": 3.29,
            "depth": 84.98
          },
          {
            "time": "2011-03-22T00:03:54.500000+00:00",
            "course": 273.37,
            "speed": 3.27,
            "depth": 84.98
          },
          {
            "time": "2011-03-22T00:04:02.500000+00:00",
            "course": 273.03,
            "speed": 3.23,
            "depth": 84.98
          },
          {
            "time": "2011-03-22T00:04:10.500000+00:00",
            "course": 272.61,
            "speed": 3.23,
            "depth": 84.98
          },
          {
            "time": "2011-03-22T00:04:18.500000+00:00",
            "course": 272.11,
            "speed": 3.21,
            "depth": 84.98
          },
          {
            "time": "2011-03-22T00:04:26.500000+00:00",
            "course": 271.55,
            "speed": 3.21,
            "depth": 84.98
          },
          {
            "time": "2011-03-22T00:04:34.500000+00:00",
            "course": 270.93,
            "speed": 3.19,
            "depth": 84.98
          },
          {
            "time": "2011-03-22T00:04:42.500000+00:00",
            "course": 270.26,
            "speed": 3.19,
            "depth": 84.98
          },
          {
            "time": "2011-03-22T00:04:50.500000+00:00",
            "course": 269.58,
            "speed": 3.14,
            "depth": 84.98
          },
          {
            "time": "2011-03-22T00:04:58.500000+00:00",
            "course": 268.91,
            "speed": 3.14,
            "depth": 84.98
          },
          {
            "time": "2011-03-22T00:05:06.500000+00:00",
            "course": 268.25,
            "speed": 3.12,
            "depth": 84.98
          },
          {
            "time": "2011-03-22T00:05:14.510000+00:00",
            "course": 267.64,
            "speed": 3.12,
            "depth": 84.98
          },
          {
            "time": "2011-03-22T00:05:22.510000+00:00",
            "course": 267.06,
            "speed": 3.1,
            "depth": 84.98
          },
          {
            "time": "2011-03-22T00:05:30.510000+00:00",
            "course": 266.53,
            "speed": 3.08,
            "depth": 84.98
          },
          {
            "time": "2011-03-22T00:05:38.510000+00:00",
            "course": 266.11,
            "speed": 3.08,
            "depth": 84.98
          },
          {
            "time": "2011-03-22T00:05:46.510000+00:00",
            "course": 265.72,
            "speed": 3.07,
            "depth": 84.98
          },
          {
            "time": "2011-03-22T00:05:54.500000+00:00",
            "course": 265.4,
            "speed": 3.05,
            "depth": 84.98
          },
          {
            "time": "2011-03-22T00:06:02.500000+00:00",
            "course": 265.19,
            "speed": 3.03,
            "depth": 84.98
          },
          {
            "time": "2011-03-22T00:06:10.500000+00:00",
            "course": 265.07,
            "speed": 3.02,
            "depth": 84.98
          },
          {
            "time": "2011-03-22T00:06:18.510000+00:00",
            "course": 265.08,
            "speed": 3.0,
            "depth": 84.98
          },
          {
            "time": "2011-03-22T00:06:26.500000+00:00",
            "course": 265.28,
            "speed": 3.0,
            "depth": 84.98
          },
          {
            "time": "2011-03-22T00:06:34.510000+00:00",
            "course": 265.61,
            "speed": 2.98,
            "depth": 84.98
          },
          {
            "time": "2011-03-22T00:06:42.510000+00:00",
            "course": 266.06,
            "speed": 2.98,
            "depth": 84.98
          },
          {
            "time": "2011-03-22T00:06:50.510000+00:00",
            "course": 266.62,
            "speed": 2.95,
            "depth": 84.98
          },
          {
            "time": "2011-03-22T00:06:58.510000+00:00",
            "course": 267.28,
            "speed": 2.95,
            "depth": 84.98
          },
          {
            "time": "2011-03-22T00:07:06.510000+00:00",
            "course": 268.02,
            "speed": 2.93,
            "depth": 84.98
          },
          {
            "time": "2011-03-22T00:07:14.510000+00:00",
            "course": 268.76,
            "speed": 2.93,
            "depth": 84.98
          },
          {
            "time": "2011-03-22T00:07:22.510000+00:00",
            "course": 269.49,
            "speed": 2.93,
            "depth": 84.98
          },
          {
            "time": "2011-03-22T00:07:30.510000+00:00",
            "course": 270.18,
            "speed": 2.91,
            "depth": 84.98
          },
          {
            "time": "2011-03-22T00:07:38.510000+00:00",
            "course": 270.71,
            "speed": 2.89,
            "depth": 84.98
          },
          {
            "time": "2011-03-22T00:07:46.510000+00:00",
            "course": 271.06,
            "speed": 2.89,
            "depth": 84.98
          },
          {
            "time": "2011-03-22T00:07:54.510000+00:00",
            "course": 271.29,
            "speed": 2.88,
            "depth": 84.98
          },
          {
            "time": "2011-03-22T00:08:02.510000+00:00",
            "course": 271.38,
            "speed": 2.86,
            "depth": 84.98
          },
          {
            "time": "2011-03-22T00:08:10.510000+00:00",
            "course": 271.4,
            "speed": 2.84,
            "depth": 84.98
          },
          {
            "time": "2011-03-22T00:08:18.500000+00:00",
            "course": 271.32,
            "speed": 2.84,
            "depth": 84.98
          },
          {
            "time": "2011-03-22T00:08:26.500000+00:00",
            "course": 271.16,
            "speed": 2.84,
            "depth": 84.98
          },
          {
            "time": "2011-03-22T00:08:34.510000+00:00",
            "course": 270.92,
            "speed": 2.84,
            "depth": 84.98
          },
          {
            "time": "2011-03-22T00:08:42.510000+00:00",
            "course": 270.59,
            "speed": 2.84,
            "depth": 84.98
          },
          {
            "time": "2011-03-22T00:08:50.510000+00:00",
            "course": 270.24,
            "speed": 2.83,
            "depth": 84.98
          },
          {
            "time": "2011-03-22T00:08:58.510000+00:00",
            "course": 269.9,
            "speed": 2.82,
            "depth": 84.98
          },
          {
            "time": "2011-03-22T00:09:06.510000+00:00",
            "course": 269.59,
            "speed": 2.82,
            "depth": 84.98
          },
          {
            "time": "2011-03-22T00:09:14.510000+00:00",
            "course": 269.35,
            "speed": 2.79,
            "depth": 84.98
          },
          {
            "time": "2011-03-22T00:09:22.510000+00:00",
            "course": 269.18,
            "speed": 2.79,
            "depth": 84.98
          },
          {
            "time": "2011-03-22T00:09:30.510000+00:00",
            "course": 269.0,
            "speed": 2.79,
            "depth": 84.98
          },
          {
            "time": "2011-03-22T00:09:38.510000+00:00",
            "course": 268.88,
            "speed": 2.79,
            "depth": 84.98
          },
          {
            "time": "2011-03-22T00:09:46.510000+00:00",
            "course": 268.81,
            "speed": 2.79,
            "depth": 84.98
          },
          {
            "time": "2011-03-22T00:09:54.510000+00:00",
            "course": 268.84,
            "speed": 2.79,
            "depth": 84.98
          },
          {
            "time": "2011-03-22T00:10:02.510000+00:00",
            "course": 268.9,
            "speed": 2.79,
            "depth": 84.98
          },
          {
            "time": "2011-03-22T00:10:10.510000+00:00",
            "course": 269.02,
            "speed": 2.79,
            "depth": 84.98
          },
          {
            "time": "2011-03-22T00:10:18.510000+00:00",
            "course": 269.21,
            "speed": 2.79,
            "depth": 84.98
          },
          {
            "time": "2011-03-22T00:10:26.510000+00:00",
            "course": 269.43,
            "speed": 2.77,
            "depth": 84.98
          },
          {
            "time": "2011-03-22T00:10:34.510000+00:00",
            "course": 269.68,
            "speed": 2.77,
            "depth": 84.98
          },
          {
            "time": "2011-03-22T00:10:42.510000+00:00",
            "course": 269.96,
            "speed": 2.77,
            "depth": 84.98
          },
          {
            "time": "2011-03-22T00:10:50.510000+00:00",
            "course": 270.27,
            "speed": 2.77,
            "depth": 84.98
          },
          {
            "time": "2011-03-22T00:10:58.510000+00:00",
            "course": 270.57,
            "speed": 2.77,
            "depth": 84.98
          },
          {
            "time": "2011-03-22T00:11:06.510000+00:00",
            "course": 270.81,
            "speed": 2.77,
            "depth": 84.98
          },
          {
            "time": "2011-03-22T00:11:14.520000+00:00",
            "course": 271.02,
            "speed": 2.77,
            "depth": 84.98
          },
          {
            "time": "2011-03-22T00:11:22.520000+00:00",
            "course": 271.12,
            "speed": 2.76,
            "depth": 84.98
          },
          {
            "time": "2011-03-22T00:11:30.520000+00:00",
            "course": 271.14,
            "speed": 2.75,
            "depth": 84.98
          },
          {
            "time": "2011-03-22T00:11:38.520000+00:00",
            "course": 271.04,
            "speed": 2.75,
            "depth": 84.98
          },
          {
            "time": "2011-03-22T00:11:46.520000+00:00",
            "course": 270.81,
            "speed": 2.73,
            "depth": 84.98
          },
          {
            "time": "2011-03-22T00:11:54.520000+00:00",
            "course": 270.54,
            "speed": 2.73,
            "depth": 84.98
          },
          {
            "time": "2011-03-22T00:12:02.520000+00:00",
            "course": 270.24,
            "speed": 2.73,
            "depth": 84.98
          },
          {
            "time": "2011-03-22T00:12:10.520000+00:00",
            "course": 269.93,
            "speed": 2.73,
            "depth": 84.98
          },
          {
            "time": "2011-03-22T00:12:18.520000+00:00",
            "course": 269.59,
            "speed": 2.73,
            "depth": 84.98
          },
          {
            "time": "2011-03-22T00:12:26.520000+00:00",
            "course": 269.29,
            "speed": 2.73,
            "depth": 84.98
          },
          {
            "time": "2011-03-22T00:12:34.510000+00:00",
            "course": 269.04,
            "speed": 2.73,
            "depth": 84.98
          },
          {
            "time": "2011-03-22T00:12:42.510000+00:00",
            "course": 268.85,
            "speed": 2.73,
            "depth": 84.98
          },
          {
            "time": "2011-03-22T00:12:50.510000+00:00",
            "course": 268.74,
            "speed": 2.73,
            "depth": 84.98
          },
          {
            "time": "2011-03-22T00:12:58.510000+00:00",
            "course": 268.68,
            "speed": 2.73,
            "depth": 84.98
          },
          {
            "time": "2011-03-22T00:13:06.510000+00:00",
            "course": 268.76,
            "speed": 2.73,
            "depth": 84.98
          },
          {
            "time": "2011-03-22T00:13:14.510000+00:00",
            "course": 268.91,
            "speed": 2.73,
            "depth": 84.98
          },
          {
            "time": "2011-03-22T00:13:22.510000+00:00",
            "course": 269.07,
            "speed": 2.73,
            "depth": 84.98
          },
          {
            "time": "2011-03-22T00:13:30.510000+00:00",
            "course": 269.26,
            "speed": 2.73,
            "depth": 84.98
          },
          {
            "time": "2011-03-22T00:13:38.510000+00:00",
            "course": 269.47,
            "speed": 2.73,
            "depth": 84.98
          },
          {
            "time": "2011-03-22T00:13:46.510000+00:00",
            "course": 269.69,
            "speed": 2.73,
            "depth": 84.98
          },
          {
            "time": "2011-03-22T00:13:54.520000+00:00",
            "course": 269.93,
            "speed": 2.73,
            "depth": 84.98
          },
          {
            "time": "2011-03-22T00:14:02.520000+00:00",
            "course": 270.18,
            "speed": 2.73,
            "depth": 84.98
          },
          {
            "time": "2011-03-22T00:14:10.520000+00:00",
            "course": 270.43,
            "speed": 2.73,
            "depth": 84.98
          },
          {
            "time": "2011-03-22T00:14:18.520000+00:00",
            "course": 270.68,
            "speed": 2.73,
            "depth": 84.98
          },
          {
            "time": "2011-03-22T00:14:26.520000+00:00",
            "course": 270.88,
            "speed": 2.73,
            "depth": 84.98
          },
          {
            "time": "2011-03-22T00:14:34.510000+00:00",
            "course": 271.08,
            "speed": 2.73,
            "depth": 84.98
          },
          {
            "time": "2011-03-22T00:14:42.510000+00:00",
            "course": 271.24,
            "speed": 2.76,
            "depth": 84.98
          },
          {
            "time": "2011-03-22T00:14:50.510000+00:00",
            "course": 271.21,
            "speed": 2.8,
            "depth": 84.98
          },
          {
            "time": "2011-03-22T00:14:58.510000+00:00",
            "course": 270.93,
            "speed": 2.87,
            "depth": 84.98
          },
          {
            "time": "2011-03-22T00:15:06.510000+00:00",
            "course": 270.43,
            "speed": 2.95,
            "depth": 84.98
          },
          {
            "time": "2011-03-22T00:15:14.520000+00:00",
            "course": 269.68,
            "speed": 3.04,
            "depth": 84.98
          },
          {
            "time": "2011-03-22T00:15:22.520000+00:00",
            "course": 268.72,
            "speed": 3.12,
            "depth": 84.98
          },
          {
            "time": "2011-03-22T00:15:30.520000+00:00",
            "course": 267.54,
            "speed": 3.17,
            "depth": 84.98
          },
          {
            "time": "2011-03-22T00:15:38.520000+00:00",
            "course": 266.16,
            "speed": 3.22,
            "depth": 84.98
          },
          {
            "time": "2011-03-22T00:15:46.520000+00:00",
            "course": 264.56,
            "speed": 3.26,
            "depth": 84.98
          },
          {
            "time": "2011-03-22T00:15:54.520000+00:00",
            "course": 262.8,
            "speed": 3.29,
            "depth": 84.98
          },
          {
            "time": "2011-03-22T00:16:02.520000+00:00",
            "course": 260.88,
            "speed": 3.36,
            "depth": 84.86
          },
          {
            "time": "2011-03-22T00:16:10.520000+00:00",
            "course": 258.78,
            "speed": 3.4,
            "depth": 84.86
          },
          {
            "time": "2011-03-22T00:16:18.520000+00:00",
            "course": 256.51,
            "speed": 3.45,
            "depth": 84.74
          },
          {
            "time": "2011-03-22T00:16:26.520000+00:00",
            "course": 254.11,
            "speed": 3.48,
            "depth": 84.74
          },
          {
            "time": "2011-03-22T00:16:34.510000+00:00",
            "course": 251.55,
            "speed": 3.5,
            "depth": 84.74
          },
          {
            "time": "2011-03-22T00:16:42.510000+00:00",
            "course": 248.88,
            "speed": 3.52,
            "depth": 84.74
          },
          {
            "time": "2011-03-22T00:16:50.510000+00:00",
            "course": 246.08,
            "speed": 3.55,
            "depth": 84.74
          },
          {
            "time": "2011-03-22T00:16:58.510000+00:00",
            "course": 243.18,
            "speed": 3.55,
            "depth": 84.74
          },
          {
            "time": "2011-03-22T00:17:06.510000+00:00",
            "course": 240.2,
            "speed": 3.56,
            "depth": 84.86
          },
          {
            "time": "2011-03-22T00:17:14.510000+00:00",
            "course": 237.11,
            "speed": 3.57,
            "depth": 84.98
          },
          {
            "time": "2011-03-22T00:17:22.510000+00:00",
            "course": 233.98,
            "speed": 3.57,
            "depth": 85.11
          },
          {
            "time": "2011-03-22T00:17:30.510000+00:00",
            "course": 230.77,
            "speed": 3.58,
            "depth": 85.11
          },
          {
            "time": "2011-03-22T00:17:38.510000+00:00",
            "course": 227.53,
            "speed": 3.59,
            "depth": 85.23
          },
          {
            "time": "2011-03-22T00:17:46.510000+00:00",
            "course": 224.38,
            "speed": 3.59,
            "depth": 85.23
          },
          {
            "time": "2011-03-22T00:17:54.510000+00:00",
            "course": 221.31,
            "speed": 3.59,
            "depth": 85.34
          },
          {
            "time": "2011-03-22T00:18:02.520000+00:00",
            "course": 218.44,
            "speed": 3.59,
            "depth": 85.46
          },
          {
            "time": "2011-03-22T00:18:10.520000+00:00",
            "course": 215.82,
            "speed": 3.59,
            "depth": 85.46
          },
          {
            "time": "2011-03-22T00:18:18.520000+00:00",
            "course": 213.38,
            "speed": 3.61,
            "depth": 85.46
          },
          {
            "time": "2011-03-22T00:18:26.520000+00:00",
            "course": 211.08,
            "speed": 3.61,
            "depth": 85.46
          },
          {
            "time": "2011-03-22T00:18:34.520000+00:00",
            "course": 208.84,
            "speed": 3.64,
            "depth": 85.46
          },
          {
            "time": "2011-03-22T00:18:42.520000+00:00",
            "course": 206.51,
            "speed": 3.64,
            "depth": 85.46
          },
          {
            "time": "2011-03-22T00:18:50.520000+00:00",
            "course": 204.02,
            "speed": 3.68,
            "depth": 85.46
          },
          {
            "time": "2011-03-22T00:18:58.520000+00:00",
            "course": 201.41,
            "speed": 3.71,
            "depth": 85.46
          },
          {
            "time": "2011-03-22T00:19:06.520000+00:00",
            "course": 198.7,
            "speed": 3.71,
            "depth": 85.34
          },
          {
            "time": "2011-03-22T00:19:14.510000+00:00",
            "course": 195.94,
            "speed": 3.71,
            "depth": 85.23
          },
          {
            "time": "2011-03-22T00:19:22.520000+00:00",
            "course": 193.23,
            "speed": 3.73,
            "depth": 85.23
          },
          {
            "time": "2011-03-22T00:19:30.520000+00:00",
            "course": 190.54,
            "speed": 3.72,
            "depth": 85.11
          },
          {
            "time": "2011-03-22T00:19:38.520000+00:00",
            "course": 187.75,
            "speed": 3.72,
            "depth": 85.11
          },
          {
            "time": "2011-03-22T00:19:46.520000+00:00",
            "course": 184.89,
            "speed": 3.72,
            "depth": 85.11
          },
          {
            "time": "2011-03-22T00:19:54.520000+00:00",
            "course": 181.99,
            "speed": 3.7,
            "depth": 85.11
          },
          {
            "time": "2011-03-22T00:20:02.520000+00:00",
            "course": 179.05,
            "speed": 3.7,
            "depth": 85.11
          },
          {
            "time": "2011-03-22T00:20:10.520000+00:00",
            "course": 176.09,
            "speed": 3.68,
            "depth": 85.11
          },
          {
            "time": "2011-03-22T00:20:18.520000+00:00",
            "course": 173.17,
            "speed": 3.68,
            "depth": 85.11
          },
          {
            "time": "2011-03-22T00:20:26.520000+00:00",
            "course": 170.54,
            "speed": 3.66,
            "depth": 85.11
          },
          {
            "time": "2011-03-22T00:20:34.520000+00:00",
            "course": 168.1,
            "speed": 3.66,
            "depth": 85.11
          },
          {
            "time": "2011-03-22T00:20:42.520000+00:00",
            "course": 165.55,
            "speed": 3.66,
            "depth": 85.11
          },
          {
            "time": "2011-03-22T00:20:50.520000+00:00",
            "course": 162.86,
            "speed": 3.66,
            "depth": 85.11
          },
          {
            "time": "2011-03-22T00:20:58.520000+00:00",
            "course": 160.02,
            "speed": 3.67,
            "depth": 85.11
          },
          {
            "time": "2011-03-22T00:21:06.520000+00:00",
            "course": 157.12,
            "speed": 3.67,
            "depth": 85.23
          },
          {
            "time": "2011-03-22T00:21:14.510000+00:00",
            "course": 154.34,
            "speed": 3.68,
            "depth": 85.23
          },
          {
            "time": "2011-03-22T00:21:22.520000+00:00",
            "course": 151.77,
            "speed": 3.68,
            "depth": 85.34
          },
          {
            "time": "2011-03-22T00:21:30.520000+00:00",
            "course": 149.35,
            "speed": 3.68,
            "depth": 85.34
          },
          {
            "time": "2011-03-22T00:21:38.520000+00:00",
            "course": 146.99,
            "speed": 3.71,
            "depth": 85.34
          },
          {
            "time": "2011-03-22T00:21:46.520000+00:00",
            "course": 144.79,
            "speed": 3.71,
            "depth": 85.34
          },
          {
            "time": "2011-03-22T00:21:54.520000+00:00",
            "course": 142.79,
            "speed": 3.71,
            "depth": 85.34
          },
          {
            "time": "2011-03-22T00:22:02.520000+00:00",
            "course": 141.1,
            "speed": 3.71,
            "depth": 85.34
          },
          {
            "time": "2011-03-22T00:22:10.520000+00:00",
            "course": 140.02,
            "speed": 3.71,
            "depth": 85.34
          },
          {
            "time": "2011-03-22T00:22:18.520000+00:00",
            "course": 139.12,
            "speed": 3.74,
            "depth": 85.34
          },
          {
            "time": "2011-03-22T00:22:26.520000+00:00",
            "course": 138.37,
            "speed": 3.75,
            "depth": 85.34
          },
          {
            "time": "2011-03-22T00:22:34.520000+00:00",
            "course": 137.74,
            "speed": 3.79,
            "depth": 85.34
          },
          {
            "time": "2011-03-22T00:22:42.520000+00:00",
            "course": 137.25,
            "speed": 3.8,
            "depth": 85.34
          },
          {
            "time": "2011-03-22T00:22:50.520000+00:00",
            "course": 136.85,
            "speed": 3.83,
            "depth": 85.34
          },
          {
            "time": "2011-03-22T00:22:58.520000+00:00",
            "course": 136.51,
            "speed": 3.86,
            "depth": 85.23
          },
          {
            "time": "2011-03-22T00:23:06.520000+00:00",
            "course": 136.31,
            "speed": 3.9,
            "depth": 85.11
          },
          {
            "time": "2011-03-22T00:23:14.520000+00:00",
            "course": 136.17,
            "speed": 3.9,
            "depth": 85.11
          },
          {
            "time": "2011-03-22T00:23:22.520000+00:00",
            "course": 136.12,
            "speed": 3.92,
            "depth": 85.11
          },
          {
            "time": "2011-03-22T00:23:30.520000+00:00",
            "course": 136.18,
            "speed": 3.89,
            "depth": 85.11
          },
          {
            "time": "2011-03-22T00:23:38.520000+00:00",
            "course": 136.31,
            "speed": 3.9,
            "depth": 85.11
          },
          {
            "time": "2011-03-22T00:23:46.520000+00:00",
            "course": 136.51,
            "speed": 3.94,
            "depth": 84.86
          },
          {
            "time": "2011-03-22T00:23:54.510000+00:00",
            "course": 136.79,
            "speed": 3.96,
            "depth": 84.74
          },
          {
            "time": "2011-03-22T00:24:02.520000+00:00",
            "course": 137.13,
            "speed": 3.98,
            "depth": 84.74
          },
          {
            "time": "2011-03-22T00:24:10.520000+00:00",
            "course": 137.51,
            "speed": 3.99,
            "depth": 84.74
          },
          {
            "time": "2011-03-22T00:24:18.520000+00:00",
            "course": 137.97,
            "speed": 3.99,
            "depth": 84.74
          },
          {
            "time": "2011-03-22T00:24:26.520000+00:00",
            "course": 138.47,
            "speed": 3.99,
            "depth": 84.74
          },
          {
            "time": "2011-03-22T00:24:34.520000+00:00",
            "course": 138.96,
            "speed": 4.01,
            "depth": 84.74
          },
          {
            "time": "2011-03-22T00:24:42.520000+00:00",
            "course": 139.42,
            "speed": 4.03,
            "depth": 84.86
          },
          {
            "time": "2011-03-22T00:24:50.520000+00:00",
            "course": 139.82,
            "speed": 4.03,
            "depth": 84.98
          },
          {
            "time": "2011-03-22T00:24:58.520000+00:00",
            "course": 140.14,
            "speed": 4.05,
            "depth": 84.98
          },
          {
            "time": "2011-03-22T00:25:06.520000+00:00",
            "course": 140.37,
            "speed": 4.08,
            "depth": 84.98
          },
          {
            "time": "2011-03-22T00:25:14.520000+00:00",
            "course": 140.5,
            "speed": 4.12,
            "depth": 84.98
          },
          {
            "time": "2011-03-22T00:25:22.530000+00:00",
            "course": 140.56,
            "speed": 4.12,
            "depth": 84.98
          },
          {
            "time": "2011-03-22T00:25:30.530000+00:00",
            "course": 140.59,
            "speed": 4.15,
            "depth": 84.98
          },
          {
            "time": "2011-03-22T00:25:38.530000+00:00",
            "course": 140.56,
            "speed": 4.14,
            "depth": 84.98
          },
          {
            "time": "2011-03-22T00:25:46.530000+00:00",
            "course": 140.48,
            "speed": 4.15,
            "depth": 84.98
          },
          {
            "time": "2011-03-22T00:25:54.520000+00:00",
            "course": 140.36,
            "speed": 4.15,
            "depth": 84.98
          },
          {
            "time": "2011-03-22T00:26:02.520000+00:00",
            "course": 140.2,
            "speed": 4.15,
            "depth": 85.11
          },
          {
            "time": "2011-03-22T00:26:10.520000+00:00",
            "course": 140.02,
            "speed": 4.15,
            "depth": 85.11
          },
          {
            "time": "2011-03-22T00:26:18.520000+00:00",
            "course": 139.82,
            "speed": 4.15,
            "depth": 85.11
          },
          {
            "time": "2011-03-22T00:26:26.520000+00:00",
            "course": 139.59,
            "speed": 4.15,
            "depth": 85.11
          },
          {
            "time": "2011-03-22T00:26:34.520000+00:00",
            "course": 139.37,
            "speed": 4.15,
            "depth": 85.11
          },
          {
            "time": "2011-03-22T00:26:42.520000+00:00",
            "course": 139.13,
            "speed": 4.18,
            "depth": 85.11
          },
          {
            "time": "2011-03-22T00:26:50.520000+00:00",
            "course": 138.85,
            "speed": 4.18,
            "depth": 85.11
          },
          {
            "time": "2011-03-22T00:26:58.520000+00:00",
            "course": 138.57,
            "speed": 4.18,
            "depth": 85.11
          },
          {
            "time": "2011-03-22T00:27:06.520000+00:00",
            "course": 138.28,
            "speed": 4.18,
            "depth": 85.11
          },
          {
            "time": "2011-03-22T00:27:14.520000+00:00",
            "course": 137.99,
            "speed": 4.18,
            "depth": 85.23
          },
          {
            "time": "2011-03-22T00:27:22.530000+00:00",
            "course": 137.7,
            "speed": 4.2,
            "depth": 85.23
          },
          {
            "time": "2011-03-22T00:27:30.530000+00:00",
            "course": 137.45,
            "speed": 4.2,
            "depth": 85.23
          },
          {
            "time": "2011-03-22T00:27:38.530000+00:00",
            "course": 137.24,
            "speed": 4.2,
            "depth": 85.23
          },
          {
            "time": "2011-03-22T00:27:46.530000+00:00",
            "course": 137.08,
            "speed": 4.2,
            "depth": 85.11
          },
          {
            "time": "2011-03-22T00:27:54.520000+00:00",
            "course": 136.95,
            "speed": 4.2,
            "depth": 85.11
          },
          {
            "time": "2011-03-22T00:28:02.520000+00:00",
            "course": 136.86,
            "speed": 4.2,
            "depth": 85.11
          },
          {
            "time": "2011-03-22T00:28:10.520000+00:00",
            "course": 136.84,
            "speed": 4.2,
            "depth": 85.11
          },
          {
            "time": "2011-03-22T00:28:18.520000+00:00",
            "course": 136.85,
            "speed": 4.2,
            "depth": 85.11
          },
          {
            "time": "2011-03-22T00:28:26.520000+00:00",
            "course": 136.92,
            "speed": 4.2,
            "depth": 85.11
          },
          {
            "time": "2011-03-22T00:28:34.520000+00:00",
            "course": 137.03,
            "speed": 4.2,
            "depth": 85.11
          },
          {
            "time": "2011-03-22T00:28:42.530000+00:00",
            "course": 137.22,
            "speed": 4.22,
            "depth": 84.98
          },
          {
            "time": "2011-03-22T00:28:50.530000+00:00",
            "course": 137.43,
            "speed": 4.24,
            "depth": 84.86
          },
          {
            "time": "2011-03-22T00:28:58.530000+00:00",
            "course": 137.66,
            "speed": 4.24,
            "depth": 84.86
          },
          {
            "time": "2011-03-22T00:29:06.530000+00:00",
            "course": 137.94,
            "speed": 4.24,
            "depth": 84.86
          },
          {
            "time": "2011-03-22T00:29:14.530000+00:00",
            "course": 138.26,
            "speed": 4.24,
            "depth": 84.86
          },
          {
            "time": "2011-03-22T00:29:22.530000+00:00",
            "course": 138.59,
            "speed": 4.24,
            "depth": 84.86
          },
          {
            "time": "2011-03-22T00:29:30.530000+00:00",
            "course": 138.93,
            "speed": 4.24,
            "depth": 85.11
          },
          {
            "time": "2011-03-22T00:29:38.530000+00:00",
            "course": 139.28,
            "speed": 4.24,
            "depth": 85.23
          },
          {
            "time": "2011-03-22T00:29:46.530000+00:00",
            "course": 139.65,
            "speed": 4.21,
            "depth": 85.23
          },
          {
            "time": "2011-03-22T00:29:54.520000+00:00",
            "course": 139.99,
            "speed": 4.21,
            "depth": 85.23
          },
          {
            "time": "2011-03-22T00:30:02.520000+00:00",
            "course": 140.28,
            "speed": 4.24,
            "depth": 85.11
          },
          {
            "time": "2011-03-22T00:30:10.520000+00:00",
            "course": 140.53,
            "speed": 4.26,
            "depth": 85.11
          },
          {
            "time": "2011-03-22T00:30:18.520000+00:00",
            "course": 140.72,
            "speed": 4.26,
            "depth": 85.23
          },
          {
            "time": "2011-03-22T00:30:26.520000+00:00",
            "course": 140.81,
            "speed": 4.24,
            "depth": 85.46
          },
          {
            "time": "2011-03-22T00:30:34.520000+00:00",
            "course": 140.83,
            "speed": 4.24,
            "depth": 85.46
          },
          {
            "time": "2011-03-22T00:30:42.520000+00:00",
            "course": 140.78,
            "speed": 4.21,
            "depth": 85.46
          },
          {
            "time": "2011-03-22T00:30:50.520000+00:00",
            "course": 140.68,
            "speed": 4.21,
            "depth": 85.46
          },
          {
            "time": "2011-03-22T00:30:58.520000+00:00",
            "course": 140.56,
            "speed": 4.22,
            "depth": 85.34
          },
          {
            "time": "2011-03-22T00:31:06.520000+00:00",
            "course": 140.38,
            "speed": 4.21,
            "depth": 85.11
          },
          {
            "time": "2011-03-22T00:31:14.520000+00:00",
            "course": 140.15,
            "speed": 4.21,
            "depth": 85.11
          },
          {
            "time": "2011-03-22T00:31:22.530000+00:00",
            "course": 139.91,
            "speed": 4.21,
            "depth": 85.11
          },
          {
            "time": "2011-03-22T00:31:30.530000+00:00",
            "course": 139.61,
            "speed": 4.21,
            "depth": 85.11
          },
          {
            "time": "2011-03-22T00:31:38.530000+00:00",
            "course": 139.3,
            "speed": 4.22,
            "depth": 85.34
          },
          {
            "time": "2011-03-22T00:31:46.530000+00:00",
            "course": 138.91,
            "speed": 4.22,
            "depth": 85.34
          },
          {
            "time": "2011-03-22T00:31:54.520000+00:00",
            "course": 138.47,
            "speed": 4.22,
            "depth": 85.34
          },
          {
            "time": "2011-03-22T00:32:02.530000+00:00",
            "course": 138.0,
            "speed": 4.24,
            "depth": 85.23
          },
          {
            "time": "2011-03-22T00:32:10.530000+00:00",
            "course": 137.53,
            "speed": 4.26,
            "depth": 85.11
          },
          {
            "time": "2011-03-22T00:32:18.530000+00:00",
            "course": 137.13,
            "speed": 4.26,
            "depth": 85.11
          },
          {
            "time": "2011-03-22T00:32:26.530000+00:00",
            "course": 136.84,
            "speed": 4.26,
            "depth": 85.11
          },
          {
            "time": "2011-03-22T00:32:34.530000+00:00",
            "course": 136.65,
            "speed": 4.24,
            "depth": 85.23
          },
          {
            "time": "2011-03-22T00:32:42.530000+00:00",
            "course": 136.58,
            "speed": 4.23,
            "depth": 85.23
          },
          {
            "time": "2011-03-22T00:32:50.530000+00:00",
            "course": 136.55,
            "speed": 4.24,
            "depth": 85.23
          },
          {
            "time": "2011-03-22T00:32:58.530000+00:00",
            "course": 136.57,
            "speed": 4.24,
            "depth": 85.23
          },
          {
            "time": "2011-03-22T00:33:06.530000+00:00",
            "course": 136.64,
            "speed": 4.28,
            "depth": 85.23
          },
          {
            "time": "2011-03-22T00:33:14.530000+00:00",
            "course": 136.74,
            "speed": 4.29,
            "depth": 85.23
          },
          {
            "time": "2011-03-22T00:33:22.530000+00:00",
            "course": 136.92,
            "speed": 4.28,
            "depth": 85.23
          },
          {
            "time": "2011-03-22T00:33:30.530000+00:00",
            "course": 137.15,
            "speed": 4.28,
            "depth": 85.23
          },
          {
            "time": "2011-03-22T00:33:38.530000+00:00",
            "course": 137.47,
            "speed": 4.28,
            "depth": 85.23
          },
          {
            "time": "2011-03-22T00:33:46.530000+00:00",
            "course": 137.87,
            "speed": 4.28,
            "depth": 85.23
          },
          {
            "time": "2011-03-22T00:33:54.520000+00:00",
            "course": 138.28,
            "speed": 4.31,
            "depth": 85.11
          },
          {
            "time": "2011-03-22T00:34:02.530000+00:00",
            "course": 138.7,
            "speed": 4.31,
            "depth": 85.11
          },
          {
            "time": "2011-03-22T00:34:10.530000+00:00",
            "course": 139.16,
            "speed": 4.31,
            "depth": 85.11
          },
          {
            "time": "2011-03-22T00:34:18.530000+00:00",
            "course": 139.55,
            "speed": 4.31,
            "depth": 85.11
          },
          {
            "time": "2011-03-22T00:34:26.530000+00:00",
            "course": 139.96,
            "speed": 4.31,
            "depth": 85.11
          },
          {
            "time": "2011-03-22T00:34:34.530000+00:00",
            "course": 140.31,
            "speed": 4.31,
            "depth": 85.23
          },
          {
            "time": "2011-03-22T00:34:42.530000+00:00",
            "course": 140.59,
            "speed": 4.28,
            "depth": 85.34
          },
          {
            "time": "2011-03-22T00:34:50.530000+00:00",
            "course": 140.82,
            "speed": 4.26,
            "depth": 85.34
          },
          {
            "time": "2011-03-22T00:34:58.530000+00:00",
            "course": 141.03,
            "speed": 4.26,
            "depth": 85.34
          },
          {
            "time": "2011-03-22T00:35:06.530000+00:00",
            "course": 141.18,
            "speed": 4.26,
            "depth": 85.34
          },
          {
            "time": "2011-03-22T00:35:14.530000+00:00",
            "course": 141.3,
            "speed": 4.24,
            "depth": 85.34
          },
          {
            "time": "2011-03-22T00:35:22.530000+00:00",
            "course": 141.37,
            "speed": 4.21,
            "depth": 85.34
          },
          {
            "time": "2011-03-22T00:35:30.530000+00:00",
            "course": 141.37,
            "speed": 4.21,
            "depth": 85.11
          },
          {
            "time": "2011-03-22T00:35:38.530000+00:00",
            "course": 141.3,
            "speed": 4.22,
            "depth": 85.11
          },
          {
            "time": "2011-03-22T00:35:46.530000+00:00",
            "course": 141.15,
            "speed": 4.22,
            "depth": 85.11
          },
          {
            "time": "2011-03-22T00:35:54.530000+00:00",
            "course": 140.93,
            "speed": 4.22,
            "depth": 85.11
          },
          {
            "time": "2011-03-22T00:36:02.530000+00:00",
            "course": 140.62,
            "speed": 4.24,
            "depth": 85.11
          },
          {
            "time": "2011-03-22T00:36:10.530000+00:00",
            "course": 140.28,
            "speed": 4.26,
            "depth": 85.11
          },
          {
            "time": "2011-03-22T00:36:18.520000+00:00",
            "course": 139.86,
            "speed": 4.26,
            "depth": 85.11
          },
          {
            "time": "2011-03-22T00:36:26.520000+00:00",
            "course": 139.38,
            "speed": 4.26,
            "depth": 85.11
          },
          {
            "time": "2011-03-22T00:36:34.520000+00:00",
            "course": 138.88,
            "speed": 4.24,
            "depth": 85.11
          },
          {
            "time": "2011-03-22T00:36:42.530000+00:00",
            "course": 138.34,
            "speed": 4.24,
            "depth": 85.11
          },
          {
            "time": "2011-03-22T00:36:50.530000+00:00",
            "course": 137.81,
            "speed": 4.25,
            "depth": 85.11
          },
          {
            "time": "2011-03-22T00:36:58.530000+00:00",
            "course": 137.33,
            "speed": 4.26,
            "depth": 85.11
          },
          {
            "time": "2011-03-22T00:37:06.530000+00:00",
            "course": 136.95,
            "speed": 4.29,
            "depth": 85.11
          },
          {
            "time": "2011-03-22T00:37:14.530000+00:00",
            "course": 136.65,
            "speed": 4.29,
            "depth": 85.11
          },
          {
            "time": "2011-03-22T00:37:22.530000+00:00",
            "course": 136.46,
            "speed": 4.31,
            "depth": 85.11
          },
          {
            "time": "2011-03-22T00:37:30.530000+00:00",
            "course": 136.33,
            "speed": 4.31,
            "depth": 85.11
          },
          {
            "time": "2011-03-22T00:37:38.530000+00:00",
            "course": 136.3,
            "speed": 4.34,
            "depth": 85.11
          },
          {
            "time": "2011-03-22T00:37:46.530000+00:00",
            "course": 136.33,
            "speed": 4.35,
            "depth": 85.11
          },
          {
            "time": "2011-03-22T00:37:54.530000+00:00",
            "course": 136.42,
            "speed": 4.36,
            "depth": 85.11
          },
          {
            "time": "2011-03-22T00:38:02.540000+00:00",
            "course": 136.55,
            "speed": 4.37,
            "depth": 85.11
          },
          {
            "time": "2011-03-22T00:38:10.540000+00:00",
            "course": 136.76,
            "speed": 4.35,
            "depth": 85.23
          },
          {
            "time": "2011-03-22T00:38:18.540000+00:00",
            "course": 137.0,
            "speed": 4.33,
            "depth": 85.23
          },
          {
            "time": "2011-03-22T00:38:26.540000+00:00",
            "course": 137.27,
            "speed": 4.31,
            "depth": 85.23
          },
          {
            "time": "2011-03-22T00:38:34.530000+00:00",
            "course": 137.61,
            "speed": 4.28,
            "depth": 85.23
          },
          {
            "time": "2011-03-22T00:38:42.530000+00:00",
            "course": 138.01,
            "speed": 4.28,
            "depth": 85.23
          },
          {
            "time": "2011-03-22T00:38:50.530000+00:00",
            "course": 138.49,
            "speed": 4.29,
            "depth": 85.23
          },
          {
            "time": "2011-03-22T00:38:58.530000+00:00",
            "course": 139.03,
            "speed": 4.29,
            "depth": 85.23
          },
          {
            "time": "2011-03-22T00:39:06.530000+00:00",
            "course": 139.56,
            "speed": 4.31,
            "depth": 85.23
          },
          {
            "time": "2011-03-22T00:39:14.530000+00:00",
            "course": 140.06,
            "speed": 4.31,
            "depth": 85.23
          },
          {
            "time": "2011-03-22T00:39:22.530000+00:00",
            "course": 140.49,
            "speed": 4.31,
            "depth": 85.23
          },
          {
            "time": "2011-03-22T00:39:30.530000+00:00",
            "course": 140.84,
            "speed": 4.36,
            "depth": 85.11
          },
          {
            "time": "2011-03-22T00:39:38.530000+00:00",
            "course": 141.12,
            "speed": 4.36,
            "depth": 85.11
          },
          {
            "time": "2011-03-22T00:39:46.530000+00:00",
            "course": 141.32,
            "speed": 4.36,
            "depth": 85.11
          },
          {
            "time": "2011-03-22T00:39:54.530000+00:00",
            "course": 141.47,
            "speed": 4.35,
            "depth": 85.11
          },
          {
            "time": "2011-03-22T00:40:02.530000+00:00",
            "course": 141.47,
            "speed": 4.35,
            "depth": 85.23
          },
          {
            "time": "2011-03-22T00:40:10.530000+00:00",
            "course": 141.35,
            "speed": 4.35,
            "depth": 85.23
          },
          {
            "time": "2011-03-22T00:40:18.530000+00:00",
            "course": 141.11,
            "speed": 4.33,
            "depth": 85.23
          },
          {
            "time": "2011-03-22T00:40:26.530000+00:00",
            "course": 140.76,
            "speed": 4.33,
            "depth": 85.23
          },
          {
            "time": "2011-03-22T00:40:34.520000+00:00",
            "course": 140.27,
            "speed": 4.34,
            "depth": 85.23
          },
          {
            "time": "2011-03-22T00:40:42.530000+00:00",
            "course": 139.67,
            "speed": 4.33,
            "depth": 85.11
          },
          {
            "time": "2011-03-22T00:40:50.530000+00:00",
            "course": 138.99,
            "speed": 4.33,
            "depth": 85.11
          },
          {
            "time": "2011-03-22T00:40:58.530000+00:00",
            "course": 138.3,
            "speed": 4.31,
            "depth": 85.11
          },
          {
            "time": "2011-03-22T00:41:06.530000+00:00",
            "course": 137.65,
            "speed": 4.28,
            "depth": 85.11
          },
          {
            "time": "2011-03-22T00:41:14.530000+00:00",
            "course": 137.09,
            "speed": 4.28,
            "depth": 85.11
          },
          {
            "time": "2011-03-22T00:41:22.540000+00:00",
            "course": 136.63,
            "speed": 4.28,
            "depth": 85.11
          },
          {
            "time": "2011-03-22T00:41:30.540000+00:00",
            "course": 136.33,
            "speed": 4.28,
            "depth": 85.11
          },
          {
            "time": "2011-03-22T00:41:38.540000+00:00",
            "course": 136.14,
            "speed": 4.27,
            "depth": 85.11
          },
          {
            "time": "2011-03-22T00:41:46.540000+00:00",
            "course": 136.09,
            "speed": 4.26,
            "depth": 85.11
          },
          {
            "time": "2011-03-22T00:41:54.540000+00:00",
            "course": 136.15,
            "speed": 4.27,
            "depth": 84.86
          },
          {
            "time": "2011-03-22T00:42:02.540000+00:00",
            "course": 136.25,
            "speed": 4.31,
            "depth": 84.74
          },
          {
            "time": "2011-03-22T00:42:10.540000+00:00",
            "course": 136.47,
            "speed": 4.34,
            "depth": 84.62
          },
          {
            "time": "2011-03-22T00:42:18.540000+00:00",
            "course": 136.75,
            "speed": 4.36,
            "depth": 84.62
          },
          {
            "time": "2011-03-22T00:42:26.540000+00:00",
            "course": 137.15,
            "speed": 4.35,
            "depth": 84.62
          },
          {
            "time": "2011-03-22T00:42:34.530000+00:00",
            "course": 137.68,
            "speed": 4.31,
            "depth": 84.74
          },
          {
            "time": "2011-03-22T00:42:42.530000+00:00",
            "course": 138.27,
            "speed": 4.28,
            "depth": 84.98
          },
          {
            "time": "2011-03-22T00:42:50.530000+00:00",
            "course": 138.96,
            "speed": 4.28,
            "depth": 84.98
          },
          {
            "time": "2011-03-22T00:42:58.530000+00:00",
            "course": 139.63,
            "speed": 4.26,
            "depth": 85.11
          },
          {
            "time": "2011-03-22T00:43:06.530000+00:00",
            "course": 140.22,
            "speed": 4.26,
            "depth": 85.11
          },
          {
            "time": "2011-03-22T00:43:14.530000+00:00",
            "course": 140.72,
            "speed": 4.27,
            "depth": 84.86
          },
          {
            "time": "2011-03-22T00:43:22.530000+00:00",
            "course": 141.06,
            "speed": 4.29,
            "depth": 84.62
          },
          {
            "time": "2011-03-22T00:43:30.530000+00:00",
            "course": 141.29,
            "speed": 4.29,
            "depth": 84.62
          },
          {
            "time": "2011-03-22T00:43:38.530000+00:00",
            "course": 141.38,
            "speed": 4.28,
            "depth": 84.62
          },
          {
            "time": "2011-03-22T00:43:46.530000+00:00",
            "course": 141.35,
            "speed": 4.28,
            "depth": 84.62
          },
          {
            "time": "2011-03-22T00:43:54.530000+00:00",
            "course": 141.18,
            "speed": 4.28,
            "depth": 84.74
          },
          {
            "time": "2011-03-22T00:44:02.540000+00:00",
            "course": 140.9,
            "speed": 4.28,
            "depth": 84.98
          },
          {
            "time": "2011-03-22T00:44:10.540000+00:00",
            "course": 140.54,
            "speed": 4.28,
            "depth": 85.11
          },
          {
            "time": "2011-03-22T00:44:18.540000+00:00",
            "course": 140.06,
            "speed": 4.28,
            "depth": 85.23
          },
          {
            "time": "2011-03-22T00:44:26.540000+00:00",
            "course": 139.48,
            "speed": 4.28,
            "depth": 85.23
          },
          {
            "time": "2011-03-22T00:44:34.540000+00:00",
            "course": 138.81,
            "speed": 4.28,
            "depth": 85.23
          },
          {
            "time": "2011-03-22T00:44:42.540000+00:00",
            "course": 138.09,
            "speed": 4.31,
            "depth": 85.23
          },
          {
            "time": "2011-03-22T00:44:50.540000+00:00",
            "course": 137.4,
            "speed": 4.34,
            "depth": 85.23
          },
          {
            "time": "2011-03-22T00:44:58.540000+00:00",
            "course": 136.79,
            "speed": 4.34,
            "depth": 85.11
          },
          {
            "time": "2011-03-22T00:45:06.530000+00:00",
            "course": 136.32,
            "speed": 4.34,
            "depth": 85.11
          },
          {
            "time": "2011-03-22T00:45:14.530000+00:00",
            "course": 136.0,
            "speed": 4.34,
            "depth": 85.11
          },
          {
            "time": "2011-03-22T00:45:22.530000+00:00",
            "course": 135.82,
            "speed": 4.35,
            "depth": 85.34
          },
          {
            "time": "2011-03-22T00:45:30.530000+00:00",
            "course": 135.82,
            "speed": 4.31,
            "depth": 85.34
          },
          {
            "time": "2011-03-22T00:45:38.530000+00:00",
            "course": 135.96,
            "speed": 4.3,
            "depth": 85.34
          },
          {
            "time": "2011-03-22T00:45:46.530000+00:00",
            "course": 136.24,
            "speed": 4.28,
            "depth": 85.34
          },
          {
            "time": "2011-03-22T00:45:54.530000+00:00",
            "course": 136.82,
            "speed": 4.26,
            "depth": 85.46
          },
          {
            "time": "2011-03-22T00:46:02.540000+00:00",
            "course": 137.79,
            "speed": 4.26,
            "depth": 85.46
          },
          {
            "time": "2011-03-22T00:46:10.540000+00:00",
            "course": 139.06,
            "speed": 4.24,
            "depth": 85.46
          },
          {
            "time": "2011-03-22T00:46:18.540000+00:00",
            "course": 140.63,
            "speed": 4.21,
            "depth": 85.59
          },
          {
            "time": "2011-03-22T00:46:26.540000+00:00",
            "course": 142.42,
            "speed": 4.21,
            "depth": 85.59
          },
          {
            "time": "2011-03-22T00:46:34.540000+00:00",
            "course": 144.44,
            "speed": 4.21,
            "depth": 85.59
          },
          {
            "time": "2011-03-22T00:46:42.540000+00:00",
            "course": 146.66,
            "speed": 4.21,
            "depth": 85.34
          },
          {
            "time": "2011-03-22T00:46:50.540000+00:00",
            "course": 149.12,
            "speed": 4.22,
            "depth": 85.34
          },
          {
            "time": "2011-03-22T00:46:58.540000+00:00",
            "course": 152.02,
            "speed": 4.22,
            "depth": 85.34
          },
          {
            "time": "2011-03-22T00:47:06.540000+00:00",
            "course": 155.25,
            "speed": 4.22,
            "depth": 85.34
          },
          {
            "time": "2011-03-22T00:47:14.530000+00:00",
            "course": 158.76,
            "speed": 4.21,
            "depth": 85.34
          },
          {
            "time": "2011-03-22T00:47:22.540000+00:00",
            "course": 162.46,
            "speed": 4.19,
            "depth": 85.34
          },
          {
            "time": "2011-03-22T00:47:30.540000+00:00",
            "course": 166.29,
            "speed": 4.15,
            "depth": 85.34
          },
          {
            "time": "2011-03-22T00:47:38.540000+00:00",
            "course": 170.2,
            "speed": 4.12,
            "depth": 85.34
          },
          {
            "time": "2011-03-22T00:47:46.540000+00:00",
            "course": 174.14,
            "speed": 4.12,
            "depth": 85.34
          },
          {
            "time": "2011-03-22T00:47:54.540000+00:00",
            "course": 178.05,
            "speed": 4.17,
            "depth": 85.34
          },
          {
            "time": "2011-03-22T00:48:02.540000+00:00",
            "course": 181.95,
            "speed": 4.32,
            "depth": 85.34
          },
          {
            "time": "2011-03-22T00:48:10.540000+00:00",
            "course": 185.88,
            "speed": 4.56,
            "depth": 85.34
          },
          {
            "time": "2011-03-22T00:48:18.540000+00:00",
            "course": 189.9,
            "speed": 4.87,
            "depth": 85.34
          },
          {
            "time": "2011-03-22T00:48:26.540000+00:00",
            "course": 194.04,
            "speed": 5.2,
            "depth": 85.34
          },
          {
            "time": "2011-03-22T00:48:34.540000+00:00",
            "course": 198.33,
            "speed": 5.35,
            "depth": 85.34
          },
          {
            "time": "2011-03-22T00:48:42.540000+00:00",
            "course": 202.8,
            "speed": 5.44,
            "depth": 85.34
          },
          {
            "time": "2011-03-22T00:48:50.540000+00:00",
            "course": 207.53,
            "speed": 5.62,
            "depth": 85.11
          },
          {
            "time": "2011-03-22T00:48:58.540000+00:00",
            "course": 212.61,
            "speed": 5.84,
            "depth": 85.11
          },
          {
            "time": "2011-03-22T00:49:06.540000+00:00",
            "course": 217.93,
            "speed": 6.02,
            "depth": 85.11
          },
          {
            "time": "2011-03-22T00:49:14.530000+00:00",
            "course": 223.37,
            "speed": 6.21,
            "depth": 85.11
          },
          {
            "time": "2011-03-22T00:49:22.530000+00:00",
            "course": 229.1,
            "speed": 6.34,
            "depth": 84.98
          },
          {
            "time": "2011-03-22T00:49:30.530000+00:00",
            "course": 234.85,
            "speed": 6.51,
            "depth": 84.98
          },
          {
            "time": "2011-03-22T00:49:38.530000+00:00",
            "course": 239.71,
            "speed": 6.64,
            "depth": 85.34
          },
          {
            "time": "2011-03-22T00:49:46.530000+00:00",
            "course": 243.57,
            "speed": 6.76,
            "depth": 85.59
          },
          {
            "time": "2011-03-22T00:49:54.530000+00:00",
            "course": 247.26,
            "speed": 6.9,
            "depth": 85.59
          },
          {
            "time": "2011-03-22T00:50:02.540000+00:00",
            "course": 251.56,
            "speed": 7.05,
            "depth": 85.59
          },
          {
            "time": "2011-03-22T00:50:10.540000+00:00",
            "course": 255.92,
            "speed": 7.19,
            "depth": 85.59
          },
          {
            "time": "2011-03-22T00:50:18.540000+00:00",
            "course": 259.29,
            "speed": 7.31,
            "depth": 85.59
          },
          {
            "time": "2011-03-22T00:50:26.540000+00:00",
            "course": 260.16,
            "speed": 7.39,
            "depth": 85.59
          },
          {
            "time": "2011-03-22T00:50:34.540000+00:00",
            "course": 258.93,
            "speed": 7.5,
            "depth": 85.23
          },
          {
            "time": "2011-03-22T00:50:42.550000+00:00",
            "course": 258.8,
            "speed": 7.66,
            "depth": 84.98
          },
          {
            "time": "2011-03-22T00:50:50.550000+00:00",
            "course": 259.74,
            "speed": 7.79,
            "depth": 84.98
          },
          {
            "time": "2011-03-22T00:50:58.550000+00:00",
            "course": 260.41,
            "speed": 7.9,
            "depth": 85.23
          },
          {
            "time": "2011-03-22T00:51:06.550000+00:00",
            "course": 260.65,
            "speed": 8.01,
            "depth": 85.23
          },
          {
            "time": "2011-03-22T00:51:14.540000+00:00",
            "course": 260.48,
            "speed": 8.07,
            "depth": 85.23
          },
          {
            "time": "2011-03-22T00:51:22.540000+00:00",
            "course": 260.01,
            "speed": 8.15,
            "depth": 85.23
          },
          {
            "time": "2011-03-22T00:51:30.540000+00:00",
            "course": 259.25,
            "speed": 8.22,
            "depth": 85.23
          },
          {
            "time": "2011-03-22T00:51:38.540000+00:00",
            "course": 258.33,
            "speed": 8.31,
            "depth": 85.46
          },
          {
            "time": "2011-03-22T00:51:46.540000+00:00",
            "course": 257.62,
            "speed": 8.36,
            "depth": 85.46
          },
          {
            "time": "2011-03-22T00:51:54.540000+00:00",
            "course": 257.21,
            "speed": 8.38,
            "depth": 85.46
          },
          {
            "time": "2011-03-22T00:52:02.550000+00:00",
            "course": 257.21,
            "speed": 8.43,
            "depth": 85.59
          },
          {
            "time": "2011-03-22T00:52:10.550000+00:00",
            "course": 257.54,
            "speed": 8.47,
            "depth": 85.59
          },
          {
            "time": "2011-03-22T00:52:18.550000+00:00",
            "course": 258.15,
            "speed": 8.5,
            "depth": 85.71
          },
          {
            "time": "2011-03-22T00:52:26.550000+00:00",
            "course": 259.01,
            "speed": 8.53,
            "depth": 85.83
          },
          {
            "time": "2011-03-22T00:52:34.550000+00:00",
            "course": 259.73,
            "speed": 8.55,
            "depth": 85.71
          },
          {
            "time": "2011-03-22T00:52:42.550000+00:00",
            "course": 260.19,
            "speed": 8.57,
            "depth": 85.46
          },
          {
            "time": "2011-03-22T00:52:50.550000+00:00",
            "course": 260.4,
            "speed": 8.6,
            "depth": 85.46
          },
          {
            "time": "2011-03-22T00:52:58.550000+00:00",
            "course": 260.37,
            "speed": 8.62,
            "depth": 85.46
          },
          {
            "time": "2011-03-22T00:53:06.550000+00:00",
            "course": 260.09,
            "speed": 8.64,
            "depth": 85.46
          },
          {
            "time": "2011-03-22T00:53:14.540000+00:00",
            "course": 259.57,
            "speed": 8.64,
            "depth": 85.23
          },
          {
            "time": "2011-03-22T00:53:22.540000+00:00",
            "course": 258.8,
            "speed": 8.66,
            "depth": 84.74
          },
          {
            "time": "2011-03-22T00:53:30.540000+00:00",
            "course": 257.99,
            "speed": 8.69,
            "depth": 84.62
          },
          {
            "time": "2011-03-22T00:53:38.540000+00:00",
            "course": 257.4,
            "speed": 8.71,
            "depth": 84.62
          },
          {
            "time": "2011-03-22T00:53:46.540000+00:00",
            "course": 257.15,
            "speed": 8.73,
            "depth": 84.62
          },
          {
            "time": "2011-03-22T00:53:54.540000+00:00",
            "course": 257.23,
            "speed": 8.75,
            "depth": 84.74
          },
          {
            "time": "2011-03-22T00:54:02.550000+00:00",
            "course": 257.57,
            "speed": 8.75,
            "depth": 84.74
          },
          {
            "time": "2011-03-22T00:54:10.550000+00:00",
            "course": 258.17,
            "speed": 8.78,
            "depth": 84.74
          },
          {
            "time": "2011-03-22T00:54:18.550000+00:00",
            "course": 258.95,
            "speed": 8.78,
            "depth": 84.74
          },
          {
            "time": "2011-03-22T00:54:26.550000+00:00",
            "course": 259.65,
            "speed": 8.78,
            "depth": 84.74
          },
          {
            "time": "2011-03-22T00:54:34.550000+00:00",
            "course": 260.08,
            "speed": 8.8,
            "depth": 84.62
          },
          {
            "time": "2011-03-22T00:54:42.550000+00:00",
            "course": 260.24,
            "speed": 8.8,
            "depth": 84.5
          },
          {
            "time": "2011-03-22T00:54:50.550000+00:00",
            "course": 260.08,
            "speed": 8.82,
            "depth": 84.26
          },
          {
            "time": "2011-03-22T00:54:58.550000+00:00",
            "course": 259.67,
            "speed": 8.84,
            "depth": 84.26
          },
          {
            "time": "2011-03-22T00:55:06.550000+00:00",
            "course": 259.01,
            "speed": 8.85,
            "depth": 84.26
          },
          {
            "time": "2011-03-22T00:55:14.550000+00:00",
            "course": 258.15,
            "speed": 8.87,
            "depth": 84.02
          },
          {
            "time": "2011-03-22T00:55:22.550000+00:00",
            "course": 257.45,
            "speed": 8.87,
            "depth": 83.9
          },
          {
            "time": "2011-03-22T00:55:30.550000+00:00",
            "course": 257.08,
            "speed": 8.89,
            "depth": 83.9
          },
          {
            "time": "2011-03-22T00:55:38.550000+00:00",
            "course": 257.07,
            "speed": 8.89,
            "depth": 84.02
          },
          {
            "time": "2011-03-22T00:55:46.540000+00:00",
            "course": 257.37,
            "speed": 8.91,
            "depth": 84.26
          },
          {
            "time": "2011-03-22T00:55:54.540000+00:00",
            "course": 257.94,
            "speed": 8.91,
            "depth": 84.5
          },
          {
            "time": "2011-03-22T00:56:02.550000+00:00",
            "course": 258.77,
            "speed": 8.91,
            "depth": 84.62
          },
          {
            "time": "2011-03-22T00:56:10.550000+00:00",
            "course": 259.57,
            "speed": 8.91,
            "depth": 84.74
          },
          {
            "time": "2011-03-22T00:56:18.550000+00:00",
            "course": 260.11,
            "speed": 8.91,
            "depth": 85.23
          },
          {
            "time": "2011-03-22T00:56:26.550000+00:00",
            "course": 260.32,
            "speed": 8.91,
            "depth": 85.46
          },
          {
            "time": "2011-03-22T00:56:34.550000+00:00",
            "course": 260.21,
            "speed": 8.91,
            "depth": 85.46
          },
          {
            "time": "2011-03-22T00:56:42.550000+00:00",
            "course": 259.84,
            "speed": 8.91,
            "depth": 85.46
          },
          {
            "time": "2011-03-22T00:56:50.550000+00:00",
            "course": 259.19,
            "speed": 8.91,
            "depth": 85.34
          },
          {
            "time": "2011-03-22T00:56:58.550000+00:00",
            "course": 258.4,
            "speed": 8.91,
            "depth": 85.11
          },
          {
            "time": "2011-03-22T00:57:06.550000+00:00",
            "course": 257.65,
            "speed": 8.91,
            "depth": 84.5
          },
          {
            "time": "2011-03-22T00:57:14.550000+00:00",
            "course": 257.18,
            "speed": 8.91,
            "depth": 84.26
          },
          {
            "time": "2011-03-22T00:57:22.550000+00:00",
            "course": 257.02,
            "speed": 8.91,
            "depth": 84.26
          },
          {
            "time": "2011-03-22T00:57:30.550000+00:00",
            "course": 257.17,
            "speed": 8.91,
            "depth": 84.26
          },
          {
            "time": "2011-03-22T00:57:38.550000+00:00",
            "course": 257.63,
            "speed": 8.91,
            "depth": 84.38
          },
          {
            "time": "2011-03-22T00:57:46.550000+00:00",
            "course": 258.38,
            "speed": 8.94,
            "depth": 84.38
          },
          {
            "time": "2011-03-22T00:57:54.540000+00:00",
            "course": 259.24,
            "speed": 8.93,
            "depth": 84.38
          },
          {
            "time": "2011-03-22T00:58:02.540000+00:00",
            "course": 259.89,
            "speed": 8.93,
            "depth": 84.38
          },
          {
            "time": "2011-03-22T00:58:10.540000+00:00",
            "course": 260.19,
            "speed": 8.93,
            "depth": 84.14
          },
          {
            "time": "2011-03-22T00:58:18.540000+00:00",
            "course": 260.19,
            "speed": 8.93,
            "depth": 84.14
          },
          {
            "time": "2011-03-22T00:58:26.540000+00:00",
            "course": 259.87,
            "speed": 8.93,
            "depth": 84.14
          },
          {
            "time": "2011-03-22T00:58:34.540000+00:00",
            "course": 259.27,
            "speed": 8.94,
            "depth": 84.38
          },
          {
            "time": "2011-03-22T00:58:42.550000+00:00",
            "course": 258.45,
            "speed": 8.94,
            "depth": 84.5
          },
          {
            "time": "2011-03-22T00:58:50.550000+00:00",
            "course": 257.68,
            "speed": 8.94,
            "depth": 84.62
          },
          {
            "time": "2011-03-22T00:58:58.550000+00:00",
            "course": 257.24,
            "speed": 8.94,
            "depth": 84.62
          },
          {
            "time": "2011-03-22T00:59:06.550000+00:00",
            "course": 257.12,
            "speed": 8.95,
            "depth": 84.62
          },
          {
            "time": "2011-03-22T00:59:14.550000+00:00",
            "course": 257.31,
            "speed": 8.95,
            "depth": 84.5
          },
          {
            "time": "2011-03-22T00:59:22.550000+00:00",
            "course": 257.75,
            "speed": 8.97,
            "depth": 84.5
          },
          {
            "time": "2011-03-22T00:59:30.550000+00:00",
            "course": 258.44,
            "speed": 8.97,
            "depth": 84.5
          },
          {
            "time": "2011-03-22T00:59:38.550000+00:00",
            "course": 259.26,
            "speed": 8.97,
            "depth": 84.62
          },
          {
            "time": "2011-03-22T00:59:46.550000+00:00",
            "course": 259.9,
            "speed": 8.97,
            "depth": 84.74
          },
          {
            "time": "2011-03-22T00:59:54.550000+00:00",
            "course": 260.23,
            "speed": 8.97,
            "depth": 84.74
          },
          {
            "time": "2011-03-22T01:00:02.550000+00:00",
            "course": 260.24,
            "speed": 8.97,
            "depth": 84.74
          },
          {
            "time": "2011-03-22T01:00:10.550000+00:00",
            "course": 260.0,
            "speed": 8.97,
            "depth": 84.74
          },
          {
            "time": "2011-03-22T01:00:18.550000+00:00",
            "course": 259.52,
            "speed": 8.97,
            "depth": 84.74
          },
          {
            "time": "2011-03-22T01:00:26.550000+00:00",
            "course": 258.79,
            "speed": 8.97,
            "depth": 84.74
          },
          {
            "time": "2011-03-22T01:00:34.550000+00:00",
            "course": 257.99,
            "speed": 8.97,
            "depth": 84.86
          },
          {
            "time": "2011-03-22T01:00:42.550000+00:00",
            "course": 257.4,
            "speed": 8.97,
            "depth": 84.98
          },
          {
            "time": "2011-03-22T01:00:50.550000+00:00",
            "course": 257.16,
            "speed": 8.97,
            "depth": 85.11
          },
          {
            "time": "2011-03-22T01:00:58.550000+00:00",
            "course": 257.25,
            "speed": 8.97,
            "depth": 85.11
          },
          {
            "time": "2011-03-22T01:01:06.550000+00:00",
            "course": 257.59,
            "speed": 8.99,
            "depth": 85.11
          },
          {
            "time": "2011-03-22T01:01:14.550000+00:00",
            "course": 258.18,
            "speed": 8.99,
            "depth": 85.11
          },
          {
            "time": "2011-03-22T01:01:22.550000+00:00",
            "course": 258.94,
            "speed": 8.99,
            "depth": 85.11
          },
          {
            "time": "2011-03-22T01:01:30.550000+00:00",
            "course": 259.67,
            "speed": 8.99,
            "depth": 85.11
          },
          {
            "time": "2011-03-22T01:01:38.550000+00:00",
            "course": 260.06,
            "speed": 8.98,
            "depth": 85.11
          },
          {
            "time": "2011-03-22T01:01:46.550000+00:00",
            "course": 258.11,
            "speed": 8.93,
            "depth": 85.11
          },
          {
            "time": "2011-03-22T01:01:54.550000+00:00",
            "course": 253.43,
            "speed": 8.88,
            "depth": 85.11
          },
          {
            "time": "2011-03-22T01:02:02.550000+00:00",
            "course": 246.8,
            "speed": 8.79,
            "depth": 85.11
          },
          {
            "time": "2011-03-22T01:02:10.550000+00:00",
            "course": 239.62,
            "speed": 8.72,
            "depth": 85.11
          },
          {
            "time": "2011-03-22T01:02:18.550000+00:00",
            "course": 234.04,
            "speed": 8.63,
            "depth": 85.11
          },
          {
            "time": "2011-03-22T01:02:26.550000+00:00",
            "course": 229.9,
            "speed": 8.56,
            "depth": 85.11
          },
          {
            "time": "2011-03-22T01:02:34.550000+00:00",
            "course": 227.9,
            "speed": 8.52,
            "depth": 85.11
          },
          {
            "time": "2011-03-22T01:02:42.550000+00:00",
            "course": 226.19,
            "speed": 8.47,
            "depth": 84.98
          },
          {
            "time": "2011-03-22T01:02:50.550000+00:00",
            "course": 225.4,
            "speed": 8.45,
            "depth": 84.98
          },
          {
            "time": "2011-03-22T01:02:58.550000+00:00",
            "course": 225.62,
            "speed": 8.45,
            "depth": 84.98
          },
          {
            "time": "2011-03-22T01:03:06.550000+00:00",
            "course": 226.01,
            "speed": 8.45,
            "depth": 84.98
          },
          {
            "time": "2011-03-22T01:03:14.550000+00:00",
            "course": 226.44,
            "speed": 8.43,
            "depth": 84.98
          },
          {
            "time": "2011-03-22T01:03:22.550000+00:00",
            "course": 226.25,
            "speed": 8.43,
            "depth": 84.98
          },
          {
            "time": "2011-03-22T01:03:30.550000+00:00",
            "course": 225.45,
            "speed": 8.41,
            "depth": 84.98
          },
          {
            "time": "2011-03-22T01:03:38.550000+00:00",
            "course": 224.22,
            "speed": 8.41,
            "depth": 84.98
          },
          {
            "time": "2011-03-22T01:03:46.550000+00:00",
            "course": 223.01,
            "speed": 8.41,
            "depth": 84.86
          },
          {
            "time": "2011-03-22T01:03:54.550000+00:00",
            "course": 222.21,
            "speed": 8.41,
            "depth": 84.86
          },
          {
            "time": "2011-03-22T01:04:02.560000+00:00",
            "course": 221.86,
            "speed": 8.41,
            "depth": 84.86
          },
          {
            "time": "2011-03-22T01:04:10.550000+00:00",
            "course": 221.86,
            "speed": 8.41,
            "depth": 84.86
          },
          {
            "time": "2011-03-22T01:04:18.550000+00:00",
            "course": 222.21,
            "speed": 8.41,
            "depth": 84.98
          },
          {
            "time": "2011-03-22T01:04:26.550000+00:00",
            "course": 222.87,
            "speed": 8.41,
            "depth": 84.98
          },
          {
            "time": "2011-03-22T01:04:34.550000+00:00",
            "course": 223.8,
            "speed": 8.41,
            "depth": 84.98
          },
          {
            "time": "2011-03-22T01:04:42.550000+00:00",
            "course": 224.91,
            "speed": 8.41,
            "depth": 84.98
          },
          {
            "time": "2011-03-22T01:04:50.550000+00:00",
            "course": 225.77,
            "speed": 8.41,
            "depth": 84.98
          },
          {
            "time": "2011-03-22T01:04:58.550000+00:00",
            "course": 226.24,
            "speed": 8.41,
            "depth": 84.98
          },
          {
            "time": "2011-03-22T01:05:06.550000+00:00",
            "course": 226.38,
            "speed": 8.41,
            "depth": 84.98
          },
          {
            "time": "2011-03-22T01:05:14.550000+00:00",
            "course": 226.21,
            "speed": 8.41,
            "depth": 84.98
          },
          {
            "time": "2011-03-22T01:05:22.560000+00:00",
            "course": 225.77,
            "speed": 8.41,
            "depth": 84.98
          },
          {
            "time": "2011-03-22T01:05:30.560000+00:00",
            "course": 225.03,
            "speed": 8.41,
            "depth": 84.98
          },
          {
            "time": "2011-03-22T01:05:38.560000+00:00",
            "course": 224.09,
            "speed": 8.41,
            "depth": 84.98
          },
          {
            "time": "2011-03-22T01:05:46.560000+00:00",
            "course": 223.35,
            "speed": 8.41,
            "depth": 84.98
          },
          {
            "time": "2011-03-22T01:05:54.560000+00:00",
            "course": 222.87,
            "speed": 8.41,
            "depth": 84.98
          },
          {
            "time": "2011-03-22T01:06:02.560000+00:00",
            "course": 222.68,
            "speed": 8.41,
            "depth": 84.98
          },
          {
            "time": "2011-03-22T01:06:10.560000+00:00",
            "course": 222.75,
            "speed": 8.41,
            "depth": 84.98
          },
          {
            "time": "2011-03-22T01:06:18.560000+00:00",
            "course": 223.02,
            "speed": 8.41,
            "depth": 84.98
          },
          {
            "time": "2011-03-22T01:06:26.560000+00:00",
            "course": 223.52,
            "speed": 8.41,
            "depth": 84.98
          },
          {
            "time": "2011-03-22T01:06:34.560000+00:00",
            "course": 224.19,
            "speed": 8.41,
            "depth": 84.98
          },
          {
            "time": "2011-03-22T01:06:42.550000+00:00",
            "course": 225.01,
            "speed": 8.41,
            "depth": 85.11
          },
          {
            "time": "2011-03-22T01:06:50.550000+00:00",
            "course": 225.7,
            "speed": 8.41,
            "depth": 85.23
          },
          {
            "time": "2011-03-22T01:06:58.550000+00:00",
            "course": 226.15,
            "speed": 8.41,
            "depth": 85.23
          },
          {
            "time": "2011-03-22T01:07:06.550000+00:00",
            "course": 226.25,
            "speed": 8.41,
            "depth": 85.23
          },
          {
            "time": "2011-03-22T01:07:14.550000+00:00",
            "course": 226.04,
            "speed": 8.41,
            "depth": 85.11
          },
          {
            "time": "2011-03-22T01:07:22.560000+00:00",
            "course": 225.57,
            "speed": 8.41,
            "depth": 85.11
          },
          {
            "time": "2011-03-22T01:07:30.560000+00:00",
            "course": 224.82,
            "speed": 8.41,
            "depth": 85.11
          },
          {
            "time": "2011-03-22T01:07:38.560000+00:00",
            "course": 223.91,
            "speed": 8.41,
            "depth": 85.11
          },
          {
            "time": "2011-03-22T01:07:46.560000+00:00",
            "course": 223.22,
            "speed": 8.41,
            "depth": 85.23
          },
          {
            "time": "2011-03-22T01:07:54.560000+00:00",
            "course": 222.8,
            "speed": 8.41,
            "depth": 85.46
          },
          {
            "time": "2011-03-22T01:08:02.560000+00:00",
            "course": 222.68,
            "speed": 8.41,
            "depth": 85.59
          },
          {
            "time": "2011-03-22T01:08:10.560000+00:00",
            "course": 222.83,
            "speed": 8.41,
            "depth": 85.59
          },
          {
            "time": "2011-03-22T01:08:18.560000+00:00",
            "course": 223.19,
            "speed": 8.41,
            "depth": 85.59
          },
          {
            "time": "2011-03-22T01:08:26.560000+00:00",
            "course": 223.74,
            "speed": 8.41,
            "depth": 85.59
          },
          {
            "time": "2011-03-22T01:08:34.560000+00:00",
            "course": 224.48,
            "speed": 8.41,
            "depth": 85.59
          },
          {
            "time": "2011-03-22T01:08:42.550000+00:00",
            "course": 225.27,
            "speed": 8.41,
            "depth": 85.71
          },
          {
            "time": "2011-03-22T01:08:50.550000+00:00",
            "course": 225.89,
            "speed": 8.41,
            "depth": 85.83
          },
          {
            "time": "2011-03-22T01:08:58.550000+00:00",
            "course": 226.26,
            "speed": 8.41,
            "depth": 85.83
          },
          {
            "time": "2011-03-22T01:09:06.550000+00:00",
            "course": 226.41,
            "speed": 8.41,
            "depth": 85.83
          },
          {
            "time": "2011-03-22T01:09:14.550000+00:00",
            "course": 226.33,
            "speed": 8.41,
            "depth": 85.83
          },
          {
            "time": "2011-03-22T01:09:22.550000+00:00",
            "course": 226.0,
            "speed": 8.41,
            "depth": 85.83
          },
          {
            "time": "2011-03-22T01:09:30.550000+00:00",
            "course": 225.42,
            "speed": 8.41,
            "depth": 85.71
          },
          {
            "time": "2011-03-22T01:09:38.550000+00:00",
            "course": 224.56,
            "speed": 8.41,
            "depth": 85.71
          },
          {
            "time": "2011-03-22T01:09:46.550000+00:00",
            "course": 223.59,
            "speed": 8.41,
            "depth": 85.46
          },
          {
            "time": "2011-03-22T01:09:54.550000+00:00",
            "course": 222.88,
            "speed": 8.41,
            "depth": 85.46
          },
          {
            "time": "2011-03-22T01:10:02.560000+00:00",
            "course": 222.51,
            "speed": 8.41,
            "depth": 85.46
          },
          {
            "time": "2011-03-22T01:10:10.560000+00:00",
            "course": 222.5,
            "speed": 8.41,
            "depth": 85.46
          },
          {
            "time": "2011-03-22T01:10:18.560000+00:00",
            "course": 222.83,
            "speed": 8.41,
            "depth": 85.46
          },
          {
            "time": "2011-03-22T01:10:26.560000+00:00",
            "course": 223.49,
            "speed": 8.41,
            "depth": 85.46
          },
          {
            "time": "2011-03-22T01:10:34.560000+00:00",
            "course": 224.45,
            "speed": 8.41,
            "depth": 85.46
          },
          {
            "time": "2011-03-22T01:10:42.560000+00:00",
            "course": 225.41,
            "speed": 8.41,
            "depth": 85.34
          },
          {
            "time": "2011-03-22T01:10:50.560000+00:00",
            "course": 226.03,
            "speed": 8.38,
            "depth": 85.23
          },
          {
            "time": "2011-03-22T01:10:58.560000+00:00",
            "course": 226.36,
            "speed": 8.38,
            "depth": 85.11
          },
          {
            "time": "2011-03-22T01:11:06.560000+00:00",
            "course": 226.38,
            "speed": 8.38,
            "depth": 84.98
          },
          {
            "time": "2011-03-22T01:11:14.560000+00:00",
            "course": 226.1,
            "speed": 8.38,
            "depth": 84.98
          },
          {
            "time": "2011-03-22T01:11:22.560000+00:00",
            "course": 225.52,
            "speed": 8.38,
            "depth": 84.98
          },
          {
            "time": "2011-03-22T01:11:30.560000+00:00",
            "course": 224.61,
            "speed": 8.38,
            "depth": 84.98
          },
          {
            "time": "2011-03-22T01:11:38.560000+00:00",
            "course": 223.69,
            "speed": 8.38,
            "depth": 84.98
          },
          {
            "time": "2011-03-22T01:11:46.560000+00:00",
            "course": 223.0,
            "speed": 8.38,
            "depth": 84.86
          },
          {
            "time": "2011-03-22T01:11:54.560000+00:00",
            "course": 222.68,
            "speed": 8.38,
            "depth": 84.62
          },
          {
            "time": "2011-03-22T01:12:02.570000+00:00",
            "course": 222.73,
            "speed": 8.38,
            "depth": 84.26
          },
          {
            "time": "2011-03-22T01:12:10.570000+00:00",
            "course": 223.05,
            "speed": 8.38,
            "depth": 84.14
          },
          {
            "time": "2011-03-22T01:12:18.570000+00:00",
            "course": 223.69,
            "speed": 8.38,
            "depth": 84.14
          },
          {
            "time": "2011-03-22T01:12:26.570000+00:00",
            "course": 224.53,
            "speed": 8.38,
            "depth": 84.14
          },
          {
            "time": "2011-03-22T01:12:34.570000+00:00",
            "course": 225.41,
            "speed": 8.38,
            "depth": 84.14
          },
          {
            "time": "2011-03-22T01:12:42.560000+00:00",
            "course": 225.99,
            "speed": 8.38,
            "depth": 84.14
          },
          {
            "time": "2011-03-22T01:12:50.560000+00:00",
            "course": 226.26,
            "speed": 8.38,
            "depth": 84.14
          },
          {
            "time": "2011-03-22T01:12:58.560000+00:00",
            "course": 226.28,
            "speed": 8.36,
            "depth": 84.26
          },
          {
            "time": "2011-03-22T01:13:06.560000+00:00",
            "course": 226.03,
            "speed": 8.36,
            "depth": 84.26
          },
          {
            "time": "2011-03-22T01:13:14.560000+00:00",
            "course": 225.48,
            "speed": 8.35,
            "depth": 84.26
          },
          {
            "time": "2011-03-22T01:13:22.560000+00:00",
            "course": 224.69,
            "speed": 8.36,
            "depth": 84.26
          },
          {
            "time": "2011-03-22T01:13:30.560000+00:00",
            "course": 223.8,
            "speed": 8.35,
            "depth": 84.26
          },
          {
            "time": "2011-03-22T01:13:38.560000+00:00",
            "course": 223.07,
            "speed": 8.35,
            "depth": 84.38
          },
          {
            "time": "2011-03-22T01:13:46.560000+00:00",
            "course": 222.68,
            "speed": 8.36,
            "depth": 84.62
          },
          {
            "time": "2011-03-22T01:13:54.560000+00:00",
            "course": 222.62,
            "speed": 8.36,
            "depth": 84.74
          },
          {
            "time": "2011-03-22T01:14:02.560000+00:00",
            "course": 222.83,
            "speed": 8.37,
            "depth": 84.74
          },
          {
            "time": "2011-03-22T01:14:10.560000+00:00",
            "course": 223.3,
            "speed": 8.38,
            "depth": 84.74
          },
          {
            "time": "2011-03-22T01:14:18.560000+00:00",
            "course": 223.99,
            "speed": 8.38,
            "depth": 84.74
          },
          {
            "time": "2011-03-22T01:14:26.560000+00:00",
            "course": 224.83,
            "speed": 8.38,
            "depth": 84.74
          },
          {
            "time": "2011-03-22T01:14:34.560000+00:00",
            "course": 225.62,
            "speed": 8.38,
            "depth": 84.74
          },
          {
            "time": "2011-03-22T01:14:42.570000+00:00",
            "course": 226.13,
            "speed": 8.38,
            "depth": 84.98
          },
          {
            "time": "2011-03-22T01:14:50.570000+00:00",
            "course": 226.36,
            "speed": 8.38,
            "depth": 85.23
          },
          {
            "time": "2011-03-22T01:14:58.570000+00:00",
            "course": 226.37,
            "speed": 8.38,
            "depth": 85.46
          },
          {
            "time": "2011-03-22T01:15:06.570000+00:00",
            "course": 226.13,
            "speed": 8.38,
            "depth": 85.59
          },
          {
            "time": "2011-03-22T01:15:14.570000+00:00",
            "course": 225.63,
            "speed": 8.38,
            "depth": 85.59
          },
          {
            "time": "2011-03-22T01:15:22.560000+00:00",
            "course": 224.92,
            "speed": 8.38,
            "depth": 85.59
          },
          {
            "time": "2011-03-22T01:15:30.560000+00:00",
            "course": 224.02,
            "speed": 8.38,
            "depth": 85.59
          },
          {
            "time": "2011-03-22T01:15:38.560000+00:00",
            "course": 223.25,
            "speed": 8.38,
            "depth": 85.34
          },
          {
            "time": "2011-03-22T01:15:46.560000+00:00",
            "course": 222.75,
            "speed": 8.38,
            "depth": 85.34
          },
          {
            "time": "2011-03-22T01:15:54.560000+00:00",
            "course": 222.61,
            "speed": 8.38,
            "depth": 85.34
          },
          {
            "time": "2011-03-22T01:16:02.570000+00:00",
            "course": 222.79,
            "speed": 8.38,
            "depth": 85.46
          },
          {
            "time": "2011-03-22T01:16:10.570000+00:00",
            "course": 223.23,
            "speed": 8.38,
            "depth": 85.59
          },
          {
            "time": "2011-03-22T01:16:18.570000+00:00",
            "course": 223.95,
            "speed": 8.38,
            "depth": 85.59
          },
          {
            "time": "2011-03-22T01:16:26.570000+00:00",
            "course": 224.83,
            "speed": 8.38,
            "depth": 85.59
          },
          {
            "time": "2011-03-22T01:16:34.570000+00:00",
            "course": 225.7,
            "speed": 8.38,
            "depth": 85.59
          },
          {
            "time": "2011-03-22T01:16:42.570000+00:00",
            "course": 226.21,
            "speed": 8.38,
            "depth": 85.59
          },
          {
            "time": "2011-03-22T01:16:50.570000+00:00",
            "course": 226.46,
            "speed": 8.38,
            "depth": 85.59
          },
          {
            "time": "2011-03-22T01:16:58.570000+00:00",
            "course": 226.41,
            "speed": 8.38,
            "depth": 85.59
          },
          {
            "time": "2011-03-22T01:17:06.570000+00:00",
            "course": 226.03,
            "speed": 8.38,
            "depth": 85.59
          },
          {
            "time": "2011-03-22T01:17:14.570000+00:00",
            "course": 225.38,
            "speed": 8.38,
            "depth": 85.71
          },
          {
            "time": "2011-03-22T01:17:22.560000+00:00",
            "course": 224.49,
            "speed": 8.38,
            "depth": 85.83
          },
          {
            "time": "2011-03-22T01:17:30.560000+00:00",
            "course": 223.64,
            "speed": 8.38,
            "depth": 85.83
          },
          {
            "time": "2011-03-22T01:17:38.560000+00:00",
            "course": 223.03,
            "speed": 8.38,
            "depth": 85.71
          },
          {
            "time": "2011-03-22T01:17:46.560000+00:00",
            "course": 222.75,
            "speed": 8.38,
            "depth": 85.59
          },
          {
            "time": "2011-03-22T01:17:54.570000+00:00",
            "course": 222.73,
            "speed": 8.38,
            "depth": 85.59
          },
          {
            "time": "2011-03-22T01:18:02.560000+00:00",
            "course": 222.97,
            "speed": 8.38,
            "depth": 85.59
          },
          {
            "time": "2011-03-22T01:18:10.560000+00:00",
            "course": 223.42,
            "speed": 8.38,
            "depth": 85.59
          },
          {
            "time": "2011-03-22T01:18:18.560000+00:00",
            "course": 224.05,
            "speed": 8.38,
            "depth": 85.59
          },
          {
            "time": "2011-03-22T01:18:26.560000+00:00",
            "course": 224.81,
            "speed": 8.38,
            "depth": 85.59
          },
          {
            "time": "2011-03-22T01:18:34.560000+00:00",
            "course": 225.52,
            "speed": 8.38,
            "depth": 85.59
          },
          {
            "time": "2011-03-22T01:18:42.570000+00:00",
            "course": 226.04,
            "speed": 8.38,
            "depth": 85.59
          },
          {
            "time": "2011-03-22T01:18:50.570000+00:00",
            "course": 226.29,
            "speed": 8.38,
            "depth": 85.59
          },
          {
            "time": "2011-03-22T01:18:58.570000+00:00",
            "course": 226.32,
            "speed": 8.38,
            "depth": 85.59
          },
          {
            "time": "2011-03-22T01:19:06.570000+00:00",
            "course": 226.1,
            "speed": 8.38,
            "depth": 85.59
          },
          {
            "time": "2011-03-22T01:19:14.570000+00:00",
            "course": 225.65,
            "speed": 8.38,
            "depth": 85.59
          },
          {
            "time": "2011-03-22T01:19:22.570000+00:00",
            "course": 225.02,
            "speed": 8.38,
            "depth": 85.71
          },
          {
            "time": "2011-03-22T01:19:30.570000+00:00",
            "course": 224.24,
            "speed": 8.38,
            "depth": 85.83
          },
          {
            "time": "2011-03-22T01:19:38.570000+00:00",
            "course": 223.49,
            "speed": 8.38,
            "depth": 86.07
          },
          {
            "time": "2011-03-22T01:19:46.570000+00:00",
            "course": 222.93,
            "speed": 8.38,
            "depth": 86.19
          },
          {
            "time": "2011-03-22T01:19:54.570000+00:00",
            "course": 222.67,
            "speed": 8.38,
            "depth": 86.19
          },
          {
            "time": "2011-03-22T01:20:02.570000+00:00",
            "course": 222.68,
            "speed": 8.38,
            "depth": 86.19
          },
          {
            "time": "2011-03-22T01:20:10.570000+00:00",
            "course": 222.91,
            "speed": 8.38,
            "depth": 85.95
          },
          {
            "time": "2011-03-22T01:20:18.570000+00:00",
            "course": 223.39,
            "speed": 8.38,
            "depth": 85.95
          },
          {
            "time": "2011-03-22T01:20:26.570000+00:00",
            "course": 224.09,
            "speed": 8.38,
            "depth": 85.95
          },
          {
            "time": "2011-03-22T01:20:34.570000+00:00",
            "course": 224.91,
            "speed": 8.38,
            "depth": 85.95
          },
          {
            "time": "2011-03-22T01:20:42.570000+00:00",
            "course": 225.59,
            "speed": 8.38,
            "depth": 85.95
          },
          {
            "time": "2011-03-22T01:20:50.570000+00:00",
            "course": 226.03,
            "speed": 8.38,
            "depth": 85.83
          },
          {
            "time": "2011-03-22T01:20:58.570000+00:00",
            "course": 226.13,
            "speed": 8.38,
            "depth": 85.59
          },
          {
            "time": "2011-03-22T01:21:06.570000+00:00",
            "course": 226.02,
            "speed": 8.38,
            "depth": 85.46
          },
          {
            "time": "2011-03-22T01:21:14.570000+00:00",
            "course": 225.65,
            "speed": 8.36,
            "depth": 85.11
          },
          {
            "time": "2011-03-22T01:21:22.570000+00:00",
            "course": 225.11,
            "speed": 8.36,
            "depth": 85.11
          },
          {
            "time": "2011-03-22T01:21:30.570000+00:00",
            "course": 224.41,
            "speed": 8.36,
            "depth": 84.98
          },
          {
            "time": "2011-03-22T01:21:38.570000+00:00",
            "course": 223.63,
            "speed": 8.36,
            "depth": 84.98
          },
          {
            "time": "2011-03-22T01:21:46.570000+00:00",
            "course": 223.0,
            "speed": 8.36,
            "depth": 84.98
          },
          {
            "time": "2011-03-22T01:21:54.570000+00:00",
            "course": 222.64,
            "speed": 8.36,
            "depth": 84.86
          },
          {
            "time": "2011-03-22T01:22:02.570000+00:00",
            "course": 222.58,
            "speed": 8.36,
            "depth": 84.74
          },
          {
            "time": "2011-03-22T01:22:10.570000+00:00",
            "course": 222.76,
            "speed": 8.36,
            "depth": 84.5
          },
          {
            "time": "2011-03-22T01:22:18.570000+00:00",
            "course": 223.13,
            "speed": 8.36,
            "depth": 84.5
          },
          {
            "time": "2011-03-22T01:22:26.570000+00:00",
            "course": 223.76,
            "speed": 8.36,
            "depth": 84.5
          },
          {
            "time": "2011-03-22T01:22:34.570000+00:00",
            "course": 224.58,
            "speed": 8.36,
            "depth": 84.5
          },
          {
            "time": "2011-03-22T01:22:42.570000+00:00",
            "course": 225.41,
            "speed": 8.35,
            "depth": 84.62
          },
          {
            "time": "2011-03-22T01:22:50.570000+00:00",
            "course": 226.03,
            "speed": 8.35,
            "depth": 84.62
          },
          {
            "time": "2011-03-22T01:22:58.570000+00:00",
            "course": 226.36,
            "speed": 8.36,
            "depth": 84.74
          },
          {
            "time": "2011-03-22T01:23:06.570000+00:00",
            "course": 226.44,
            "speed": 8.36,
            "depth": 84.74
          },
          {
            "time": "2011-03-22T01:23:14.570000+00:00",
            "course": 226.29,
            "speed": 8.35,
            "depth": 84.74
          },
          {
            "time": "2011-03-22T01:23:22.570000+00:00",
            "course": 225.86,
            "speed": 8.34,
            "depth": 84.98
          },
          {
            "time": "2011-03-22T01:23:30.570000+00:00",
            "course": 225.2,
            "speed": 8.34,
            "depth": 85.23
          },
          {
            "time": "2011-03-22T01:23:38.570000+00:00",
            "course": 224.28,
            "speed": 8.22,
            "depth": 85.23
          },
          {
            "time": "2011-03-22T01:23:46.570000+00:00",
            "course": 223.45,
            "speed": 8.06,
            "depth": 85.23
          },
          {
            "time": "2011-03-22T01:23:54.570000+00:00",
            "course": 222.83,
            "speed": 7.93,
            "depth": 85.23
          },
          {
            "time": "2011-03-22T01:24:02.560000+00:00",
            "course": 222.55,
            "speed": 7.9,
            "depth": 85.23
          },
          {
            "time": "2011-03-22T01:24:10.560000+00:00",
            "course": 222.59,
            "speed": 7.99,
            "depth": 85.23
          },
          {
            "time": "2011-03-22T01:24:18.570000+00:00",
            "course": 222.86,
            "speed": 8.0,
            "depth": 85.23
          },
          {
            "time": "2011-03-22T01:24:26.560000+00:00",
            "course": 223.38,
            "speed": 7.96,
            "depth": 85.23
          },
          {
            "time": "2011-03-22T01:24:34.560000+00:00",
            "course": 224.12,
            "speed": 8.01,
            "depth": 85.46
          },
          {
            "time": "2011-03-22T01:24:42.570000+00:00",
            "course": 225.01,
            "speed": 7.96,
            "depth": 85.83
          },
          {
            "time": "2011-03-22T01:24:50.570000+00:00",
            "course": 225.79,
            "speed": 7.95,
            "depth": 86.07
          },
          {
            "time": "2011-03-22T01:24:58.570000+00:00",
            "course": 226.29,
            "speed": 7.82,
            "depth": 86.07
          },
          {
            "time": "2011-03-22T01:25:06.570000+00:00",
            "course": 226.48,
            "speed": 7.76,
            "depth": 86.07
          },
          {
            "time": "2011-03-22T01:25:14.570000+00:00",
            "course": 226.4,
            "speed": 7.71,
            "depth": 86.07
          },
          {
            "time": "2011-03-22T01:25:22.580000+00:00",
            "course": 226.01,
            "speed": 7.62,
            "depth": 86.07
          },
          {
            "time": "2011-03-22T01:25:30.580000+00:00",
            "course": 225.38,
            "speed": 7.52,
            "depth": 86.07
          },
          {
            "time": "2011-03-22T01:25:38.580000+00:00",
            "course": 224.57,
            "speed": 7.46,
            "depth": 86.19
          },
          {
            "time": "2011-03-22T01:25:46.580000+00:00",
            "course": 223.69,
            "speed": 7.45,
            "depth": 86.19
          },
          {
            "time": "2011-03-22T01:25:54.580000+00:00",
            "course": 223.0,
            "speed": 7.41,
            "depth": 86.19
          },
          {
            "time": "2011-03-22T01:26:02.570000+00:00",
            "course": 222.62,
            "speed": 7.38,
            "depth": 86.19
          },
          {
            "time": "2011-03-22T01:26:10.570000+00:00",
            "course": 222.52,
            "speed": 7.36,
            "depth": 86.19
          },
          {
            "time": "2011-03-22T01:26:18.570000+00:00",
            "course": 222.68,
            "speed": 7.33,
            "depth": 86.19
          },
          {
            "time": "2011-03-22T01:26:26.570000+00:00",
            "course": 223.06,
            "speed": 7.27,
            "depth": 86.19
          },
          {
            "time": "2011-03-22T01:26:34.570000+00:00",
            "course": 223.68,
            "speed": 7.23,
            "depth": 86.19
          },
          {
            "time": "2011-03-22T01:26:42.570000+00:00",
            "course": 224.48,
            "speed": 7.21,
            "depth": 86.19
          },
          {
            "time": "2011-03-22T01:26:50.570000+00:00",
            "course": 225.34,
            "speed": 7.13,
            "depth": 86.19
          },
          {
            "time": "2011-03-22T01:26:58.570000+00:00",
            "course": 226.01,
            "speed": 7.13,
            "depth": 86.19
          },
          {
            "time": "2011-03-22T01:27:06.570000+00:00",
            "course": 226.4,
            "speed": 7.11,
            "depth": 86.19
          },
          {
            "time": "2011-03-22T01:27:14.570000+00:00",
            "course": 226.48,
            "speed": 7.07,
            "depth": 86.19
          },
          {
            "time": "2011-03-22T01:27:22.570000+00:00",
            "course": 226.31,
            "speed": 7.01,
            "depth": 86.19
          },
          {
            "time": "2011-03-22T01:27:30.570000+00:00",
            "course": 225.88,
            "speed": 6.96,
            "depth": 86.19
          },
          {
            "time": "2011-03-22T01:27:38.570000+00:00",
            "course": 225.23,
            "speed": 6.94,
            "depth": 86.19
          },
          {
            "time": "2011-03-22T01:27:46.570000+00:00",
            "course": 224.41,
            "speed": 6.95,
            "depth": 86.19
          },
          {
            "time": "2011-03-22T01:27:54.570000+00:00",
            "course": 223.6,
            "speed": 6.92,
            "depth": 86.19
          },
          {
            "time": "2011-03-22T01:28:02.570000+00:00",
            "course": 222.98,
            "speed": 6.94,
            "depth": 86.07
          },
          {
            "time": "2011-03-22T01:28:10.570000+00:00",
            "course": 222.69,
            "speed": 6.95,
            "depth": 86.07
          },
          {
            "time": "2011-03-22T01:28:18.570000+00:00",
            "course": 223.0,
            "speed": 6.93,
            "depth": 86.07
          },
          {
            "time": "2011-03-22T01:28:26.570000+00:00",
            "course": 223.67,
            "speed": 6.94,
            "depth": 86.07
          },
          {
            "time": "2011-03-22T01:28:34.570000+00:00",
            "course": 224.28,
            "speed": 6.95,
            "depth": 86.07
          },
          {
            "time": "2011-03-22T01:28:42.580000+00:00",
            "course": 224.68,
            "speed": 6.91,
            "depth": 86.07
          },
          {
            "time": "2011-03-22T01:28:50.580000+00:00",
            "course": 224.81,
            "speed": 6.88,
            "depth": 86.31
          },
          {
            "time": "2011-03-22T01:28:58.580000+00:00",
            "course": 224.69,
            "speed": 6.85,
            "depth": 86.55
          },
          {
            "time": "2011-03-22T01:29:06.580000+00:00",
            "course": 224.34,
            "speed": 6.83,
            "depth": 86.55
          },
          {
            "time": "2011-03-22T01:29:14.580000+00:00",
            "course": 223.83,
            "speed": 6.83,
            "depth": 86.67
          },
          {
            "time": "2011-03-22T01:29:22.580000+00:00",
            "course": 223.13,
            "speed": 6.83,
            "depth": 86.67
          },
          {
            "time": "2011-03-22T01:29:30.580000+00:00",
            "course": 222.35,
            "speed": 6.88,
            "depth": 86.79
          },
          {
            "time": "2011-03-22T01:29:38.580000+00:00",
            "course": 221.65,
            "speed": 6.85,
            "depth": 86.91
          },
          {
            "time": "2011-03-22T01:29:46.580000+00:00",
            "course": 221.2,
            "speed": 6.83,
            "depth": 87.03
          },
          {
            "time": "2011-03-22T01:29:54.580000+00:00",
            "course": 220.99,
            "speed": 6.86,
            "depth": 87.03
          },
          {
            "time": "2011-03-22T01:30:02.580000+00:00",
            "course": 220.97,
            "speed": 6.83,
            "depth": 87.15
          },
          {
            "time": "2011-03-22T01:30:10.580000+00:00",
            "course": 221.13,
            "speed": 6.84,
            "depth": 87.15
          },
          {
            "time": "2011-03-22T01:30:18.580000+00:00",
            "course": 221.43,
            "speed": 6.88,
            "depth": 87.15
          },
          {
            "time": "2011-03-22T01:30:26.580000+00:00",
            "course": 221.9,
            "speed": 6.88,
            "depth": 86.91
          },
          {
            "time": "2011-03-22T01:30:34.580000+00:00",
            "course": 222.5,
            "speed": 6.92,
            "depth": 86.67
          },
          {
            "time": "2011-03-22T01:30:42.580000+00:00",
            "course": 223.19,
            "speed": 6.89,
            "depth": 86.55
          },
          {
            "time": "2011-03-22T01:30:50.580000+00:00",
            "course": 223.82,
            "speed": 6.92,
            "depth": 86.43
          },
          {
            "time": "2011-03-22T01:30:58.580000+00:00",
            "course": 224.32,
            "speed": 6.89,
            "depth": 86.43
          },
          {
            "time": "2011-03-22T01:31:06.580000+00:00",
            "course": 224.59,
            "speed": 6.88,
            "depth": 86.43
          },
          {
            "time": "2011-03-22T01:31:14.580000+00:00",
            "course": 224.68,
            "speed": 6.86,
            "depth": 86.31
          },
          {
            "time": "2011-03-22T01:31:22.580000+00:00",
            "course": 224.59,
            "speed": 6.87,
            "depth": 86.31
          },
          {
            "time": "2011-03-22T01:31:30.580000+00:00",
            "course": 224.31,
            "speed": 6.89,
            "depth": 86.07
          },
          {
            "time": "2011-03-22T01:31:38.580000+00:00",
            "course": 223.87,
            "speed": 6.88,
            "depth": 86.07
          },
          {
            "time": "2011-03-22T01:31:46.580000+00:00",
            "course": 223.26,
            "speed": 6.9,
            "depth": 86.07
          },
          {
            "time": "2011-03-22T01:31:54.580000+00:00",
            "course": 222.52,
            "speed": 6.86,
            "depth": 86.07
          },
          {
            "time": "2011-03-22T01:32:02.570000+00:00",
            "course": 221.75,
            "speed": 6.82,
            "depth": 86.07
          },
          {
            "time": "2011-03-22T01:32:10.570000+00:00",
            "course": 221.13,
            "speed": 6.85,
            "depth": 86.07
          },
          {
            "time": "2011-03-22T01:32:18.570000+00:00",
            "course": 220.78,
            "speed": 6.84,
            "depth": 86.07
          },
          {
            "time": "2011-03-22T01:32:26.570000+00:00",
            "course": 220.65,
            "speed": 6.84,
            "depth": 85.95
          },
          {
            "time": "2011-03-22T01:32:34.570000+00:00",
            "course": 220.8,
            "speed": 6.83,
            "depth": 85.83
          },
          {
            "time": "2011-03-22T01:32:42.580000+00:00",
            "course": 221.16,
            "speed": 6.95,
            "depth": 85.71
          },
          {
            "time": "2011-03-22T01:32:50.580000+00:00",
            "course": 221.75,
            "speed": 6.86,
            "depth": 85.71
          },
          {
            "time": "2011-03-22T01:32:58.580000+00:00",
            "course": 222.54,
            "speed": 6.84,
            "depth": 85.46
          },
          {
            "time": "2011-03-22T01:33:06.580000+00:00",
            "course": 223.37,
            "speed": 6.83,
            "depth": 85.46
          },
          {
            "time": "2011-03-22T01:33:14.580000+00:00",
            "course": 224.08,
            "speed": 6.78,
            "depth": 85.46
          },
          {
            "time": "2011-03-22T01:33:22.580000+00:00",
            "course": 224.54,
            "speed": 6.76,
            "depth": 85.34
          },
          {
            "time": "2011-03-22T01:33:30.580000+00:00",
            "course": 224.77,
            "speed": 6.77,
            "depth": 85.23
          },
          {
            "time": "2011-03-22T01:33:38.580000+00:00",
            "course": 224.82,
            "speed": 6.77,
            "depth": 85.11
          },
          {
            "time": "2011-03-22T01:33:46.580000+00:00",
            "course": 224.67,
            "speed": 6.77,
            "depth": 84.86
          },
          {
            "time": "2011-03-22T01:33:54.580000+00:00",
            "course": 224.26,
            "speed": 6.73,
            "depth": 84.86
          },
          {
            "time": "2011-03-22T01:34:02.580000+00:00",
            "course": 223.65,
            "speed": 6.73,
            "depth": 84.86
          },
          {
            "time": "2011-03-22T01:34:10.580000+00:00",
            "course": 222.84,
            "speed": 6.74,
            "depth": 84.86
          },
          {
            "time": "2011-03-22T01:34:18.580000+00:00",
            "course": 221.95,
            "speed": 6.73,
            "depth": 84.86
          },
          {
            "time": "2011-03-22T01:34:26.580000+00:00",
            "course": 221.22,
            "speed": 6.78,
            "depth": 84.98
          },
          {
            "time": "2011-03-22T01:34:34.580000+00:00",
            "course": 220.75,
            "speed": 6.79,
            "depth": 85.11
          },
          {
            "time": "2011-03-22T01:34:42.580000+00:00",
            "course": 220.53,
            "speed": 6.76,
            "depth": 85.11
          },
          {
            "time": "2011-03-22T01:34:50.580000+00:00",
            "course": 220.61,
            "speed": 6.83,
            "depth": 85.11
          },
          {
            "time": "2011-03-22T01:34:58.580000+00:00",
            "course": 220.94,
            "speed": 6.85,
            "depth": 85.11
          },
          {
            "time": "2011-03-22T01:35:06.580000+00:00",
            "course": 221.57,
            "speed": 6.87,
            "depth": 85.23
          },
          {
            "time": "2011-03-22T01:35:14.580000+00:00",
            "course": 222.48,
            "speed": 6.92,
            "depth": 85.34
          },
          {
            "time": "2011-03-22T01:35:22.580000+00:00",
            "course": 223.42,
            "speed": 6.97,
            "depth": 85.59
          },
          {
            "time": "2011-03-22T01:35:30.580000+00:00",
            "course": 224.12,
            "speed": 6.99,
            "depth": 85.83
          },
          {
            "time": "2011-03-22T01:35:38.580000+00:00",
            "course": 224.51,
            "speed": 6.99,
            "depth": 85.83
          },
          {
            "time": "2011-03-22T01:35:46.580000+00:00",
            "course": 224.63,
            "speed": 7.01,
            "depth": 85.83
          },
          {
            "time": "2011-03-22T01:35:54.580000+00:00",
            "course": 224.48,
            "speed": 7.05,
            "depth": 85.83
          },
          {
            "time": "2011-03-22T01:36:02.580000+00:00",
            "course": 224.1,
            "speed": 7.16,
            "depth": 85.83
          },
          {
            "time": "2011-03-22T01:36:10.580000+00:00",
            "course": 223.52,
            "speed": 7.1,
            "depth": 85.83
          },
          {
            "time": "2011-03-22T01:36:18.580000+00:00",
            "course": 222.79,
            "speed": 7.15,
            "depth": 85.83
          },
          {
            "time": "2011-03-22T01:36:26.580000+00:00",
            "course": 222.0,
            "speed": 7.18,
            "depth": 85.83
          },
          {
            "time": "2011-03-22T01:36:34.580000+00:00",
            "course": 221.38,
            "speed": 7.22,
            "depth": 85.71
          },
          {
            "time": "2011-03-22T01:36:42.570000+00:00",
            "course": 221.01,
            "speed": 7.25,
            "depth": 85.71
          },
          {
            "time": "2011-03-22T01:36:50.570000+00:00",
            "course": 220.87,
            "speed": 7.32,
            "depth": 85.59
          },
          {
            "time": "2011-03-22T01:36:58.570000+00:00",
            "course": 220.92,
            "speed": 7.65,
            "depth": 85.59
          },
          {
            "time": "2011-03-22T01:37:06.570000+00:00",
            "course": 221.24,
            "speed": 7.71,
            "depth": 85.59
          },
          {
            "time": "2011-03-22T01:37:14.570000+00:00",
            "course": 221.83,
            "speed": 7.74,
            "depth": 85.59
          },
          {
            "time": "2011-03-22T01:37:22.580000+00:00",
            "course": 222.58,
            "speed": 7.76,
            "depth": 85.59
          },
          {
            "time": "2011-03-22T01:37:30.580000+00:00",
            "course": 223.39,
            "speed": 7.79,
            "depth": 85.59
          },
          {
            "time": "2011-03-22T01:37:38.580000+00:00",
            "course": 224.02,
            "speed": 7.81,
            "depth": 85.59
          },
          {
            "time": "2011-03-22T01:37:46.580000+00:00",
            "course": 224.42,
            "speed": 7.84,
            "depth": 85.59
          },
          {
            "time": "2011-03-22T01:37:54.580000+00:00",
            "course": 224.58,
            "speed": 7.84,
            "depth": 85.59
          },
          {
            "time": "2011-03-22T01:38:02.580000+00:00",
            "course": 224.53,
            "speed": 7.86,
            "depth": 85.59
          },
          {
            "time": "2011-03-22T01:38:10.580000+00:00",
            "course": 224.27,
            "speed": 7.86,
            "depth": 85.59
          },
          {
            "time": "2011-03-22T01:38:18.580000+00:00",
            "course": 223.8,
            "speed": 7.86,
            "depth": 85.59
          },
          {
            "time": "2011-03-22T01:38:26.580000+00:00",
            "course": 223.1,
            "speed": 7.86,
            "depth": 85.34
          },
          {
            "time": "2011-03-22T01:38:34.580000+00:00",
            "course": 222.27,
            "speed": 7.86,
            "depth": 85.34
          },
          {
            "time": "2011-03-22T01:38:42.580000+00:00",
            "course": 221.48,
            "speed": 7.86,
            "depth": 85.34
          },
          {
            "time": "2011-03-22T01:38:50.580000+00:00",
            "course": 220.95,
            "speed": 7.86,
            "depth": 85.34
          },
          {
            "time": "2011-03-22T01:38:58.580000+00:00",
            "course": 220.71,
            "speed": 7.86,
            "depth": 85.34
          },
          {
            "time": "2011-03-22T01:39:06.580000+00:00",
            "course": 220.8,
            "speed": 7.84,
            "depth": 85.34
          },
          {
            "time": "2011-03-22T01:39:14.580000+00:00",
            "course": 221.17,
            "speed": 7.86,
            "depth": 85.34
          },
          {
            "time": "2011-03-22T01:39:22.580000+00:00",
            "course": 221.76,
            "speed": 7.84,
            "depth": 85.34
          },
          {
            "time": "2011-03-22T01:39:30.580000+00:00",
            "course": 222.58,
            "speed": 7.86,
            "depth": 85.34
          },
          {
            "time": "2011-03-22T01:39:38.580000+00:00",
            "course": 223.46,
            "speed": 7.88,
            "depth": 85.34
          },
          {
            "time": "2011-03-22T01:39:46.580000+00:00",
            "course": 224.1,
            "speed": 7.88,
            "depth": 85.34
          },
          {
            "time": "2011-03-22T01:39:54.580000+00:00",
            "course": 224.51,
            "speed": 7.9,
            "depth": 85.34
          },
          {
            "time": "2011-03-22T01:40:02.580000+00:00",
            "course": 224.63,
            "speed": 7.91,
            "depth": 85.34
          },
          {
            "time": "2011-03-22T01:40:10.580000+00:00",
            "course": 224.56,
            "speed": 7.91,
            "depth": 85.34
          },
          {
            "time": "2011-03-22T01:40:18.580000+00:00",
            "course": 224.22,
            "speed": 7.93,
            "depth": 85.23
          },
          {
            "time": "2011-03-22T01:40:26.580000+00:00",
            "course": 223.62,
            "speed": 7.93,
            "depth": 84.98
          },
          {
            "time": "2011-03-22T01:40:34.580000+00:00",
            "course": 222.8,
            "speed": 7.95,
            "depth": 84.86
          },
          {
            "time": "2011-03-22T01:40:42.580000+00:00",
            "course": 221.91,
            "speed": 7.95,
            "depth": 84.86
          },
          {
            "time": "2011-03-22T01:40:50.580000+00:00",
            "course": 221.18,
            "speed": 7.97,
            "depth": 84.86
          },
          {
            "time": "2011-03-22T01:40:58.580000+00:00",
            "course": 220.81,
            "speed": 7.97,
            "depth": 84.86
          },
          {
            "time": "2011-03-22T01:41:06.580000+00:00",
            "course": 220.74,
            "speed": 7.97,
            "depth": 84.86
          },
          {
            "time": "2011-03-22T01:41:14.580000+00:00",
            "course": 220.95,
            "speed": 7.97,
            "depth": 84.98
          },
          {
            "time": "2011-03-22T01:41:22.580000+00:00",
            "course": 221.41,
            "speed": 7.97,
            "depth": 85.11
          },
          {
            "time": "2011-03-22T01:41:30.580000+00:00",
            "course": 222.12,
            "speed": 7.97,
            "depth": 85.11
          },
          {
            "time": "2011-03-22T01:41:38.580000+00:00",
            "course": 223.05,
            "speed": 7.97,
            "depth": 85.23
          },
          {
            "time": "2011-03-22T01:41:46.580000+00:00",
            "course": 223.9,
            "speed": 7.97,
            "depth": 85.23
          },
          {
            "time": "2011-03-22T01:41:54.580000+00:00",
            "course": 224.51,
            "speed": 7.97,
            "depth": 85.23
          },
          {
            "time": "2011-03-22T01:42:02.590000+00:00",
            "course": 224.76,
            "speed": 7.97,
            "depth": 85.23
          },
          {
            "time": "2011-03-22T01:42:10.590000+00:00",
            "course": 224.67,
            "speed": 8.0,
            "depth": 85.23
          },
          {
            "time": "2011-03-22T01:42:18.590000+00:00",
            "course": 224.3,
            "speed": 8.0,
            "depth": 85.23
          },
          {
            "time": "2011-03-22T01:42:26.590000+00:00",
            "course": 223.62,
            "speed": 8.0,
            "depth": 85.23
          },
          {
            "time": "2011-03-22T01:42:34.590000+00:00",
            "course": 222.68,
            "speed": 7.99,
            "depth": 85.46
          },
          {
            "time": "2011-03-22T01:42:42.580000+00:00",
            "course": 221.82,
            "speed": 7.99,
            "depth": 85.71
          },
          {
            "time": "2011-03-22T01:42:50.590000+00:00",
            "course": 221.22,
            "speed": 7.97,
            "depth": 85.83
          },
          {
            "time": "2011-03-22T01:42:58.580000+00:00",
            "course": 220.98,
            "speed": 7.97,
            "depth": 85.83
          },
          {
            "time": "2011-03-22T01:43:06.580000+00:00",
            "course": 221.04,
            "speed": 7.97,
            "depth": 85.83
          },
          {
            "time": "2011-03-22T01:43:14.580000+00:00",
            "course": 221.34,
            "speed": 7.97,
            "depth": 85.83
          },
          {
            "time": "2011-03-22T01:43:22.580000+00:00",
            "course": 221.76,
            "speed": 8.0,
            "depth": 85.83
          },
          {
            "time": "2011-03-22T01:43:30.580000+00:00",
            "course": 222.36,
            "speed": 8.0,
            "depth": 85.71
          },
          {
            "time": "2011-03-22T01:43:38.580000+00:00",
            "course": 223.04,
            "speed": 8.0,
            "depth": 85.59
          },
          {
            "time": "2011-03-22T01:43:46.580000+00:00",
            "course": 223.69,
            "speed": 8.02,
            "depth": 85.59
          },
          {
            "time": "2011-03-22T01:43:54.580000+00:00",
            "course": 224.21,
            "speed": 8.02,
            "depth": 85.46
          },
          {
            "time": "2011-03-22T01:44:02.580000+00:00",
            "course": 224.48,
            "speed": 8.02,
            "depth": 85.46
          },
          {
            "time": "2011-03-22T01:44:10.580000+00:00",
            "course": 224.56,
            "speed": 8.02,
            "depth": 85.34
          },
          {
            "time": "2011-03-22T01:44:18.580000+00:00",
            "course": 224.42,
            "speed": 8.01,
            "depth": 85.34
          },
          {
            "time": "2011-03-22T01:44:26.580000+00:00",
            "course": 224.1,
            "speed": 8.01,
            "depth": 85.34
          },
          {
            "time": "2011-03-22T01:44:34.580000+00:00",
            "course": 223.61,
            "speed": 8.01,
            "depth": 85.34
          },
          {
            "time": "2011-03-22T01:44:42.580000+00:00",
            "course": 222.97,
            "speed": 8.01,
            "depth": 85.34
          },
          {
            "time": "2011-03-22T01:44:50.590000+00:00",
            "course": 222.21,
            "speed": 7.99,
            "depth": 85.34
          },
          {
            "time": "2011-03-22T01:44:58.590000+00:00",
            "course": 221.5,
            "speed": 8.0,
            "depth": 85.34
          },
          {
            "time": "2011-03-22T01:45:06.590000+00:00",
            "course": 221.07,
            "speed": 7.99,
            "depth": 85.34
          },
          {
            "time": "2011-03-22T01:45:14.590000+00:00",
            "course": 220.9,
            "speed": 7.99,
            "depth": 85.34
          },
          {
            "time": "2011-03-22T01:45:22.590000+00:00",
            "course": 220.98,
            "speed": 7.97,
            "depth": 85.46
          },
          {
            "time": "2011-03-22T01:45:30.590000+00:00",
            "course": 221.34,
            "speed": 7.97,
            "depth": 85.71
          },
          {
            "time": "2011-03-22T01:45:38.590000+00:00",
            "course": 221.89,
            "speed": 7.93,
            "depth": 86.07
          },
          {
            "time": "2011-03-22T01:45:46.590000+00:00",
            "course": 222.64,
            "speed": 7.91,
            "depth": 86.07
          },
          {
            "time": "2011-03-22T01:45:54.590000+00:00",
            "course": 223.45,
            "speed": 7.91,
            "depth": 86.19
          },
          {
            "time": "2011-03-22T01:46:02.590000+00:00",
            "course": 224.1,
            "speed": 7.9,
            "depth": 86.31
          },
          {
            "time": "2011-03-22T01:46:10.590000+00:00",
            "course": 224.46,
            "speed": 7.87,
            "depth": 86.31
          },
          {
            "time": "2011-03-22T01:46:18.590000+00:00",
            "course": 224.54,
            "speed": 7.88,
            "depth": 86.31
          },
          {
            "time": "2011-03-22T01:46:26.600000+00:00",
            "course": 224.38,
            "speed": 7.9,
            "depth": 86.31
          },
          {
            "time": "2011-03-22T01:46:34.600000+00:00",
            "course": 223.99,
            "speed": 7.9,
            "depth": 86.31
          },
          {
            "time": "2011-03-22T01:46:42.600000+00:00",
            "course": 223.43,
            "speed": 7.9,
            "depth": 86.31
          },
          {
            "time": "2011-03-22T01:46:50.600000+00:00",
            "course": 222.7,
            "speed": 7.9,
            "depth": 86.31
          },
          {
            "time": "2011-03-22T01:46:58.600000+00:00",
            "course": 221.93,
            "speed": 7.93,
            "depth": 86.31
          },
          {
            "time": "2011-03-22T01:47:06.600000+00:00",
            "course": 221.29,
            "speed": 7.91,
            "depth": 86.07
          },
          {
            "time": "2011-03-22T01:47:14.600000+00:00",
            "course": 220.97,
            "speed": 7.91,
            "depth": 85.83
          },
          {
            "time": "2011-03-22T01:47:22.600000+00:00",
            "course": 220.91,
            "speed": 7.92,
            "depth": 85.46
          },
          {
            "time": "2011-03-22T01:47:30.600000+00:00",
            "course": 221.02,
            "speed": 7.95,
            "depth": 85.11
          },
          {
            "time": "2011-03-22T01:47:38.600000+00:00",
            "course": 221.3,
            "speed": 7.97,
            "depth": 84.74
          },
          {
            "time": "2011-03-22T01:47:46.600000+00:00",
            "course": 221.68,
            "speed": 7.97,
            "depth": 84.38
          },
          {
            "time": "2011-03-22T01:47:54.600000+00:00",
            "course": 222.18,
            "speed": 8.02,
            "depth": 84.14
          },
          {
            "time": "2011-03-22T01:48:02.590000+00:00",
            "course": 222.73,
            "speed": 8.02,
            "depth": 84.14
          },
          {
            "time": "2011-03-22T01:48:10.600000+00:00",
            "course": 223.29,
            "speed": 8.04,
            "depth": 84.14
          },
          {
            "time": "2011-03-22T01:48:18.600000+00:00",
            "course": 223.77,
            "speed": 8.03,
            "depth": 84.14
          },
          {
            "time": "2011-03-22T01:48:26.600000+00:00",
            "course": 224.18,
            "speed": 8.03,
            "depth": 84.14
          },
          {
            "time": "2011-03-22T01:48:34.600000+00:00",
            "course": 224.41,
            "speed": 8.01,
            "depth": 84.14
          },
          {
            "time": "2011-03-22T01:48:42.600000+00:00",
            "course": 224.46,
            "speed": 8.01,
            "depth": 84.14
          },
          {
            "time": "2011-03-22T01:48:50.600000+00:00",
            "course": 224.41,
            "speed": 8.01,
            "depth": 84.14
          },
          {
            "time": "2011-03-22T01:48:58.600000+00:00",
            "course": 224.13,
            "speed": 7.99,
            "depth": 84.14
          },
          {
            "time": "2011-03-22T01:49:06.600000+00:00",
            "course": 223.7,
            "speed": 8.02,
            "depth": 84.38
          },
          {
            "time": "2011-03-22T01:49:14.600000+00:00",
            "course": 223.08,
            "speed": 8.04,
            "depth": 84.5
          },
          {
            "time": "2011-03-22T01:49:22.600000+00:00",
            "course": 222.32,
            "speed": 8.09,
            "depth": 84.62
          },
          {
            "time": "2011-03-22T01:49:30.610000+00:00",
            "course": 221.64,
            "speed": 8.11,
            "depth": 84.62
          },
          {
            "time": "2011-03-22T01:49:38.610000+00:00",
            "course": 221.12,
            "speed": 8.11,
            "depth": 84.62
          },
          {
            "time": "2011-03-22T01:49:46.610000+00:00",
            "course": 220.93,
            "speed": 8.1,
            "depth": 84.62
          },
          {
            "time": "2011-03-22T01:49:54.610000+00:00",
            "course": 221.01,
            "speed": 8.1,
            "depth": 84.62
          },
          {
            "time": "2011-03-22T01:50:02.600000+00:00",
            "course": 221.37,
            "speed": 8.08,
            "depth": 84.86
          },
          {
            "time": "2011-03-22T01:50:10.600000+00:00",
            "course": 221.96,
            "speed": 8.08,
            "depth": 84.98
          },
          {
            "time": "2011-03-22T01:50:18.600000+00:00",
            "course": 222.75,
            "speed": 8.06,
            "depth": 84.98
          },
          {
            "time": "2011-03-22T01:50:26.600000+00:00",
            "course": 223.63,
            "speed": 8.06,
            "depth": 84.98
          },
          {
            "time": "2011-03-22T01:50:34.600000+00:00",
            "course": 224.31,
            "speed": 8.06,
            "depth": 84.98
          },
          {
            "time": "2011-03-22T01:50:42.600000+00:00",
            "course": 224.76,
            "speed": 8.06,
            "depth": 84.98
          },
          {
            "time": "2011-03-22T01:50:50.610000+00:00",
            "course": 224.9,
            "speed": 8.03,
            "depth": 84.98
          },
          {
            "time": "2011-03-22T01:50:58.610000+00:00",
            "course": 224.74,
            "speed": 8.01,
            "depth": 84.98
          },
          {
            "time": "2011-03-22T01:51:06.610000+00:00",
            "course": 224.29,
            "speed": 8.0,
            "depth": 84.98
          },
          {
            "time": "2011-03-22T01:51:14.610000+00:00",
            "course": 223.53,
            "speed": 7.99,
            "depth": 85.11
          },
          {
            "time": "2011-03-22T01:51:22.610000+00:00",
            "course": 222.57,
            "speed": 7.99,
            "depth": 85.11
          },
          {
            "time": "2011-03-22T01:51:30.610000+00:00",
            "course": 221.65,
            "speed": 7.97,
            "depth": 85.11
          },
          {
            "time": "2011-03-22T01:51:38.610000+00:00",
            "course": 221.04,
            "speed": 7.94,
            "depth": 85.11
          },
          {
            "time": "2011-03-22T01:51:46.610000+00:00",
            "course": 220.76,
            "speed": 7.94,
            "depth": 85.11
          },
          {
            "time": "2011-03-22T01:51:54.610000+00:00",
            "course": 220.82,
            "speed": 7.92,
            "depth": 85.11
          },
          {
            "time": "2011-03-22T01:52:02.600000+00:00",
            "course": 221.2,
            "speed": 7.92,
            "depth": 85.11
          },
          {
            "time": "2011-03-22T01:52:10.600000+00:00",
            "course": 221.89,
            "speed": 7.92,
            "depth": 84.98
          },
          {
            "time": "2011-03-22T01:52:18.600000+00:00",
            "course": 222.82,
            "speed": 7.9,
            "depth": 84.98
          },
          {
            "time": "2011-03-22T01:52:26.600000+00:00",
            "course": 223.77,
            "speed": 7.9,
            "depth": 84.98
          },
          {
            "time": "2011-03-22T01:52:34.600000+00:00",
            "course": 224.38,
            "speed": 7.9,
            "depth": 84.98
          },
          {
            "time": "2011-03-22T01:52:42.600000+00:00",
            "course": 224.67,
            "speed": 7.9,
            "depth": 84.98
          },
          {
            "time": "2011-03-22T01:52:50.610000+00:00",
            "course": 224.71,
            "speed": 7.9,
            "depth": 84.86
          },
          {
            "time": "2011-03-22T01:52:58.610000+00:00",
            "course": 224.45,
            "speed": 7.87,
            "depth": 84.74
          },
          {
            "time": "2011-03-22T01:53:06.610000+00:00",
            "course": 223.95,
            "speed": 7.88,
            "depth": 84.74
          },
          {
            "time": "2011-03-22T01:53:14.610000+00:00",
            "course": 223.17,
            "speed": 7.87,
            "depth": 84.74
          },
          {
            "time": "2011-03-22T01:53:22.610000+00:00",
            "course": 222.28,
            "speed": 7.87,
            "depth": 84.74
          },
          {
            "time": "2011-03-22T01:53:30.610000+00:00",
            "course": 221.52,
            "speed": 7.88,
            "depth": 85.11
          },
          {
            "time": "2011-03-22T01:53:38.610000+00:00",
            "course": 221.03,
            "speed": 7.89,
            "depth": 85.23
          },
          {
            "time": "2011-03-22T01:53:46.610000+00:00",
            "course": 220.79,
            "speed": 7.9,
            "depth": 85.23
          },
          {
            "time": "2011-03-22T01:53:54.610000+00:00",
            "course": 220.8,
            "speed": 7.9,
            "depth": 85.23
          },
          {
            "time": "2011-03-22T01:54:02.600000+00:00",
            "course": 221.0,
            "speed": 7.9,
            "depth": 85.23
          },
          {
            "time": "2011-03-22T01:54:10.600000+00:00",
            "course": 221.35,
            "speed": 7.91,
            "depth": 85.34
          },
          {
            "time": "2011-03-22T01:54:18.600000+00:00",
            "course": 221.92,
            "speed": 7.93,
            "depth": 85.46
          },
          {
            "time": "2011-03-22T01:54:26.600000+00:00",
            "course": 222.61,
            "speed": 7.93,
            "depth": 85.59
          },
          {
            "time": "2011-03-22T01:54:34.600000+00:00",
            "course": 223.38,
            "speed": 7.93,
            "depth": 85.59
          },
          {
            "time": "2011-03-22T01:54:42.600000+00:00",
            "course": 224.01,
            "speed": 7.93,
            "depth": 85.59
          },
          {
            "time": "2011-03-22T01:54:50.600000+00:00",
            "course": 224.37,
            "speed": 7.93,
            "depth": 85.59
          },
          {
            "time": "2011-03-22T01:54:58.600000+00:00",
            "course": 224.48,
            "speed": 7.93,
            "depth": 85.59
          },
          {
            "time": "2011-03-22T01:55:06.600000+00:00",
            "course": 224.38,
            "speed": 7.93,
            "depth": 85.59
          },
          {
            "time": "2011-03-22T01:55:14.600000+00:00",
            "course": 224.09,
            "speed": 7.91,
            "depth": 85.59
          },
          {
            "time": "2011-03-22T01:55:22.600000+00:00",
            "course": 223.59,
            "speed": 7.91,
            "depth": 85.59
          },
          {
            "time": "2011-03-22T01:55:30.610000+00:00",
            "course": 222.89,
            "speed": 7.93,
            "depth": 85.46
          },
          {
            "time": "2011-03-22T01:55:38.610000+00:00",
            "course": 222.1,
            "speed": 7.92,
            "depth": 85.23
          },
          {
            "time": "2011-03-22T01:55:46.610000+00:00",
            "course": 221.44,
            "speed": 7.91,
            "depth": 84.98
          },
          {
            "time": "2011-03-22T01:55:54.610000+00:00",
            "course": 220.98,
            "speed": 7.91,
            "depth": 84.98
          },
          {
            "time": "2011-03-22T01:56:02.600000+00:00",
            "course": 220.86,
            "speed": 7.91,
            "depth": 84.86
          },
          {
            "time": "2011-03-22T01:56:10.600000+00:00",
            "course": 221.0,
            "speed": 7.91,
            "depth": 84.86
          },
          {
            "time": "2011-03-22T01:56:18.600000+00:00",
            "course": 221.38,
            "speed": 7.9,
            "depth": 84.86
          },
          {
            "time": "2011-03-22T01:56:26.600000+00:00",
            "course": 222.01,
            "speed": 7.9,
            "depth": 84.86
          },
          {
            "time": "2011-03-22T01:56:34.600000+00:00",
            "course": 222.78,
            "speed": 7.9,
            "depth": 84.86
          },
          {
            "time": "2011-03-22T01:56:42.600000+00:00",
            "course": 223.58,
            "speed": 7.9,
            "depth": 84.86
          },
          {
            "time": "2011-03-22T01:56:50.600000+00:00",
            "course": 224.18,
            "speed": 7.9,
            "depth": 84.86
          },
          {
            "time": "2011-03-22T01:56:58.600000+00:00",
            "course": 224.51,
            "speed": 7.9,
            "depth": 84.86
          },
          {
            "time": "2011-03-22T01:57:06.600000+00:00",
            "course": 224.57,
            "speed": 7.9,
            "depth": 84.86
          },
          {
            "time": "2011-03-22T01:57:14.600000+00:00",
            "course": 224.36,
            "speed": 7.93,
            "depth": 84.98
          },
          {
            "time": "2011-03-22T01:57:22.600000+00:00",
            "course": 223.9,
            "speed": 7.91,
            "depth": 85.11
          },
          {
            "time": "2011-03-22T01:57:30.610000+00:00",
            "course": 223.24,
            "speed": 7.91,
            "depth": 85.11
          },
          {
            "time": "2011-03-22T01:57:38.610000+00:00",
            "course": 222.42,
            "speed": 7.9,
            "depth": 85.11
          },
          {
            "time": "2011-03-22T01:57:46.610000+00:00",
            "course": 221.64,
            "speed": 7.93,
            "depth": 85.11
          },
          {
            "time": "2011-03-22T01:57:54.610000+00:00",
            "course": 221.09,
            "speed": 7.93,
            "depth": 85.11
          },
          {
            "time": "2011-03-22T01:58:02.600000+00:00",
            "course": 220.85,
            "speed": 7.93,
            "depth": 85.11
          },
          {
            "time": "2011-03-22T01:58:10.600000+00:00",
            "course": 220.89,
            "speed": 7.93,
            "depth": 85.11
          },
          {
            "time": "2011-03-22T01:58:18.600000+00:00",
            "course": 221.13,
            "speed": 7.93,
            "depth": 85.11
          },
          {
            "time": "2011-03-22T01:58:26.600000+00:00",
            "course": 221.57,
            "speed": 7.93,
            "depth": 85.11
          },
          {
            "time": "2011-03-22T01:58:34.600000+00:00",
            "course": 222.2,
            "speed": 7.93,
            "depth": 85.23
          },
          {
            "time": "2011-03-22T01:58:42.600000+00:00",
            "course": 222.95,
            "speed": 7.93,
            "depth": 85.23
          },
          {
            "time": "2011-03-22T01:58:50.600000+00:00",
            "course": 223.69,
            "speed": 7.93,
            "depth": 85.23
          },
          {
            "time": "2011-03-22T01:58:58.600000+00:00",
            "course": 224.26,
            "speed": 7.93,
            "depth": 85.23
          },
          {
            "time": "2011-03-22T01:59:06.600000+00:00",
            "course": 224.59,
            "speed": 7.94,
            "depth": 85.23
          },
          {
            "time": "2011-03-22T01:59:14.600000+00:00",
            "course": 224.69,
            "speed": 7.93,
            "depth": 85.23
          },
          {
            "time": "2011-03-22T01:59:22.600000+00:00",
            "course": 224.5,
            "speed": 7.93,
            "depth": 85.23
          },
          {
            "time": "2011-03-22T01:59:30.610000+00:00",
            "course": 224.08,
            "speed": 7.95,
            "depth": 85.23
          },
          {
            "time": "2011-03-22T01:59:38.610000+00:00",
            "course": 223.46,
            "speed": 7.97,
            "depth": 85.34
          },
          {
            "time": "2011-03-22T01:59:46.610000+00:00",
            "course": 222.68,
            "speed": 7.97,
            "depth": 85.46
          },
          {
            "time": "2011-03-22T01:59:54.610000+00:00",
            "course": 221.85,
            "speed": 7.96,
            "depth": 85.59
          },
          {
            "time": "2011-03-22T02:00:02.600000+00:00",
            "course": 221.17,
            "speed": 7.96,
            "depth": 85.59
          },
          {
            "time": "2011-03-22T02:00:10.600000+00:00",
            "course": 220.79,
            "speed": 7.96,
            "depth": 85.59
          },
          {
            "time": "2011-03-22T02:00:18.600000+00:00",
            "course": 220.71,
            "speed": 7.96,
            "depth": 85.59
          },
          {
            "time": "2011-03-22T02:00:26.600000+00:00",
            "course": 220.95,
            "speed": 7.97,
            "depth": 85.59
          },
          {
            "time": "2011-03-22T02:00:34.600000+00:00",
            "course": 221.36,
            "speed": 7.97,
            "depth": 85.59
          },
          {
            "time": "2011-03-22T02:00:42.600000+00:00",
            "course": 222.02,
            "speed": 7.97,
            "depth": 85.59
          },
          {
            "time": "2011-03-22T02:00:50.610000+00:00",
            "course": 222.86,
            "speed": 7.97,
            "depth": 85.71
          },
          {
            "time": "2011-03-22T02:00:58.610000+00:00",
            "course": 223.71,
            "speed": 7.97,
            "depth": 85.71
          },
          {
            "time": "2011-03-22T02:01:06.610000+00:00",
            "course": 224.36,
            "speed": 7.94,
            "depth": 85.71
          },
          {
            "time": "2011-03-22T02:01:14.610000+00:00",
            "course": 224.72,
            "speed": 7.95,
            "depth": 85.59
          },
          {
            "time": "2011-03-22T02:01:22.610000+00:00",
            "course": 224.78,
            "speed": 7.94,
            "depth": 85.59
          },
          {
            "time": "2011-03-22T02:01:30.610000+00:00",
            "course": 224.58,
            "speed": 7.91,
            "depth": 85.59
          },
          {
            "time": "2011-03-22T02:01:38.610000+00:00",
            "course": 224.08,
            "speed": 7.91,
            "depth": 85.59
          },
          {
            "time": "2011-03-22T02:01:46.610000+00:00",
            "course": 223.33,
            "speed": 7.9,
            "depth": 85.59
          },
          {
            "time": "2011-03-22T02:01:54.610000+00:00",
            "course": 222.41,
            "speed": 7.9,
            "depth": 85.59
          },
          {
            "time": "2011-03-22T02:02:02.600000+00:00",
            "course": 221.53,
            "speed": 7.9,
            "depth": 85.59
          },
          {
            "time": "2011-03-22T02:02:10.600000+00:00",
            "course": 220.99,
            "speed": 7.9,
            "depth": 85.59
          },
          {
            "time": "2011-03-22T02:02:18.600000+00:00",
            "course": 220.78,
            "speed": 7.87,
            "depth": 85.59
          },
          {
            "time": "2011-03-22T02:02:26.600000+00:00",
            "course": 220.9,
            "speed": 7.86,
            "depth": 85.59
          },
          {
            "time": "2011-03-22T02:02:34.600000+00:00",
            "course": 221.31,
            "speed": 7.88,
            "depth": 85.83
          },
          {
            "time": "2011-03-22T02:02:42.600000+00:00",
            "course": 222.04,
            "speed": 7.88,
            "depth": 86.07
          },
          {
            "time": "2011-03-22T02:02:50.600000+00:00",
            "course": 222.98,
            "speed": 7.9,
            "depth": 86.07
          },
          {
            "time": "2011-03-22T02:02:58.600000+00:00",
            "course": 223.85,
            "speed": 7.9,
            "depth": 86.07
          },
          {
            "time": "2011-03-22T02:03:06.600000+00:00",
            "course": 224.45,
            "speed": 7.9,
            "depth": 86.07
          },
          {
            "time": "2011-03-22T02:03:14.600000+00:00",
            "course": 224.72,
            "speed": 7.9,
            "depth": 86.07
          },
          {
            "time": "2011-03-22T02:03:22.600000+00:00",
            "course": 224.7,
            "speed": 7.9,
            "depth": 86.07
          },
          {
            "time": "2011-03-22T02:03:30.610000+00:00",
            "course": 224.3,
            "speed": 7.9,
            "depth": 86.07
          },
          {
            "time": "2011-03-22T02:03:38.610000+00:00",
            "course": 223.59,
            "speed": 7.9,
            "depth": 86.07
          },
          {
            "time": "2011-03-22T02:03:46.610000+00:00",
            "course": 222.6,
            "speed": 7.9,
            "depth": 85.95
          },
          {
            "time": "2011-03-22T02:03:54.610000+00:00",
            "course": 221.63,
            "speed": 7.9,
            "depth": 85.83
          },
          {
            "time": "2011-03-22T02:04:02.610000+00:00",
            "course": 220.95,
            "speed": 7.93,
            "depth": 85.71
          },
          {
            "time": "2011-03-22T02:04:10.620000+00:00",
            "course": 220.58,
            "speed": 7.91,
            "depth": 85.59
          },
          {
            "time": "2011-03-22T02:04:18.620000+00:00",
            "course": 220.58,
            "speed": 7.91,
            "depth": 85.59
          },
          {
            "time": "2011-03-22T02:04:26.620000+00:00",
            "course": 220.9,
            "speed": 7.91,
            "depth": 85.59
          },
          {
            "time": "2011-03-22T02:04:34.620000+00:00",
            "course": 221.52,
            "speed": 7.91,
            "depth": 85.59
          },
          {
            "time": "2011-03-22T02:04:42.610000+00:00",
            "course": 222.5,
            "speed": 7.93,
            "depth": 85.59
          },
          {
            "time": "2011-03-22T02:04:50.610000+00:00",
            "course": 223.51,
            "speed": 7.93,
            "depth": 85.34
          },
          {
            "time": "2011-03-22T02:04:58.610000+00:00",
            "course": 224.27,
            "speed": 7.93,
            "depth": 85.11
          },
          {
            "time": "2011-03-22T02:05:06.610000+00:00",
            "course": 224.65,
            "speed": 7.93,
            "depth": 84.86
          },
          {
            "time": "2011-03-22T02:05:14.610000+00:00",
            "course": 224.7,
            "speed": 7.93,
            "depth": 84.74
          },
          {
            "time": "2011-03-22T02:05:22.610000+00:00",
            "course": 224.47,
            "speed": 7.94,
            "depth": 84.74
          },
          {
            "time": "2011-03-22T02:05:30.610000+00:00",
            "course": 223.95,
            "speed": 7.94,
            "depth": 84.74
          },
          {
            "time": "2011-03-22T02:05:38.610000+00:00",
            "course": 223.12,
            "speed": 7.91,
            "depth": 84.74
          },
          {
            "time": "2011-03-22T02:05:46.610000+00:00",
            "course": 222.14,
            "speed": 7.91,
            "depth": 84.74
          },
          {
            "time": "2011-03-22T02:05:54.610000+00:00",
            "course": 221.32,
            "speed": 7.92,
            "depth": 84.74
          },
          {
            "time": "2011-03-22T02:06:02.610000+00:00",
            "course": 220.84,
            "speed": 7.91,
            "depth": 84.74
          },
          {
            "time": "2011-03-22T02:06:10.610000+00:00",
            "course": 220.65,
            "speed": 7.91,
            "depth": 84.74
          },
          {
            "time": "2011-03-22T02:06:18.610000+00:00",
            "course": 220.75,
            "speed": 7.93,
            "depth": 84.74
          },
          {
            "time": "2011-03-22T02:06:26.610000+00:00",
            "course": 221.11,
            "speed": 7.93,
            "depth": 84.74
          },
          {
            "time": "2011-03-22T02:06:34.610000+00:00",
            "course": 221.73,
            "speed": 7.92,
            "depth": 84.86
          },
          {
            "time": "2011-03-22T02:06:42.600000+00:00",
            "course": 222.59,
            "speed": 7.93,
            "depth": 84.86
          },
          {
            "time": "2011-03-22T02:06:50.610000+00:00",
            "course": 223.51,
            "speed": 7.91,
            "depth": 84.86
          },
          {
            "time": "2011-03-22T02:06:58.610000+00:00",
            "course": 224.18,
            "speed": 7.91,
            "depth": 84.86
          },
          {
            "time": "2011-03-22T02:07:06.610000+00:00",
            "course": 224.48,
            "speed": 7.9,
            "depth": 84.86
          },
          {
            "time": "2011-03-22T02:07:14.610000+00:00",
            "course": 224.51,
            "speed": 7.9,
            "depth": 84.86
          },
          {
            "time": "2011-03-22T02:07:22.610000+00:00",
            "course": 224.25,
            "speed": 7.9,
            "depth": 84.86
          },
          {
            "time": "2011-03-22T02:07:30.610000+00:00",
            "course": 223.78,
            "speed": 7.9,
            "depth": 84.86
          },
          {
            "time": "2011-03-22T02:07:38.610000+00:00",
            "course": 223.07,
            "speed": 7.9,
            "depth": 84.86
          },
          {
            "time": "2011-03-22T02:07:46.610000+00:00",
            "course": 222.27,
            "speed": 7.93,
            "depth": 84.86
          },
          {
            "time": "2011-03-22T02:07:54.610000+00:00",
            "course": 221.52,
            "speed": 7.93,
            "depth": 84.86
          },
          {
            "time": "2011-03-22T02:08:02.610000+00:00",
            "course": 220.99,
            "speed": 7.95,
            "depth": 84.86
          },
          {
            "time": "2011-03-22T02:08:10.620000+00:00",
            "course": 220.75,
            "speed": 7.95,
            "depth": 84.86
          },
          {
            "time": "2011-03-22T02:08:18.620000+00:00",
            "course": 220.78,
            "speed": 7.97,
            "depth": 84.74
          },
          {
            "time": "2011-03-22T02:08:26.620000+00:00",
            "course": 221.08,
            "speed": 7.97,
            "depth": 84.74
          },
          {
            "time": "2011-03-22T02:08:34.620000+00:00",
            "course": 221.65,
            "speed": 7.97,
            "depth": 84.74
          },
          {
            "time": "2011-03-22T02:08:42.610000+00:00",
            "course": 222.36,
            "speed": 7.97,
            "depth": 84.86
          },
          {
            "time": "2011-03-22T02:08:50.620000+00:00",
            "course": 223.17,
            "speed": 7.97,
            "depth": 84.86
          },
          {
            "time": "2011-03-22T02:08:58.620000+00:00",
            "course": 223.87,
            "speed": 7.97,
            "depth": 84.86
          },
          {
            "time": "2011-03-22T02:09:06.620000+00:00",
            "course": 224.32,
            "speed": 7.95,
            "depth": 84.86
          },
          {
            "time": "2011-03-22T02:09:14.620000+00:00",
            "course": 224.5,
            "speed": 7.93,
            "depth": 84.86
          },
          {
            "time": "2011-03-22T02:09:22.620000+00:00",
            "course": 224.46,
            "speed": 7.92,
            "depth": 84.86
          },
          {
            "time": "2011-03-22T02:09:30.620000+00:00",
            "course": 224.24,
            "speed": 7.91,
            "depth": 84.98
          },
          {
            "time": "2011-03-22T02:09:38.620000+00:00",
            "course": 223.85,
            "speed": 7.91,
            "depth": 85.11
          },
          {
            "time": "2011-03-22T02:09:46.620000+00:00",
            "course": 223.28,
            "speed": 7.91,
            "depth": 85.23
          },
          {
            "time": "2011-03-22T02:09:54.620000+00:00",
            "course": 222.55,
            "speed": 7.91,
            "depth": 85.23
          },
          {
            "time": "2011-03-22T02:10:02.620000+00:00",
            "course": 221.8,
            "speed": 7.9,
            "depth": 85.23
          },
          {
            "time": "2011-03-22T02:10:10.620000+00:00",
            "course": 221.17,
            "speed": 7.9,
            "depth": 85.23
          },
          {
            "time": "2011-03-22T02:10:18.620000+00:00",
            "course": 220.84,
            "speed": 7.93,
            "depth": 85.23
          },
          {
            "time": "2011-03-22T02:10:26.620000+00:00",
            "course": 220.78,
            "speed": 7.93,
            "depth": 85.23
          },
          {
            "time": "2011-03-22T02:10:34.620000+00:00",
            "course": 220.96,
            "speed": 7.93,
            "depth": 85.23
          },
          {
            "time": "2011-03-22T02:10:42.620000+00:00",
            "course": 221.33,
            "speed": 7.93,
            "depth": 85.23
          },
          {
            "time": "2011-03-22T02:10:50.620000+00:00",
            "course": 221.82,
            "speed": 7.93,
            "depth": 85.23
          },
          {
            "time": "2011-03-22T02:10:58.610000+00:00",
            "course": 222.46,
            "speed": 7.91,
            "depth": 85.23
          },
          {
            "time": "2011-03-22T02:11:06.610000+00:00",
            "course": 223.19,
            "speed": 7.91,
            "depth": 85.23
          },
          {
            "time": "2011-03-22T02:11:14.610000+00:00",
            "course": 223.85,
            "speed": 7.91,
            "depth": 85.23
          },
          {
            "time": "2011-03-22T02:11:22.610000+00:00",
            "course": 224.29,
            "speed": 7.9,
            "depth": 85.11
          },
          {
            "time": "2011-03-22T02:11:30.620000+00:00",
            "course": 224.49,
            "speed": 7.9,
            "depth": 85.11
          },
          {
            "time": "2011-03-22T02:11:38.620000+00:00",
            "course": 224.51,
            "speed": 7.9,
            "depth": 85.11
          },
          {
            "time": "2011-03-22T02:11:46.620000+00:00",
            "course": 224.34,
            "speed": 7.87,
            "depth": 85.11
          },
          {
            "time": "2011-03-22T02:11:54.620000+00:00",
            "course": 224.0,
            "speed": 7.87,
            "depth": 85.11
          },
          {
            "time": "2011-03-22T02:12:02.620000+00:00",
            "course": 223.47,
            "speed": 7.87,
            "depth": 85.11
          },
          {
            "time": "2011-03-22T02:12:10.620000+00:00",
            "course": 222.81,
            "speed": 7.87,
            "depth": 85.11
          },
          {
            "time": "2011-03-22T02:12:18.620000+00:00",
            "course": 222.08,
            "speed": 7.87,
            "depth": 85.11
          },
          {
            "time": "2011-03-22T02:12:26.620000+00:00",
            "course": 221.4,
            "speed": 7.87,
            "depth": 85.11
          },
          {
            "time": "2011-03-22T02:12:34.620000+00:00",
            "course": 220.97,
            "speed": 7.87,
            "depth": 85.11
          },
          {
            "time": "2011-03-22T02:12:42.620000+00:00",
            "course": 220.81,
            "speed": 7.87,
            "depth": 85.11
          },
          {
            "time": "2011-03-22T02:12:50.630000+00:00",
            "course": 220.96,
            "speed": 7.87,
            "depth": 85.11
          },
          {
            "time": "2011-03-22T02:12:58.630000+00:00",
            "course": 221.33,
            "speed": 7.87,
            "depth": 85.23
          },
          {
            "time": "2011-03-22T02:13:06.620000+00:00",
            "course": 221.95,
            "speed": 7.87,
            "depth": 85.23
          },
          {
            "time": "2011-03-22T02:13:14.620000+00:00",
            "course": 222.77,
            "speed": 7.87,
            "depth": 85.34
          },
          {
            "time": "2011-03-22T02:13:22.620000+00:00",
            "course": 223.57,
            "speed": 7.87,
            "depth": 85.34
          },
          {
            "time": "2011-03-22T02:13:30.620000+00:00",
            "course": 224.2,
            "speed": 7.87,
            "depth": 85.34
          },
          {
            "time": "2011-03-22T02:13:38.620000+00:00",
            "course": 224.64,
            "speed": 7.87,
            "depth": 85.34
          },
          {
            "time": "2011-03-22T02:13:46.620000+00:00",
            "course": 224.85,
            "speed": 7.88,
            "depth": 85.34
          },
          {
            "time": "2011-03-22T02:13:54.620000+00:00",
            "course": 224.78,
            "speed": 7.87,
            "depth": 85.34
          },
          {
            "time": "2011-03-22T02:14:02.620000+00:00",
            "course": 224.41,
            "speed": 7.87,
            "depth": 85.34
          },
          {
            "time": "2011-03-22T02:14:10.620000+00:00",
            "course": 223.75,
            "speed": 7.84,
            "depth": 85.34
          },
          {
            "time": "2011-03-22T02:14:18.620000+00:00",
            "course": 222.82,
            "speed": 7.84,
            "depth": 85.34
          },
          {
            "time": "2011-03-22T02:14:26.620000+00:00",
            "course": 221.87,
            "speed": 7.84,
            "depth": 85.34
          },
          {
            "time": "2011-03-22T02:14:34.620000+00:00",
            "course": 221.11,
            "speed": 7.86,
            "depth": 85.34
          },
          {
            "time": "2011-03-22T02:14:42.620000+00:00",
            "course": 220.76,
            "speed": 7.86,
            "depth": 85.34
          },
          {
            "time": "2011-03-22T02:14:50.620000+00:00",
            "course": 220.77,
            "speed": 7.87,
            "depth": 85.23
          },
          {
            "time": "2011-03-22T02:14:58.620000+00:00",
            "course": 221.09,
            "speed": 7.88,
            "depth": 85.23
          },
          {
            "time": "2011-03-22T02:15:06.620000+00:00",
            "course": 221.73,
            "speed": 7.9,
            "depth": 85.23
          },
          {
            "time": "2011-03-22T02:15:14.620000+00:00",
            "course": 222.6,
            "speed": 7.9,
            "depth": 85.23
          },
          {
            "time": "2011-03-22T02:15:22.610000+00:00",
            "course": 223.52,
            "speed": 7.92,
            "depth": 85.23
          },
          {
            "time": "2011-03-22T02:15:30.620000+00:00",
            "course": 224.22,
            "speed": 7.92,
            "depth": 85.23
          },
          {
            "time": "2011-03-22T02:15:38.620000+00:00",
            "course": 224.6,
            "speed": 7.93,
            "depth": 85.23
          },
          {
            "time": "2011-03-22T02:15:46.620000+00:00",
            "course": 224.7,
            "speed": 7.93,
            "depth": 85.23
          },
          {
            "time": "2011-03-22T02:15:54.620000+00:00",
            "course": 224.55,
            "speed": 7.93,
            "depth": 85.23
          },
          {
            "time": "2011-03-22T02:16:02.620000+00:00",
            "course": 224.15,
            "speed": 7.93,
            "depth": 85.23
          },
          {
            "time": "2011-03-22T02:16:10.620000+00:00",
            "course": 223.55,
            "speed": 7.91,
            "depth": 85.23
          },
          {
            "time": "2011-03-22T02:16:18.620000+00:00",
            "course": 222.75,
            "speed": 7.91,
            "depth": 85.46
          },
          {
            "time": "2011-03-22T02:16:26.620000+00:00",
            "course": 221.92,
            "speed": 7.9,
            "depth": 85.46
          },
          {
            "time": "2011-03-22T02:16:34.620000+00:00",
            "course": 221.25,
            "speed": 7.9,
            "depth": 85.46
          },
          {
            "time": "2011-03-22T02:16:42.620000+00:00",
            "course": 220.87,
            "speed": 7.9,
            "depth": 85.46
          },
          {
            "time": "2011-03-22T02:16:50.620000+00:00",
            "course": 220.74,
            "speed": 7.9,
            "depth": 85.46
          },
          {
            "time": "2011-03-22T02:16:58.620000+00:00",
            "course": 220.89,
            "speed": 7.9,
            "depth": 85.46
          },
          {
            "time": "2011-03-22T02:17:06.620000+00:00",
            "course": 221.23,
            "speed": 7.9,
            "depth": 85.46
          },
          {
            "time": "2011-03-22T02:17:14.620000+00:00",
            "course": 221.75,
            "speed": 7.9,
            "depth": 85.46
          },
          {
            "time": "2011-03-22T02:17:22.610000+00:00",
            "course": 222.48,
            "speed": 7.9,
            "depth": 85.46
          },
          {
            "time": "2011-03-22T02:17:30.620000+00:00",
            "course": 223.32,
            "speed": 7.9,
            "depth": 85.46
          },
          {
            "time": "2011-03-22T02:17:38.620000+00:00",
            "course": 224.01,
            "speed": 7.91,
            "depth": 85.46
          },
          {
            "time": "2011-03-22T02:17:46.620000+00:00",
            "course": 224.5,
            "speed": 7.91,
            "depth": 85.46
          },
          {
            "time": "2011-03-22T02:17:54.620000+00:00",
            "course": 224.7,
            "speed": 7.91,
            "depth": 85.46
          },
          {
            "time": "2011-03-22T02:18:02.620000+00:00",
            "course": 224.59,
            "speed": 7.9,
            "depth": 85.46
          },
          {
            "time": "2011-03-22T02:18:10.620000+00:00",
            "course": 224.22,
            "speed": 7.9,
            "depth": 85.34
          },
          {
            "time": "2011-03-22T02:18:18.620000+00:00",
            "course": 223.57,
            "speed": 7.87,
            "depth": 85.23
          },
          {
            "time": "2011-03-22T02:18:26.620000+00:00",
            "course": 222.68,
            "speed": 7.87,
            "depth": 85.23
          },
          {
            "time": "2011-03-22T02:18:34.620000+00:00",
            "course": 221.79,
            "speed": 7.85,
            "depth": 85.23
          },
          {
            "time": "2011-03-22T02:18:42.620000+00:00",
            "course": 221.08,
            "speed": 7.84,
            "depth": 85.46
          },
          {
            "time": "2011-03-22T02:18:50.630000+00:00",
            "course": 220.73,
            "speed": 7.84,
            "depth": 85.46
          },
          {
            "time": "2011-03-22T02:18:58.630000+00:00",
            "course": 220.73,
            "speed": 7.85,
            "depth": 85.46
          },
          {
            "time": "2011-03-22T02:19:06.630000+00:00",
            "course": 221.02,
            "speed": 7.86,
            "depth": 85.46
          },
          {
            "time": "2011-03-22T02:19:14.630000+00:00",
            "course": 221.57,
            "speed": 7.86,
            "depth": 85.46
          },
          {
            "time": "2011-03-22T02:19:22.630000+00:00",
            "course": 222.35,
            "speed": 7.87,
            "depth": 85.46
          },
          {
            "time": "2011-03-22T02:19:30.630000+00:00",
            "course": 223.26,
            "speed": 7.88,
            "depth": 85.46
          },
          {
            "time": "2011-03-22T02:19:38.620000+00:00",
            "course": 224.01,
            "speed": 7.88,
            "depth": 85.59
          },
          {
            "time": "2011-03-22T02:19:46.620000+00:00",
            "course": 224.46,
            "speed": 7.88,
            "depth": 85.59
          },
          {
            "time": "2011-03-22T02:19:54.620000+00:00",
            "course": 224.65,
            "speed": 7.87,
            "depth": 85.59
          },
          {
            "time": "2011-03-22T02:20:02.620000+00:00",
            "course": 224.62,
            "speed": 7.87,
            "depth": 85.59
          },
          {
            "time": "2011-03-22T02:20:10.620000+00:00",
            "course": 224.35,
            "speed": 7.87,
            "depth": 85.59
          },
          {
            "time": "2011-03-22T02:20:18.620000+00:00",
            "course": 223.78,
            "speed": 7.84,
            "depth": 85.59
          },
          {
            "time": "2011-03-22T02:20:26.620000+00:00",
            "course": 222.95,
            "speed": 7.84,
            "depth": 85.59
          },
          {
            "time": "2011-03-22T02:20:34.620000+00:00",
            "course": 222.01,
            "speed": 7.84,
            "depth": 85.59
          },
          {
            "time": "2011-03-22T02:20:42.620000+00:00",
            "course": 221.21,
            "speed": 7.86,
            "depth": 85.59
          },
          {
            "time": "2011-03-22T02:20:50.620000+00:00",
            "course": 220.75,
            "speed": 7.88,
            "depth": 85.59
          },
          {
            "time": "2011-03-22T02:20:58.620000+00:00",
            "course": 220.65,
            "speed": 7.9,
            "depth": 85.34
          },
          {
            "time": "2011-03-22T02:21:06.620000+00:00",
            "course": 220.87,
            "speed": 7.9,
            "depth": 85.11
          },
          {
            "time": "2011-03-22T02:21:14.620000+00:00",
            "course": 221.43,
            "speed": 7.9,
            "depth": 85.11
          },
          {
            "time": "2011-03-22T02:21:22.620000+00:00",
            "course": 222.31,
            "speed": 7.9,
            "depth": 85.11
          },
          {
            "time": "2011-03-22T02:21:30.630000+00:00",
            "course": 223.33,
            "speed": 7.9,
            "depth": 85.11
          },
          {
            "time": "2011-03-22T02:21:38.620000+00:00",
            "course": 224.14,
            "speed": 7.9,
            "depth": 85.11
          },
          {
            "time": "2011-03-22T02:21:46.620000+00:00",
            "course": 224.64,
            "speed": 7.9,
            "depth": 85.11
          },
          {
            "time": "2011-03-22T02:21:54.620000+00:00",
            "course": 224.84,
            "speed": 7.9,
            "depth": 85.11
          },
          {
            "time": "2011-03-22T02:22:02.620000+00:00",
            "course": 224.7,
            "speed": 7.9,
            "depth": 85.11
          },
          {
            "time": "2011-03-22T02:22:10.620000+00:00",
            "course": 224.29,
            "speed": 7.9,
            "depth": 85.11
          },
          {
            "time": "2011-03-22T02:22:18.620000+00:00",
            "course": 223.57,
            "speed": 7.87,
            "depth": 85.11
          },
          {
            "time": "2011-03-22T02:22:26.620000+00:00",
            "course": 222.64,
            "speed": 7.87,
            "depth": 85.11
          },
          {
            "time": "2011-03-22T02:22:34.620000+00:00",
            "course": 221.72,
            "speed": 7.87,
            "depth": 85.11
          },
          {
            "time": "2011-03-22T02:22:42.620000+00:00",
            "course": 221.08,
            "speed": 7.87,
            "depth": 85.34
          },
          {
            "time": "2011-03-22T02:22:50.630000+00:00",
            "course": 220.78,
            "speed": 7.87,
            "depth": 85.34
          },
          {
            "time": "2011-03-22T02:22:58.630000+00:00",
            "course": 220.79,
            "speed": 7.87,
            "depth": 85.34
          },
          {
            "time": "2011-03-22T02:23:06.630000+00:00",
            "course": 221.12,
            "speed": 7.88,
            "depth": 85.34
          },
          {
            "time": "2011-03-22T02:23:14.630000+00:00",
            "course": 221.7,
            "speed": 7.88,
            "depth": 85.34
          },
          {
            "time": "2011-03-22T02:23:22.630000+00:00",
            "course": 222.51,
            "speed": 7.88,
            "depth": 85.34
          },
          {
            "time": "2011-03-22T02:23:30.630000+00:00",
            "course": 223.41,
            "speed": 7.87,
            "depth": 85.34
          },
          {
            "time": "2011-03-22T02:23:38.630000+00:00",
            "course": 224.16,
            "speed": 7.88,
            "depth": 85.46
          },
          {
            "time": "2011-03-22T02:23:46.630000+00:00",
            "course": 224.6,
            "speed": 7.88,
            "depth": 85.46
          },
          {
            "time": "2011-03-22T02:23:54.630000+00:00",
            "course": 224.75,
            "speed": 7.88,
            "depth": 85.59
          },
          {
            "time": "2011-03-22T02:24:02.620000+00:00",
            "course": 224.68,
            "speed": 7.88,
            "depth": 85.59
          },
          {
            "time": "2011-03-22T02:24:10.620000+00:00",
            "course": 224.35,
            "speed": 7.87,
            "depth": 85.59
          },
          {
            "time": "2011-03-22T02:24:18.620000+00:00",
            "course": 223.74,
            "speed": 7.88,
            "depth": 85.59
          },
          {
            "time": "2011-03-22T02:24:26.620000+00:00",
            "course": 222.94,
            "speed": 7.88,
            "depth": 85.59
          },
          {
            "time": "2011-03-22T02:24:34.620000+00:00",
            "course": 222.03,
            "speed": 7.88,
            "depth": 85.59
          },
          {
            "time": "2011-03-22T02:24:42.620000+00:00",
            "course": 221.3,
            "speed": 7.9,
            "depth": 85.59
          },
          {
            "time": "2011-03-22T02:24:50.630000+00:00",
            "course": 220.92,
            "speed": 7.9,
            "depth": 85.59
          },
          {
            "time": "2011-03-22T02:24:58.630000+00:00",
            "course": 220.8,
            "speed": 7.9,
            "depth": 85.59
          },
          {
            "time": "2011-03-22T02:25:06.630000+00:00",
            "course": 220.97,
            "speed": 7.9,
            "depth": 85.71
          },
          {
            "time": "2011-03-22T02:25:14.630000+00:00",
            "course": 221.37,
            "speed": 7.9,
            "depth": 85.71
          },
          {
            "time": "2011-03-22T02:25:22.630000+00:00",
            "course": 221.95,
            "speed": 7.87,
            "depth": 85.71
          },
          {
            "time": "2011-03-22T02:25:30.630000+00:00",
            "course": 222.73,
            "speed": 7.87,
            "depth": 85.71
          },
          {
            "time": "2011-03-22T02:25:38.630000+00:00",
            "course": 223.52,
            "speed": 7.88,
            "depth": 85.59
          },
          {
            "time": "2011-03-22T02:25:46.630000+00:00",
            "course": 224.17,
            "speed": 7.88,
            "depth": 85.59
          },
          {
            "time": "2011-03-22T02:25:54.630000+00:00",
            "course": 224.59,
            "speed": 7.87,
            "depth": 85.59
          },
          {
            "time": "2011-03-22T02:26:02.630000+00:00",
            "course": 224.73,
            "speed": 7.88,
            "depth": 85.59
          },
          {
            "time": "2011-03-22T02:26:10.630000+00:00",
            "course": 224.62,
            "speed": 7.87,
            "depth": 85.59
          },
          {
            "time": "2011-03-22T02:26:18.630000+00:00",
            "course": 224.28,
            "speed": 7.87,
            "depth": 85.59
          },
          {
            "time": "2011-03-22T02:26:26.630000+00:00",
            "course": 223.71,
            "speed": 7.87,
            "depth": 85.59
          },
          {
            "time": "2011-03-22T02:26:34.630000+00:00",
            "course": 222.9,
            "speed": 7.87,
            "depth": 85.59
          },
          {
            "time": "2011-03-22T02:26:42.630000+00:00",
            "course": 222.01,
            "speed": 7.88,
            "depth": 85.34
          },
          {
            "time": "2011-03-22T02:26:50.640000+00:00",
            "course": 221.28,
            "speed": 7.88,
            "depth": 85.34
          },
          {
            "time": "2011-03-22T02:26:58.640000+00:00",
            "course": 220.87,
            "speed": 7.9,
            "depth": 85.34
          },
          {
            "time": "2011-03-22T02:27:06.640000+00:00",
            "course": 220.79,
            "speed": 7.9,
            "depth": 85.34
          },
          {
            "time": "2011-03-22T02:27:14.640000+00:00",
            "course": 221.01,
            "speed": 7.9,
            "depth": 85.34
          },
          {
            "time": "2011-03-22T02:27:22.640000+00:00",
            "course": 221.51,
            "speed": 7.9,
            "depth": 85.34
          },
          {
            "time": "2011-03-22T02:27:30.640000+00:00",
            "course": 222.25,
            "speed": 7.91,
            "depth": 85.34
          },
          {
            "time": "2011-03-22T02:27:38.620000+00:00",
            "course": 223.13,
            "speed": 7.91,
            "depth": 85.34
          },
          {
            "time": "2011-03-22T02:27:46.600000+00:00",
            "course": 223.96,
            "speed": 7.91,
            "depth": 85.34
          },
          {
            "time": "2011-03-22T02:27:54.600000+00:00",
            "course": 224.51,
            "speed": 7.9,
            "depth": 85.34
          },
          {
            "time": "2011-03-22T02:28:02.640000+00:00",
            "course": 224.76,
            "speed": 7.9,
            "depth": 85.46
          },
          {
            "time": "2011-03-22T02:28:10.670000+00:00",
            "course": 224.72,
            "speed": 7.9,
            "depth": 85.46
          },
          {
            "time": "2011-03-22T02:28:18.680000+00:00",
            "course": 224.45,
            "speed": 7.89,
            "depth": 85.46
          },
          {
            "time": "2011-03-22T02:28:26.680000+00:00",
            "course": 223.98,
            "speed": 7.88,
            "depth": 85.46
          },
          {
            "time": "2011-03-22T02:28:34.680000+00:00",
            "course": 223.28,
            "speed": 7.88,
            "depth": 85.46
          },
          {
            "time": "2011-03-22T02:28:42.680000+00:00",
            "course": 222.46,
            "speed": 7.87,
            "depth": 85.46
          },
          {
            "time": "2011-03-22T02:28:50.680000+00:00",
            "course": 221.69,
            "speed": 7.87,
            "depth": 85.46
          },
          {
            "time": "2011-03-22T02:28:58.680000+00:00",
            "course": 220.9,
            "speed": 7.88,
            "depth": 85.46
          },
          {
            "time": "2011-03-22T02:29:06.680000+00:00",
            "course": 218.58,
            "speed": 7.85,
            "depth": 85.46
          },
          {
            "time": "2011-03-22T02:29:14.680000+00:00",
            "course": 214.84,
            "speed": 7.81,
            "depth": 85.46
          },
          {
            "time": "2011-03-22T02:29:22.680000+00:00",
            "course": 209.8,
            "speed": 7.75,
            "depth": 85.46
          },
          {
            "time": "2011-03-22T02:29:30.690000+00:00",
            "course": 203.71,
            "speed": 7.71,
            "depth": 85.46
          },
          {
            "time": "2011-03-22T02:29:38.690000+00:00",
            "course": 197.02,
            "speed": 7.61,
            "depth": 85.46
          },
          {
            "time": "2011-03-22T02:29:46.690000+00:00",
            "course": 189.96,
            "speed": 7.5,
            "depth": 85.46
          },
          {
            "time": "2011-03-22T02:29:54.690000+00:00",
            "course": 182.75,
            "speed": 7.4,
            "depth": 85.46
          },
          {
            "time": "2011-03-22T02:30:02.690000+00:00",
            "course": 175.51,
            "speed": 7.31,
            "depth": 85.46
          },
          {
            "time": "2011-03-22T02:30:10.690000+00:00",
            "course": 169.01,
            "speed": 7.24,
            "depth": 85.46
          },
          {
            "time": "2011-03-22T02:30:18.690000+00:00",
            "course": 163.42,
            "speed": 7.17,
            "depth": 85.59
          },
          {
            "time": "2011-03-22T02:30:26.690000+00:00",
            "course": 158.28,
            "speed": 7.13,
            "depth": 85.59
          },
          {
            "time": "2011-03-22T02:30:34.680000+00:00",
            "course": 153.42,
            "speed": 7.12,
            "depth": 85.71
          },
          {
            "time": "2011-03-22T02:30:42.680000+00:00",
            "course": 148.73,
            "speed": 7.1,
            "depth": 85.71
          },
          {
            "time": "2011-03-22T02:30:50.680000+00:00",
            "course": 144.18,
            "speed": 7.11,
            "depth": 85.95
          },
          {
            "time": "2011-03-22T02:30:58.680000+00:00",
            "course": 139.95,
            "speed": 7.12,
            "depth": 85.95
          },
          {
            "time": "2011-03-22T02:31:06.680000+00:00",
            "course": 136.44,
            "speed": 7.15,
            "depth": 85.95
          },
          {
            "time": "2011-03-22T02:31:14.680000+00:00",
            "course": 133.35,
            "speed": 7.18,
            "depth": 85.95
          },
          {
            "time": "2011-03-22T02:31:22.680000+00:00",
            "course": 130.67,
            "speed": 7.21,
            "depth": 85.95
          },
          {
            "time": "2011-03-22T02:31:30.690000+00:00",
            "course": 130.19,
            "speed": 7.25,
            "depth": 85.95
          },
          {
            "time": "2011-03-22T02:31:38.690000+00:00",
            "course": 131.81,
            "speed": 7.3,
            "depth": 85.83
          },
          {
            "time": "2011-03-22T02:31:46.690000+00:00",
            "course": 133.44,
            "speed": 7.34,
            "depth": 85.83
          },
          {
            "time": "2011-03-22T02:31:54.690000+00:00",
            "course": 134.92,
            "speed": 7.34,
            "depth": 85.83
          },
          {
            "time": "2011-03-22T02:32:02.690000+00:00",
            "course": 135.79,
            "speed": 7.37,
            "depth": 85.83
          },
          {
            "time": "2011-03-22T02:32:10.690000+00:00",
            "course": 135.78,
            "speed": 7.39,
            "depth": 85.59
          },
          {
            "time": "2011-03-22T02:32:18.690000+00:00",
            "course": 135.82,
            "speed": 7.41,
            "depth": 85.46
          },
          {
            "time": "2011-03-22T02:32:26.690000+00:00",
            "course": 135.85,
            "speed": 7.46,
            "depth": 85.23
          },
          {
            "time": "2011-03-22T02:32:34.690000+00:00",
            "course": 135.78,
            "speed": 7.49,
            "depth": 85.11
          },
          {
            "time": "2011-03-22T02:32:42.690000+00:00",
            "course": 135.56,
            "speed": 7.55,
            "depth": 85.11
          },
          {
            "time": "2011-03-22T02:32:50.680000+00:00",
            "course": 135.21,
            "speed": 7.6,
            "depth": 85.11
          },
          {
            "time": "2011-03-22T02:32:58.680000+00:00",
            "course": 134.72,
            "speed": 7.62,
            "depth": 85.11
          },
          {
            "time": "2011-03-22T02:33:06.680000+00:00",
            "course": 134.14,
            "speed": 7.65,
            "depth": 85.11
          },
          {
            "time": "2011-03-22T02:33:14.680000+00:00",
            "course": 133.52,
            "speed": 7.65,
            "depth": 85.11
          },
          {
            "time": "2011-03-22T02:33:22.680000+00:00",
            "course": 132.92,
            "speed": 7.67,
            "depth": 84.86
          },
          {
            "time": "2011-03-22T02:33:30.680000+00:00",
            "course": 132.49,
            "speed": 7.69,
            "depth": 84.86
          },
          {
            "time": "2011-03-22T02:33:38.680000+00:00",
            "course": 132.25,
            "speed": 7.69,
            "depth": 84.86
          },
          {
            "time": "2011-03-22T02:33:46.680000+00:00",
            "course": 132.21,
            "speed": 7.71,
            "depth": 84.86
          },
          {
            "time": "2011-03-22T02:33:54.680000+00:00",
            "course": 132.34,
            "speed": 7.71,
            "depth": 84.86
          },
          {
            "time": "2011-03-22T02:34:02.680000+00:00",
            "course": 132.63,
            "speed": 7.71,
            "depth": 84.86
          },
          {
            "time": "2011-03-22T02:34:10.690000+00:00",
            "course": 133.1,
            "speed": 7.75,
            "depth": 84.86
          },
          {
            "time": "2011-03-22T02:34:18.690000+00:00",
            "course": 133.68,
            "speed": 7.76,
            "depth": 84.86
          },
          {
            "time": "2011-03-22T02:34:26.690000+00:00",
            "course": 134.35,
            "speed": 7.78,
            "depth": 84.86
          },
          {
            "time": "2011-03-22T02:34:34.690000+00:00",
            "course": 135.03,
            "speed": 7.79,
            "depth": 84.86
          },
          {
            "time": "2011-03-22T02:34:42.690000+00:00",
            "course": 135.53,
            "speed": 7.83,
            "depth": 84.86
          },
          {
            "time": "2011-03-22T02:34:50.690000+00:00",
            "course": 135.8,
            "speed": 7.85,
            "depth": 84.86
          },
          {
            "time": "2011-03-22T02:34:58.690000+00:00",
            "course": 135.87,
            "speed": 7.86,
            "depth": 84.98
          },
          {
            "time": "2011-03-22T02:35:06.690000+00:00",
            "course": 135.72,
            "speed": 7.88,
            "depth": 85.11
          },
          {
            "time": "2011-03-22T02:35:14.690000+00:00",
            "course": 135.36,
            "speed": 7.88,
            "depth": 85.23
          },
          {
            "time": "2011-03-22T02:35:22.690000+00:00",
            "course": 134.8,
            "speed": 7.87,
            "depth": 85.23
          },
          {
            "time": "2011-03-22T02:35:30.690000+00:00",
            "course": 134.1,
            "speed": 7.88,
            "depth": 85.23
          },
          {
            "time": "2011-03-22T02:35:38.690000+00:00",
            "course": 133.34,
            "speed": 7.9,
            "depth": 85.11
          },
          {
            "time": "2011-03-22T02:35:46.690000+00:00",
            "course": 132.75,
            "speed": 7.9,
            "depth": 85.11
          },
          {
            "time": "2011-03-22T02:35:54.690000+00:00",
            "course": 132.41,
            "speed": 7.9,
            "depth": 85.11
          },
          {
            "time": "2011-03-22T02:36:02.690000+00:00",
            "course": 132.31,
            "speed": 7.9,
            "depth": 85.11
          },
          {
            "time": "2011-03-22T02:36:10.690000+00:00",
            "course": 132.48,
            "speed": 7.9,
            "depth": 84.86
          },
          {
            "time": "2011-03-22T02:36:18.690000+00:00",
            "course": 132.82,
            "speed": 7.87,
            "depth": 84.86
          },
          {
            "time": "2011-03-22T02:36:26.690000+00:00",
            "course": 133.39,
            "speed": 7.84,
            "depth": 84.74
          },
          {
            "time": "2011-03-22T02:36:34.690000+00:00",
            "course": 134.15,
            "speed": 7.84,
            "depth": 84.62
          },
          {
            "time": "2011-03-22T02:36:42.690000+00:00",
            "course": 134.94,
            "speed": 7.84,
            "depth": 84.5
          },
          {
            "time": "2011-03-22T02:36:50.680000+00:00",
            "course": 135.59,
            "speed": 7.84,
            "depth": 84.5
          },
          {
            "time": "2011-03-22T02:36:58.680000+00:00",
            "course": 135.91,
            "speed": 7.84,
            "depth": 84.5
          },
          {
            "time": "2011-03-22T02:37:06.680000+00:00",
            "course": 135.93,
            "speed": 7.84,
            "depth": 84.5
          },
          {
            "time": "2011-03-22T02:37:14.680000+00:00",
            "course": 135.65,
            "speed": 7.83,
            "depth": 84.62
          },
          {
            "time": "2011-03-22T02:37:22.680000+00:00",
            "course": 135.04,
            "speed": 7.83,
            "depth": 84.86
          },
          {
            "time": "2011-03-22T02:37:30.680000+00:00",
            "course": 134.22,
            "speed": 7.83,
            "depth": 84.86
          },
          {
            "time": "2011-03-22T02:37:38.680000+00:00",
            "course": 133.33,
            "speed": 7.84,
            "depth": 84.86
          },
          {
            "time": "2011-03-22T02:37:46.680000+00:00",
            "course": 132.68,
            "speed": 7.84,
            "depth": 84.86
          },
          {
            "time": "2011-03-22T02:37:54.680000+00:00",
            "course": 132.74,
            "speed": 7.86,
            "depth": 84.86
          },
          {
            "time": "2011-03-22T02:38:02.680000+00:00",
            "course": 134.31,
            "speed": 7.88,
            "depth": 84.86
          },
          {
            "time": "2011-03-22T02:38:10.690000+00:00",
            "course": 136.57,
            "speed": 7.88,
            "depth": 84.98
          },
          {
            "time": "2011-03-22T02:38:18.690000+00:00",
            "course": 138.1,
            "speed": 7.88,
            "depth": 85.23
          },
          {
            "time": "2011-03-22T02:38:26.690000+00:00",
            "course": 138.09,
            "speed": 7.86,
            "depth": 85.23
          },
          {
            "time": "2011-03-22T02:38:34.690000+00:00",
            "course": 137.33,
            "speed": 7.86,
            "depth": 85.23
          },
          {
            "time": "2011-03-22T02:38:42.690000+00:00",
            "course": 136.67,
            "speed": 7.86,
            "depth": 85.23
          },
          {
            "time": "2011-03-22T02:38:50.690000+00:00",
            "course": 135.9,
            "speed": 7.87,
            "depth": 85.11
          },
          {
            "time": "2011-03-22T02:38:58.690000+00:00",
            "course": 135.02,
            "speed": 7.87,
            "depth": 85.11
          },
          {
            "time": "2011-03-22T02:39:06.690000+00:00",
            "course": 134.23,
            "speed": 7.87,
            "depth": 85.11
          },
          {
            "time": "2011-03-22T02:39:14.690000+00:00",
            "course": 133.86,
            "speed": 7.87,
            "depth": 85.11
          },
          {
            "time": "2011-03-22T02:39:22.690000+00:00",
            "course": 134.57,
            "speed": 7.88,
            "depth": 85.11
          },
          {
            "time": "2011-03-22T02:39:30.690000+00:00",
            "course": 135.87,
            "speed": 7.88,
            "depth": 84.86
          },
          {
            "time": "2011-03-22T02:39:38.690000+00:00",
            "course": 136.88,
            "speed": 7.87,
            "depth": 84.74
          },
          {
            "time": "2011-03-22T02:39:46.690000+00:00",
            "course": 137.48,
            "speed": 7.87,
            "depth": 84.62
          },
          {
            "time": "2011-03-22T02:39:54.690000+00:00",
            "course": 137.74,
            "speed": 7.84,
            "depth": 84.62
          },
          {
            "time": "2011-03-22T02:40:02.690000+00:00",
            "course": 137.69,
            "speed": 7.84,
            "depth": 84.62
          },
          {
            "time": "2011-03-22T02:40:10.690000+00:00",
            "course": 137.33,
            "speed": 7.88,
            "depth": 84.62
          },
          {
            "time": "2011-03-22T02:40:18.690000+00:00",
            "course": 136.7,
            "speed": 7.9,
            "depth": 84.5
          },
          {
            "time": "2011-03-22T02:40:26.690000+00:00",
            "course": 135.88,
            "speed": 7.9,
            "depth": 84.38
          },
          {
            "time": "2011-03-22T02:40:34.690000+00:00",
            "course": 135.05,
            "speed": 7.9,
            "depth": 84.14
          },
          {
            "time": "2011-03-22T02:40:42.690000+00:00",
            "course": 134.41,
            "speed": 7.9,
            "depth": 84.14
          },
          {
            "time": "2011-03-22T02:40:50.690000+00:00",
            "course": 134.09,
            "speed": 7.9,
            "depth": 84.14
          },
          {
            "time": "2011-03-22T02:40:58.690000+00:00",
            "course": 134.06,
            "speed": 7.9,
            "depth": 84.14
          },
          {
            "time": "2011-03-22T02:41:06.690000+00:00",
            "course": 134.31,
            "speed": 7.9,
            "depth": 84.14
          },
          {
            "time": "2011-03-22T02:41:14.690000+00:00",
            "course": 134.82,
            "speed": 7.93,
            "depth": 84.14
          },
          {
            "time": "2011-03-22T02:41:22.690000+00:00",
            "course": 135.58,
            "speed": 7.93,
            "depth": 84.14
          },
          {
            "time": "2011-03-22T02:41:30.690000+00:00",
            "course": 136.55,
            "speed": 7.92,
            "depth": 84.14
          },
          {
            "time": "2011-03-22T02:41:38.690000+00:00",
            "course": 137.43,
            "speed": 7.91,
            "depth": 84.14
          },
          {
            "time": "2011-03-22T02:41:46.690000+00:00",
            "course": 137.99,
            "speed": 7.91,
            "depth": 84.14
          },
          {
            "time": "2011-03-22T02:41:54.690000+00:00",
            "course": 138.26,
            "speed": 7.91,
            "depth": 84.26
          },
          {
            "time": "2011-03-22T02:42:02.690000+00:00",
            "course": 138.19,
            "speed": 7.91,
            "depth": 84.5
          },
          {
            "time": "2011-03-22T02:42:10.690000+00:00",
            "course": 137.84,
            "speed": 7.93,
            "depth": 84.62
          },
          {
            "time": "2011-03-22T02:42:18.690000+00:00",
            "course": 137.25,
            "speed": 7.93,
            "depth": 84.62
          },
          {
            "time": "2011-03-22T02:42:26.690000+00:00",
            "course": 136.42,
            "speed": 7.95,
            "depth": 84.62
          },
          {
            "time": "2011-03-22T02:42:34.690000+00:00",
            "course": 135.58,
            "speed": 7.97,
            "depth": 84.62
          },
          {
            "time": "2011-03-22T02:42:42.690000+00:00",
            "course": 134.92,
            "speed": 7.97,
            "depth": 84.38
          },
          {
            "time": "2011-03-22T02:42:50.690000+00:00",
            "course": 134.52,
            "speed": 7.99,
            "depth": 84.38
          },
          {
            "time": "2011-03-22T02:42:58.690000+00:00",
            "course": 134.41,
            "speed": 7.95,
            "depth": 84.5
          },
          {
            "time": "2011-03-22T02:43:06.690000+00:00",
            "course": 134.56,
            "speed": 7.94,
            "depth": 84.62
          },
          {
            "time": "2011-03-22T02:43:14.690000+00:00",
            "course": 134.98,
            "speed": 7.91,
            "depth": 84.74
          },
          {
            "time": "2011-03-22T02:43:22.690000+00:00",
            "course": 135.69,
            "speed": 7.93,
            "depth": 84.74
          },
          {
            "time": "2011-03-22T02:43:30.690000+00:00",
            "course": 136.6,
            "speed": 7.93,
            "depth": 84.74
          },
          {
            "time": "2011-03-22T02:43:38.690000+00:00",
            "course": 137.47,
            "speed": 7.93,
            "depth": 84.86
          },
          {
            "time": "2011-03-22T02:43:46.690000+00:00",
            "course": 138.15,
            "speed": 7.9,
            "depth": 85.11
          },
          {
            "time": "2011-03-22T02:43:54.690000+00:00",
            "course": 138.47,
            "speed": 7.9,
            "depth": 85.34
          },
          {
            "time": "2011-03-22T02:44:02.690000+00:00",
            "course": 138.43,
            "speed": 7.9,
            "depth": 85.46
          },
          {
            "time": "2011-03-22T02:44:10.690000+00:00",
            "course": 138.03,
            "speed": 7.9,
            "depth": 85.46
          },
          {
            "time": "2011-03-22T02:44:18.690000+00:00",
            "course": 137.31,
            "speed": 7.93,
            "depth": 85.46
          },
          {
            "time": "2011-03-22T02:44:26.690000+00:00",
            "course": 136.38,
            "speed": 7.93,
            "depth": 85.46
          },
          {
            "time": "2011-03-22T02:44:34.690000+00:00",
            "course": 135.51,
            "speed": 7.95,
            "depth": 85.46
          },
          {
            "time": "2011-03-22T02:44:42.690000+00:00",
            "course": 134.89,
            "speed": 7.95,
            "depth": 85.46
          },
          {
            "time": "2011-03-22T02:44:50.700000+00:00",
            "course": 134.54,
            "speed": 7.95,
            "depth": 85.46
          },
          {
            "time": "2011-03-22T02:44:58.700000+00:00",
            "course": 134.51,
            "speed": 7.94,
            "depth": 85.46
          },
          {
            "time": "2011-03-22T02:45:06.700000+00:00",
            "course": 134.71,
            "speed": 7.94,
            "depth": 85.46
          },
          {
            "time": "2011-03-22T02:45:14.700000+00:00",
            "course": 135.15,
            "speed": 7.91,
            "depth": 85.34
          },
          {
            "time": "2011-03-22T02:45:22.700000+00:00",
            "course": 135.84,
            "speed": 7.91,
            "depth": 85.23
          },
          {
            "time": "2011-03-22T02:45:30.690000+00:00",
            "course": 136.66,
            "speed": 7.91,
            "depth": 85.23
          },
          {
            "time": "2011-03-22T02:45:38.690000+00:00",
            "course": 137.47,
            "speed": 7.91,
            "depth": 85.23
          },
          {
            "time": "2011-03-22T02:45:46.690000+00:00",
            "course": 138.02,
            "speed": 7.91,
            "depth": 85.23
          },
          {
            "time": "2011-03-22T02:45:54.690000+00:00",
            "course": 138.3,
            "speed": 7.93,
            "depth": 85.23
          },
          {
            "time": "2011-03-22T02:46:02.690000+00:00",
            "course": 138.31,
            "speed": 7.93,
            "depth": 85.23
          },
          {
            "time": "2011-03-22T02:46:10.690000+00:00",
            "course": 138.06,
            "speed": 7.93,
            "depth": 85.23
          },
          {
            "time": "2011-03-22T02:46:18.690000+00:00",
            "course": 137.62,
            "speed": 7.95,
            "depth": 85.11
          },
          {
            "time": "2011-03-22T02:46:26.690000+00:00",
            "course": 136.9,
            "speed": 7.95,
            "depth": 85.11
          },
          {
            "time": "2011-03-22T02:46:34.690000+00:00",
            "course": 136.03,
            "speed": 7.94,
            "depth": 85.11
          },
          {
            "time": "2011-03-22T02:46:42.690000+00:00",
            "course": 135.23,
            "speed": 7.93,
            "depth": 85.11
          },
          {
            "time": "2011-03-22T02:46:50.690000+00:00",
            "course": 134.64,
            "speed": 7.91,
            "depth": 85.11
          },
          {
            "time": "2011-03-22T02:46:58.690000+00:00",
            "course": 134.35,
            "speed": 7.91,
            "depth": 84.86
          },
          {
            "time": "2011-03-22T02:47:06.690000+00:00",
            "course": 134.3,
            "speed": 7.91,
            "depth": 84.74
          },
          {
            "time": "2011-03-22T02:47:14.690000+00:00",
            "course": 134.53,
            "speed": 7.9,
            "depth": 84.62
          },
          {
            "time": "2011-03-22T02:47:22.690000+00:00",
            "course": 135.0,
            "speed": 7.9,
            "depth": 84.62
          },
          {
            "time": "2011-03-22T02:47:30.690000+00:00",
            "course": 135.68,
            "speed": 7.9,
            "depth": 84.62
          },
          {
            "time": "2011-03-22T02:47:38.690000+00:00",
            "course": 136.58,
            "speed": 7.9,
            "depth": 84.62
          },
          {
            "time": "2011-03-22T02:47:46.690000+00:00",
            "course": 137.4,
            "speed": 7.9,
            "depth": 84.62
          },
          {
            "time": "2011-03-22T02:47:54.690000+00:00",
            "course": 137.95,
            "speed": 7.9,
            "depth": 84.62
          },
          {
            "time": "2011-03-22T02:48:02.690000+00:00",
            "course": 138.19,
            "speed": 7.9,
            "depth": 84.62
          },
          {
            "time": "2011-03-22T02:48:10.700000+00:00",
            "course": 138.15,
            "speed": 7.9,
            "depth": 84.62
          },
          {
            "time": "2011-03-22T02:48:18.700000+00:00",
            "course": 137.88,
            "speed": 7.9,
            "depth": 84.62
          },
          {
            "time": "2011-03-22T02:48:26.700000+00:00",
            "course": 137.35,
            "speed": 7.9,
            "depth": 84.86
          },
          {
            "time": "2011-03-22T02:48:34.700000+00:00",
            "course": 136.61,
            "speed": 7.9,
            "depth": 84.98
          },
          {
            "time": "2011-03-22T02:48:42.700000+00:00",
            "course": 135.77,
            "speed": 7.9,
            "depth": 85.11
          },
          {
            "time": "2011-03-22T02:48:50.700000+00:00",
            "course": 135.07,
            "speed": 7.9,
            "depth": 85.11
          },
          {
            "time": "2011-03-22T02:48:58.700000+00:00",
            "course": 134.62,
            "speed": 7.9,
            "depth": 85.11
          },
          {
            "time": "2011-03-22T02:49:06.700000+00:00",
            "course": 134.46,
            "speed": 7.9,
            "depth": 85.11
          },
          {
            "time": "2011-03-22T02:49:14.700000+00:00",
            "course": 134.59,
            "speed": 7.9,
            "depth": 85.11
          },
          {
            "time": "2011-03-22T02:49:22.700000+00:00",
            "course": 134.96,
            "speed": 7.9,
            "depth": 85.11
          },
          {
            "time": "2011-03-22T02:49:30.710000+00:00",
            "course": 135.53,
            "speed": 7.9,
            "depth": 85.11
          },
          {
            "time": "2011-03-22T02:49:38.710000+00:00",
            "course": 136.32,
            "speed": 7.9,
            "depth": 85.11
          },
          {
            "time": "2011-03-22T02:49:46.710000+00:00",
            "course": 137.16,
            "speed": 7.9,
            "depth": 84.86
          },
          {
            "time": "2011-03-22T02:49:54.700000+00:00",
            "course": 137.8,
            "speed": 7.9,
            "depth": 84.86
          },
          {
            "time": "2011-03-22T02:50:02.700000+00:00",
            "course": 138.16,
            "speed": 7.87,
            "depth": 84.86
          },
          {
            "time": "2011-03-22T02:50:10.700000+00:00",
            "course": 138.23,
            "speed": 7.87,
            "depth": 84.86
          },
          {
            "time": "2011-03-22T02:50:18.700000+00:00",
            "course": 138.04,
            "speed": 7.84,
            "depth": 84.86
          },
          {
            "time": "2011-03-22T02:50:26.700000+00:00",
            "course": 137.55,
            "speed": 7.84,
            "depth": 84.86
          },
          {
            "time": "2011-03-22T02:50:34.700000+00:00",
            "course": 136.83,
            "speed": 7.85,
            "depth": 84.98
          },
          {
            "time": "2011-03-22T02:50:42.700000+00:00",
            "course": 135.94,
            "speed": 7.86,
            "depth": 84.98
          },
          {
            "time": "2011-03-22T02:50:50.700000+00:00",
            "course": 135.14,
            "speed": 7.86,
            "depth": 84.98
          },
          {
            "time": "2011-03-22T02:50:58.700000+00:00",
            "course": 134.6,
            "speed": 7.86,
            "depth": 84.98
          },
          {
            "time": "2011-03-22T02:51:06.700000+00:00",
            "course": 134.42,
            "speed": 7.86,
            "depth": 85.11
          },
          {
            "time": "2011-03-22T02:51:14.700000+00:00",
            "course": 134.56,
            "speed": 7.84,
            "depth": 85.23
          },
          {
            "time": "2011-03-22T02:51:22.700000+00:00",
            "course": 135.03,
            "speed": 7.84,
            "depth": 85.46
          },
          {
            "time": "2011-03-22T02:51:30.710000+00:00",
            "course": 135.76,
            "speed": 7.82,
            "depth": 85.59
          },
          {
            "time": "2011-03-22T02:51:38.710000+00:00",
            "course": 136.65,
            "speed": 7.83,
            "depth": 85.71
          },
          {
            "time": "2011-03-22T02:51:46.710000+00:00",
            "course": 137.46,
            "speed": 7.84,
            "depth": 85.71
          },
          {
            "time": "2011-03-22T02:51:54.710000+00:00",
            "course": 137.98,
            "speed": 7.84,
            "depth": 85.71
          },
          {
            "time": "2011-03-22T02:52:02.710000+00:00",
            "course": 138.18,
            "speed": 7.84,
            "depth": 85.71
          },
          {
            "time": "2011-03-22T02:52:10.700000+00:00",
            "course": 138.14,
            "speed": 7.82,
            "depth": 85.59
          },
          {
            "time": "2011-03-22T02:52:18.700000+00:00",
            "course": 137.83,
            "speed": 7.8,
            "depth": 85.59
          },
          {
            "time": "2011-03-22T02:52:26.700000+00:00",
            "course": 137.27,
            "speed": 7.8,
            "depth": 85.59
          },
          {
            "time": "2011-03-22T02:52:34.700000+00:00",
            "course": 136.43,
            "speed": 7.8,
            "depth": 85.59
          },
          {
            "time": "2011-03-22T02:52:42.700000+00:00",
            "course": 135.57,
            "speed": 7.81,
            "depth": 85.23
          },
          {
            "time": "2011-03-22T02:52:50.700000+00:00",
            "course": 134.87,
            "speed": 7.84,
            "depth": 85.11
          },
          {
            "time": "2011-03-22T02:52:58.700000+00:00",
            "course": 134.45,
            "speed": 7.84,
            "depth": 85.11
          },
          {
            "time": "2011-03-22T02:53:06.700000+00:00",
            "course": 134.24,
            "speed": 7.88,
            "depth": 84.86
          },
          {
            "time": "2011-03-22T02:53:14.700000+00:00",
            "course": 134.29,
            "speed": 7.88,
            "depth": 84.86
          },
          {
            "time": "2011-03-22T02:53:22.700000+00:00",
            "course": 134.57,
            "speed": 7.87,
            "depth": 84.86
          },
          {
            "time": "2011-03-22T02:53:30.700000+00:00",
            "course": 135.07,
            "speed": 7.87,
            "depth": 84.86
          },
          {
            "time": "2011-03-22T02:53:38.700000+00:00",
            "course": 135.77,
            "speed": 7.88,
            "depth": 84.86
          },
          {
            "time": "2011-03-22T02:53:46.700000+00:00",
            "course": 136.59,
            "speed": 7.9,
            "depth": 84.62
          },
          {
            "time": "2011-03-22T02:53:54.700000+00:00",
            "course": 137.34,
            "speed": 7.9,
            "depth": 84.5
          },
          {
            "time": "2011-03-22T02:54:02.700000+00:00",
            "course": 137.86,
            "speed": 7.89,
            "depth": 84.5
          },
          {
            "time": "2011-03-22T02:54:10.700000+00:00",
            "course": 138.09,
            "speed": 7.89,
            "depth": 84.5
          },
          {
            "time": "2011-03-22T02:54:18.700000+00:00",
            "course": 138.04,
            "speed": 7.89,
            "depth": 84.5
          },
          {
            "time": "2011-03-22T02:54:26.700000+00:00",
            "course": 137.71,
            "speed": 7.89,
            "depth": 84.62
          },
          {
            "time": "2011-03-22T02:54:34.700000+00:00",
            "course": 137.14,
            "speed": 7.9,
            "depth": 84.86
          },
          {
            "time": "2011-03-22T02:54:42.700000+00:00",
            "course": 136.29,
            "speed": 7.89,
            "depth": 84.86
          },
          {
            "time": "2011-03-22T02:54:50.700000+00:00",
            "course": 135.37,
            "speed": 7.87,
            "depth": 84.86
          },
          {
            "time": "2011-03-22T02:54:58.700000+00:00",
            "course": 134.66,
            "speed": 7.84,
            "depth": 84.86
          },
          {
            "time": "2011-03-22T02:55:06.700000+00:00",
            "course": 134.29,
            "speed": 7.84,
            "depth": 84.86
          },
          {
            "time": "2011-03-22T02:55:14.700000+00:00",
            "course": 134.21,
            "speed": 7.84,
            "depth": 84.86
          },
          {
            "time": "2011-03-22T02:55:22.700000+00:00",
            "course": 134.44,
            "speed": 7.86,
            "depth": 84.86
          },
          {
            "time": "2011-03-22T02:55:30.700000+00:00",
            "course": 134.91,
            "speed": 7.87,
            "depth": 84.86
          },
          {
            "time": "2011-03-22T02:55:38.700000+00:00",
            "course": 135.54,
            "speed": 7.87,
            "depth": 84.98
          },
          {
            "time": "2011-03-22T02:55:46.700000+00:00",
            "course": 136.26,
            "speed": 7.88,
            "depth": 84.98
          },
          {
            "time": "2011-03-22T02:55:54.700000+00:00",
            "course": 136.97,
            "speed": 7.88,
            "depth": 84.98
          },
          {
            "time": "2011-03-22T02:56:02.700000+00:00",
            "course": 137.48,
            "speed": 7.9,
            "depth": 84.98
          },
          {
            "time": "2011-03-22T02:56:10.710000+00:00",
            "course": 137.82,
            "speed": 7.9,
            "depth": 84.98
          },
          {
            "time": "2011-03-22T02:56:18.710000+00:00",
            "course": 138.03,
            "speed": 7.9,
            "depth": 84.98
          },
          {
            "time": "2011-03-22T02:56:26.710000+00:00",
            "course": 138.11,
            "speed": 7.9,
            "depth": 84.98
          },
          {
            "time": "2011-03-22T02:56:34.710000+00:00",
            "course": 138.02,
            "speed": 7.93,
            "depth": 85.23
          },
          {
            "time": "2011-03-22T02:56:42.710000+00:00",
            "course": 137.75,
            "speed": 7.93,
            "depth": 85.23
          },
          {
            "time": "2011-03-22T02:56:50.710000+00:00",
            "course": 137.35,
            "speed": 7.91,
            "depth": 85.46
          },
          {
            "time": "2011-03-22T02:56:58.710000+00:00",
            "course": 136.87,
            "speed": 7.91,
            "depth": 85.46
          },
          {
            "time": "2011-03-22T02:57:06.710000+00:00",
            "course": 136.29,
            "speed": 7.9,
            "depth": 85.46
          },
          {
            "time": "2011-03-22T02:57:14.710000+00:00",
            "course": 135.63,
            "speed": 7.9,
            "depth": 85.46
          },
          {
            "time": "2011-03-22T02:57:22.710000+00:00",
            "course": 134.95,
            "speed": 7.9,
            "depth": 85.34
          },
          {
            "time": "2011-03-22T02:57:30.720000+00:00",
            "course": 134.45,
            "speed": 7.9,
            "depth": 85.34
          },
          {
            "time": "2011-03-22T02:57:38.720000+00:00",
            "course": 134.21,
            "speed": 7.9,
            "depth": 85.23
          },
          {
            "time": "2011-03-22T02:57:46.710000+00:00",
            "course": 134.23,
            "speed": 7.9,
            "depth": 85.23
          },
          {
            "time": "2011-03-22T02:57:54.710000+00:00",
            "course": 134.52,
            "speed": 7.91,
            "depth": 85.11
          },
          {
            "time": "2011-03-22T02:58:02.710000+00:00",
            "course": 135.06,
            "speed": 7.93,
            "depth": 85.11
          },
          {
            "time": "2011-03-22T02:58:10.710000+00:00",
            "course": 135.86,
            "speed": 7.93,
            "depth": 84.98
          },
          {
            "time": "2011-03-22T02:58:18.710000+00:00",
            "course": 136.74,
            "speed": 7.93,
            "depth": 84.98
          },
          {
            "time": "2011-03-22T02:58:26.710000+00:00",
            "course": 137.44,
            "speed": 7.95,
            "depth": 84.98
          },
          {
            "time": "2011-03-22T02:58:34.710000+00:00",
            "course": 137.87,
            "speed": 7.95,
            "depth": 84.98
          },
          {
            "time": "2011-03-22T02:58:42.710000+00:00",
            "course": 138.0,
            "speed": 7.94,
            "depth": 84.98
          },
          {
            "time": "2011-03-22T02:58:50.710000+00:00",
            "course": 137.92,
            "speed": 7.95,
            "depth": 84.98
          },
          {
            "time": "2011-03-22T02:58:58.710000+00:00",
            "course": 137.59,
            "speed": 7.94,
            "depth": 84.98
          },
          {
            "time": "2011-03-22T02:59:06.710000+00:00",
            "course": 136.99,
            "speed": 7.93,
            "depth": 84.98
          },
          {
            "time": "2011-03-22T02:59:14.710000+00:00",
            "course": 136.2,
            "speed": 7.91,
            "depth": 84.98
          },
          {
            "time": "2011-03-22T02:59:22.710000+00:00",
            "course": 135.33,
            "speed": 7.89,
            "depth": 84.98
          },
          {
            "time": "2011-03-22T02:59:30.700000+00:00",
            "course": 134.67,
            "speed": 7.88,
            "depth": 85.11
          },
          {
            "time": "2011-03-22T02:59:38.710000+00:00",
            "course": 134.31,
            "speed": 7.92,
            "depth": 85.11
          },
          {
            "time": "2011-03-22T02:59:46.700000+00:00",
            "course": 134.31,
            "speed": 7.93,
            "depth": 85.11
          },
          {
            "time": "2011-03-22T02:59:54.710000+00:00",
            "course": 134.65,
            "speed": 7.88,
            "depth": 85.11
          },
          {
            "time": "2011-03-22T03:00:02.700000+00:00",
            "course": 135.3,
            "speed": 7.87,
            "depth": 85.11
          },
          {
            "time": "2011-03-22T03:00:10.710000+00:00",
            "course": 136.13,
            "speed": 7.92,
            "depth": 85.11
          },
          {
            "time": "2011-03-22T03:00:18.710000+00:00",
            "course": 136.98,
            "speed": 7.93,
            "depth": 84.86
          },
          {
            "time": "2011-03-22T03:00:26.710000+00:00",
            "course": 137.63,
            "speed": 7.93,
            "depth": 84.86
          },
          {
            "time": "2011-03-22T03:00:34.710000+00:00",
            "course": 138.03,
            "speed": 7.9,
            "depth": 84.86
          },
          {
            "time": "2011-03-22T03:00:42.710000+00:00",
            "course": 138.19,
            "speed": 7.9,
            "depth": 84.86
          },
          {
            "time": "2011-03-22T03:00:50.710000+00:00",
            "course": 138.1,
            "speed": 7.9,
            "depth": 84.86
          },
          {
            "time": "2011-03-22T03:00:58.710000+00:00",
            "course": 137.8,
            "speed": 7.9,
            "depth": 84.86
          },
          {
            "time": "2011-03-22T03:01:06.710000+00:00",
            "course": 137.24,
            "speed": 7.94,
            "depth": 84.86
          },
          {
            "time": "2011-03-22T03:01:14.710000+00:00",
            "course": 136.46,
            "speed": 7.95,
            "depth": 84.86
          },
          {
            "time": "2011-03-22T03:01:22.710000+00:00",
            "course": 135.63,
            "speed": 7.97,
            "depth": 84.86
          },
          {
            "time": "2011-03-22T03:01:30.710000+00:00",
            "course": 134.9,
            "speed": 7.97,
            "depth": 84.86
          },
          {
            "time": "2011-03-22T03:01:38.710000+00:00",
            "course": 134.46,
            "speed": 7.97,
            "depth": 84.86
          },
          {
            "time": "2011-03-22T03:01:46.710000+00:00",
            "course": 134.34,
            "speed": 7.97,
            "depth": 84.86
          },
          {
            "time": "2011-03-22T03:01:54.740000+00:00",
            "course": 134.47,
            "speed": 7.97,
            "depth": 84.86
          },
          {
            "time": "2011-03-22T03:02:02.760000+00:00",
            "course": 134.84,
            "speed": 7.96,
            "depth": 84.86
          },
          {
            "time": "2011-03-22T03:02:10.760000+00:00",
            "course": 135.44,
            "speed": 7.96,
            "depth": 84.86
          },
          {
            "time": "2011-03-22T03:02:18.760000+00:00",
            "course": 136.24,
            "speed": 7.94,
            "depth": 84.86
          },
          {
            "time": "2011-03-22T03:02:26.760000+00:00",
            "course": 137.08,
            "speed": 7.91,
            "depth": 84.86
          },
          {
            "time": "2011-03-22T03:02:34.760000+00:00",
            "course": 137.74,
            "speed": 7.9,
            "depth": 84.86
          },
          {
            "time": "2011-03-22T03:02:42.760000+00:00",
            "course": 138.07,
            "speed": 7.87,
            "depth": 84.98
          },
          {
            "time": "2011-03-22T03:02:50.760000+00:00",
            "course": 138.13,
            "speed": 7.88,
            "depth": 84.98
          },
          {
            "time": "2011-03-22T03:02:58.760000+00:00",
            "course": 137.87,
            "speed": 7.89,
            "depth": 84.98
          },
          {
            "time": "2011-03-22T03:03:06.760000+00:00",
            "course": 137.33,
            "speed": 7.89,
            "depth": 84.98
          },
          {
            "time": "2011-03-22T03:03:14.760000+00:00",
            "course": 136.6,
            "speed": 7.89,
            "depth": 84.98
          },
          {
            "time": "2011-03-22T03:03:22.770000+00:00",
            "course": 135.72,
            "speed": 7.9,
            "depth": 84.98
          },
          {
            "time": "2011-03-22T03:03:30.770000+00:00",
            "course": 134.95,
            "speed": 7.9,
            "depth": 84.98
          },
          {
            "time": "2011-03-22T03:03:38.770000+00:00",
            "course": 134.46,
            "speed": 7.9,
            "depth": 84.98
          },
          {
            "time": "2011-03-22T03:03:46.770000+00:00",
            "course": 134.25,
            "speed": 7.9,
            "depth": 84.98
          },
          {
            "time": "2011-03-22T03:03:54.770000+00:00",
            "course": 134.31,
            "speed": 7.9,
            "depth": 84.98
          },
          {
            "time": "2011-03-22T03:04:02.770000+00:00",
            "course": 134.6,
            "speed": 7.9,
            "depth": 84.98
          },
          {
            "time": "2011-03-22T03:04:10.770000+00:00",
            "course": 135.09,
            "speed": 7.9,
            "depth": 84.98
          },
          {
            "time": "2011-03-22T03:04:18.770000+00:00",
            "course": 135.79,
            "speed": 7.9,
            "depth": 84.98
          },
          {
            "time": "2011-03-22T03:04:26.770000+00:00",
            "course": 136.64,
            "speed": 7.9,
            "depth": 85.11
          },
          {
            "time": "2011-03-22T03:04:34.770000+00:00",
            "course": 137.42,
            "speed": 7.9,
            "depth": 85.11
          },
          {
            "time": "2011-03-22T03:04:42.770000+00:00",
            "course": 137.92,
            "speed": 7.9,
            "depth": 85.11
          },
          {
            "time": "2011-03-22T03:04:50.780000+00:00",
            "course": 138.16,
            "speed": 7.9,
            "depth": 85.11
          },
          {
            "time": "2011-03-22T03:04:58.780000+00:00",
            "course": 138.14,
            "speed": 7.9,
            "depth": 85.11
          },
          {
            "time": "2011-03-22T03:05:06.780000+00:00",
            "course": 137.87,
            "speed": 7.9,
            "depth": 85.11
          },
          {
            "time": "2011-03-22T03:05:14.780000+00:00",
            "course": 137.32,
            "speed": 7.9,
            "depth": 85.11
          },
          {
            "time": "2011-03-22T03:05:22.780000+00:00",
            "course": 136.44,
            "speed": 7.89,
            "depth": 85.23
          },
          {
            "time": "2011-03-22T03:05:30.770000+00:00",
            "course": 135.52,
            "speed": 7.9,
            "depth": 85.23
          },
          {
            "time": "2011-03-22T03:05:38.770000+00:00",
            "course": 134.79,
            "speed": 7.92,
            "depth": 85.23
          },
          {
            "time": "2011-03-22T03:05:46.770000+00:00",
            "course": 134.39,
            "speed": 7.93,
            "depth": 85.23
          },
          {
            "time": "2011-03-22T03:05:54.770000+00:00",
            "course": 134.31,
            "speed": 7.95,
            "depth": 85.23
          },
          {
            "time": "2011-03-22T03:06:02.770000+00:00",
            "course": 134.52,
            "speed": 7.95,
            "depth": 85.23
          },
          {
            "time": "2011-03-22T03:06:10.770000+00:00",
            "course": 135.03,
            "speed": 7.94,
            "depth": 85.23
          },
          {
            "time": "2011-03-22T03:06:18.770000+00:00",
            "course": 135.77,
            "speed": 7.94,
            "depth": 85.11
          },
          {
            "time": "2011-03-22T03:06:26.770000+00:00",
            "course": 136.66,
            "speed": 7.95,
            "depth": 85.11
          },
          {
            "time": "2011-03-22T03:06:34.770000+00:00",
            "course": 137.43,
            "speed": 7.97,
            "depth": 85.11
          },
          {
            "time": "2011-03-22T03:06:42.770000+00:00",
            "course": 137.91,
            "speed": 7.97,
            "depth": 85.11
          },
          {
            "time": "2011-03-22T03:06:50.770000+00:00",
            "course": 138.12,
            "speed": 7.97,
            "depth": 85.11
          },
          {
            "time": "2011-03-22T03:06:58.770000+00:00",
            "course": 138.07,
            "speed": 7.97,
            "depth": 85.11
          },
          {
            "time": "2011-03-22T03:07:06.770000+00:00",
            "course": 137.78,
            "speed": 7.94,
            "depth": 85.34
          },
          {
            "time": "2011-03-22T03:07:14.770000+00:00",
            "course": 137.22,
            "speed": 7.94,
            "depth": 85.34
          },
          {
            "time": "2011-03-22T03:07:22.770000+00:00",
            "course": 136.46,
            "speed": 7.92,
            "depth": 85.23
          },
          {
            "time": "2011-03-22T03:07:30.780000+00:00",
            "course": 135.58,
            "speed": 7.93,
            "depth": 85.11
          },
          {
            "time": "2011-03-22T03:07:38.780000+00:00",
            "course": 134.87,
            "speed": 7.9,
            "depth": 85.11
          },
          {
            "time": "2011-03-22T03:07:46.770000+00:00",
            "course": 134.4,
            "speed": 7.9,
            "depth": 85.11
          },
          {
            "time": "2011-03-22T03:07:54.770000+00:00",
            "course": 134.2,
            "speed": 7.9,
            "depth": 84.86
          },
          {
            "time": "2011-03-22T03:08:02.770000+00:00",
            "course": 134.27,
            "speed": 7.93,
            "depth": 84.86
          },
          {
            "time": "2011-03-22T03:08:10.780000+00:00",
            "course": 134.6,
            "speed": 7.93,
            "depth": 84.86
          },
          {
            "time": "2011-03-22T03:08:18.780000+00:00",
            "course": 135.19,
            "speed": 7.95,
            "depth": 84.86
          },
          {
            "time": "2011-03-22T03:08:26.780000+00:00",
            "course": 135.97,
            "speed": 7.94,
            "depth": 84.86
          },
          {
            "time": "2011-03-22T03:08:34.780000+00:00",
            "course": 136.79,
            "speed": 7.9,
            "depth": 84.86
          },
          {
            "time": "2011-03-22T03:08:42.780000+00:00",
            "course": 137.51,
            "speed": 7.89,
            "depth": 84.86
          },
          {
            "time": "2011-03-22T03:08:50.780000+00:00",
            "course": 137.95,
            "speed": 7.9,
            "depth": 84.86
          },
          {
            "time": "2011-03-22T03:08:58.780000+00:00",
            "course": 138.18,
            "speed": 7.9,
            "depth": 84.86
          },
          {
            "time": "2011-03-22T03:09:06.780000+00:00",
            "course": 138.14,
            "speed": 7.9,
            "depth": 84.86
          },
          {
            "time": "2011-03-22T03:09:14.780000+00:00",
            "course": 137.87,
            "speed": 7.93,
            "depth": 84.62
          },
          {
            "time": "2011-03-22T03:09:22.780000+00:00",
            "course": 137.35,
            "speed": 7.93,
            "depth": 84.5
          },
          {
            "time": "2011-03-22T03:09:30.770000+00:00",
            "course": 136.58,
            "speed": 7.9,
            "depth": 84.26
          },
          {
            "time": "2011-03-22T03:09:38.780000+00:00",
            "course": 135.76,
            "speed": 7.93,
            "depth": 84.02
          },
          {
            "time": "2011-03-22T03:09:46.780000+00:00",
            "course": 135.03,
            "speed": 7.93,
            "depth": 84.02
          },
          {
            "time": "2011-03-22T03:09:54.780000+00:00",
            "course": 134.59,
            "speed": 7.93,
            "depth": 83.9
          },
          {
            "time": "2011-03-22T03:10:02.770000+00:00",
            "course": 134.47,
            "speed": 7.91,
            "depth": 83.9
          },
          {
            "time": "2011-03-22T03:10:10.760000+00:00",
            "course": 134.61,
            "speed": 7.9,
            "depth": 83.9
          },
          {
            "time": "2011-03-22T03:10:18.750000+00:00",
            "course": 135.04,
            "speed": 7.89,
            "depth": 83.9
          },
          {
            "time": "2011-03-22T03:10:26.750000+00:00",
            "course": 135.71,
            "speed": 7.88,
            "depth": 83.9
          },
          {
            "time": "2011-03-22T03:10:34.750000+00:00",
            "course": 136.57,
            "speed": 7.87,
            "depth": 84.02
          },
          {
            "time": "2011-03-22T03:10:42.750000+00:00",
            "course": 137.42,
            "speed": 7.87,
            "depth": 84.02
          },
          {
            "time": "2011-03-22T03:10:50.750000+00:00",
            "course": 138.04,
            "speed": 7.87,
            "depth": 84.26
          },
          {
            "time": "2011-03-22T03:10:58.750000+00:00",
            "course": 138.37,
            "speed": 7.84,
            "depth": 84.26
          },
          {
            "time": "2011-03-22T03:11:06.750000+00:00",
            "course": 138.44,
            "speed": 7.84,
            "depth": 84.38
          },
          {
            "time": "2011-03-22T03:11:14.750000+00:00",
            "course": 138.22,
            "speed": 7.83,
            "depth": 84.38
          },
          {
            "time": "2011-03-22T03:11:22.750000+00:00",
            "course": 137.69,
            "speed": 7.83,
            "depth": 84.38
          },
          {
            "time": "2011-03-22T03:11:30.750000+00:00",
            "course": 136.85,
            "speed": 7.83,
            "depth": 84.38
          },
          {
            "time": "2011-03-22T03:11:38.750000+00:00",
            "course": 135.82,
            "speed": 7.83,
            "depth": 84.38
          },
          {
            "time": "2011-03-22T03:11:46.750000+00:00",
            "course": 134.99,
            "speed": 7.85,
            "depth": 84.38
          },
          {
            "time": "2011-03-22T03:11:54.750000+00:00",
            "course": 134.52,
            "speed": 7.86,
            "depth": 84.38
          },
          {
            "time": "2011-03-22T03:12:02.750000+00:00",
            "course": 134.3,
            "speed": 7.85,
            "depth": 84.38
          },
          {
            "time": "2011-03-22T03:12:10.740000+00:00",
            "course": 134.37,
            "speed": 7.84,
            "depth": 84.38
          },
          {
            "time": "2011-03-22T03:12:18.750000+00:00",
            "course": 134.69,
            "speed": 7.84,
            "depth": 84.38
          },
          {
            "time": "2011-03-22T03:12:26.750000+00:00",
            "course": 135.27,
            "speed": 7.84,
            "depth": 84.38
          },
          {
            "time": "2011-03-22T03:12:34.750000+00:00",
            "course": 136.07,
            "speed": 7.83,
            "depth": 84.38
          },
          {
            "time": "2011-03-22T03:12:42.750000+00:00",
            "course": 136.89,
            "speed": 7.8,
            "depth": 84.38
          },
          {
            "time": "2011-03-22T03:12:50.750000+00:00",
            "course": 137.59,
            "speed": 7.78,
            "depth": 84.38
          },
          {
            "time": "2011-03-22T03:12:58.760000+00:00",
            "course": 137.97,
            "speed": 7.78,
            "depth": 84.62
          },
          {
            "time": "2011-03-22T03:13:06.770000+00:00",
            "course": 138.09,
            "speed": 7.78,
            "depth": 84.86
          },
          {
            "time": "2011-03-22T03:13:14.780000+00:00",
            "course": 137.97,
            "speed": 7.78,
            "depth": 84.98
          },
          {
            "time": "2011-03-22T03:13:22.780000+00:00",
            "course": 137.65,
            "speed": 7.76,
            "depth": 84.98
          },
          {
            "time": "2011-03-22T03:13:30.780000+00:00",
            "course": 137.13,
            "speed": 7.76,
            "depth": 84.98
          },
          {
            "time": "2011-03-22T03:13:38.780000+00:00",
            "course": 136.42,
            "speed": 7.78,
            "depth": 84.98
          },
          {
            "time": "2011-03-22T03:13:46.780000+00:00",
            "course": 135.64,
            "speed": 7.78,
            "depth": 84.98
          },
          {
            "time": "2011-03-22T03:13:54.770000+00:00",
            "course": 134.91,
            "speed": 7.81,
            "depth": 84.98
          },
          {
            "time": "2011-03-22T03:14:02.770000+00:00",
            "course": 134.41,
            "speed": 7.81,
            "depth": 84.98
          },
          {
            "time": "2011-03-22T03:14:10.770000+00:00",
            "course": 134.2,
            "speed": 7.81,
            "depth": 84.98
          },
          {
            "time": "2011-03-22T03:14:18.780000+00:00",
            "course": 134.28,
            "speed": 7.83,
            "depth": 85.11
          },
          {
            "time": "2011-03-22T03:14:26.780000+00:00",
            "course": 134.6,
            "speed": 7.84,
            "depth": 85.11
          },
          {
            "time": "2011-03-22T03:14:34.780000+00:00",
            "course": 135.14,
            "speed": 7.84,
            "depth": 85.23
          },
          {
            "time": "2011-03-22T03:14:42.780000+00:00",
            "course": 135.92,
            "speed": 7.89,
            "depth": 85.23
          },
          {
            "time": "2011-03-22T03:14:50.780000+00:00",
            "course": 136.77,
            "speed": 7.93,
            "depth": 85.23
          },
          {
            "time": "2011-03-22T03:14:58.780000+00:00",
            "course": 137.53,
            "speed": 7.97,
            "depth": 85.23
          },
          {
            "time": "2011-03-22T03:15:06.780000+00:00",
            "course": 138.02,
            "speed": 7.97,
            "depth": 85.23
          },
          {
            "time": "2011-03-22T03:15:14.780000+00:00",
            "course": 138.28,
            "speed": 7.96,
            "depth": 84.98
          },
          {
            "time": "2011-03-22T03:15:22.780000+00:00",
            "course": 138.3,
            "speed": 7.96,
            "depth": 84.86
          },
          {
            "time": "2011-03-22T03:15:30.770000+00:00",
            "course": 138.13,
            "speed": 7.94,
            "depth": 84.5
          },
          {
            "time": "2011-03-22T03:15:38.770000+00:00",
            "course": 137.74,
            "speed": 7.94,
            "depth": 84.38
          },
          {
            "time": "2011-03-22T03:15:46.770000+00:00",
            "course": 137.13,
            "speed": 7.87,
            "depth": 84.14
          },
          {
            "time": "2011-03-22T03:15:54.780000+00:00",
            "course": 136.33,
            "speed": 7.83,
            "depth": 84.14
          },
          {
            "time": "2011-03-22T03:16:02.770000+00:00",
            "course": 135.5,
            "speed": 7.78,
            "depth": 84.14
          },
          {
            "time": "2011-03-22T03:16:10.770000+00:00",
            "course": 134.82,
            "speed": 7.75,
            "depth": 84.14
          },
          {
            "time": "2011-03-22T03:16:18.770000+00:00",
            "course": 134.48,
            "speed": 7.73,
            "depth": 84.14
          },
          {
            "time": "2011-03-22T03:16:26.770000+00:00",
            "course": 134.41,
            "speed": 7.73,
            "depth": 84.26
          },
          {
            "time": "2011-03-22T03:16:34.770000+00:00",
            "course": 134.58,
            "speed": 7.73,
            "depth": 84.26
          },
          {
            "time": "2011-03-22T03:16:42.770000+00:00",
            "course": 134.99,
            "speed": 7.73,
            "depth": 84.26
          },
          {
            "time": "2011-03-22T03:16:50.770000+00:00",
            "course": 135.6,
            "speed": 7.73,
            "depth": 84.26
          },
          {
            "time": "2011-03-22T03:16:58.780000+00:00",
            "course": 136.35,
            "speed": 7.75,
            "depth": 84.26
          },
          {
            "time": "2011-03-22T03:17:06.780000+00:00",
            "course": 137.13,
            "speed": 7.76,
            "depth": 84.26
          },
          {
            "time": "2011-03-22T03:17:14.780000+00:00",
            "course": 137.73,
            "speed": 7.81,
            "depth": 84.26
          },
          {
            "time": "2011-03-22T03:17:22.780000+00:00",
            "course": 138.06,
            "speed": 7.87,
            "depth": 84.26
          },
          {
            "time": "2011-03-22T03:17:30.780000+00:00",
            "course": 138.1,
            "speed": 7.9,
            "depth": 84.38
          },
          {
            "time": "2011-03-22T03:17:38.780000+00:00",
            "course": 137.86,
            "speed": 7.9,
            "depth": 84.38
          },
          {
            "time": "2011-03-22T03:17:46.780000+00:00",
            "course": 137.38,
            "speed": 7.9,
            "depth": 84.38
          },
          {
            "time": "2011-03-22T03:17:54.780000+00:00",
            "course": 136.69,
            "speed": 7.9,
            "depth": 84.38
          },
          {
            "time": "2011-03-22T03:18:02.780000+00:00",
            "course": 135.88,
            "speed": 7.9,
            "depth": 84.38
          },
          {
            "time": "2011-03-22T03:18:10.780000+00:00",
            "course": 135.15,
            "speed": 7.9,
            "depth": 84.14
          },
          {
            "time": "2011-03-22T03:18:18.790000+00:00",
            "course": 134.66,
            "speed": 7.9,
            "depth": 84.14
          },
          {
            "time": "2011-03-22T03:18:26.790000+00:00",
            "course": 134.49,
            "speed": 7.9,
            "depth": 84.02
          },
          {
            "time": "2011-03-22T03:18:34.790000+00:00",
            "course": 134.6,
            "speed": 7.87,
            "depth": 84.02
          },
          {
            "time": "2011-03-22T03:18:42.790000+00:00",
            "course": 135.0,
            "speed": 7.87,
            "depth": 84.02
          },
          {
            "time": "2011-03-22T03:18:50.780000+00:00",
            "course": 135.63,
            "speed": 7.85,
            "depth": 84.02
          },
          {
            "time": "2011-03-22T03:18:58.780000+00:00",
            "course": 136.47,
            "speed": 7.85,
            "depth": 84.02
          },
          {
            "time": "2011-03-22T03:19:06.780000+00:00",
            "course": 137.32,
            "speed": 7.85,
            "depth": 84.02
          },
          {
            "time": "2011-03-22T03:19:14.780000+00:00",
            "course": 137.91,
            "speed": 7.86,
            "depth": 84.02
          },
          {
            "time": "2011-03-22T03:19:22.780000+00:00",
            "course": 138.2,
            "speed": 7.86,
            "depth": 84.02
          },
          {
            "time": "2011-03-22T03:19:30.780000+00:00",
            "course": 138.19,
            "speed": 7.88,
            "depth": 84.02
          },
          {
            "time": "2011-03-22T03:19:38.780000+00:00",
            "course": 137.87,
            "speed": 7.9,
            "depth": 84.02
          },
          {
            "time": "2011-03-22T03:19:46.780000+00:00",
            "course": 137.27,
            "speed": 7.93,
            "depth": 84.02
          },
          {
            "time": "2011-03-22T03:19:54.780000+00:00",
            "course": 136.41,
            "speed": 7.93,
            "depth": 83.9
          },
          {
            "time": "2011-03-22T03:20:02.780000+00:00",
            "course": 135.49,
            "speed": 7.93,
            "depth": 83.9
          },
          {
            "time": "2011-03-22T03:20:10.780000+00:00",
            "course": 134.76,
            "speed": 7.93,
            "depth": 83.9
          },
          {
            "time": "2011-03-22T03:20:18.790000+00:00",
            "course": 134.32,
            "speed": 7.93,
            "depth": 83.9
          },
          {
            "time": "2011-03-22T03:20:26.790000+00:00",
            "course": 134.25,
            "speed": 7.93,
            "depth": 84.02
          },
          {
            "time": "2011-03-22T03:20:34.790000+00:00",
            "course": 134.51,
            "speed": 7.97,
            "depth": 84.02
          },
          {
            "time": "2011-03-22T03:20:42.790000+00:00",
            "course": 135.0,
            "speed": 7.97,
            "depth": 84.02
          },
          {
            "time": "2011-03-22T03:20:50.780000+00:00",
            "course": 135.83,
            "speed": 7.97,
            "depth": 84.02
          },
          {
            "time": "2011-03-22T03:20:58.780000+00:00",
            "course": 136.79,
            "speed": 7.97,
            "depth": 84.02
          },
          {
            "time": "2011-03-22T03:21:06.780000+00:00",
            "course": 137.55,
            "speed": 7.99,
            "depth": 84.02
          },
          {
            "time": "2011-03-22T03:21:14.780000+00:00",
            "course": 138.03,
            "speed": 8.0,
            "depth": 84.02
          },
          {
            "time": "2011-03-22T03:21:22.780000+00:00",
            "course": 138.16,
            "speed": 8.0,
            "depth": 84.26
          },
          {
            "time": "2011-03-22T03:21:30.780000+00:00",
            "course": 137.96,
            "speed": 8.0,
            "depth": 84.38
          },
          {
            "time": "2011-03-22T03:21:38.780000+00:00",
            "course": 137.45,
            "speed": 8.0,
            "depth": 84.38
          },
          {
            "time": "2011-03-22T03:21:46.780000+00:00",
            "course": 136.63,
            "speed": 8.0,
            "depth": 84.38
          },
          {
            "time": "2011-03-22T03:21:54.780000+00:00",
            "course": 135.7,
            "speed": 7.99,
            "depth": 84.38
          },
          {
            "time": "2011-03-22T03:22:02.780000+00:00",
            "course": 134.86,
            "speed": 8.0,
            "depth": 84.38
          },
          {
            "time": "2011-03-22T03:22:10.780000+00:00",
            "course": 134.41,
            "speed": 8.02,
            "depth": 84.38
          },
          {
            "time": "2011-03-22T03:22:18.790000+00:00",
            "course": 134.3,
            "speed": 8.02,
            "depth": 84.62
          },
          {
            "time": "2011-03-22T03:22:26.790000+00:00",
            "course": 134.5,
            "speed": 8.04,
            "depth": 84.62
          },
          {
            "time": "2011-03-22T03:22:34.790000+00:00",
            "course": 134.97,
            "speed": 8.03,
            "depth": 84.86
          },
          {
            "time": "2011-03-22T03:22:42.790000+00:00",
            "course": 135.72,
            "speed": 8.04,
            "depth": 84.86
          },
          {
            "time": "2011-03-22T03:22:50.780000+00:00",
            "course": 136.61,
            "speed": 8.04,
            "depth": 84.86
          },
          {
            "time": "2011-03-22T03:22:58.790000+00:00",
            "course": 137.41,
            "speed": 8.03,
            "depth": 84.86
          },
          {
            "time": "2011-03-22T03:23:06.790000+00:00",
            "course": 137.92,
            "speed": 8.02,
            "depth": 84.86
          },
          {
            "time": "2011-03-22T03:23:14.790000+00:00",
            "course": 138.12,
            "speed": 8.01,
            "depth": 84.86
          },
          {
            "time": "2011-03-22T03:23:22.790000+00:00",
            "course": 138.05,
            "speed": 8.01,
            "depth": 84.86
          },
          {
            "time": "2011-03-22T03:23:30.790000+00:00",
            "course": 137.74,
            "speed": 7.99,
            "depth": 84.86
          },
          {
            "time": "2011-03-22T03:23:38.790000+00:00",
            "course": 137.1,
            "speed": 7.99,
            "depth": 84.86
          },
          {
            "time": "2011-03-22T03:23:46.790000+00:00",
            "course": 136.27,
            "speed": 7.96,
            "depth": 84.86
          },
          {
            "time": "2011-03-22T03:23:54.790000+00:00",
            "course": 135.39,
            "speed": 7.94,
            "depth": 84.86
          },
          {
            "time": "2011-03-22T03:24:02.790000+00:00",
            "course": 134.68,
            "speed": 7.94,
            "depth": 84.86
          },
          {
            "time": "2011-03-22T03:24:10.790000+00:00",
            "course": 134.29,
            "speed": 7.95,
            "depth": 84.86
          },
          {
            "time": "2011-03-22T03:24:18.790000+00:00",
            "course": 134.25,
            "speed": 7.97,
            "depth": 84.62
          },
          {
            "time": "2011-03-22T03:24:26.790000+00:00",
            "course": 134.46,
            "speed": 8.0,
            "depth": 84.5
          },
          {
            "time": "2011-03-22T03:24:34.790000+00:00",
            "course": 134.93,
            "speed": 8.0,
            "depth": 84.5
          },
          {
            "time": "2011-03-22T03:24:42.790000+00:00",
            "course": 135.66,
            "speed": 8.0,
            "depth": 84.38
          },
          {
            "time": "2011-03-22T03:24:50.790000+00:00",
            "course": 136.53,
            "speed": 8.0,
            "depth": 84.38
          },
          {
            "time": "2011-03-22T03:24:58.790000+00:00",
            "course": 137.31,
            "speed": 8.0,
            "depth": 84.38
          },
          {
            "time": "2011-03-22T03:25:06.780000+00:00",
            "course": 137.63,
            "speed": 7.99,
            "depth": 84.38
          },
          {
            "time": "2011-03-22T03:25:14.780000+00:00",
            "course": 137.18,
            "speed": 7.97,
            "depth": 84.38
          },
          {
            "time": "2011-03-22T03:25:22.780000+00:00",
            "course": 136.06,
            "speed": 7.94,
            "depth": 84.38
          },
          {
            "time": "2011-03-22T03:25:30.780000+00:00",
            "course": 134.62,
            "speed": 7.94,
            "depth": 84.38
          },
          {
            "time": "2011-03-22T03:25:38.790000+00:00",
            "course": 133.4,
            "speed": 7.94,
            "depth": 84.38
          },
          {
            "time": "2011-03-22T03:25:46.790000+00:00",
            "course": 132.65,
            "speed": 7.94,
            "depth": 84.38
          },
          {
            "time": "2011-03-22T03:25:54.790000+00:00",
            "course": 132.35,
            "speed": 7.94,
            "depth": 84.38
          },
          {
            "time": "2011-03-22T03:26:02.790000+00:00",
            "course": 132.44,
            "speed": 7.94,
            "depth": 84.38
          },
          {
            "time": "2011-03-22T03:26:10.790000+00:00",
            "course": 132.93,
            "speed": 7.94,
            "depth": 84.38
          },
          {
            "time": "2011-03-22T03:26:18.790000+00:00",
            "course": 133.75,
            "speed": 7.94,
            "depth": 84.38
          },
          {
            "time": "2011-03-22T03:26:26.790000+00:00",
            "course": 134.75,
            "speed": 7.94,
            "depth": 84.38
          },
          {
            "time": "2011-03-22T03:26:34.790000+00:00",
            "course": 135.59,
            "speed": 7.91,
            "depth": 84.14
          },
          {
            "time": "2011-03-22T03:26:42.790000+00:00",
            "course": 136.13,
            "speed": 7.92,
            "depth": 84.14
          },
          {
            "time": "2011-03-22T03:26:50.780000+00:00",
            "course": 136.37,
            "speed": 7.95,
            "depth": 84.14
          },
          {
            "time": "2011-03-22T03:26:58.770000+00:00",
            "course": 136.31,
            "speed": 7.97,
            "depth": 84.14
          },
          {
            "time": "2011-03-22T03:27:06.770000+00:00",
            "course": 135.96,
            "speed": 7.97,
            "depth": 84.14
          },
          {
            "time": "2011-03-22T03:27:14.760000+00:00",
            "course": 135.34,
            "speed": 7.96,
            "depth": 84.14
          },
          {
            "time": "2011-03-22T03:27:22.760000+00:00",
            "course": 134.4,
            "speed": 7.95,
            "depth": 84.14
          },
          {
            "time": "2011-03-22T03:27:30.770000+00:00",
            "course": 133.48,
            "speed": 7.95,
            "depth": 84.14
          },
          {
            "time": "2011-03-22T03:27:38.790000+00:00",
            "course": 132.78,
            "speed": 7.94,
            "depth": 84.14
          },
          {
            "time": "2011-03-22T03:27:46.790000+00:00",
            "course": 132.43,
            "speed": 7.94,
            "depth": 84.14
          },
          {
            "time": "2011-03-22T03:27:54.790000+00:00",
            "course": 132.43,
            "speed": 7.94,
            "depth": 84.14
          },
          {
            "time": "2011-03-22T03:28:02.790000+00:00",
            "course": 132.73,
            "speed": 7.94,
            "depth": 84.14
          },
          {
            "time": "2011-03-22T03:28:10.790000+00:00",
            "course": 133.34,
            "speed": 7.94,
            "depth": 84.14
          },
          {
            "time": "2011-03-22T03:28:18.800000+00:00",
            "course": 134.19,
            "speed": 7.95,
            "depth": 84.14
          },
          {
            "time": "2011-03-22T03:28:26.800000+00:00",
            "course": 135.13,
            "speed": 7.95,
            "depth": 84.14
          },
          {
            "time": "2011-03-22T03:28:34.800000+00:00",
            "course": 135.88,
            "speed": 7.95,
            "depth": 84.14
          },
          {
            "time": "2011-03-22T03:28:42.800000+00:00",
            "course": 136.3,
            "speed": 7.94,
            "depth": 84.14
          },
          {
            "time": "2011-03-22T03:28:50.790000+00:00",
            "course": 136.42,
            "speed": 7.94,
            "depth": 83.9
          },
          {
            "time": "2011-03-22T03:28:58.790000+00:00",
            "course": 136.25,
            "speed": 7.94,
            "depth": 83.66
          },
          {
            "time": "2011-03-22T03:29:06.790000+00:00",
            "course": 135.77,
            "speed": 7.94,
            "depth": 83.54
          },
          {
            "time": "2011-03-22T03:29:14.790000+00:00",
            "course": 134.99,
            "speed": 7.95,
            "depth": 83.42
          },
          {
            "time": "2011-03-22T03:29:22.790000+00:00",
            "course": 134.02,
            "speed": 7.94,
            "depth": 83.42
          },
          {
            "time": "2011-03-22T03:29:30.790000+00:00",
            "course": 133.09,
            "speed": 7.94,
            "depth": 83.42
          },
          {
            "time": "2011-03-22T03:29:38.790000+00:00",
            "course": 132.09,
            "speed": 7.95,
            "depth": 83.66
          },
          {
            "time": "2011-03-22T03:29:46.790000+00:00",
            "course": 131.26,
            "speed": 7.93,
            "depth": 83.9
          },
          {
            "time": "2011-03-22T03:29:54.790000+00:00",
            "course": 130.81,
            "speed": 7.78,
            "depth": 83.9
          },
          {
            "time": "2011-03-22T03:30:02.790000+00:00",
            "course": 130.75,
            "speed": 7.71,
            "depth": 84.14
          },
          {
            "time": "2011-03-22T03:30:10.790000+00:00",
            "course": 131.04,
            "speed": 7.68,
            "depth": 84.26
          },
          {
            "time": "2011-03-22T03:30:18.790000+00:00",
            "course": 131.62,
            "speed": 7.69,
            "depth": 84.5
          },
          {
            "time": "2011-03-22T03:30:26.790000+00:00",
            "course": 132.47,
            "speed": 7.75,
            "depth": 84.86
          },
          {
            "time": "2011-03-22T03:30:34.790000+00:00",
            "course": 133.44,
            "speed": 7.78,
            "depth": 85.11
          },
          {
            "time": "2011-03-22T03:30:42.790000+00:00",
            "course": 134.18,
            "speed": 7.78,
            "depth": 85.34
          },
          {
            "time": "2011-03-22T03:30:50.790000+00:00",
            "course": 134.57,
            "speed": 7.78,
            "depth": 85.34
          },
          {
            "time": "2011-03-22T03:30:58.800000+00:00",
            "course": 134.63,
            "speed": 7.81,
            "depth": 85.34
          },
          {
            "time": "2011-03-22T03:31:06.800000+00:00",
            "course": 134.4,
            "speed": 7.88,
            "depth": 85.34
          },
          {
            "time": "2011-03-22T03:31:14.800000+00:00",
            "course": 133.91,
            "speed": 7.96,
            "depth": 85.34
          },
          {
            "time": "2011-03-22T03:31:22.800000+00:00",
            "course": 133.22,
            "speed": 8.02,
            "depth": 85.34
          },
          {
            "time": "2011-03-22T03:31:30.790000+00:00",
            "course": 132.34,
            "speed": 8.02,
            "depth": 85.34
          },
          {
            "time": "2011-03-22T03:31:38.790000+00:00",
            "course": 131.58,
            "speed": 7.93,
            "depth": 85.46
          },
          {
            "time": "2011-03-22T03:31:46.790000+00:00",
            "course": 131.04,
            "speed": 7.9,
            "depth": 85.46
          },
          {
            "time": "2011-03-22T03:31:54.790000+00:00",
            "course": 130.76,
            "speed": 7.89,
            "depth": 85.46
          },
          {
            "time": "2011-03-22T03:32:02.790000+00:00",
            "course": 130.75,
            "speed": 7.87,
            "depth": 85.23
          },
          {
            "time": "2011-03-22T03:32:10.790000+00:00",
            "course": 130.9,
            "speed": 7.84,
            "depth": 85.23
          },
          {
            "time": "2011-03-22T03:32:18.800000+00:00",
            "course": 131.21,
            "speed": 7.83,
            "depth": 85.23
          },
          {
            "time": "2011-03-22T03:32:26.800000+00:00",
            "course": 131.7,
            "speed": 7.83,
            "depth": 85.23
          },
          {
            "time": "2011-03-22T03:32:34.800000+00:00",
            "course": 132.34,
            "speed": 7.83,
            "depth": 85.23
          },
          {
            "time": "2011-03-22T03:32:42.800000+00:00",
            "course": 133.07,
            "speed": 7.83,
            "depth": 85.11
          },
          {
            "time": "2011-03-22T03:32:50.800000+00:00",
            "course": 133.75,
            "speed": 7.83,
            "depth": 85.11
          },
          {
            "time": "2011-03-22T03:32:58.800000+00:00",
            "course": 134.22,
            "speed": 7.84,
            "depth": 84.86
          },
          {
            "time": "2011-03-22T03:33:06.800000+00:00",
            "course": 134.51,
            "speed": 7.84,
            "depth": 84.86
          },
          {
            "time": "2011-03-22T03:33:14.800000+00:00",
            "course": 134.58,
            "speed": 7.84,
            "depth": 84.86
          },
          {
            "time": "2011-03-22T03:33:22.800000+00:00",
            "course": 134.46,
            "speed": 7.81,
            "depth": 84.86
          },
          {
            "time": "2011-03-22T03:33:30.800000+00:00",
            "course": 134.19,
            "speed": 7.78,
            "depth": 84.74
          },
          {
            "time": "2011-03-22T03:33:38.790000+00:00",
            "course": 133.74,
            "speed": 7.78,
            "depth": 84.5
          },
          {
            "time": "2011-03-22T03:33:46.790000+00:00",
            "course": 133.14,
            "speed": 7.78,
            "depth": 84.38
          },
          {
            "time": "2011-03-22T03:33:54.790000+00:00",
            "course": 132.4,
            "speed": 7.83,
            "depth": 84.38
          },
          {
            "time": "2011-03-22T03:34:02.790000+00:00",
            "course": 131.63,
            "speed": 7.84,
            "depth": 84.38
          },
          {
            "time": "2011-03-22T03:34:10.790000+00:00",
            "course": 131.06,
            "speed": 7.86,
            "depth": 84.38
          },
          {
            "time": "2011-03-22T03:34:18.790000+00:00",
            "course": 130.74,
            "speed": 7.86,
            "depth": 84.38
          },
          {
            "time": "2011-03-22T03:34:26.790000+00:00",
            "course": 130.67,
            "speed": 7.86,
            "depth": 84.38
          },
          {
            "time": "2011-03-22T03:34:34.790000+00:00",
            "course": 130.86,
            "speed": 7.86,
            "depth": 84.14
          },
          {
            "time": "2011-03-22T03:34:42.790000+00:00",
            "course": 131.26,
            "speed": 7.86,
            "depth": 83.9
          },
          {
            "time": "2011-03-22T03:34:50.790000+00:00",
            "course": 131.91,
            "speed": 7.83,
            "depth": 83.9
          },
          {
            "time": "2011-03-22T03:34:58.800000+00:00",
            "course": 132.82,
            "speed": 7.8,
            "depth": 83.9
          },
          {
            "time": "2011-03-22T03:35:06.800000+00:00",
            "course": 133.78,
            "speed": 7.8,
            "depth": 83.9
          },
          {
            "time": "2011-03-22T03:35:14.800000+00:00",
            "course": 134.45,
            "speed": 7.8,
            "depth": 83.9
          },
          {
            "time": "2011-03-22T03:35:22.800000+00:00",
            "course": 134.75,
            "speed": 7.8,
            "depth": 83.9
          },
          {
            "time": "2011-03-22T03:35:30.800000+00:00",
            "course": 134.67,
            "speed": 7.78,
            "depth": 83.9
          },
          {
            "time": "2011-03-22T03:35:38.800000+00:00",
            "course": 134.25,
            "speed": 7.79,
            "depth": 83.78
          },
          {
            "time": "2011-03-22T03:35:46.800000+00:00",
            "course": 133.44,
            "speed": 7.79,
            "depth": 83.78
          },
          {
            "time": "2011-03-22T03:35:54.800000+00:00",
            "course": 132.42,
            "speed": 7.81,
            "depth": 83.78
          },
          {
            "time": "2011-03-22T03:36:02.800000+00:00",
            "course": 131.47,
            "speed": 7.84,
            "depth": 83.78
          },
          {
            "time": "2011-03-22T03:36:10.790000+00:00",
            "course": 130.79,
            "speed": 7.86,
            "depth": 83.9
          },
          {
            "time": "2011-03-22T03:36:18.790000+00:00",
            "course": 130.44,
            "speed": 7.86,
            "depth": 83.9
          },
          {
            "time": "2011-03-22T03:36:26.790000+00:00",
            "course": 130.46,
            "speed": 7.84,
            "depth": 83.9
          },
          {
            "time": "2011-03-22T03:36:34.790000+00:00",
            "course": 130.83,
            "speed": 7.84,
            "depth": 83.9
          },
          {
            "time": "2011-03-22T03:36:42.790000+00:00",
            "course": 131.52,
            "speed": 7.83,
            "depth": 83.78
          },
          {
            "time": "2011-03-22T03:36:50.790000+00:00",
            "course": 132.45,
            "speed": 7.81,
            "depth": 83.54
          },
          {
            "time": "2011-03-22T03:36:58.800000+00:00",
            "course": 133.43,
            "speed": 7.8,
            "depth": 83.54
          },
          {
            "time": "2011-03-22T03:37:06.800000+00:00",
            "course": 134.14,
            "speed": 7.8,
            "depth": 83.54
          },
          {
            "time": "2011-03-22T03:37:14.800000+00:00",
            "course": 134.51,
            "speed": 7.8,
            "depth": 83.54
          },
          {
            "time": "2011-03-22T03:37:22.800000+00:00",
            "course": 134.56,
            "speed": 7.84,
            "depth": 83.54
          },
          {
            "time": "2011-03-22T03:37:30.800000+00:00",
            "course": 134.32,
            "speed": 7.86,
            "depth": 83.54
          },
          {
            "time": "2011-03-22T03:37:38.800000+00:00",
            "course": 133.76,
            "speed": 7.86,
            "depth": 83.54
          },
          {
            "time": "2011-03-22T03:37:46.800000+00:00",
            "course": 132.87,
            "speed": 7.9,
            "depth": 83.66
          },
          {
            "time": "2011-03-22T03:37:54.800000+00:00",
            "course": 131.9,
            "speed": 7.9,
            "depth": 84.14
          },
          {
            "time": "2011-03-22T03:38:02.800000+00:00",
            "course": 131.11,
            "speed": 7.9,
            "depth": 84.5
          },
          {
            "time": "2011-03-22T03:38:10.790000+00:00",
            "course": 130.7,
            "speed": 7.9,
            "depth": 84.86
          },
          {
            "time": "2011-03-22T03:38:18.800000+00:00",
            "course": 130.73,
            "speed": 7.87,
            "depth": 84.86
          },
          {
            "time": "2011-03-22T03:38:26.800000+00:00",
            "course": 131.08,
            "speed": 7.87,
            "depth": 84.86
          },
          {
            "time": "2011-03-22T03:38:34.800000+00:00",
            "course": 131.74,
            "speed": 7.87,
            "depth": 84.86
          },
          {
            "time": "2011-03-22T03:38:42.800000+00:00",
            "course": 132.62,
            "speed": 7.85,
            "depth": 84.98
          },
          {
            "time": "2011-03-22T03:38:50.800000+00:00",
            "course": 133.54,
            "speed": 7.83,
            "depth": 85.23
          },
          {
            "time": "2011-03-22T03:38:58.800000+00:00",
            "course": 134.19,
            "speed": 7.83,
            "depth": 85.34
          },
          {
            "time": "2011-03-22T03:39:06.800000+00:00",
            "course": 134.52,
            "speed": 7.83,
            "depth": 85.46
          },
          {
            "time": "2011-03-22T03:39:14.800000+00:00",
            "course": 134.56,
            "speed": 7.83,
            "depth": 85.46
          },
          {
            "time": "2011-03-22T03:39:22.800000+00:00",
            "course": 134.32,
            "speed": 7.82,
            "depth": 85.46
          },
          {
            "time": "2011-03-22T03:39:30.800000+00:00",
            "course": 133.87,
            "speed": 7.8,
            "depth": 85.46
          },
          {
            "time": "2011-03-22T03:39:38.800000+00:00",
            "course": 133.19,
            "speed": 7.8,
            "depth": 85.46
          },
          {
            "time": "2011-03-22T03:39:46.800000+00:00",
            "course": 132.37,
            "speed": 7.78,
            "depth": 85.59
          },
          {
            "time": "2011-03-22T03:39:54.800000+00:00",
            "course": 131.63,
            "speed": 7.78,
            "depth": 85.95
          },
          {
            "time": "2011-03-22T03:40:02.800000+00:00",
            "course": 131.09,
            "speed": 7.73,
            "depth": 85.95
          },
          {
            "time": "2011-03-22T03:40:10.790000+00:00",
            "course": 130.77,
            "speed": 7.75,
            "depth": 85.95
          },
          {
            "time": "2011-03-22T03:40:18.800000+00:00",
            "course": 130.67,
            "speed": 7.79,
            "depth": 85.95
          },
          {
            "time": "2011-03-22T03:40:26.800000+00:00",
            "course": 130.73,
            "speed": 7.81,
            "depth": 85.95
          },
          {
            "time": "2011-03-22T03:40:34.800000+00:00",
            "course": 131.06,
            "speed": 7.81,
            "depth": 85.95
          },
          {
            "time": "2011-03-22T03:40:42.800000+00:00",
            "course": 131.56,
            "speed": 7.84,
            "depth": 85.95
          },
          {
            "time": "2011-03-22T03:40:50.800000+00:00",
            "course": 132.2,
            "speed": 7.84,
            "depth": 85.95
          },
          {
            "time": "2011-03-22T03:40:58.800000+00:00",
            "course": 132.95,
            "speed": 7.84,
            "depth": 85.95
          },
          {
            "time": "2011-03-22T03:41:06.800000+00:00",
            "course": 133.68,
            "speed": 7.82,
            "depth": 86.19
          },
          {
            "time": "2011-03-22T03:41:14.800000+00:00",
            "course": 134.25,
            "speed": 7.8,
            "depth": 86.19
          },
          {
            "time": "2011-03-22T03:41:22.800000+00:00",
            "course": 134.57,
            "speed": 7.78,
            "depth": 86.19
          },
          {
            "time": "2011-03-22T03:41:30.800000+00:00",
            "course": 134.65,
            "speed": 7.75,
            "depth": 86.19
          },
          {
            "time": "2011-03-22T03:41:38.800000+00:00",
            "course": 134.52,
            "speed": 7.73,
            "depth": 86.19
          },
          {
            "time": "2011-03-22T03:41:46.800000+00:00",
            "course": 134.13,
            "speed": 7.76,
            "depth": 85.95
          },
          {
            "time": "2011-03-22T03:41:54.800000+00:00",
            "course": 133.53,
            "speed": 7.83,
            "depth": 85.95
          },
          {
            "time": "2011-03-22T03:42:02.800000+00:00",
            "course": 132.64,
            "speed": 7.92,
            "depth": 85.95
          },
          {
            "time": "2011-03-22T03:42:10.790000+00:00",
            "course": 131.73,
            "speed": 8.02,
            "depth": 85.95
          },
          {
            "time": "2011-03-22T03:42:18.800000+00:00",
            "course": 131.02,
            "speed": 8.06,
            "depth": 85.95
          },
          {
            "time": "2011-03-22T03:42:26.800000+00:00",
            "course": 130.68,
            "speed": 8.11,
            "depth": 85.95
          },
          {
            "time": "2011-03-22T03:42:34.800000+00:00",
            "course": 130.74,
            "speed": 8.16,
            "depth": 85.95
          },
          {
            "time": "2011-03-22T03:42:42.800000+00:00",
            "course": 131.12,
            "speed": 8.2,
            "depth": 85.83
          },
          {
            "time": "2011-03-22T03:42:50.800000+00:00",
            "course": 131.7,
            "speed": 8.25,
            "depth": 85.71
          },
          {
            "time": "2011-03-22T03:42:58.800000+00:00",
            "course": 132.54,
            "speed": 8.28,
            "depth": 85.71
          },
          {
            "time": "2011-03-22T03:43:06.800000+00:00",
            "course": 133.43,
            "speed": 8.31,
            "depth": 85.71
          },
          {
            "time": "2011-03-22T03:43:14.800000+00:00",
            "course": 134.12,
            "speed": 8.34,
            "depth": 85.71
          },
          {
            "time": "2011-03-22T03:43:22.800000+00:00",
            "course": 134.49,
            "speed": 8.36,
            "depth": 85.71
          },
          {
            "time": "2011-03-22T03:43:30.800000+00:00",
            "course": 134.54,
            "speed": 8.36,
            "depth": 85.59
          },
          {
            "time": "2011-03-22T03:43:38.800000+00:00",
            "course": 134.35,
            "speed": 8.38,
            "depth": 85.34
          },
          {
            "time": "2011-03-22T03:43:46.800000+00:00",
            "course": 133.84,
            "speed": 8.38,
            "depth": 85.34
          },
          {
            "time": "2011-03-22T03:43:54.800000+00:00",
            "course": 133.08,
            "speed": 8.44,
            "depth": 85.34
          },
          {
            "time": "2011-03-22T03:44:02.800000+00:00",
            "course": 132.17,
            "speed": 8.47,
            "depth": 85.34
          },
          {
            "time": "2011-03-22T03:44:10.800000+00:00",
            "course": 131.33,
            "speed": 8.5,
            "depth": 85.34
          },
          {
            "time": "2011-03-22T03:44:18.810000+00:00",
            "course": 130.83,
            "speed": 8.5,
            "depth": 85.34
          },
          {
            "time": "2011-03-22T03:44:26.810000+00:00",
            "course": 130.72,
            "speed": 8.53,
            "depth": 85.34
          },
          {
            "time": "2011-03-22T03:44:34.800000+00:00",
            "course": 130.96,
            "speed": 8.54,
            "depth": 85.34
          },
          {
            "time": "2011-03-22T03:44:42.800000+00:00",
            "course": 131.55,
            "speed": 8.55,
            "depth": 85.34
          },
          {
            "time": "2011-03-22T03:44:50.800000+00:00",
            "course": 132.4,
            "speed": 8.55,
            "depth": 85.34
          },
          {
            "time": "2011-03-22T03:44:58.800000+00:00",
            "course": 133.34,
            "speed": 8.55,
            "depth": 85.34
          },
          {
            "time": "2011-03-22T03:45:06.800000+00:00",
            "course": 134.06,
            "speed": 8.55,
            "depth": 85.34
          },
          {
            "time": "2011-03-22T03:45:14.800000+00:00",
            "course": 134.43,
            "speed": 8.55,
            "depth": 85.11
          },
          {
            "time": "2011-03-22T03:45:22.800000+00:00",
            "course": 134.48,
            "speed": 8.55,
            "depth": 85.11
          },
          {
            "time": "2011-03-22T03:45:30.800000+00:00",
            "course": 134.19,
            "speed": 8.55,
            "depth": 84.86
          },
          {
            "time": "2011-03-22T03:45:38.810000+00:00",
            "course": 133.67,
            "speed": 8.54,
            "depth": 84.74
          },
          {
            "time": "2011-03-22T03:45:46.810000+00:00",
            "course": 132.84,
            "speed": 8.54,
            "depth": 84.74
          },
          {
            "time": "2011-03-22T03:45:54.810000+00:00",
            "course": 131.86,
            "speed": 8.54,
            "depth": 84.74
          },
          {
            "time": "2011-03-22T03:46:02.810000+00:00",
            "course": 131.08,
            "speed": 8.54,
            "depth": 84.74
          },
          {
            "time": "2011-03-22T03:46:10.810000+00:00",
            "course": 130.72,
            "speed": 8.55,
            "depth": 84.86
          },
          {
            "time": "2011-03-22T03:46:18.810000+00:00",
            "course": 130.79,
            "speed": 8.55,
            "depth": 84.86
          },
          {
            "time": "2011-03-22T03:46:26.810000+00:00",
            "course": 131.26,
            "speed": 8.55,
            "depth": 84.86
          },
          {
            "time": "2011-03-22T03:46:34.810000+00:00",
            "course": 132.05,
            "speed": 8.54,
            "depth": 84.86
          },
          {
            "time": "2011-03-22T03:46:42.810000+00:00",
            "course": 133.09,
            "speed": 8.54,
            "depth": 85.11
          },
          {
            "time": "2011-03-22T03:46:50.800000+00:00",
            "course": 133.97,
            "speed": 8.52,
            "depth": 85.34
          },
          {
            "time": "2011-03-22T03:46:58.810000+00:00",
            "course": 134.47,
            "speed": 8.52,
            "depth": 85.46
          },
          {
            "time": "2011-03-22T03:47:06.810000+00:00",
            "course": 134.58,
            "speed": 8.5,
            "depth": 85.46
          },
          {
            "time": "2011-03-22T03:47:14.810000+00:00",
            "course": 134.31,
            "speed": 8.5,
            "depth": 85.46
          },
          {
            "time": "2011-03-22T03:47:22.810000+00:00",
            "course": 133.67,
            "speed": 8.5,
            "depth": 85.46
          },
          {
            "time": "2011-03-22T03:47:30.810000+00:00",
            "course": 132.71,
            "speed": 8.5,
            "depth": 85.46
          },
          {
            "time": "2011-03-22T03:47:38.810000+00:00",
            "course": 131.74,
            "speed": 8.53,
            "depth": 85.46
          },
          {
            "time": "2011-03-22T03:47:46.810000+00:00",
            "course": 131.07,
            "speed": 8.55,
            "depth": 85.46
          },
          {
            "time": "2011-03-22T03:47:54.810000+00:00",
            "course": 130.78,
            "speed": 8.55,
            "depth": 85.46
          },
          {
            "time": "2011-03-22T03:48:02.810000+00:00",
            "course": 130.9,
            "speed": 8.55,
            "depth": 85.23
          },
          {
            "time": "2011-03-22T03:48:10.810000+00:00",
            "course": 131.34,
            "speed": 8.54,
            "depth": 85.11
          },
          {
            "time": "2011-03-22T03:48:18.820000+00:00",
            "course": 132.03,
            "speed": 8.54,
            "depth": 84.86
          },
          {
            "time": "2011-03-22T03:48:26.820000+00:00",
            "course": 132.93,
            "speed": 8.55,
            "depth": 84.86
          },
          {
            "time": "2011-03-22T03:48:34.820000+00:00",
            "course": 133.8,
            "speed": 8.57,
            "depth": 85.11
          },
          {
            "time": "2011-03-22T03:48:42.820000+00:00",
            "course": 134.31,
            "speed": 8.56,
            "depth": 85.46
          },
          {
            "time": "2011-03-22T03:48:50.810000+00:00",
            "course": 134.52,
            "speed": 8.54,
            "depth": 85.71
          },
          {
            "time": "2011-03-22T03:48:58.810000+00:00",
            "course": 134.4,
            "speed": 8.52,
            "depth": 85.83
          },
          {
            "time": "2011-03-22T03:49:06.810000+00:00",
            "course": 133.98,
            "speed": 8.52,
            "depth": 85.83
          },
          {
            "time": "2011-03-22T03:49:14.810000+00:00",
            "course": 133.26,
            "speed": 8.53,
            "depth": 85.83
          },
          {
            "time": "2011-03-22T03:49:22.810000+00:00",
            "course": 132.28,
            "speed": 8.57,
            "depth": 85.95
          },
          {
            "time": "2011-03-22T03:49:30.810000+00:00",
            "course": 131.36,
            "speed": 8.6,
            "depth": 86.07
          },
          {
            "time": "2011-03-22T03:49:38.810000+00:00",
            "course": 130.84,
            "speed": 8.6,
            "depth": 86.07
          },
          {
            "time": "2011-03-22T03:49:46.810000+00:00",
            "course": 130.73,
            "speed": 8.6,
            "depth": 86.07
          },
          {
            "time": "2011-03-22T03:49:54.810000+00:00",
            "course": 131.0,
            "speed": 8.6,
            "depth": 85.83
          },
          {
            "time": "2011-03-22T03:50:02.810000+00:00",
            "course": 131.62,
            "speed": 8.6,
            "depth": 85.59
          },
          {
            "time": "2011-03-22T03:50:10.810000+00:00",
            "course": 132.53,
            "speed": 8.6,
            "depth": 85.34
          },
          {
            "time": "2011-03-22T03:50:18.810000+00:00",
            "course": 133.52,
            "speed": 8.59,
            "depth": 85.23
          },
          {
            "time": "2011-03-22T03:50:26.810000+00:00",
            "course": 134.25,
            "speed": 8.59,
            "depth": 85.11
          },
          {
            "time": "2011-03-22T03:50:34.810000+00:00",
            "course": 134.59,
            "speed": 8.59,
            "depth": 85.11
          },
          {
            "time": "2011-03-22T03:50:42.810000+00:00",
            "course": 134.55,
            "speed": 8.59,
            "depth": 85.11
          },
          {
            "time": "2011-03-22T03:50:50.810000+00:00",
            "course": 134.19,
            "speed": 8.59,
            "depth": 84.98
          },
          {
            "time": "2011-03-22T03:50:58.810000+00:00",
            "course": 133.52,
            "speed": 8.59,
            "depth": 84.98
          },
          {
            "time": "2011-03-22T03:51:06.810000+00:00",
            "course": 132.58,
            "speed": 8.59,
            "depth": 84.74
          },
          {
            "time": "2011-03-22T03:51:14.810000+00:00",
            "course": 131.64,
            "speed": 8.59,
            "depth": 84.74
          },
          {
            "time": "2011-03-22T03:51:22.820000+00:00",
            "course": 131.01,
            "speed": 8.59,
            "depth": 84.74
          },
          {
            "time": "2011-03-22T03:51:30.820000+00:00",
            "course": 130.7,
            "speed": 8.56,
            "depth": 84.86
          },
          {
            "time": "2011-03-22T03:51:38.810000+00:00",
            "course": 130.71,
            "speed": 8.56,
            "depth": 84.98
          },
          {
            "time": "2011-03-22T03:51:46.810000+00:00",
            "course": 131.01,
            "speed": 8.56,
            "depth": 84.98
          },
          {
            "time": "2011-03-22T03:51:54.810000+00:00",
            "course": 131.62,
            "speed": 8.54,
            "depth": 85.11
          },
          {
            "time": "2011-03-22T03:52:02.810000+00:00",
            "course": 132.44,
            "speed": 8.54,
            "depth": 85.11
          },
          {
            "time": "2011-03-22T03:52:10.810000+00:00",
            "course": 133.32,
            "speed": 8.54,
            "depth": 85.11
          },
          {
            "time": "2011-03-22T03:52:18.810000+00:00",
            "course": 134.06,
            "speed": 8.54,
            "depth": 85.11
          },
          {
            "time": "2011-03-22T03:52:26.810000+00:00",
            "course": 134.42,
            "speed": 8.54,
            "depth": 84.98
          },
          {
            "time": "2011-03-22T03:52:34.810000+00:00",
            "course": 134.53,
            "speed": 8.55,
            "depth": 84.98
          },
          {
            "time": "2011-03-22T03:52:42.810000+00:00",
            "course": 134.32,
            "speed": 8.55,
            "depth": 84.98
          },
          {
            "time": "2011-03-22T03:52:50.810000+00:00",
            "course": 133.87,
            "speed": 8.55,
            "depth": 84.98
          },
          {
            "time": "2011-03-22T03:52:58.820000+00:00",
            "course": 133.13,
            "speed": 8.54,
            "depth": 84.86
          },
          {
            "time": "2011-03-22T03:53:06.820000+00:00",
            "course": 132.28,
            "speed": 8.54,
            "depth": 84.62
          },
          {
            "time": "2011-03-22T03:53:14.820000+00:00",
            "course": 131.49,
            "speed": 8.52,
            "depth": 84.62
          },
          {
            "time": "2011-03-22T03:53:22.820000+00:00",
            "course": 131.04,
            "speed": 8.52,
            "depth": 84.5
          },
          {
            "time": "2011-03-22T03:53:30.820000+00:00",
            "course": 130.91,
            "speed": 8.53,
            "depth": 84.5
          },
          {
            "time": "2011-03-22T03:53:38.810000+00:00",
            "course": 131.06,
            "speed": 8.53,
            "depth": 84.5
          },
          {
            "time": "2011-03-22T03:53:46.810000+00:00",
            "course": 131.41,
            "speed": 8.52,
            "depth": 84.5
          },
          {
            "time": "2011-03-22T03:53:54.810000+00:00",
            "course": 131.97,
            "speed": 8.53,
            "depth": 84.5
          },
          {
            "time": "2011-03-22T03:54:02.810000+00:00",
            "course": 132.71,
            "speed": 8.54,
            "depth": 84.38
          },
          {
            "time": "2011-03-22T03:54:10.810000+00:00",
            "course": 133.57,
            "speed": 8.55,
            "depth": 84.38
          },
          {
            "time": "2011-03-22T03:54:18.810000+00:00",
            "course": 134.29,
            "speed": 8.55,
            "depth": 84.38
          },
          {
            "time": "2011-03-22T03:54:26.810000+00:00",
            "course": 134.64,
            "speed": 8.57,
            "depth": 84.38
          },
          {
            "time": "2011-03-22T03:54:34.810000+00:00",
            "course": 134.64,
            "speed": 8.57,
            "depth": 84.5
          },
          {
            "time": "2011-03-22T03:54:42.810000+00:00",
            "course": 134.25,
            "speed": 8.57,
            "depth": 84.62
          },
          {
            "time": "2011-03-22T03:54:50.810000+00:00",
            "course": 133.5,
            "speed": 8.57,
            "depth": 84.62
          },
          {
            "time": "2011-03-22T03:54:58.820000+00:00",
            "course": 132.48,
            "speed": 8.57,
            "depth": 84.62
          },
          {
            "time": "2011-03-22T03:55:06.820000+00:00",
            "course": 131.59,
            "speed": 8.57,
            "depth": 84.62
          },
          {
            "time": "2011-03-22T03:55:14.820000+00:00",
            "course": 131.03,
            "speed": 8.6,
            "depth": 84.74
          },
          {
            "time": "2011-03-22T03:55:22.820000+00:00",
            "course": 130.86,
            "speed": 8.6,
            "depth": 84.74
          },
          {
            "time": "2011-03-22T03:55:30.820000+00:00",
            "course": 131.06,
            "speed": 8.6,
            "depth": 84.86
          },
          {
            "time": "2011-03-22T03:55:38.810000+00:00",
            "course": 131.54,
            "speed": 8.59,
            "depth": 84.86
          },
          {
            "time": "2011-03-22T03:55:46.810000+00:00",
            "course": 132.3,
            "speed": 8.56,
            "depth": 84.86
          },
          {
            "time": "2011-03-22T03:55:54.810000+00:00",
            "course": 133.21,
            "speed": 8.56,
            "depth": 84.86
          },
          {
            "time": "2011-03-22T03:56:02.810000+00:00",
            "course": 134.01,
            "speed": 8.55,
            "depth": 84.86
          },
          {
            "time": "2011-03-22T03:56:10.810000+00:00",
            "course": 134.48,
            "speed": 8.54,
            "depth": 84.86
          },
          {
            "time": "2011-03-22T03:56:18.810000+00:00",
            "course": 134.59,
            "speed": 8.54,
            "depth": 84.86
          },
          {
            "time": "2011-03-22T03:56:26.810000+00:00",
            "course": 134.27,
            "speed": 8.54,
            "depth": 84.86
          },
          {
            "time": "2011-03-22T03:56:34.810000+00:00",
            "course": 133.61,
            "speed": 8.52,
            "depth": 84.86
          },
          {
            "time": "2011-03-22T03:56:42.810000+00:00",
            "course": 132.67,
            "speed": 8.52,
            "depth": 84.86
          },
          {
            "time": "2011-03-22T03:56:50.810000+00:00",
            "course": 131.73,
            "speed": 8.52,
            "depth": 84.86
          },
          {
            "time": "2011-03-22T03:56:58.820000+00:00",
            "course": 131.12,
            "speed": 8.52,
            "depth": 84.86
          },
          {
            "time": "2011-03-22T03:57:06.820000+00:00",
            "course": 130.9,
            "speed": 8.52,
            "depth": 84.86
          },
          {
            "time": "2011-03-22T03:57:14.820000+00:00",
            "course": 130.98,
            "speed": 8.52,
            "depth": 84.86
          },
          {
            "time": "2011-03-22T03:57:22.820000+00:00",
            "course": 131.36,
            "speed": 8.52,
            "depth": 84.86
          },
          {
            "time": "2011-03-22T03:57:30.820000+00:00",
            "course": 131.95,
            "speed": 8.52,
            "depth": 84.86
          },
          {
            "time": "2011-03-22T03:57:38.810000+00:00",
            "course": 132.76,
            "speed": 8.52,
            "depth": 84.86
          },
          {
            "time": "2011-03-22T03:57:46.810000+00:00",
            "course": 133.6,
            "speed": 8.52,
            "depth": 84.86
          },
          {
            "time": "2011-03-22T03:57:54.810000+00:00",
            "course": 134.25,
            "speed": 8.53,
            "depth": 84.98
          },
          {
            "time": "2011-03-22T03:58:02.810000+00:00",
            "course": 134.58,
            "speed": 8.53,
            "depth": 84.98
          },
          {
            "time": "2011-03-22T03:58:10.810000+00:00",
            "course": 134.64,
            "speed": 8.53,
            "depth": 84.98
          },
          {
            "time": "2011-03-22T03:58:18.820000+00:00",
            "course": 135.74,
            "speed": 8.53,
            "depth": 84.98
          },
          {
            "time": "2011-03-22T03:58:26.820000+00:00",
            "course": 138.34,
            "speed": 8.55,
            "depth": 84.98
          },
          {
            "time": "2011-03-22T03:58:34.820000+00:00",
            "course": 141.75,
            "speed": 8.54,
            "depth": 85.11
          },
          {
            "time": "2011-03-22T03:58:42.820000+00:00",
            "course": 145.8,
            "speed": 8.52,
            "depth": 85.34
          },
          {
            "time": "2011-03-22T03:58:50.820000+00:00",
            "course": 150.38,
            "speed": 8.47,
            "depth": 85.59
          },
          {
            "time": "2011-03-22T03:58:58.820000+00:00",
            "course": 155.36,
            "speed": 8.43,
            "depth": 85.83
          },
          {
            "time": "2011-03-22T03:59:06.820000+00:00",
            "course": 160.54,
            "speed": 8.39,
            "depth": 85.83
          },
          {
            "time": "2011-03-22T03:59:14.820000+00:00",
            "course": 165.84,
            "speed": 8.34,
            "depth": 85.83
          },
          {
            "time": "2011-03-22T03:59:22.820000+00:00",
            "course": 171.16,
            "speed": 8.27,
            "depth": 85.95
          },
          {
            "time": "2011-03-22T03:59:30.820000+00:00",
            "course": 176.51,
            "speed": 8.22,
            "depth": 85.95
          },
          {
            "time": "2011-03-22T03:59:38.810000+00:00",
            "course": 181.83,
            "speed": 8.19,
            "depth": 85.95
          },
          {
            "time": "2011-03-22T03:59:46.810000+00:00",
            "course": 187.14,
            "speed": 8.15,
            "depth": 85.95
          },
          {
            "time": "2011-03-22T03:59:54.810000+00:00",
            "course": 192.45,
            "speed": 8.1,
            "depth": 86.07
          },
          {
            "time": "2011-03-22T04:00:02.810000+00:00",
            "course": 197.73,
            "speed": 8.07,
            "depth": 86.19
          },
          {
            "time": "2011-03-22T04:00:10.810000+00:00",
            "course": 202.9,
            "speed": 8.06,
            "depth": 86.19
          },
          {
            "time": "2011-03-22T04:00:18.810000+00:00",
            "course": 208.09,
            "speed": 8.03,
            "depth": 86.19
          },
          {
            "time": "2011-03-22T04:00:26.810000+00:00",
            "course": 213.44,
            "speed": 8.01,
            "depth": 85.95
          },
          {
            "time": "2011-03-22T04:00:34.810000+00:00",
            "course": 217.66,
            "speed": 8.01,
            "depth": 85.83
          },
          {
            "time": "2011-03-22T04:00:42.810000+00:00",
            "course": 219.98,
            "speed": 8.0,
            "depth": 85.71
          },
          {
            "time": "2011-03-22T04:00:50.810000+00:00",
            "course": 221.59,
            "speed": 8.02,
            "depth": 85.59
          },
          {
            "time": "2011-03-22T04:00:58.820000+00:00",
            "course": 223.1,
            "speed": 8.04,
            "depth": 85.34
          },
          {
            "time": "2011-03-22T04:01:06.820000+00:00",
            "course": 223.58,
            "speed": 8.06,
            "depth": 85.11
          },
          {
            "time": "2011-03-22T04:01:14.820000+00:00",
            "course": 224.18,
            "speed": 8.11,
            "depth": 84.86
          },
          {
            "time": "2011-03-22T04:01:22.820000+00:00",
            "course": 225.29,
            "speed": 8.16,
            "depth": 84.5
          },
          {
            "time": "2011-03-22T04:01:30.820000+00:00",
            "course": 226.05,
            "speed": 8.18,
            "depth": 84.26
          },
          {
            "time": "2011-03-22T04:01:38.820000+00:00",
            "course": 225.88,
            "speed": 8.2,
            "depth": 84.14
          },
          {
            "time": "2011-03-22T04:01:46.820000+00:00",
            "course": 224.96,
            "speed": 8.22,
            "depth": 84.14
          },
          {
            "time": "2011-03-22T04:01:54.820000+00:00",
            "course": 223.62,
            "speed": 8.25,
            "depth": 84.14
          },
          {
            "time": "2011-03-22T04:02:02.820000+00:00",
            "course": 222.61,
            "speed": 8.29,
            "depth": 84.14
          },
          {
            "time": "2011-03-22T04:02:10.820000+00:00",
            "course": 222.07,
            "speed": 8.34,
            "depth": 84.26
          },
          {
            "time": "2011-03-22T04:02:18.820000+00:00",
            "course": 221.91,
            "speed": 8.38,
            "depth": 84.38
          },
          {
            "time": "2011-03-22T04:02:26.820000+00:00",
            "course": 222.04,
            "speed": 8.38,
            "depth": 84.5
          },
          {
            "time": "2011-03-22T04:02:34.820000+00:00",
            "course": 222.43,
            "speed": 8.4,
            "depth": 84.5
          },
          {
            "time": "2011-03-22T04:02:42.820000+00:00",
            "course": 223.06,
            "speed": 8.41,
            "depth": 84.5
          },
          {
            "time": "2011-03-22T04:02:50.820000+00:00",
            "course": 223.85,
            "speed": 8.43,
            "depth": 84.62
          },
          {
            "time": "2011-03-22T04:02:58.820000+00:00",
            "course": 224.59,
            "speed": 8.43,
            "depth": 84.86
          },
          {
            "time": "2011-03-22T04:03:06.820000+00:00",
            "course": 225.03,
            "speed": 8.43,
            "depth": 85.23
          },
          {
            "time": "2011-03-22T04:03:14.820000+00:00",
            "course": 225.21,
            "speed": 8.43,
            "depth": 85.23
          },
          {
            "time": "2011-03-22T04:03:22.820000+00:00",
            "course": 225.11,
            "speed": 8.43,
            "depth": 85.23
          },
          {
            "time": "2011-03-22T04:03:30.820000+00:00",
            "course": 224.74,
            "speed": 8.43,
            "depth": 85.23
          },
          {
            "time": "2011-03-22T04:03:38.820000+00:00",
            "course": 224.13,
            "speed": 8.43,
            "depth": 85.23
          },
          {
            "time": "2011-03-22T04:03:46.820000+00:00",
            "course": 223.36,
            "speed": 8.43,
            "depth": 85.23
          },
          {
            "time": "2011-03-22T04:03:54.820000+00:00",
            "course": 222.65,
            "speed": 8.45,
            "depth": 85.23
          },
          {
            "time": "2011-03-22T04:04:02.820000+00:00",
            "course": 222.15,
            "speed": 8.45,
            "depth": 85.46
          },
          {
            "time": "2011-03-22T04:04:10.820000+00:00",
            "course": 221.91,
            "speed": 8.48,
            "depth": 85.46
          },
          {
            "time": "2011-03-22T04:04:18.820000+00:00",
            "course": 221.86,
            "speed": 8.5,
            "depth": 85.46
          },
          {
            "time": "2011-03-22T04:04:26.820000+00:00",
            "course": 221.98,
            "speed": 8.5,
            "depth": 85.46
          },
          {
            "time": "2011-03-22T04:04:34.820000+00:00",
            "course": 222.31,
            "speed": 8.5,
            "depth": 85.34
          },
          {
            "time": "2011-03-22T04:04:42.820000+00:00",
            "course": 222.79,
            "speed": 8.5,
            "depth": 85.34
          },
          {
            "time": "2011-03-22T04:04:50.820000+00:00",
            "course": 223.49,
            "speed": 8.53,
            "depth": 85.34
          },
          {
            "time": "2011-03-22T04:04:58.820000+00:00",
            "course": 224.27,
            "speed": 8.53,
            "depth": 85.34
          },
          {
            "time": "2011-03-22T04:05:06.820000+00:00",
            "course": 224.99,
            "speed": 8.53,
            "depth": 85.34
          },
          {
            "time": "2011-03-22T04:05:14.820000+00:00",
            "course": 225.41,
            "speed": 8.53,
            "depth": 85.34
          },
          {
            "time": "2011-03-22T04:05:22.820000+00:00",
            "course": 225.49,
            "speed": 8.53,
            "depth": 85.34
          },
          {
            "time": "2011-03-22T04:05:30.820000+00:00",
            "course": 225.24,
            "speed": 8.53,
            "depth": 85.23
          },
          {
            "time": "2011-03-22T04:05:38.830000+00:00",
            "course": 224.7,
            "speed": 8.53,
            "depth": 85.11
          },
          {
            "time": "2011-03-22T04:05:46.830000+00:00",
            "course": 223.86,
            "speed": 8.53,
            "depth": 85.11
          },
          {
            "time": "2011-03-22T04:05:54.830000+00:00",
            "course": 222.88,
            "speed": 8.53,
            "depth": 85.11
          },
          {
            "time": "2011-03-22T04:06:02.830000+00:00",
            "course": 222.17,
            "speed": 8.55,
            "depth": 85.11
          },
          {
            "time": "2011-03-22T04:06:10.830000+00:00",
            "course": 221.81,
            "speed": 8.55,
            "depth": 85.11
          },
          {
            "time": "2011-03-22T04:06:18.830000+00:00",
            "course": 221.8,
            "speed": 8.55,
            "depth": 85.11
          },
          {
            "time": "2011-03-22T04:06:26.830000+00:00",
            "course": 222.08,
            "speed": 8.56,
            "depth": 85.11
          },
          {
            "time": "2011-03-22T04:06:34.830000+00:00",
            "course": 223.36,
            "speed": 8.57,
            "depth": 84.86
          },
          {
            "time": "2011-03-22T04:06:42.830000+00:00",
            "course": 225.07,
            "speed": 8.56,
            "depth": 84.86
          },
          {
            "time": "2011-03-22T04:06:50.830000+00:00",
            "course": 226.03,
            "speed": 8.54,
            "depth": 84.86
          },
          {
            "time": "2011-03-22T04:06:58.830000+00:00",
            "course": 226.31,
            "speed": 8.54,
            "depth": 84.86
          },
          {
            "time": "2011-03-22T04:07:06.830000+00:00",
            "course": 225.99,
            "speed": 8.54,
            "depth": 84.86
          },
          {
            "time": "2011-03-22T04:07:14.830000+00:00",
            "course": 225.14,
            "speed": 8.54,
            "depth": 84.86
          },
          {
            "time": "2011-03-22T04:07:22.830000+00:00",
            "course": 224.53,
            "speed": 8.55,
            "depth": 84.86
          },
          {
            "time": "2011-03-22T04:07:30.830000+00:00",
            "course": 224.93,
            "speed": 8.55,
            "depth": 84.86
          },
          {
            "time": "2011-03-22T04:07:38.830000+00:00",
            "course": 225.87,
            "speed": 8.57,
            "depth": 84.86
          },
          {
            "time": "2011-03-22T04:07:46.830000+00:00",
            "course": 226.65,
            "speed": 8.57,
            "depth": 84.86
          },
          {
            "time": "2011-03-22T04:07:54.830000+00:00",
            "course": 227.01,
            "speed": 8.56,
            "depth": 84.98
          },
          {
            "time": "2011-03-22T04:08:02.830000+00:00",
            "course": 227.0,
            "speed": 8.56,
            "depth": 84.98
          },
          {
            "time": "2011-03-22T04:08:10.830000+00:00",
            "course": 226.69,
            "speed": 8.56,
            "depth": 84.98
          },
          {
            "time": "2011-03-22T04:08:18.820000+00:00",
            "course": 226.08,
            "speed": 8.56,
            "depth": 84.98
          },
          {
            "time": "2011-03-22T04:08:26.820000+00:00",
            "course": 225.18,
            "speed": 8.56,
            "depth": 85.11
          },
          {
            "time": "2011-03-22T04:08:34.820000+00:00",
            "course": 224.27,
            "speed": 8.56,
            "depth": 85.23
          },
          {
            "time": "2011-03-22T04:08:42.820000+00:00",
            "course": 223.71,
            "speed": 8.57,
            "depth": 85.23
          },
          {
            "time": "2011-03-22T04:08:50.820000+00:00",
            "course": 224.65,
            "speed": 8.57,
            "depth": 85.23
          },
          {
            "time": "2011-03-22T04:08:58.830000+00:00",
            "course": 226.27,
            "speed": 8.57,
            "depth": 85.23
          },
          {
            "time": "2011-03-22T04:09:06.830000+00:00",
            "course": 227.15,
            "speed": 8.56,
            "depth": 85.23
          },
          {
            "time": "2011-03-22T04:09:14.830000+00:00",
            "course": 227.42,
            "speed": 8.56,
            "depth": 85.23
          },
          {
            "time": "2011-03-22T04:09:22.830000+00:00",
            "course": 227.26,
            "speed": 8.56,
            "depth": 85.23
          },
          {
            "time": "2011-03-22T04:09:30.830000+00:00",
            "course": 226.66,
            "speed": 8.57,
            "depth": 85.23
          },
          {
            "time": "2011-03-22T04:09:38.830000+00:00",
            "course": 225.75,
            "speed": 8.57,
            "depth": 85.23
          },
          {
            "time": "2011-03-22T04:09:46.830000+00:00",
            "course": 224.91,
            "speed": 8.6,
            "depth": 85.23
          },
          {
            "time": "2011-03-22T04:09:54.830000+00:00",
            "course": 224.39,
            "speed": 8.6,
            "depth": 85.23
          },
          {
            "time": "2011-03-22T04:10:02.830000+00:00",
            "course": 224.15,
            "speed": 8.6,
            "depth": 85.23
          },
          {
            "time": "2011-03-22T04:10:10.830000+00:00",
            "course": 224.23,
            "speed": 8.62,
            "depth": 85.23
          },
          {
            "time": "2011-03-22T04:10:18.820000+00:00",
            "course": 225.9,
            "speed": 8.62,
            "depth": 85.23
          },
          {
            "time": "2011-03-22T04:10:26.820000+00:00",
            "course": 227.76,
            "speed": 8.61,
            "depth": 85.23
          },
          {
            "time": "2011-03-22T04:10:34.820000+00:00",
            "course": 228.51,
            "speed": 8.6,
            "depth": 85.34
          },
          {
            "time": "2011-03-22T04:10:42.820000+00:00",
            "course": 228.48,
            "speed": 8.59,
            "depth": 85.59
          },
          {
            "time": "2011-03-22T04:10:50.820000+00:00",
            "course": 227.95,
            "speed": 8.57,
            "depth": 85.59
          },
          {
            "time": "2011-03-22T04:10:58.820000+00:00",
            "course": 227.15,
            "speed": 8.57,
            "depth": 85.59
          },
          {
            "time": "2011-03-22T04:11:06.820000+00:00",
            "course": 226.46,
            "speed": 8.57,
            "depth": 85.59
          },
          {
            "time": "2011-03-22T04:11:14.820000+00:00",
            "course": 226.34,
            "speed": 8.6,
            "depth": 85.59
          },
          {
            "time": "2011-03-22T04:11:22.820000+00:00",
            "course": 227.4,
            "speed": 8.58,
            "depth": 85.59
          },
          {
            "time": "2011-03-22T04:11:30.820000+00:00",
            "course": 228.92,
            "speed": 8.53,
            "depth": 85.59
          },
          {
            "time": "2011-03-22T04:11:38.830000+00:00",
            "course": 230.05,
            "speed": 8.46,
            "depth": 85.59
          },
          {
            "time": "2011-03-22T04:11:46.830000+00:00",
            "course": 230.77,
            "speed": 8.41,
            "depth": 85.59
          },
          {
            "time": "2011-03-22T04:11:54.830000+00:00",
            "course": 231.17,
            "speed": 8.38,
            "depth": 85.59
          },
          {
            "time": "2011-03-22T04:12:02.830000+00:00",
            "course": 231.17,
            "speed": 8.31,
            "depth": 85.59
          },
          {
            "time": "2011-03-22T04:12:10.830000+00:00",
            "course": 230.84,
            "speed": 8.27,
            "depth": 85.59
          },
          {
            "time": "2011-03-22T04:12:18.830000+00:00",
            "course": 230.2,
            "speed": 8.24,
            "depth": 85.59
          },
          {
            "time": "2011-03-22T04:12:26.830000+00:00",
            "course": 229.26,
            "speed": 8.22,
            "depth": 85.59
          },
          {
            "time": "2011-03-22T04:12:34.820000+00:00",
            "course": 228.1,
            "speed": 8.17,
            "depth": 85.59
          },
          {
            "time": "2011-03-22T04:12:42.820000+00:00",
            "course": 227.03,
            "speed": 8.14,
            "depth": 85.59
          },
          {
            "time": "2011-03-22T04:12:50.820000+00:00",
            "course": 226.3,
            "speed": 8.1,
            "depth": 85.59
          },
          {
            "time": "2011-03-22T04:12:58.830000+00:00",
            "course": 225.96,
            "speed": 8.08,
            "depth": 85.59
          },
          {
            "time": "2011-03-22T04:13:06.830000+00:00",
            "course": 226.32,
            "speed": 8.06,
            "depth": 85.59
          },
          {
            "time": "2011-03-22T04:13:14.830000+00:00",
            "course": 226.92,
            "speed": 8.06,
            "depth": 85.59
          },
          {
            "time": "2011-03-22T04:13:22.830000+00:00",
            "course": 227.47,
            "speed": 8.01,
            "depth": 85.59
          },
          {
            "time": "2011-03-22T04:13:30.830000+00:00",
            "course": 227.64,
            "speed": 7.99,
            "depth": 85.59
          },
          {
            "time": "2011-03-22T04:13:38.830000+00:00",
            "course": 227.86,
            "speed": 7.94,
            "depth": 85.59
          },
          {
            "time": "2011-03-22T04:13:46.830000+00:00",
            "course": 228.79,
            "speed": 7.91,
            "depth": 85.59
          },
          {
            "time": "2011-03-22T04:13:54.830000+00:00",
            "course": 229.04,
            "speed": 7.87,
            "depth": 85.34
          },
          {
            "time": "2011-03-22T04:14:02.830000+00:00",
            "course": 228.65,
            "speed": 7.84,
            "depth": 85.34
          },
          {
            "time": "2011-03-22T04:14:10.830000+00:00",
            "course": 228.49,
            "speed": 7.84,
            "depth": 85.34
          },
          {
            "time": "2011-03-22T04:14:18.830000+00:00",
            "course": 228.86,
            "speed": 7.86,
            "depth": 85.34
          },
          {
            "time": "2011-03-22T04:14:26.830000+00:00",
            "course": 229.05,
            "speed": 7.84,
            "depth": 85.34
          },
          {
            "time": "2011-03-22T04:14:34.830000+00:00",
            "course": 228.59,
            "speed": 7.8,
            "depth": 85.34
          },
          {
            "time": "2011-03-22T04:14:42.830000+00:00",
            "course": 228.44,
            "speed": 7.81,
            "depth": 85.34
          },
          {
            "time": "2011-03-22T04:14:50.830000+00:00",
            "course": 228.54,
            "speed": 7.81,
            "depth": 85.23
          },
          {
            "time": "2011-03-22T04:14:58.830000+00:00",
            "course": 228.2,
            "speed": 7.81,
            "depth": 85.11
          },
          {
            "time": "2011-03-22T04:15:06.830000+00:00",
            "course": 228.41,
            "speed": 7.81,
            "depth": 85.11
          },
          {
            "time": "2011-03-22T04:15:14.830000+00:00",
            "course": 229.11,
            "speed": 7.81,
            "depth": 85.11
          },
          {
            "time": "2011-03-22T04:15:22.830000+00:00",
            "course": 229.36,
            "speed": 7.8,
            "depth": 85.11
          },
          {
            "time": "2011-03-22T04:15:30.830000+00:00",
            "course": 229.1,
            "speed": 7.78,
            "depth": 85.11
          },
          {
            "time": "2011-03-22T04:15:38.830000+00:00",
            "course": 229.06,
            "speed": 7.78,
            "depth": 85.11
          },
          {
            "time": "2011-03-22T04:15:46.830000+00:00",
            "course": 228.98,
            "speed": 7.78,
            "depth": 85.11
          },
          {
            "time": "2011-03-22T04:15:54.830000+00:00",
            "course": 228.64,
            "speed": 7.78,
            "depth": 85.11
          },
          {
            "time": "2011-03-22T04:16:02.830000+00:00",
            "course": 228.75,
            "speed": 7.78,
            "depth": 85.11
          },
          {
            "time": "2011-03-22T04:16:10.830000+00:00",
            "course": 229.25,
            "speed": 7.77,
            "depth": 85.11
          },
          {
            "time": "2011-03-22T04:16:18.830000+00:00",
            "course": 229.2,
            "speed": 7.75,
            "depth": 85.11
          },
          {
            "time": "2011-03-22T04:16:26.830000+00:00",
            "course": 228.86,
            "speed": 7.73,
            "depth": 85.23
          },
          {
            "time": "2011-03-22T04:16:34.830000+00:00",
            "course": 229.19,
            "speed": 7.74,
            "depth": 85.34
          },
          {
            "time": "2011-03-22T04:16:42.830000+00:00",
            "course": 229.38,
            "speed": 7.73,
            "depth": 85.46
          },
          {
            "time": "2011-03-22T04:16:50.830000+00:00",
            "course": 229.13,
            "speed": 7.73,
            "depth": 85.59
          },
          {
            "time": "2011-03-22T04:16:58.830000+00:00",
            "course": 228.95,
            "speed": 7.71,
            "depth": 85.59
          },
          {
            "time": "2011-03-22T04:17:06.830000+00:00",
            "course": 228.83,
            "speed": 7.71,
            "depth": 85.59
          },
          {
            "time": "2011-03-22T04:17:14.830000+00:00",
            "course": 228.66,
            "speed": 7.71,
            "depth": 85.59
          },
          {
            "time": "2011-03-22T04:17:22.830000+00:00",
            "course": 228.47,
            "speed": 7.71,
            "depth": 85.59
          },
          {
            "time": "2011-03-22T04:17:30.830000+00:00",
            "course": 228.55,
            "speed": 7.71,
            "depth": 85.59
          },
          {
            "time": "2011-03-22T04:17:38.830000+00:00",
            "course": 229.1,
            "speed": 7.71,
            "depth": 85.59
          },
          {
            "time": "2011-03-22T04:17:46.830000+00:00",
            "course": 229.17,
            "speed": 7.71,
            "depth": 85.59
          },
          {
            "time": "2011-03-22T04:17:54.830000+00:00",
            "course": 228.92,
            "speed": 7.71,
            "depth": 85.59
          },
          {
            "time": "2011-03-22T04:18:02.830000+00:00",
            "course": 229.06,
            "speed": 7.71,
            "depth": 85.59
          },
          {
            "time": "2011-03-22T04:18:10.830000+00:00",
            "course": 229.49,
            "speed": 7.71,
            "depth": 85.59
          },
          {
            "time": "2011-03-22T04:18:18.830000+00:00",
            "course": 229.2,
            "speed": 7.71,
            "depth": 85.59
          },
          {
            "time": "2011-03-22T04:18:26.830000+00:00",
            "course": 228.87,
            "speed": 7.71,
            "depth": 85.59
          },
          {
            "time": "2011-03-22T04:18:34.830000+00:00",
            "course": 229.1,
            "speed": 7.71,
            "depth": 85.59
          },
          {
            "time": "2011-03-22T04:18:42.830000+00:00",
            "course": 229.26,
            "speed": 7.71,
            "depth": 85.59
          },
          {
            "time": "2011-03-22T04:18:50.830000+00:00",
            "course": 228.95,
            "speed": 7.71,
            "depth": 85.59
          },
          {
            "time": "2011-03-22T04:18:58.830000+00:00",
            "course": 228.54,
            "speed": 7.71,
            "depth": 85.59
          },
          {
            "time": "2011-03-22T04:19:06.830000+00:00",
            "course": 229.01,
            "speed": 7.71,
            "depth": 85.59
          },
          {
            "time": "2011-03-22T04:19:14.830000+00:00",
            "course": 229.06,
            "speed": 7.71,
            "depth": 85.59
          },
          {
            "time": "2011-03-22T04:19:22.830000+00:00",
            "course": 228.74,
            "speed": 7.71,
            "depth": 85.59
          },
          {
            "time": "2011-03-22T04:19:30.830000+00:00",
            "course": 229.03,
            "speed": 7.71,
            "depth": 85.59
          },
          {
            "time": "2011-03-22T04:19:38.830000+00:00",
            "course": 229.13,
            "speed": 7.71,
            "depth": 85.59
          },
          {
            "time": "2011-03-22T04:19:46.830000+00:00",
            "course": 228.83,
            "speed": 7.71,
            "depth": 85.71
          },
          {
            "time": "2011-03-22T04:19:54.830000+00:00",
            "course": 228.73,
            "speed": 7.71,
            "depth": 85.71
          },
          {
            "time": "2011-03-22T04:20:02.830000+00:00",
            "course": 229.28,
            "speed": 7.71,
            "depth": 85.71
          },
          {
            "time": "2011-03-22T04:20:10.830000+00:00",
            "course": 228.97,
            "speed": 7.68,
            "depth": 85.71
          },
          {
            "time": "2011-03-22T04:20:18.830000+00:00",
            "course": 228.75,
            "speed": 7.68,
            "depth": 85.71
          },
          {
            "time": "2011-03-22T04:20:26.830000+00:00",
            "course": 228.92,
            "speed": 7.69,
            "depth": 85.71
          },
          {
            "time": "2011-03-22T04:20:34.830000+00:00",
            "course": 228.71,
            "speed": 7.69,
            "depth": 85.71
          },
          {
            "time": "2011-03-22T04:20:42.830000+00:00",
            "course": 228.87,
            "speed": 7.69,
            "depth": 85.71
          },
          {
            "time": "2011-03-22T04:20:50.830000+00:00",
            "course": 229.0,
            "speed": 7.69,
            "depth": 85.46
          },
          {
            "time": "2011-03-22T04:20:58.830000+00:00",
            "course": 228.52,
            "speed": 7.69,
            "depth": 85.23
          },
          {
            "time": "2011-03-22T04:21:06.830000+00:00",
            "course": 228.46,
            "speed": 7.69,
            "depth": 85.11
          },
          {
            "time": "2011-03-22T04:21:14.830000+00:00",
            "course": 229.04,
            "speed": 7.69,
            "depth": 84.86
          },
          {
            "time": "2011-03-22T04:21:22.830000+00:00",
            "course": 229.04,
            "speed": 7.69,
            "depth": 84.86
          },
          {
            "time": "2011-03-22T04:21:30.830000+00:00",
            "course": 228.7,
            "speed": 7.69,
            "depth": 84.86
          },
          {
            "time": "2011-03-22T04:21:38.830000+00:00",
            "course": 229.03,
            "speed": 7.71,
            "depth": 84.86
          },
          {
            "time": "2011-03-22T04:21:46.830000+00:00",
            "course": 229.22,
            "speed": 7.71,
            "depth": 84.86
          },
          {
            "time": "2011-03-22T04:21:54.830000+00:00",
            "course": 229.08,
            "speed": 7.71,
            "depth": 84.86
          },
          {
            "time": "2011-03-22T04:22:02.830000+00:00",
            "course": 228.88,
            "speed": 7.71,
            "depth": 84.74
          },
          {
            "time": "2011-03-22T04:22:10.830000+00:00",
            "course": 228.46,
            "speed": 7.71,
            "depth": 84.74
          },
          {
            "time": "2011-03-22T04:22:18.840000+00:00",
            "course": 227.97,
            "speed": 7.71,
            "depth": 84.74
          },
          {
            "time": "2011-03-22T04:22:26.840000+00:00",
            "course": 228.25,
            "speed": 7.73,
            "depth": 84.74
          },
          {
            "time": "2011-03-22T04:22:34.840000+00:00",
            "course": 228.69,
            "speed": 7.73,
            "depth": 84.74
          },
          {
            "time": "2011-03-22T04:22:42.840000+00:00",
            "course": 228.54,
            "speed": 7.73,
            "depth": 84.86
          },
          {
            "time": "2011-03-22T04:22:50.840000+00:00",
            "course": 228.27,
            "speed": 7.73,
            "depth": 84.86
          },
          {
            "time": "2011-03-22T04:22:58.840000+00:00",
            "course": 227.97,
            "speed": 7.73,
            "depth": 84.86
          },
          {
            "time": "2011-03-22T04:23:06.840000+00:00",
            "course": 228.07,
            "speed": 7.71,
            "depth": 85.11
          },
          {
            "time": "2011-03-22T04:23:14.840000+00:00",
            "course": 228.93,
            "speed": 7.71,
            "depth": 85.23
          },
          {
            "time": "2011-03-22T04:23:22.840000+00:00",
            "course": 229.45,
            "speed": 7.71,
            "depth": 85.23
          },
          {
            "time": "2011-03-22T04:23:30.840000+00:00",
            "course": 229.16,
            "speed": 7.71,
            "depth": 85.46
          },
          {
            "time": "2011-03-22T04:23:38.830000+00:00",
            "course": 228.64,
            "speed": 7.73,
            "depth": 85.46
          },
          {
            "time": "2011-03-22T04:23:46.830000+00:00",
            "course": 228.97,
            "speed": 7.74,
            "depth": 85.46
          },
          {
            "time": "2011-03-22T04:23:54.830000+00:00",
            "course": 229.48,
            "speed": 7.76,
            "depth": 85.46
          },
          {
            "time": "2011-03-22T04:24:02.830000+00:00",
            "course": 229.33,
            "speed": 7.76,
            "depth": 85.46
          },
          {
            "time": "2011-03-22T04:24:10.830000+00:00",
            "course": 228.69,
            "speed": 7.76,
            "depth": 85.46
          },
          {
            "time": "2011-03-22T04:24:18.840000+00:00",
            "course": 228.7,
            "speed": 7.76,
            "depth": 85.46
          },
          {
            "time": "2011-03-22T04:24:26.840000+00:00",
            "course": 229.02,
            "speed": 7.76,
            "depth": 85.46
          },
          {
            "time": "2011-03-22T04:24:34.840000+00:00",
            "course": 228.9,
            "speed": 7.75,
            "depth": 85.46
          },
          {
            "time": "2011-03-22T04:24:42.840000+00:00",
            "course": 228.59,
            "speed": 7.71,
            "depth": 85.46
          },
          {
            "time": "2011-03-22T04:24:50.840000+00:00",
            "course": 228.92,
            "speed": 7.71,
            "depth": 85.34
          },
          {
            "time": "2011-03-22T04:24:58.840000+00:00",
            "course": 229.15,
            "speed": 7.7,
            "depth": 85.34
          },
          {
            "time": "2011-03-22T04:25:06.840000+00:00",
            "course": 229.08,
            "speed": 7.66,
            "depth": 85.34
          },
          {
            "time": "2011-03-22T04:25:14.840000+00:00",
            "course": 229.06,
            "speed": 7.66,
            "depth": 85.34
          },
          {
            "time": "2011-03-22T04:25:22.840000+00:00",
            "course": 229.16,
            "speed": 7.66,
            "depth": 85.34
          },
          {
            "time": "2011-03-22T04:25:30.840000+00:00",
            "course": 229.28,
            "speed": 7.67,
            "depth": 85.34
          },
          {
            "time": "2011-03-22T04:25:38.850000+00:00",
            "course": 229.15,
            "speed": 7.67,
            "depth": 85.34
          },
          {
            "time": "2011-03-22T04:25:46.850000+00:00",
            "course": 228.77,
            "speed": 7.68,
            "depth": 85.34
          },
          {
            "time": "2011-03-22T04:25:54.850000+00:00",
            "course": 228.85,
            "speed": 7.69,
            "depth": 85.23
          },
          {
            "time": "2011-03-22T04:26:02.850000+00:00",
            "course": 228.93,
            "speed": 7.69,
            "depth": 85.11
          },
          {
            "time": "2011-03-22T04:26:10.850000+00:00",
            "course": 228.6,
            "speed": 7.69,
            "depth": 85.11
          },
          {
            "time": "2011-03-22T04:26:18.840000+00:00",
            "course": 228.66,
            "speed": 7.69,
            "depth": 85.11
          },
          {
            "time": "2011-03-22T04:26:26.840000+00:00",
            "course": 229.31,
            "speed": 7.69,
            "depth": 85.11
          },
          {
            "time": "2011-03-22T04:26:34.840000+00:00",
            "course": 229.34,
            "speed": 7.69,
            "depth": 85.11
          },
          {
            "time": "2011-03-22T04:26:42.840000+00:00",
            "course": 228.93,
            "speed": 7.69,
            "depth": 85.11
          },
          {
            "time": "2011-03-22T04:26:50.840000+00:00",
            "course": 229.17,
            "speed": 7.69,
            "depth": 85.11
          },
          {
            "time": "2011-03-22T04:26:58.840000+00:00",
            "course": 229.47,
            "speed": 7.69,
            "depth": 85.11
          },
          {
            "time": "2011-03-22T04:27:06.840000+00:00",
            "course": 229.06,
            "speed": 7.69,
            "depth": 85.11
          },
          {
            "time": "2011-03-22T04:27:14.840000+00:00",
            "course": 228.71,
            "speed": 7.69,
            "depth": 85.11
          },
          {
            "time": "2011-03-22T04:27:22.840000+00:00",
            "course": 228.63,
            "speed": 7.69,
            "depth": 85.11
          },
          {
            "time": "2011-03-22T04:27:30.840000+00:00",
            "course": 229.08,
            "speed": 7.69,
            "depth": 85.11
          },
          {
            "time": "2011-03-22T04:27:38.850000+00:00",
            "course": 229.11,
            "speed": 7.69,
            "depth": 85.11
          },
          {
            "time": "2011-03-22T04:27:46.850000+00:00",
            "course": 228.56,
            "speed": 7.69,
            "depth": 85.11
          },
          {
            "time": "2011-03-22T04:27:54.850000+00:00",
            "course": 228.83,
            "speed": 7.71,
            "depth": 85.11
          },
          {
            "time": "2011-03-22T04:28:02.850000+00:00",
            "course": 229.34,
            "speed": 7.71,
            "depth": 84.86
          },
          {
            "time": "2011-03-22T04:28:10.850000+00:00",
            "course": 229.13,
            "speed": 7.71,
            "depth": 84.86
          },
          {
            "time": "2011-03-22T04:28:18.850000+00:00",
            "course": 228.69,
            "speed": 7.71,
            "depth": 84.86
          },
          {
            "time": "2011-03-22T04:28:26.850000+00:00",
            "course": 228.82,
            "speed": 7.71,
            "depth": 84.86
          },
          {
            "time": "2011-03-22T04:28:34.850000+00:00",
            "course": 229.12,
            "speed": 7.71,
            "depth": 84.98
          },
          {
            "time": "2011-03-22T04:28:42.850000+00:00",
            "course": 228.55,
            "speed": 7.71,
            "depth": 84.98
          },
          {
            "time": "2011-03-22T04:28:50.850000+00:00",
            "course": 227.97,
            "speed": 7.71,
            "depth": 84.98
          },
          {
            "time": "2011-03-22T04:28:58.850000+00:00",
            "course": 228.3,
            "speed": 7.71,
            "depth": 84.98
          },
          {
            "time": "2011-03-22T04:29:06.850000+00:00",
            "course": 229.3,
            "speed": 7.71,
            "depth": 84.98
          },
          {
            "time": "2011-03-22T04:29:14.850000+00:00",
            "course": 229.87,
            "speed": 7.71,
            "depth": 84.98
          },
          {
            "time": "2011-03-22T04:29:22.850000+00:00",
            "course": 229.77,
            "speed": 7.71,
            "depth": 84.98
          },
          {
            "time": "2011-03-22T04:29:30.850000+00:00",
            "course": 229.38,
            "speed": 7.71,
            "depth": 84.98
          },
          {
            "time": "2011-03-22T04:29:38.850000+00:00",
            "course": 229.36,
            "speed": 7.71,
            "depth": 84.98
          },
          {
            "time": "2011-03-22T04:29:46.850000+00:00",
            "course": 229.73,
            "speed": 7.71,
            "depth": 84.74
          },
          {
            "time": "2011-03-22T04:29:54.850000+00:00",
            "course": 229.35,
            "speed": 7.71,
            "depth": 84.62
          },
          {
            "time": "2011-03-22T04:30:02.850000+00:00",
            "course": 228.2,
            "speed": 7.71,
            "depth": 84.5
          },
          {
            "time": "2011-03-22T04:30:10.850000+00:00",
            "course": 227.26,
            "speed": 7.71,
            "depth": 84.5
          },
          {
            "time": "2011-03-22T04:30:18.850000+00:00",
            "course": 226.74,
            "speed": 7.71,
            "depth": 84.38
          },
          {
            "time": "2011-03-22T04:30:26.850000+00:00",
            "course": 226.53,
            "speed": 7.71,
            "depth": 84.38
          },
          {
            "time": "2011-03-22T04:30:34.850000+00:00",
            "course": 226.52,
            "speed": 7.71,
            "depth": 84.14
          },
          {
            "time": "2011-03-22T04:30:42.850000+00:00",
            "course": 226.6,
            "speed": 7.71,
            "depth": 84.14
          },
          {
            "time": "2011-03-22T04:30:50.850000+00:00",
            "course": 226.76,
            "speed": 7.71,
            "depth": 84.02
          },
          {
            "time": "2011-03-22T04:30:58.840000+00:00",
            "course": 227.01,
            "speed": 7.68,
            "depth": 84.02
          },
          {
            "time": "2011-03-22T04:31:06.840000+00:00",
            "course": 227.38,
            "speed": 7.68,
            "depth": 84.02
          },
          {
            "time": "2011-03-22T04:31:14.840000+00:00",
            "course": 227.57,
            "speed": 7.68,
            "depth": 84.26
          },
          {
            "time": "2011-03-22T04:31:22.840000+00:00",
            "course": 227.49,
            "speed": 7.69,
            "depth": 84.26
          },
          {
            "time": "2011-03-22T04:31:30.840000+00:00",
            "course": 227.59,
            "speed": 7.69,
            "depth": 84.26
          },
          {
            "time": "2011-03-22T04:31:38.850000+00:00",
            "course": 227.4,
            "speed": 7.69,
            "depth": 84.26
          },
          {
            "time": "2011-03-22T04:31:46.850000+00:00",
            "course": 226.69,
            "speed": 7.69,
            "depth": 84.26
          },
          {
            "time": "2011-03-22T04:31:54.850000+00:00",
            "course": 226.12,
            "speed": 7.69,
            "depth": 84.26
          },
          {
            "time": "2011-03-22T04:32:02.850000+00:00",
            "course": 226.57,
            "speed": 7.71,
            "depth": 84.38
          },
          {
            "time": "2011-03-22T04:32:10.850000+00:00",
            "course": 227.32,
            "speed": 7.72,
            "depth": 84.5
          },
          {
            "time": "2011-03-22T04:32:18.850000+00:00",
            "course": 227.68,
            "speed": 7.73,
            "depth": 84.62
          },
          {
            "time": "2011-03-22T04:32:26.850000+00:00",
            "course": 227.36,
            "speed": 7.73,
            "depth": 84.62
          },
          {
            "time": "2011-03-22T04:32:34.850000+00:00",
            "course": 226.93,
            "speed": 7.71,
            "depth": 84.62
          },
          {
            "time": "2011-03-22T04:32:42.850000+00:00",
            "course": 227.07,
            "speed": 7.71,
            "depth": 84.62
          },
          {
            "time": "2011-03-22T04:32:50.850000+00:00",
            "course": 226.92,
            "speed": 7.71,
            "depth": 84.62
          },
          {
            "time": "2011-03-22T04:32:58.850000+00:00",
            "course": 226.57,
            "speed": 7.71,
            "depth": 84.74
          },
          {
            "time": "2011-03-22T04:33:06.850000+00:00",
            "course": 226.75,
            "speed": 7.71,
            "depth": 84.86
          },
          {
            "time": "2011-03-22T04:33:14.850000+00:00",
            "course": 227.25,
            "speed": 7.71,
            "depth": 84.98
          },
          {
            "time": "2011-03-22T04:33:22.850000+00:00",
            "course": 227.13,
            "speed": 7.71,
            "depth": 84.98
          },
          {
            "time": "2011-03-22T04:33:30.850000+00:00",
            "course": 226.41,
            "speed": 7.71,
            "depth": 84.98
          },
          {
            "time": "2011-03-22T04:33:38.840000+00:00",
            "course": 225.85,
            "speed": 7.71,
            "depth": 84.98
          },
          {
            "time": "2011-03-22T04:33:46.850000+00:00",
            "course": 225.93,
            "speed": 7.71,
            "depth": 84.98
          },
          {
            "time": "2011-03-22T04:33:54.850000+00:00",
            "course": 225.94,
            "speed": 7.71,
            "depth": 84.86
          },
          {
            "time": "2011-03-22T04:34:02.850000+00:00",
            "course": 225.31,
            "speed": 7.71,
            "depth": 84.86
          },
          {
            "time": "2011-03-22T04:34:10.850000+00:00",
            "course": 224.03,
            "speed": 7.71,
            "depth": 84.86
          },
          {
            "time": "2011-03-22T04:34:18.850000+00:00",
            "course": 223.42,
            "speed": 7.69,
            "depth": 84.86
          },
          {
            "time": "2011-03-22T04:34:26.850000+00:00",
            "course": 223.54,
            "speed": 7.68,
            "depth": 84.86
          },
          {
            "time": "2011-03-22T04:34:34.850000+00:00",
            "course": 223.95,
            "speed": 7.68,
            "depth": 84.86
          },
          {
            "time": "2011-03-22T04:34:42.850000+00:00",
            "course": 224.31,
            "speed": 7.67,
            "depth": 84.86
          },
          {
            "time": "2011-03-22T04:34:50.850000+00:00",
            "course": 224.37,
            "speed": 7.66,
            "depth": 84.86
          },
          {
            "time": "2011-03-22T04:34:58.850000+00:00",
            "course": 224.3,
            "speed": 7.66,
            "depth": 84.86
          },
          {
            "time": "2011-03-22T04:35:06.850000+00:00",
            "course": 224.69,
            "speed": 7.66,
            "depth": 84.86
          },
          {
            "time": "2011-03-22T04:35:14.850000+00:00",
            "course": 224.88,
            "speed": 7.67,
            "depth": 84.86
          },
          {
            "time": "2011-03-22T04:35:22.850000+00:00",
            "course": 224.56,
            "speed": 7.67,
            "depth": 84.86
          },
          {
            "time": "2011-03-22T04:35:30.850000+00:00",
            "course": 224.62,
            "speed": 7.67,
            "depth": 84.86
          },
          {
            "time": "2011-03-22T04:35:38.840000+00:00",
            "course": 225.04,
            "speed": 7.69,
            "depth": 84.86
          },
          {
            "time": "2011-03-22T04:35:46.850000+00:00",
            "course": 225.26,
            "speed": 7.68,
            "depth": 84.86
          },
          {
            "time": "2011-03-22T04:35:54.850000+00:00",
            "course": 225.08,
            "speed": 7.66,
            "depth": 84.86
          },
          {
            "time": "2011-03-22T04:36:02.850000+00:00",
            "course": 224.63,
            "speed": 7.66,
            "depth": 85.11
          },
          {
            "time": "2011-03-22T04:36:10.850000+00:00",
            "course": 224.36,
            "speed": 7.67,
            "depth": 85.11
          },
          {
            "time": "2011-03-22T04:36:18.850000+00:00",
            "course": 224.7,
            "speed": 7.69,
            "depth": 85.34
          },
          {
            "time": "2011-03-22T04:36:26.860000+00:00",
            "course": 225.14,
            "speed": 7.69,
            "depth": 85.34
          },
          {
            "time": "2011-03-22T04:36:34.860000+00:00",
            "course": 225.49,
            "speed": 7.69,
            "depth": 85.34
          },
          {
            "time": "2011-03-22T04:36:42.860000+00:00",
            "course": 225.48,
            "speed": 7.69,
            "depth": 85.34
          },
          {
            "time": "2011-03-22T04:36:50.860000+00:00",
            "course": 225.23,
            "speed": 7.69,
            "depth": 85.34
          },
          {
            "time": "2011-03-22T04:36:58.860000+00:00",
            "course": 224.98,
            "speed": 7.68,
            "depth": 85.34
          },
          {
            "time": "2011-03-22T04:37:06.860000+00:00",
            "course": 224.95,
            "speed": 7.66,
            "depth": 85.34
          },
          {
            "time": "2011-03-22T04:37:14.860000+00:00",
            "course": 225.56,
            "speed": 7.67,
            "depth": 85.34
          },
          {
            "time": "2011-03-22T04:37:22.860000+00:00",
            "course": 225.67,
            "speed": 7.67,
            "depth": 85.34
          },
          {
            "time": "2011-03-22T04:37:30.860000+00:00",
            "course": 225.16,
            "speed": 7.66,
            "depth": 85.11
          },
          {
            "time": "2011-03-22T04:37:38.850000+00:00",
            "course": 224.63,
            "speed": 7.64,
            "depth": 85.11
          },
          {
            "time": "2011-03-22T04:37:46.850000+00:00",
            "course": 224.87,
            "speed": 7.65,
            "depth": 84.86
          },
          {
            "time": "2011-03-22T04:37:54.850000+00:00",
            "course": 224.95,
            "speed": 7.64,
            "depth": 84.86
          },
          {
            "time": "2011-03-22T04:38:02.850000+00:00",
            "course": 224.6,
            "speed": 7.64,
            "depth": 84.86
          },
          {
            "time": "2011-03-22T04:38:10.850000+00:00",
            "course": 224.52,
            "speed": 7.65,
            "depth": 84.86
          },
          {
            "time": "2011-03-22T04:38:18.850000+00:00",
            "course": 225.08,
            "speed": 7.65,
            "depth": 84.86
          },
          {
            "time": "2011-03-22T04:38:26.850000+00:00",
            "course": 225.45,
            "speed": 7.64,
            "depth": 84.86
          },
          {
            "time": "2011-03-22T04:38:34.850000+00:00",
            "course": 225.3,
            "speed": 7.64,
            "depth": 84.86
          },
          {
            "time": "2011-03-22T04:38:42.850000+00:00",
            "course": 225.08,
            "speed": 7.64,
            "depth": 84.86
          },
          {
            "time": "2011-03-22T04:38:50.850000+00:00",
            "course": 224.89,
            "speed": 7.64,
            "depth": 84.86
          },
          {
            "time": "2011-03-22T04:38:58.850000+00:00",
            "course": 224.67,
            "speed": 7.64,
            "depth": 84.98
          },
          {
            "time": "2011-03-22T04:39:06.860000+00:00",
            "course": 224.59,
            "speed": 7.65,
            "depth": 85.23
          },
          {
            "time": "2011-03-22T04:39:14.860000+00:00",
            "course": 224.86,
            "speed": 7.65,
            "depth": 85.23
          },
          {
            "time": "2011-03-22T04:39:22.860000+00:00",
            "course": 225.0,
            "speed": 7.65,
            "depth": 85.23
          },
          {
            "time": "2011-03-22T04:39:30.860000+00:00",
            "course": 224.53,
            "speed": 7.64,
            "depth": 85.23
          },
          {
            "time": "2011-03-22T04:39:38.850000+00:00",
            "course": 224.46,
            "speed": 7.65,
            "depth": 85.23
          },
          {
            "time": "2011-03-22T04:39:46.850000+00:00",
            "course": 224.84,
            "speed": 7.65,
            "depth": 85.23
          },
          {
            "time": "2011-03-22T04:39:54.850000+00:00",
            "course": 225.25,
            "speed": 7.65,
            "depth": 85.23
          },
          {
            "time": "2011-03-22T04:40:02.850000+00:00",
            "course": 225.79,
            "speed": 7.65,
            "depth": 85.46
          },
          {
            "time": "2011-03-22T04:40:10.850000+00:00",
            "course": 226.03,
            "speed": 7.65,
            "depth": 85.59
          },
          {
            "time": "2011-03-22T04:40:18.850000+00:00",
            "course": 225.85,
            "speed": 7.65,
            "depth": 85.71
          },
          {
            "time": "2011-03-22T04:40:26.860000+00:00",
            "course": 225.48,
            "speed": 7.65,
            "depth": 85.83
          },
          {
            "time": "2011-03-22T04:40:34.860000+00:00",
            "course": 225.48,
            "speed": 7.65,
            "depth": 85.83
          },
          {
            "time": "2011-03-22T04:40:42.860000+00:00",
            "course": 225.42,
            "speed": 7.67,
            "depth": 85.83
          },
          {
            "time": "2011-03-22T04:40:50.860000+00:00",
            "course": 225.09,
            "speed": 7.66,
            "depth": 85.83
          },
          {
            "time": "2011-03-22T04:40:58.860000+00:00",
            "course": 224.73,
            "speed": 7.66,
            "depth": 85.83
          },
          {
            "time": "2011-03-22T04:41:06.860000+00:00",
            "course": 224.74,
            "speed": 7.66,
            "depth": 85.83
          },
          {
            "time": "2011-03-22T04:41:14.860000+00:00",
            "course": 224.61,
            "speed": 7.66,
            "depth": 86.07
          },
          {
            "time": "2011-03-22T04:41:22.860000+00:00",
            "course": 225.01,
            "speed": 7.66,
            "depth": 86.07
          },
          {
            "time": "2011-03-22T04:41:30.860000+00:00",
            "course": 225.37,
            "speed": 7.66,
            "depth": 86.07
          },
          {
            "time": "2011-03-22T04:41:38.850000+00:00",
            "course": 225.13,
            "speed": 7.66,
            "depth": 85.95
          },
          {
            "time": "2011-03-22T04:41:46.850000+00:00",
            "course": 224.59,
            "speed": 7.64,
            "depth": 85.83
          },
          {
            "time": "2011-03-22T04:41:54.850000+00:00",
            "course": 224.79,
            "speed": 7.65,
            "depth": 85.83
          },
          {
            "time": "2011-03-22T04:42:02.850000+00:00",
            "course": 225.11,
            "speed": 7.65,
            "depth": 85.83
          },
          {
            "time": "2011-03-22T04:42:10.850000+00:00",
            "course": 225.24,
            "speed": 7.66,
            "depth": 85.83
          },
          {
            "time": "2011-03-22T04:42:18.850000+00:00",
            "course": 225.5,
            "speed": 7.66,
            "depth": 85.71
          },
          {
            "time": "2011-03-22T04:42:26.860000+00:00",
            "course": 225.27,
            "speed": 7.66,
            "depth": 85.59
          },
          {
            "time": "2011-03-22T04:42:34.860000+00:00",
            "course": 225.04,
            "speed": 7.66,
            "depth": 85.46
          },
          {
            "time": "2011-03-22T04:42:42.860000+00:00",
            "course": 225.18,
            "speed": 7.67,
            "depth": 85.46
          },
          {
            "time": "2011-03-22T04:42:50.860000+00:00",
            "course": 225.2,
            "speed": 7.67,
            "depth": 85.46
          },
          {
            "time": "2011-03-22T04:42:58.860000+00:00",
            "course": 224.99,
            "speed": 7.66,
            "depth": 85.46
          },
          {
            "time": "2011-03-22T04:43:06.860000+00:00",
            "course": 224.54,
            "speed": 7.67,
            "depth": 85.46
          },
          {
            "time": "2011-03-22T04:43:14.860000+00:00",
            "course": 224.77,
            "speed": 7.67,
            "depth": 85.46
          },
          {
            "time": "2011-03-22T04:43:22.860000+00:00",
            "course": 225.74,
            "speed": 7.69,
            "depth": 85.46
          },
          {
            "time": "2011-03-22T04:43:30.860000+00:00",
            "course": 226.33,
            "speed": 7.68,
            "depth": 85.46
          },
          {
            "time": "2011-03-22T04:43:38.850000+00:00",
            "course": 225.86,
            "speed": 7.66,
            "depth": 85.46
          },
          {
            "time": "2011-03-22T04:43:46.850000+00:00",
            "course": 225.46,
            "speed": 7.66,
            "depth": 85.71
          },
          {
            "time": "2011-03-22T04:43:54.850000+00:00",
            "course": 225.48,
            "speed": 7.66,
            "depth": 85.83
          },
          {
            "time": "2011-03-22T04:44:02.850000+00:00",
            "course": 224.91,
            "speed": 7.64,
            "depth": 86.07
          },
          {
            "time": "2011-03-22T04:44:10.850000+00:00",
            "course": 224.45,
            "speed": 7.62,
            "depth": 86.07
          },
          {
            "time": "2011-03-22T04:44:18.850000+00:00",
            "course": 224.8,
            "speed": 7.62,
            "depth": 86.07
          },
          {
            "time": "2011-03-22T04:44:26.850000+00:00",
            "course": 225.35,
            "speed": 7.62,
            "depth": 86.07
          },
          {
            "time": "2011-03-22T04:44:34.850000+00:00",
            "course": 225.11,
            "speed": 7.62,
            "depth": 86.07
          },
          {
            "time": "2011-03-22T04:44:42.850000+00:00",
            "course": 224.53,
            "speed": 7.62,
            "depth": 86.07
          },
          {
            "time": "2011-03-22T04:44:50.850000+00:00",
            "course": 225.08,
            "speed": 7.65,
            "depth": 86.07
          },
          {
            "time": "2011-03-22T04:44:58.850000+00:00",
            "course": 226.08,
            "speed": 7.65,
            "depth": 86.07
          },
          {
            "time": "2011-03-22T04:45:06.860000+00:00",
            "course": 226.22,
            "speed": 7.65,
            "depth": 85.95
          },
          {
            "time": "2011-03-22T04:45:14.860000+00:00",
            "course": 225.73,
            "speed": 7.64,
            "depth": 85.71
          },
          {
            "time": "2011-03-22T04:45:22.860000+00:00",
            "course": 225.34,
            "speed": 7.65,
            "depth": 85.34
          },
          {
            "time": "2011-03-22T04:45:30.860000+00:00",
            "course": 224.91,
            "speed": 7.67,
            "depth": 85.34
          },
          {
            "time": "2011-03-22T04:45:38.860000+00:00",
            "course": 224.62,
            "speed": 7.67,
            "depth": 85.34
          },
          {
            "time": "2011-03-22T04:45:46.870000+00:00",
            "course": 224.8,
            "speed": 7.67,
            "depth": 85.34
          },
          {
            "time": "2011-03-22T04:45:54.870000+00:00",
            "course": 224.72,
            "speed": 7.67,
            "depth": 85.34
          },
          {
            "time": "2011-03-22T04:46:02.860000+00:00",
            "course": 225.08,
            "speed": 7.67,
            "depth": 85.34
          },
          {
            "time": "2011-03-22T04:46:10.860000+00:00",
            "course": 225.24,
            "speed": 7.67,
            "depth": 85.23
          },
          {
            "time": "2011-03-22T04:46:18.860000+00:00",
            "course": 224.8,
            "speed": 7.67,
            "depth": 85.11
          },
          {
            "time": "2011-03-22T04:46:26.860000+00:00",
            "course": 224.81,
            "speed": 7.67,
            "depth": 85.11
          },
          {
            "time": "2011-03-22T04:46:34.860000+00:00",
            "course": 224.84,
            "speed": 7.66,
            "depth": 85.11
          },
          {
            "time": "2011-03-22T04:46:42.860000+00:00",
            "course": 224.64,
            "speed": 7.66,
            "depth": 85.11
          },
          {
            "time": "2011-03-22T04:46:50.860000+00:00",
            "course": 224.85,
            "speed": 7.67,
            "depth": 85.11
          },
          {
            "time": "2011-03-22T04:46:58.860000+00:00",
            "course": 224.97,
            "speed": 7.67,
            "depth": 85.11
          },
          {
            "time": "2011-03-22T04:47:06.860000+00:00",
            "course": 224.88,
            "speed": 7.67,
            "depth": 85.11
          },
          {
            "time": "2011-03-22T04:47:14.860000+00:00",
            "course": 224.9,
            "speed": 7.67,
            "depth": 85.11
          },
          {
            "time": "2011-03-22T04:47:22.860000+00:00",
            "course": 225.03,
            "speed": 7.67,
            "depth": 85.11
          },
          {
            "time": "2011-03-22T04:47:30.860000+00:00",
            "course": 225.23,
            "speed": 7.67,
            "depth": 85.11
          },
          {
            "time": "2011-03-22T04:47:38.860000+00:00",
            "course": 225.45,
            "speed": 7.67,
            "depth": 85.11
          },
          {
            "time": "2011-03-22T04:47:46.870000+00:00",
            "course": 225.37,
            "speed": 7.67,
            "depth": 85.23
          },
          {
            "time": "2011-03-22T04:47:54.870000+00:00",
            "course": 225.14,
            "speed": 7.69,
            "depth": 85.23
          }
        ],
        "style": {
          "line": {
            "color": "#0000FF"
          },
          "point": {
            "shape": "circle",
            "radius": 3.0,
            "fill_color": "#0000FF",
            "color": "#0000FF"
          }
        },
        "default_position_style": {
          "show_symbol": false,
          "symbol": "circle",
          "show_label": false
        },
        "symbol_interval": "PT15M",
        "label_interval": "PT1H",
        "provenance": [
          {
            "activity_id": "d08f3aa7-be7b-4957-9702-2fcfb6118e30",
            "timestamp": "2026-04-13T23:12:32.428622Z",
            "was_generated_by": {
              "tool": "rep-parser",
              "tool_version": "1.0.0",
              "parameters": []
            },
            "used": [],
            "generated": [
              "5ca411e2-5761-449e-a207-486b5daa526f"
            ],
            "execution_duration": "PT0.01969S"
          }
        ]
      }
    }
  ]
}